item,path,database_table,metadata_differences
abadars-flawless-scale,F:\Obsidian\PF2e-Core-Vault\3-Rules\Character Building\Equipment\A\abadars-flawless-scale.md,Held_Items,"source: vault='Pathfinder Lost Omens Gods & Magic', db='Gods & Magic pg. 121'; traits: vault='magical', db='Divination, Magical, Uncommon'"
aboutface-figurehead,F:\Obsidian\PF2e-Core-Vault\3-Rules\Character Building\Equipment\A\aboutface-figurehead.md,Figurehead_Vehicle,"source: vault='Pathfinder Rage of Elements', db='Rage of Elements pg. 176'"
absolute-solvent-greater,F:\Obsidian\PF2e-Core-Vault\3-Rules\Character Building\Equipment\A\absolute-solvent-greater.md,Alchemical_Items,"source: vault='Pathfinder Player Core 2', db='Player Core 2 pg. 295'"
absolute-solvent-lesser,F:\Obsidian\PF2e-Core-Vault\3-Rules\Character Building\Equipment\A\absolute-solvent-lesser.md,Alchemical_Items,"source: vault='Pathfinder Player Core 2', db='Player Core 2 pg. 295'"
absolute-solvent-moderate,F:\Obsidian\PF2e-Core-Vault\3-Rules\Character Building\Equipment\A\absolute-solvent-moderate.md,Alchemical_Items,"source: vault='Pathfinder Player Core 2', db='Player Core 2 pg. 295'"
abysium-armor-high-grade,F:\Obsidian\PF2e-Core-Vault\3-Rules\Character Building\Equipment\A\abysium-armor-high-grade.md,Armor_Material,"level: vault='16', db='19'; source: vault='Pathfinder Lost Omens Grand Bazaar', db='Grand Bazaar pg. 96'"
abysium-armor-standard-grade,F:\Obsidian\PF2e-Core-Vault\3-Rules\Character Building\Equipment\A\abysium-armor-standard-grade.md,Armor_Material,"level: vault='8', db='12'; source: vault='Pathfinder Lost Omens Grand Bazaar', db='Grand Bazaar pg. 96'"
abysium-chunk,F:\Obsidian\PF2e-Core-Vault\3-Rules\Character Building\Equipment\A\abysium-chunk.md,Materials,"level: vault='0', db='0.0'; source: vault='Pathfinder Lost Omens Grand Bazaar', db='Grand Bazaar pg. 96'; traits: vault='precious', db='Rare, Precious'"
abysium-ingot,F:\Obsidian\PF2e-Core-Vault\3-Rules\Character Building\Equipment\A\abysium-ingot.md,Materials,"level: vault='0', db='0.0'; source: vault='Pathfinder Lost Omens Grand Bazaar', db='Grand Bazaar pg. 96'; traits: vault='precious', db='Rare, Precious'"
abysium-powder,F:\Obsidian\PF2e-Core-Vault\3-Rules\Character Building\Equipment\A\abysium-powder.md,Alchemical_Items,"source: vault='Pathfinder Lost Omens The Grand Bazaar', db='Grand Bazaar pg. 96'; traits: vault='alchemical, consumable, contact, poison', db='Alchemical, Consumable, Contact, Poison, Rare'"
abysium-shield-high-grade,F:\Obsidian\PF2e-Core-Vault\3-Rules\Character Building\Equipment\A\abysium-shield-high-grade.md,Shield_Material,"source: vault='Pathfinder Lost Omens Grand Bazaar', db='Grand Bazaar pg. 96'; bulk: vault='1', db='L'"
abysium-shield-standard-grade,F:\Obsidian\PF2e-Core-Vault\3-Rules\Character Building\Equipment\A\abysium-shield-standard-grade.md,Shield_Material,"source: vault='Pathfinder Lost Omens Grand Bazaar', db='Grand Bazaar pg. 96'"
abysium-weapon-high-grade,F:\Obsidian\PF2e-Core-Vault\3-Rules\Character Building\Equipment\A\abysium-weapon-high-grade.md,Weapon_Material,"source: vault='Pathfinder Lost Omens Grand Bazaar', db='Grand Bazaar pg. 97'"
abysium-weapon-standard-grade,F:\Obsidian\PF2e-Core-Vault\3-Rules\Character Building\Equipment\A\abysium-weapon-standard-grade.md,Weapon_Material,"source: vault='Pathfinder Lost Omens Grand Bazaar', db='Grand Bazaar pg. 97'"
accompaniment-cloak,F:\Obsidian\PF2e-Core-Vault\3-Rules\Character Building\Equipment\A\accompaniment-cloak.md,Worn_Items,"source: vault='Pathfinder Treasure Vault', db='Treasure Vault pg. 147'"
accursed-staff-greater,F:\Obsidian\PF2e-Core-Vault\3-Rules\Character Building\Equipment\A\accursed-staff-greater.md,Staff_Wand,"source: vault='Pathfinder Treasure Vault', db='Treasure Vault pg. 13'; traits: vault='magical, staff', db='Magical, Necromancy, Staff'"
accursed-staff-major,F:\Obsidian\PF2e-Core-Vault\3-Rules\Character Building\Equipment\A\accursed-staff-major.md,Staff_Wand,"source: vault='Pathfinder Treasure Vault', db='Treasure Vault pg. 13'; traits: vault='magical, staff', db='Magical, Necromancy, Staff'"
accursed-staff,F:\Obsidian\PF2e-Core-Vault\3-Rules\Character Building\Equipment\A\accursed-staff.md,Staff_Wand,"source: vault='Pathfinder Treasure Vault', db='Treasure Vault pg. 13'; traits: vault='magical, staff', db='Magical, Necromancy, Staff'"
achaekeks-kiss,F:\Obsidian\PF2e-Core-Vault\3-Rules\Character Building\Equipment\A\achaekeks-kiss.md,Alchemical_Items,"source: vault='Pathfinder Treasure Vault', db='Treasure Vault pg. 66'; traits: vault='alchemical, consumable, injury, poison', db='Alchemical, Consumable, Injury, Poison, Rare'"
acid-flask-greater,F:\Obsidian\PF2e-Core-Vault\3-Rules\Character Building\Equipment\A\acid-flask-greater.md,Alchemical_Items,"source: vault='Pathfinder GM Core', db='Player Core 2 pg. 283, GM Core pg. 244 2.0'"
acid-flask-lesser,F:\Obsidian\PF2e-Core-Vault\3-Rules\Character Building\Equipment\A\acid-flask-lesser.md,Alchemical_Items,"source: vault='Pathfinder GM Core', db='Player Core 2 pg. 283, GM Core pg. 244 2.0'"
acid-flask-major,F:\Obsidian\PF2e-Core-Vault\3-Rules\Character Building\Equipment\A\acid-flask-major.md,Alchemical_Items,"source: vault='Pathfinder GM Core', db='Player Core 2 pg. 283, GM Core pg. 244 2.0'"
acid-flask-moderate,F:\Obsidian\PF2e-Core-Vault\3-Rules\Character Building\Equipment\A\acid-flask-moderate.md,Alchemical_Items,"source: vault='Pathfinder GM Core', db='Player Core 2 pg. 283, GM Core pg. 244 2.0'"
acid-spitter,F:\Obsidian\PF2e-Core-Vault\3-Rules\Character Building\Equipment\A\acid-spitter.md,Snares,"source: vault='Pathfinder Guns & Gears', db='Guns & Gears pg. 78 2.0'; traits: vault='acid, clockwork, consumable, mechanical, snare, trap', db='Acid, Clockwork, Consumable, Mechanical, Snare, Trap, Uncommon'"
acrobats-staff,F:\Obsidian\PF2e-Core-Vault\3-Rules\Character Building\Equipment\A\acrobats-staff.md,Specific_Magic_Weapons,"source: vault='Pathfinder #152: Legacy of the Lost God', db='Pathfinder #152: Legacy of the Lost God pg. 73'; traits: vault='fortune, magical, monk, parry, reach, trip', db='Fortune, Magical, Transmutation'"
adamantine-armor-high-grade,F:\Obsidian\PF2e-Core-Vault\3-Rules\Character Building\Equipment\A\adamantine-armor-high-grade.md,Armor_Material,"source: vault='Pathfinder GM Core', db='Core Rulebook pg. 555'"
adamantine-armor-standard-grade,F:\Obsidian\PF2e-Core-Vault\3-Rules\Character Building\Equipment\A\adamantine-armor-standard-grade.md,Armor_Material,"source: vault='Pathfinder GM Core', db='Core Rulebook pg. 555'"
adamantine-chunk,F:\Obsidian\PF2e-Core-Vault\3-Rules\Character Building\Equipment\A\adamantine-chunk.md,Materials,"level: vault='8', db='8.0'; source: vault='Pathfinder GM Core', db='Core Rulebook pg. 578'; traits: vault='precious', db='Uncommon, Precious'"
adamantine-ingot,F:\Obsidian\PF2e-Core-Vault\3-Rules\Character Building\Equipment\A\adamantine-ingot.md,Materials,"level: vault='8', db='8.0'; source: vault='Pathfinder GM Core', db='Core Rulebook pg. 578'; traits: vault='precious', db='Uncommon, Precious'"
adamantine-shield-high-grade,F:\Obsidian\PF2e-Core-Vault\3-Rules\Character Building\Equipment\A\adamantine-shield-high-grade.md,Shield_Material,"level: vault='18', db='16'; source: vault='Pathfinder GM Core', db='Core Rulebook pg. 586'; bulk: vault='1', db='L'"
adamantine-shield-standard-grade,F:\Obsidian\PF2e-Core-Vault\3-Rules\Character Building\Equipment\A\adamantine-shield-standard-grade.md,Shield_Material,"level: vault='18', db='8'; source: vault='Pathfinder GM Core', db='Core Rulebook pg. 586'"
adamantine-weapon-high-grade,F:\Obsidian\PF2e-Core-Vault\3-Rules\Character Building\Equipment\A\adamantine-weapon-high-grade.md,Weapon_Material,"source: vault='Pathfinder GM Core', db='Core Rulebook pg. 599'"
adamantine-weapon-standard-grade,F:\Obsidian\PF2e-Core-Vault\3-Rules\Character Building\Equipment\A\adamantine-weapon-standard-grade.md,Weapon_Material,"source: vault='Pathfinder GM Core', db='Core Rulebook pg. 599'"
addiction-suppressant-greater,F:\Obsidian\PF2e-Core-Vault\3-Rules\Character Building\Equipment\A\addiction-suppressant-greater.md,Alchemical_Items,"source: vault='Treasure Vault', db='Treasure Vault pg. 58, Legends pg. 72'; traits: vault='alchemical, consumable, elixir', db='Alchemical, Consumable, Elixir, Healing'"
addiction-suppressant-lesser,F:\Obsidian\PF2e-Core-Vault\3-Rules\Character Building\Equipment\A\addiction-suppressant-lesser.md,Alchemical_Items,"source: vault='Treasure Vault', db='Treasure Vault pg. 58, Legends pg. 72'; traits: vault='alchemical, consumable, elixir', db='Alchemical, Consumable, Elixir, Healing'"
addiction-suppressant-major,F:\Obsidian\PF2e-Core-Vault\3-Rules\Character Building\Equipment\A\addiction-suppressant-major.md,Alchemical_Items,"source: vault='Treasure Vault', db='Treasure Vault pg. 58, Legends pg. 72'; traits: vault='alchemical, consumable, elixir', db='Alchemical, Consumable, Elixir, Healing'"
addiction-suppressant-moderate,F:\Obsidian\PF2e-Core-Vault\3-Rules\Character Building\Equipment\A\addiction-suppressant-moderate.md,Alchemical_Items,"source: vault='Treasure Vault', db='Treasure Vault pg. 58, Legends pg. 72'; traits: vault='alchemical, consumable, elixir', db='Alchemical, Consumable, Elixir, Healing'"
addlebrain,F:\Obsidian\PF2e-Core-Vault\3-Rules\Character Building\Equipment\A\Addlebrain.md,Alchemical_Items,"source: vault='Pathfinder #147: Tomorrow Must Burn', db='Pathfinder #147: Tomorrow Must Burn pg. 71'; traits: vault='alchemical, consumable, inhaled, poison', db='Alchemical, Consumable, Inhaled, Poison, Rare'"
admirers-bouquet,F:\Obsidian\PF2e-Core-Vault\3-Rules\Character Building\Equipment\A\admirers-bouquet.md,Held_Items,"source: vault='Pathfinder Kingmaker Companion Guide', db='Kingmaker Companion Guide pg. 84'; traits: vault='magical', db='Abjuration, Magical, Rare'"
advancing-greater,F:\Obsidian\PF2e-Core-Vault\3-Rules\Character Building\Equipment\A\advancing-greater.md,Runes,"source: vault='Pathfinder Treasure Vault', db='Treasure Vault pg. 12'; traits: vault='magical', db='Magical, Necromancy'"
advancing,F:\Obsidian\PF2e-Core-Vault\3-Rules\Character Building\Equipment\A\Advancing.md,Runes,"source: vault='Pathfinder Treasure Vault', db='Treasure Vault pg. 12'; traits: vault='magical', db='Magical, Necromancy'"
adventurers-pack,F:\Obsidian\PF2e-Core-Vault\3-Rules\Character Building\Equipment\A\adventurers-pack.md,Mundane,"level: vault='0', db='0.0'; source: vault='Pathfinder Player Core', db='Player Core pg. 287 2.0'"
adze,F:\Obsidian\PF2e-Core-Vault\3-Rules\Character Building\Equipment\A\Adze.md,Weapon_Basic,"source: vault='Pathfinder Player Core 2', db='Player Core 2 pg. 274'; traits: vault='forceful, tripkee, sweep', db='Forceful, Sweep, Tripkee'"
aeon-stone-agate-ellipsoid,F:\Obsidian\PF2e-Core-Vault\3-Rules\Character Building\Equipment\A\aeon-stone-agate-ellipsoid.md,Worn_Items,"source: vault='Pathfinder Lost Omens Pathfinder Society Guide', db='PFS Guide pg. 121'; traits: vault='invested, magical', db='Invested, Magical, Transmutation, Uncommon'"
aeon-stone-amber-sphere,F:\Obsidian\PF2e-Core-Vault\3-Rules\Character Building\Equipment\A\aeon-stone-amber-sphere.md,Worn_Items,"rarity: vault='rare', db='Uncommon'; source: vault='Pathfinder #185: A Taste of Ashes', db='Pathfinder #185: A Taste of Ashes pg. 77'; traits: vault='invested, magical', db='Invested, Magical, Transmutation, Uncommon'"
aeon-stone-azure-briolette,F:\Obsidian\PF2e-Core-Vault\3-Rules\Character Building\Equipment\A\aeon-stone-azure-briolette.md,Worn_Items,"source: vault='Pathfinder Lost Omens Pathfinder Society Guide', db='PFS Guide pg. 121'; traits: vault='invested, magical', db='Invested, Magical, Transmutation, Uncommon'"
aeon-stone-black-disc,F:\Obsidian\PF2e-Core-Vault\3-Rules\Character Building\Equipment\A\aeon-stone-black-disc.md,Worn_Items,"rarity: vault='rare', db='Uncommon'; source: vault='Pathfinder #185: A Taste of Ashes', db='Pathfinder #185: A Taste of Ashes pg. 77'; traits: vault='invested, magical', db='Invested, Magical, Transmutation, Uncommon'"
aeon-stone-black-pearl,F:\Obsidian\PF2e-Core-Vault\3-Rules\Character Building\Equipment\A\aeon-stone-black-pearl.md,Worn_Items,"source: vault='Pathfinder GM Core', db='World Guide pg. 63'; traits: vault='invested, magical', db='Invested, Magical, Transmutation, Uncommon'"
aeon-stone-clear-quartz-octagon,F:\Obsidian\PF2e-Core-Vault\3-Rules\Character Building\Equipment\A\aeon-stone-clear-quartz-octagon.md,Worn_Items,"source: vault='Pathfinder #179: Cradle of Quartz', db='Pathfinder #179: Cradle of Quartz pg. 79'; traits: vault='invested, magical', db='Invested, Magical, Transmutation, Uncommon'"
aeon-stone-cymophane-cabochon,F:\Obsidian\PF2e-Core-Vault\3-Rules\Character Building\Equipment\A\aeon-stone-cymophane-cabochon.md,Worn_Items,"rarity: vault='uncommon', db='Common'; source: vault='Pathfinder Rage of Elements', db='Rage of Elements pg. 98'; traits: vault='earth, invested, magical', db='Earth'"
aeon-stone-dusty-rose-prism,F:\Obsidian\PF2e-Core-Vault\3-Rules\Character Building\Equipment\A\aeon-stone-dusty-rose-prism.md,Worn_Items,"source: vault='Pathfinder Lost Omens Pathfinder Society Guide', db='PFS Guide pg. 121'; traits: vault='invested, magical', db='Invested, Magical, Transmutation, Uncommon'"
aeon-stone-gold-nodule,F:\Obsidian\PF2e-Core-Vault\3-Rules\Character Building\Equipment\A\aeon-stone-gold-nodule.md,Worn_Items,"source: vault='Pathfinder Core Rulebook', db='Core Rulebook pg. 64'; traits: vault='invested, magical', db='Invested, Magical, Transmutation, Uncommon'"
aeon-stone-lavender-and-green-ellipsoid,F:\Obsidian\PF2e-Core-Vault\3-Rules\Character Building\Equipment\A\aeon-stone-lavender-and-green-ellipsoid.md,Worn_Items,"source: vault='Pathfinder Core Rulebook', db='Core Rulebook pg. 64'; traits: vault='invested, magical', db='Invested, Magical, Transmutation, Uncommon'"
aeon-stone-mottled-ellipsoid,F:\Obsidian\PF2e-Core-Vault\3-Rules\Character Building\Equipment\A\aeon-stone-mottled-ellipsoid.md,Worn_Items,"rarity: vault='rare', db='Uncommon'; source: vault='Pathfinder #185: A Taste of Ashes', db='Pathfinder #185: A Taste of Ashes pg. 77'; traits: vault='invested, magical', db='Invested, Magical, Transmutation, Uncommon'"
aeon-stone-(olivine-pendeloque),F:\Obsidian\PF2e-Core-Vault\3-Rules\Character Building\Equipment\A\aeon-stone-olivine-pendeloque.md,Worn_Items,"rarity: vault='uncommon', db='Common'; source: vault='Pathfinder Rage of Elements', db='Rage of Elements pg. 98'; traits: vault='earth, invested, magical', db='Earth'"
aeon-stone(pale-lavender-ellipsoid,F:\Obsidian\PF2e-Core-Vault\3-Rules\Character Building\Equipment\A\aeon-stone-pale-lavender-ellipsoid.md,Worn_Items,"source: vault='Pathfinder Core Rulebook', db='Core Rulebook pg. 64'; traits: vault='invested, magical', db='Invested, Magical, Transmutation, Uncommon'"
aeon-stone-pearlescent-pyramid,F:\Obsidian\PF2e-Core-Vault\3-Rules\Character Building\Equipment\A\aeon-stone-pearlescent-pyramid.md,Worn_Items,"source: vault='Pathfinder Lost Omens Pathfinder Society Guide', db='PFS Guide pg. 121'; traits: vault='invested, magical', db='Invested, Magical, Transmutation, Uncommon'"
aeon-stone-pearly-white-spindle,F:\Obsidian\PF2e-Core-Vault\3-Rules\Character Building\Equipment\A\aeon-stone-pearly-white-spindle.md,Worn_Items,"source: vault='Pathfinder Lost Omens Pathfinder Society Guide', db='PFS Guide pg. 121'; traits: vault='invested, magical', db='Invested, Magical, Transmutation, Uncommon'"
aeon-stone-pink-rhomboid,F:\Obsidian\PF2e-Core-Vault\3-Rules\Character Building\Equipment\A\aeon-stone-pink-rhomboid.md,Worn_Items,"source: vault='Pathfinder Core Rulebook', db='Core Rulebook pg. 64'; traits: vault='invested, magical', db='Invested, Magical, Transmutation, Uncommon'"
aeon-stone-polished-pebble,F:\Obsidian\PF2e-Core-Vault\3-Rules\Character Building\Equipment\A\aeon-stone-polished-pebble.md,Worn_Items,"rarity: vault='uncommon', db='Common'; source: vault='Pathfinder Rage of Elements', db='Rage of Elements pg. 98'; traits: vault='earth, invested, magical', db='Earth'"
aeon-stone-rainbow-prism,F:\Obsidian\PF2e-Core-Vault\3-Rules\Character Building\Equipment\A\aeon-stone-rainbow-prism.md,Worn_Items,"rarity: vault='rare', db='Uncommon'; source: vault='Pathfinder #185: A Taste of Ashes', db='Pathfinder #185: A Taste of Ashes pg. 77'; traits: vault='invested, magical', db='Invested, Magical, Transmutation, Uncommon'"
aeon-stone-western-star,F:\Obsidian\PF2e-Core-Vault\3-Rules\Character Building\Equipment\A\aeon-stone-western-star.md,Worn_Items,"source: vault='Pathfinder Lost Omens Pathfinder Society Guide', db='PFS Guide pg. 122'; traits: vault='invested, magical', db='Invested, Magical, Transmutation, Uncommon'"
aerial-cloak,F:\Obsidian\PF2e-Core-Vault\3-Rules\Character Building\Equipment\A\aerial-cloak.md,Worn_Items,"source: vault='Pathfinder Rage of Elements', db='Rage of Elements pg. 74'"
aim-aiding,F:\Obsidian\PF2e-Core-Vault\3-Rules\Character Building\Equipment\A\Aim-Aiding.md,Runes,"source: vault='Pathfinder Treasure Vault', db='Treasure Vault pg. 12'; traits: vault='magical', db='Magical, Transmutation'"
air-bladder,F:\Obsidian\PF2e-Core-Vault\3-Rules\Character Building\Equipment\A\air-bladder.md,Mundane,"level: vault='0', db='0.0'; source: vault='Grand Bazaar', db='Grand Bazaar pg. 92'"
aklys,F:\Obsidian\PF2e-Core-Vault\3-Rules\Character Building\Equipment\A\Aklys.md,Weapon_Basic,"rarity: vault='uncommon', db='Rare'; source: vault='Pathfinder Bestiary', db='Bestiary pg. 85'; traits: vault='tethered, thrown-20, trip', db='Ranged Trip, Tethered, Thrown 20 feet, Trip'"
alarm-snare,F:\Obsidian\PF2e-Core-Vault\3-Rules\Character Building\Equipment\A\alarm-snare.md,Snares,"source: vault='Pathfinder Player Core 2', db='Player Core 2 pg. 297 1.1'"
alchemical-atomizer,F:\Obsidian\PF2e-Core-Vault\3-Rules\Character Building\Equipment\A\alchemical-atomizer.md,Alchemical_Items,"source: vault='Pathfinder Lost Omens Legends', db='Legends pg. 80'; traits: vault='alchemical', db='Alchemical, Rare'"
alchemical-chart-greater,F:\Obsidian\PF2e-Core-Vault\3-Rules\Character Building\Equipment\A\alchemical-chart-greater.md,Alchemical_Items,"source: vault='Pathfinder Treasure Vault', db='Treasure Vault pg. 62'"
alchemical-chart-lesser,F:\Obsidian\PF2e-Core-Vault\3-Rules\Character Building\Equipment\A\alchemical-chart-lesser.md,Alchemical_Items,"source: vault='Pathfinder Treasure Vault', db='Treasure Vault pg. 62'"
alchemical-chart-moderate,F:\Obsidian\PF2e-Core-Vault\3-Rules\Character Building\Equipment\A\alchemical-chart-moderate.md,Alchemical_Items,"source: vault='Pathfinder Treasure Vault', db='Treasure Vault pg. 62'"
alchemical-crossbow,F:\Obsidian\PF2e-Core-Vault\3-Rules\Character Building\Equipment\A\alchemical-crossbow.md,Weapon_Basic,"source: vault='Pathfinder Adventure: The Fall of Plaguestone', db='The Fall of Plaguestone pg. 56'"
alchemical-fuse,F:\Obsidian\PF2e-Core-Vault\3-Rules\Character Building\Equipment\A\alchemical-fuse.md,Alchemical_Items,"source: vault='Pathfinder #179: Cradle of Quartz', db='Pathfinder #179: Cradle of Quartz pg. 75'"
alchemical-gauntlet,F:\Obsidian\PF2e-Core-Vault\3-Rules\Character Building\Equipment\A\alchemical-gauntlet.md,Alchemical_Items,"source: vault='Pathfinder Treasure Vault', db='Treasure Vault pg. 62'; traits: vault='agile, alchemical, free-hand', db='Alchemical'"
alchemist's-toolkit,F:\Obsidian\PF2e-Core-Vault\3-Rules\Character Building\Equipment\A\alchemist's-toolkit.md,Mundane,"level: vault='0', db='0.0'; source: vault='Pathfinder Player Core', db='Player Core pg. 287 2.0'"
alchemist-goggles-greater,F:\Obsidian\PF2e-Core-Vault\3-Rules\Character Building\Equipment\A\alchemist-goggles-greater.md,Worn_Items,"source: vault='Pathfinder Player Core 2', db='Player Core 2 pg. 310, Core Rulebook pg. 605 4.0'"
alchemist-goggles-major,F:\Obsidian\PF2e-Core-Vault\3-Rules\Character Building\Equipment\A\alchemist-goggles-major.md,Worn_Items,"source: vault='Pathfinder Player Core 2', db='Player Core 2 pg. 310, Core Rulebook pg. 605 4.0'"
alchemist-goggles,F:\Obsidian\PF2e-Core-Vault\3-Rules\Character Building\Equipment\A\alchemist-goggles.md,Worn_Items,"source: vault='Pathfinder Player Core 2', db='Player Core 2 pg. 310, Core Rulebook pg. 605 4.0'"
alchemists-damper,F:\Obsidian\PF2e-Core-Vault\3-Rules\Character Building\Equipment\A\alchemists-damper.md,Consumables,"rarity: vault='uncommon', db='Common'; source: vault='Pathfinder #179: Cradle of Quartz', db='Pathfinder #179: Cradle of Quartz pg. 76'; traits: vault='consumable, magical, talisman', db='Consumable, Divine, Evocation, Magical, Talisman'"
alchemists-fire-greater,F:\Obsidian\PF2e-Core-Vault\3-Rules\Character Building\Equipment\A\alchemists-fire-greater.md,Alchemical_Items,"source: vault='Pathfinder GM Core', db='Player Core 2 pg. 283, GM Core pg. 244 2.0'"
alchemists-fire-lesser,F:\Obsidian\PF2e-Core-Vault\3-Rules\Character Building\Equipment\A\alchemists-fire-lesser.md,Alchemical_Items,"source: vault='Pathfinder GM Core', db='Player Core 2 pg. 283, GM Core pg. 244 2.0'"
alchemists-fire-major,F:\Obsidian\PF2e-Core-Vault\3-Rules\Character Building\Equipment\A\alchemists-fire-major.md,Alchemical_Items,"source: vault='Pathfinder GM Core', db='Player Core 2 pg. 283, GM Core pg. 244 2.0'"
alchemists-flamethrower,F:\Obsidian\PF2e-Core-Vault\3-Rules\Character Building\Equipment\A\alchemists-flamethrower.md,Alchemical_Items,"source: vault='Pathfinder Treasure Vault', db='Treasure Vault pg. 63'; traits: vault='alchemical, fire', db='Alchemical, Fire, Rare'"
alchemists-haversack,F:\Obsidian\PF2e-Core-Vault\3-Rules\Character Building\Equipment\A\alchemists-haversack.md,Worn_Items,"source: vault='Pathfinder Treasure Vault', db='Treasure Vault pg. 145'; traits: vault='extradimensional, invested, magical', db='Conjuration, Extradimensional, Invested, Magical'"
alchemists-lab-expanded,F:\Obsidian\PF2e-Core-Vault\3-Rules\Character Building\Equipment\A\alchemists-lab-expanded.md,Mundane,"level: vault='3', db='3.0'; source: vault='Pathfinder Player Core', db='Player Core pg. 287 2.0'"
alchemists-lab,F:\Obsidian\PF2e-Core-Vault\3-Rules\Character Building\Equipment\A\alchemists-lab.md,Mundane,"level: vault='0', db='0.0'; source: vault='Pathfinder Player Core', db='Player Core pg. 287 2.0'"
aldori-dueling-sword,F:\Obsidian\PF2e-Core-Vault\3-Rules\Character Building\Equipment\A\aldori-dueling-sword.md,Weapon_Basic,"rarity: vault='uncommon', db='Rare'; source: vault='Pathfinder Lost Omens World Guide', db='Kingmaker Adventure Path pg. 599, World Guide pg. 28'"
alghollthu-lash,F:\Obsidian\PF2e-Core-Vault\3-Rules\Character Building\Equipment\A\alghollthu-lash.md,Specific_Magic_Weapons,"source: vault='Pathfinder Treasure Vault', db='Treasure Vault pg. 35'; traits: vault='disarm, finesse, magical, nonlethal, reach, trip', db='Magical, Transmutation'"
alicorn-hair,F:\Obsidian\PF2e-Core-Vault\3-Rules\Character Building\Equipment\A\alicorn-hair.md,Consumables,"source: vault='Pathfinder Howl of the Wild', db='Howl of the Wild pg. 118 2.0'"
alicorn-lance,F:\Obsidian\PF2e-Core-Vault\3-Rules\Character Building\Equipment\A\alicorn-lance.md,Specific_Magic_Weapons,"source: vault='Pathfinder Treasure Vault', db='Treasure Vault pg. 36'; traits: vault='deadly-d8, jousting-d6, magical, reach', db='Evocation, Magical, Transmutation'"
alkenstar-ice-wine,F:\Obsidian\PF2e-Core-Vault\3-Rules\Character Building\Equipment\A\alkenstar-ice-wine.md,Alchemical_Items,"source: vault='Pathfinder Lost Omens Impossible Lands', db='Impossible Lands pg. 106'; traits: vault='alchemical, consumable, drug, ingested, poison, vitality', db='Alchemical, Consumable, Drug, Ingested, Poison, Positive, Uncommon'"
alluring-lantern,F:\Obsidian\PF2e-Core-Vault\3-Rules\Character Building\Equipment\A\alluring-lantern.md,Grafts,"source: vault='Pathfinder Howl of the Wild', db='Howl of the Wild pg. 97 2.0'"
alluring-scarf-greater,F:\Obsidian\PF2e-Core-Vault\3-Rules\Character Building\Equipment\A\alluring-scarf-greater.md,Held_Items,"source: vault='Pathfinder Lost Omens The Grand Bazaar', db='Grand Bazaar pg. 84'; traits: vault='magical', db='Enchantment, Magical, Uncommon'"
alluring-scarf-major,F:\Obsidian\PF2e-Core-Vault\3-Rules\Character Building\Equipment\A\alluring-scarf-major.md,Held_Items,"source: vault='Pathfinder Lost Omens The Grand Bazaar', db='Grand Bazaar pg. 84'; traits: vault='magical', db='Enchantment, Magical, Uncommon'"
alluring-scarf,F:\Obsidian\PF2e-Core-Vault\3-Rules\Character Building\Equipment\A\alluring-scarf.md,Held_Items,"source: vault='Pathfinder Lost Omens The Grand Bazaar', db='Grand Bazaar pg. 84'; traits: vault='magical', db='Enchantment, Magical, Uncommon'"
aluum-charm,F:\Obsidian\PF2e-Core-Vault\3-Rules\Character Building\Equipment\A\aluum-charm.md,Worn_Items,"source: vault='Pathfinder #149: Against the Scarlet Triad', db='Pathfinder #149: Against the Scarlet Triad pg. 82'; traits: vault='invested, magical', db='Enchantment, Invested, Magical, Uncommon'"
amaranthine-pavise,F:\Obsidian\PF2e-Core-Vault\3-Rules\Character Building\Equipment\A\amaranthine-pavise.md,Specific_Magic_Shields,"source: vault='Pathfinder Lost Omens The Grand Bazaar', db='Grand Bazaar pg. 30'; traits: vault='magical', db='Enchantment, Magical, Uncommon'"
amazing-pop-up-book,F:\Obsidian\PF2e-Core-Vault\3-Rules\Character Building\Equipment\A\amazing-pop-up-book.md,Grimoire,"source: vault='Pathfinder Treasure Vault', db='Treasure Vault pg. 110'; traits: vault='grimoire, illusion, magical', db='Grimoire, Illusion, Magical, Uncommon'"
ambrosia-of-undying-hope,F:\Obsidian\PF2e-Core-Vault\3-Rules\Character Building\Equipment\A\ambrosia-of-undying-hope.md,Alchemical_Items,"source: vault='Pathfinder #156: The Apocalypse Prophet', db='Pathfinder #156: The Apocalypse Prophet pg. 74'; traits: vault='alchemical, consumable, elixir', db='Alchemical, Consumable, Elixir, Necromancy, Rare'"
amnemonic-charm,F:\Obsidian\PF2e-Core-Vault\3-Rules\Character Building\Equipment\A\amnemonic-charm.md,Consumables,"rarity: vault='uncommon', db='Common'; source: vault='Pathfinder Treasure Vault', db='Treasure Vault pg. 92'; traits: vault='consumable, magical, talisman', db='Consumable, Magical, Talisman, Transmutation, Visual'"
amphisbaena-handwraps,F:\Obsidian\PF2e-Core-Vault\3-Rules\Character Building\Equipment\A\amphisbaena-handwraps.md,Worn_Items,"source: vault='Pathfinder Howl of the Wild', db='Howl of the Wild pg. 106 2.0'; traits: vault='invested, magical, unarmed', db='Invested, Magical, Uncommon'"
amphisbaena-spittle,F:\Obsidian\PF2e-Core-Vault\3-Rules\Character Building\Equipment\A\amphisbaena-spittle.md,Consumables,"source: vault='Pathfinder Howl of the Wild', db='Howl of the Wild pg. 118 2.0'"
amulet-of-the-hellcat,F:\Obsidian\PF2e-Core-Vault\3-Rules\Character Building\Equipment\A\amulet-of-the-hellcat.md,Worn_Items,"source: vault='Pathfinder Howl of the Wild', db='Howl of the Wild pg. 106 2.0'; traits: vault='invested, magical', db='Invested, Magical, Uncommon'"
amulet-of-the-third-eye,F:\Obsidian\PF2e-Core-Vault\3-Rules\Character Building\Equipment\A\amulet-of-the-third-eye.md,Worn_Items,"source: vault='Pathfinder Treasure Vault', db='Treasure Vault pg. 12'; traits: vault='apex, invested, magical', db='Apex, Divination, Invested, Magical'"
anathema-fulu,F:\Obsidian\PF2e-Core-Vault\3-Rules\Character Building\Equipment\A\anathema-fulu.md,Consumables,"source: vault='Pathfinder Treasure Vault', db='Treasure Vault pg. 76'; traits: vault='consumable, fulu, magical', db='Abjuration, Consumable, Fulu, Magical'"
ancestral-echoing,F:\Obsidian\PF2e-Core-Vault\3-Rules\Character Building\Equipment\A\ancestral-echoing.md,Runes,"source: vault='Pathfinder #148: Fires of the Haunted City', db='Pathfinder #148: Fires of the Haunted City pg. 75'; traits: vault='dwarf, magical, saggorak', db='Dwarf, Evocation, Magical, Rare, Saggorak'"
ancestral-geometry,F:\Obsidian\PF2e-Core-Vault\3-Rules\Character Building\Equipment\A\ancestral-geometry.md,Tattoos,"source: vault='Pathfinder Treasure Vault', db='Treasure Vault pg. 119'; traits: vault='invested, magical, tattoo', db='Abjuration, Invested, Magical, Tattoo, Uncommon'"
anchor-of-aquatic-exploration,F:\Obsidian\PF2e-Core-Vault\3-Rules\Character Building\Equipment\A\anchor-of-aquatic-exploration.md,Held_Items,"source: vault='Pathfinder Treasure Vault', db='Treasure Vault pg. 114'; traits: vault='magical', db='Conjuration, Magical, Transmutation, Uncommon'"
anchor-spear,F:\Obsidian\PF2e-Core-Vault\3-Rules\Character Building\Equipment\A\anchor-spear.md,Specific_Magic_Weapons,"source: vault='Pathfinder #155: Lord of the Black Sands', db='Pathfinder #155: Lord of the Black Sands pg. 75'; traits: vault='magical, monk, thrown-20', db='Magical, Transmutation'"
anchoring-greater,F:\Obsidian\PF2e-Core-Vault\3-Rules\Character Building\Equipment\A\anchoring-greater.md,Runes,"source: vault='Pathfinder Lost Omens The Grand Bazaar', db='Grand Bazaar pg. 80'; traits: vault='magical', db='Abjuration, Magical, Uncommon'"
anchoring,F:\Obsidian\PF2e-Core-Vault\3-Rules\Character Building\Equipment\A\Anchoring.md,Runes,"source: vault='Pathfinder Lost Omens The Grand Bazaar', db='Grand Bazaar pg. 80'; traits: vault='magical', db='Abjuration, Magical, Uncommon'"
anglerfish-lantern-submersible,F:\Obsidian\PF2e-Core-Vault\3-Rules\Character Building\Equipment\A\anglerfish-lantern-submersible.md,Held_Items,"source: vault='Pathfinder Rage of Elements', db='Rage of Elements pg. 176'; traits: vault='magical, water', db='Uncommon'"
anglerfish-lantern,F:\Obsidian\PF2e-Core-Vault\3-Rules\Character Building\Equipment\A\anglerfish-lantern.md,Held_Items,"source: vault='Pathfinder Rage of Elements', db='Rage of Elements pg. 176'"
animal-bed,F:\Obsidian\PF2e-Core-Vault\3-Rules\Character Building\Equipment\A\animal-bed.md,Mundane,"level: vault='0', db='0.0'; source: vault='Pathfinder Lost Omens Travel Guide', db='Travel Guide pg. 103'"
animal-blind,F:\Obsidian\PF2e-Core-Vault\3-Rules\Character Building\Equipment\A\animal-blind.md,Mundane,"level: vault='0', db='0.0'; source: vault='Source: Pathfinder Howl of the Wild', db='Howl of the Wild pg. 112 2.0'"
animal-call,F:\Obsidian\PF2e-Core-Vault\3-Rules\Character Building\Equipment\A\animal-call.md,Mundane,"level: vault='0', db='0.0'; source: vault='Howl of the Wild', db='Howl of the Wild pg. 112 2.0'"
animal-nip-lesser,F:\Obsidian\PF2e-Core-Vault\3-Rules\Character Building\Equipment\A\animal-nip-lesser.md,Consumables,"source: vault='Pathfinder Rage of Elements', db='Rage of Elements pg. 200'"
animal-nip-moderate,F:\Obsidian\PF2e-Core-Vault\3-Rules\Character Building\Equipment\A\animal-nip-moderate.md,Consumables,"source: vault='Pathfinder Rage of Elements', db='Rage of Elements pg. 200'"
animal-pheromones-greater,F:\Obsidian\PF2e-Core-Vault\3-Rules\Character Building\Equipment\A\animal-pheromones-greater.md,Alchemical_Items,"source: vault='Pathfinder Howl of the Wild', db='Howl of the Wild pg. 108 2.0'"
animal-pheromones-lesser,F:\Obsidian\PF2e-Core-Vault\3-Rules\Character Building\Equipment\A\animal-pheromones-lesser.md,Alchemical_Items,"source: vault='Pathfinder Howl of the Wild', db='Howl of the Wild pg. 108 2.0'"
animal-pheromones-moderate,F:\Obsidian\PF2e-Core-Vault\3-Rules\Character Building\Equipment\A\animal-pheromones-moderate.md,Alchemical_Items,"source: vault='Pathfinder Howl of the Wild', db='Howl of the Wild pg. 108 2.0'"
animal-repellent-greater,F:\Obsidian\PF2e-Core-Vault\3-Rules\Character Building\Equipment\A\animal-repellent-greater.md,Alchemical_Items,"source: vault='Pathfinder Treasure Vault', db='Treasure Vault pg. 52'"
animal-repellent-lesser,F:\Obsidian\PF2e-Core-Vault\3-Rules\Character Building\Equipment\A\animal-repellent-lesser.md,Alchemical_Items,"source: vault='Pathfinder Treasure Vault', db='Treasure Vault pg. 52'"
animal-repellent-major,F:\Obsidian\PF2e-Core-Vault\3-Rules\Character Building\Equipment\A\animal-repellent-major.md,Alchemical_Items,"source: vault='Pathfinder Treasure Vault', db='Treasure Vault pg. 52'"
animal-repellent-minor,F:\Obsidian\PF2e-Core-Vault\3-Rules\Character Building\Equipment\A\animal-repellent-minor.md,Alchemical_Items,"source: vault='Pathfinder Treasure Vault', db='Treasure Vault pg. 52'"
animal-repellent-moderate,F:\Obsidian\PF2e-Core-Vault\3-Rules\Character Building\Equipment\A\animal-repellent-moderate.md,Alchemical_Items,"source: vault='Pathfinder Treasure Vault', db='Treasure Vault pg. 52'"
animal-staff-greater,F:\Obsidian\PF2e-Core-Vault\3-Rules\Character Building\Equipment\A\animal-staff-greater.md,Staff_Wand,"source: vault='Pathfinder GM Core', db='Core Rulebook pg. 593'; traits: vault='magical, staff, two-hand-d8', db='Divination, Magical, Staff'"
animal-staff-major,F:\Obsidian\PF2e-Core-Vault\3-Rules\Character Building\Equipment\A\animal-staff-major.md,Staff_Wand,"source: vault='Pathfinder GM Core', db='Core Rulebook pg. 593'; traits: vault='magical, staff, two-hand-d8', db='Divination, Magical, Staff'"
animal-staff,F:\Obsidian\PF2e-Core-Vault\3-Rules\Character Building\Equipment\A\animal-staff.md,Staff_Wand,"source: vault='Pathfinder GM Core', db='Core Rulebook pg. 593'; traits: vault='magical, staff, two-hand-d8', db='Divination, Magical, Staff'"
animal-turning-fulu,F:\Obsidian\PF2e-Core-Vault\3-Rules\Character Building\Equipment\A\animal-turning-fulu.md,Consumables,"source: vault='Pathfinder #196: The Summer That Never Was', db='Pathfinder #196: The Summer That Never Was pg. 83'; traits: vault='consumable, fulu, magical, talisman', db='Abjuration, Consumable, Fulu, Magical, Rare, Talisman'"
ankhrav-duster,F:\Obsidian\PF2e-Core-Vault\3-Rules\Character Building\Equipment\A\ankhrav-duster.md,Specific_Magic_Weapons,"source: vault='Pathfinder Howl of the Wild', db='Howl of the Wild pg. 101 2.0'; traits: vault='agile, free-hand, magical, monk', db='Magical, Uncommon'"
anklets-of-alacrity,F:\Obsidian\PF2e-Core-Vault\3-Rules\Character Building\Equipment\A\anklets-of-alacrity.md,Worn_Items,"source: vault='Pathfinder Core Rulebook', db='Core Rulebook pg. 63'; traits: vault='apex, invested, magical', db='Apex, Invested, Magical, Transmutation'"
ankylostar,F:\Obsidian\PF2e-Core-Vault\3-Rules\Character Building\Equipment\A\Ankylostar.md,Specific_Magic_Weapons,"source: vault='Pathfinder #154: Siege of the Dinosaurs', db='Pathfinder #154: Siege of the Dinosaurs pg. 75'; traits: vault='magical, versatile-p', db='Magical, Transmutation'"
anointed-waterskin,F:\Obsidian\PF2e-Core-Vault\3-Rules\Character Building\Equipment\A\anointed-waterskin.md,Held_Items,"source: vault='Pathfinder Secrets of Magic', db='Secrets of Magic pg. 179'; traits: vault='divine, water', db='Divine, Evocation, Good, Water'"
anointing-oil-greater,F:\Obsidian\PF2e-Core-Vault\3-Rules\Character Building\Equipment\A\anointing-oil-greater.md,Consumables,"source: vault='Pathfinder Lost Omens Knights of Lastwall', db='Knights of Lastwall pg. 88'; traits: vault='consumable, magical, oil', db='Consumable, Magical, Necromancy, Oil, Uncommon'"
anointing-oil,F:\Obsidian\PF2e-Core-Vault\3-Rules\Character Building\Equipment\A\anointing-oil.md,Consumables,"source: vault='Pathfinder Lost Omens Knights of Lastwall', db='Knights of Lastwall pg. 88'; traits: vault='consumable, magical, oil', db='Consumable, Magical, Necromancy, Oil, Uncommon'"
anticorrosion-oil,F:\Obsidian\PF2e-Core-Vault\3-Rules\Character Building\Equipment\A\anticorrosion-oil.md,Consumables,"source: vault='Pathfinder Treasure Vault', db='Treasure Vault pg. 86'; traits: vault='consumable, magical, oil', db='Consumable, Magical, Oil, Transmutation'"
antidote-greater,F:\Obsidian\PF2e-Core-Vault\3-Rules\Character Building\Equipment\A\antidote-greater.md,Alchemical_Items,"source: vault='Pathfinder Player Core 2', db='Player Core 2 pg. 286, GM Core pg. 246 2.0'"
antidote-lesser,F:\Obsidian\PF2e-Core-Vault\3-Rules\Character Building\Equipment\A\antidote-lesser.md,Alchemical_Items,"source: vault='Pathfinder Player Core 2', db='Player Core 2 pg. 286, GM Core pg. 246 2.0'"
antidote-major,F:\Obsidian\PF2e-Core-Vault\3-Rules\Character Building\Equipment\A\antidote-major.md,Alchemical_Items,"source: vault='Pathfinder Player Core 2', db='Player Core 2 pg. 286, GM Core pg. 246 2.0'"
antidote-moderate,F:\Obsidian\PF2e-Core-Vault\3-Rules\Character Building\Equipment\A\antidote-moderate.md,Alchemical_Items,"source: vault='Pathfinder Player Core 2', db='Player Core 2 pg. 286, GM Core pg. 246 2.0'"
antimagic-oil,F:\Obsidian\PF2e-Core-Vault\3-Rules\Character Building\Equipment\A\antimagic-oil.md,Consumables,"source: vault='Pathfinder GM Core', db='Core Rulebook pg. 561'; traits: vault='consumable, magical, oil', db='Abjuration, Consumable, Magical, Rare'"
antimagic,F:\Obsidian\PF2e-Core-Vault\3-Rules\Character Building\Equipment\A\Antimagic.md,Runes,"source: vault='Pathfinder GM Core', db='Core Rulebook pg. 582'; traits: vault='magical', db='Abjuration, Magical, Uncommon'"
antiplague-greater,F:\Obsidian\PF2e-Core-Vault\3-Rules\Character Building\Equipment\A\antiplague-greater.md,Alchemical_Items,"source: vault='Pathfinder Player Core 2', db='Player Core 2 pg. 286, GM Core pg. 246 2.0'"
antiplague-lesser,F:\Obsidian\PF2e-Core-Vault\3-Rules\Character Building\Equipment\A\antiplague-lesser.md,Alchemical_Items,"source: vault='Pathfinder Player Core 2', db='Player Core 2 pg. 286, GM Core pg. 246 2.0'"
antiplague-major,F:\Obsidian\PF2e-Core-Vault\3-Rules\Character Building\Equipment\A\antiplague-major.md,Alchemical_Items,"source: vault='Pathfinder Player Core 2', db='Player Core 2 pg. 286, GM Core pg. 246 2.0'"
antiplague-moderate,F:\Obsidian\PF2e-Core-Vault\3-Rules\Character Building\Equipment\A\antiplague-moderate.md,Alchemical_Items,"source: vault='Pathfinder Player Core 2', db='Player Core 2 pg. 286, GM Core pg. 246 2.0'"
antipode-oil,F:\Obsidian\PF2e-Core-Vault\3-Rules\Character Building\Equipment\A\antipode-oil.md,Alchemical_Items,"source: vault='Pathfinder Treasure Vault', db='Treasure Vault pg. 67'"
antivenom-potion,F:\Obsidian\PF2e-Core-Vault\3-Rules\Character Building\Equipment\A\antivenom-potion.md,Consumables,"source: vault='Pathfinder Adventure: Troubles in Otari', db='Troubles in Otari pg. 6'; traits: vault='consumable, magical, potion', db='Consumable, Magical, Necromancy, Potion'"
antler-arrow,F:\Obsidian\PF2e-Core-Vault\3-Rules\Character Building\Equipment\A\antler-arrow.md,Consumables,"source: vault='Pathfinder Player Core 2', db='Player Core 2 pg. 301'"
anylength-rope-greater,F:\Obsidian\PF2e-Core-Vault\3-Rules\Character Building\Equipment\A\anylength-rope-greater.md,Held_Items,"source: vault='Pathfinder Lost Omens Firebrands', db='Firebrands pg. 84'; traits: vault='magical', db='Magical, Transmutation'"
anylength-rope-lesser,F:\Obsidian\PF2e-Core-Vault\3-Rules\Character Building\Equipment\A\anylength-rope-lesser.md,Held_Items,"source: vault='Pathfinder Lost Omens Firebrands', db='Firebrands pg. 84'; traits: vault='magical', db='Magical, Transmutation'"
anylength-rope-moderate,F:\Obsidian\PF2e-Core-Vault\3-Rules\Character Building\Equipment\A\anylength-rope-moderate.md,Held_Items,"source: vault='Pathfinder Lost Omens Firebrands', db='Firebrands pg. 84'; traits: vault='magical', db='Magical, Transmutation'"
apotropaic-fulu,F:\Obsidian\PF2e-Core-Vault\3-Rules\Character Building\Equipment\A\apotropaic-fulu.md,Consumables,"source: vault='Pathfinder Secrets of Magic', db='Secrets of Magic pg. 159'; traits: vault='consumable, fulu, magical', db='Abjuration, Consumable, Fulu, Magical'"
appetizing-flavor-snare,F:\Obsidian\PF2e-Core-Vault\3-Rules\Character Building\Equipment\A\appetizing-flavor-snare.md,Snares,"source: vault='Pathfinder Lost Omens Monsters of Myth', db='Monsters of Myth pg. 112'; traits: vault='consumable, mechanical, snare, trap', db='Consumable, Mechanical, Rare, Snare, Trap'"
applereed-mutagen-greater,F:\Obsidian\PF2e-Core-Vault\3-Rules\Character Building\Equipment\A\applereed-mutagen-greater.md,Alchemical_Items,"source: vault='Pathfinder Lost Omens Legends', db='Legends pg. 86'; traits: vault='alchemical, consumable, elixir, mutagen, polymorph', db='Alchemical, Consumable, Elixir, Mutagen, Polymorph, Rare'"
applereed-mutagen-lesser,F:\Obsidian\PF2e-Core-Vault\3-Rules\Character Building\Equipment\A\applereed-mutagen-lesser.md,Alchemical_Items,"source: vault='Pathfinder Lost Omens Legends', db='Legends pg. 86'; traits: vault='alchemical, consumable, elixir, mutagen, polymorph', db='Alchemical, Consumable, Elixir, Mutagen, Polymorph, Rare'"
applereed-mutagen-moderate,F:\Obsidian\PF2e-Core-Vault\3-Rules\Character Building\Equipment\A\applereed-mutagen-moderate.md,Alchemical_Items,"source: vault='Pathfinder Lost Omens Legends', db='Legends pg. 86'; traits: vault='alchemical, consumable, elixir, mutagen, polymorph', db='Alchemical, Consumable, Elixir, Mutagen, Polymorph, Rare'"
apricot-of-bestial-might,F:\Obsidian\PF2e-Core-Vault\3-Rules\Character Building\Equipment\A\apricot-of-bestial-might.md,Alchemical_Items,"source: vault='Pathfinder #167: Ready? Fight!', db='Pathfinder #167: Ready? Fight! pg. 74'; traits: vault='alchemical, consumable, elixir, mutagen, polymorph', db='Alchemical, Consumable, Elixir, Mutagen, Polymorph, Uncommon'"
arachnid-harness-greater,F:\Obsidian\PF2e-Core-Vault\3-Rules\Character Building\Equipment\A\arachnid-harness-greater.md,Specific_Magic_Armor,"source: vault='Pathfinder Treasure Vault', db='Treasure Vault pg. 14'; traits: vault='invested, magical', db='Invested, Magical, Transmutation'"
arachnid-harness,F:\Obsidian\PF2e-Core-Vault\3-Rules\Character Building\Equipment\A\arachnid-harness.md,Specific_Magic_Armor,"source: vault='Pathfinder Treasure Vault', db='Treasure Vault pg. 14'; traits: vault='invested, magical', db='Invested, Magical, Transmutation'"
arachnolute,F:\Obsidian\PF2e-Core-Vault\3-Rules\Character Building\Equipment\A\Arachnolute.md,Held_Items,"source: vault='Pathfinder Howl of the Wild', db='Howl of the Wild pg. 105 2.0'; traits: vault='magical', db='Magical, Uncommon'"
arbalest,F:\Obsidian\PF2e-Core-Vault\3-Rules\Character Building\Equipment\A\Arbalest.md,Weapon_Basic,"source: vault='Pathfinder Player Core', db='Player Core pg. 280 2.0'"
arcane-scroll-case-of-simplicity,F:\Obsidian\PF2e-Core-Vault\3-Rules\Character Building\Equipment\A\arcane-scroll-case-of-simplicity.md,Held_Items,"source: vault='Pathfinder Lost Omens Character Guide', db='Character Guide pg. 111'; traits: vault='invested, magical', db='Invested, Magical, Transmutation, Uncommon'"
archaic-wayfinder,F:\Obsidian\PF2e-Core-Vault\3-Rules\Character Building\Equipment\A\archaic-wayfinder.md,Worn_Items,"source: vault='Pathfinder Lost Omens World Guide', db='World Guide pg. 17'; traits: vault='invested, magical', db='Evocation, Invested, Magical, Uncommon'"
architects-pattern-book,F:\Obsidian\PF2e-Core-Vault\3-Rules\Character Building\Equipment\A\architects-pattern-book.md,Grimoire,"source: vault='Pathfinder Treasure Vault', db='Treasure Vault pg. 110'; traits: vault='grimoire, magical', db='Conjuration, Grimoire, Magical, Uncommon'"
archivists-gaze,F:\Obsidian\PF2e-Core-Vault\3-Rules\Character Building\Equipment\A\archivists-gaze.md,Worn_Items,"source: vault='Pathfinder Secrets of Magic', db='Secrets of Magic pg. 179'; traits: vault='apex, invested, magical', db='Apex, Divination, Invested, Magical'"
arctic-vigor-(greater),F:\Obsidian\PF2e-Core-Vault\3-Rules\Character Building\Equipment\A\arctic-vigor-(greater).md,Tattoos,"source: vault='Pathfinder Lost Omens The Grand Bazaar', db='Grand Bazaar pg. 38'; traits: vault='cold, invested, magical, tattoo', db='Cold, Evocation, Invested, Magical, Tattoo, Uncommon'"
arctic-vigor,F:\Obsidian\PF2e-Core-Vault\3-Rules\Character Building\Equipment\A\arctic-vigor.md,Tattoos,"source: vault='Pathfinder Lost Omens The Grand Bazaar', db='Grand Bazaar pg. 38'; traits: vault='cold, invested, magical, tattoo', db='Cold, Evocation, Invested, Magical, Tattoo, Uncommon'"
arctic-worm-chitin-shield,F:\Obsidian\PF2e-Core-Vault\3-Rules\Character Building\Equipment\A\arctic-worm-chitin-shield.md,Specific_Magic_Shields,"source: vault='Pathfinder Howl of the Wild', db='Howl of the Wild pg. 100 2.0'; traits: vault='invested, magical', db='Invested, Magical, Uncommon'"
armbands-of-athleticism-(greater),F:\Obsidian\PF2e-Core-Vault\3-Rules\Character Building\Equipment\A\armbands-of-athleticism-(greater).md,Worn_Items,"source: vault='Pathfinder GM Core', db='Core Rulebook pg. 65'; traits: vault='invested, magical', db='Invested, Magical, Transmutation'"
armbands-of-athleticism,F:\Obsidian\PF2e-Core-Vault\3-Rules\Character Building\Equipment\A\armbands-of-athleticism.md,Worn_Items,"source: vault='Pathfinder GM Core', db='Core Rulebook pg. 65'; traits: vault='invested, magical', db='Invested, Magical, Transmutation'"
armbands-of-the-gorgon,F:\Obsidian\PF2e-Core-Vault\3-Rules\Character Building\Equipment\A\armbands-of-the-gorgon.md,Worn_Items,"source: vault='Pathfinder Treasure Vault', db='Treasure Vault pg. 12'; traits: vault='apex, invested, magical', db='Apex, Invested, Magical, Transmutation'"
armor-latches,F:\Obsidian\PF2e-Core-Vault\3-Rules\Character Building\Equipment\A\armor-latches.md,Adjustments,"level: vault='1', db='1.0'; source: vault='Pathfinder Treasure Vault', db='Treasure Vault pg. 11'"
armor-of-the-holy-warrior,F:\Obsidian\PF2e-Core-Vault\3-Rules\Character Building\Equipment\A\armor-of-the-holy-warrior.md,Specific_Magic_Armor,"source: vault='Pathfinder Lost Omens Knights of Lastwall', db='Knights of Lastwall pg. 88'; traits: vault='divine, invested, magical', db='Divine, Good, Invested, Magical, Necromancy, Rare'"
armor-potency-1,F:\Obsidian\PF2e-Core-Vault\3-Rules\Character Building\Equipment\A\armor-potency-1.md,Runes,"source: vault='Pathfinder GM Core', db='Core Rulebook pg. 581'; traits: vault='magical', db='Magical, Abjuration'"
armor-potency-2,F:\Obsidian\PF2e-Core-Vault\3-Rules\Character Building\Equipment\A\armor-potency-2.md,Runes,"source: vault='Pathfinder GM Core', db='Core Rulebook pg. 581'; traits: vault='magical', db='Magical, Abjuration'"
armor-potency-3,F:\Obsidian\PF2e-Core-Vault\3-Rules\Character Building\Equipment\A\armor-potency-3.md,Runes,"source: vault='Pathfinder GM Core', db='Core Rulebook pg. 581'; traits: vault='magical', db='Magical, Abjuration'"
armored-cloak,F:\Obsidian\PF2e-Core-Vault\3-Rules\Character Building\Equipment\A\armored-cloak.md,Armor_Basic,"level: vault='0', db='0.0'; source: vault='Pathfinder Lost Omens Firebrands', db='Firebrands pg. 83'"
armored-coat,F:\Obsidian\PF2e-Core-Vault\3-Rules\Character Building\Equipment\A\armored-coat.md,Armor_Basic,"level: vault='0', db='0.0'; source: vault='Pathfinder Knights of Lastwall', db='Knights of Lastwall pg. 87'"
armored-skirt,F:\Obsidian\PF2e-Core-Vault\3-Rules\Character Building\Equipment\A\armored-skirt.md,Mundane,"level: vault='0', db='0.0'"
armory-bracelet-greater,F:\Obsidian\PF2e-Core-Vault\3-Rules\Character Building\Equipment\A\armory-bracelet-greater.md,Worn_Items,"source: vault='Pathfinder Treasure Vault', db='Treasure Vault pg. 153'; traits: vault='invested, magical', db='Conjuration, Invested, Magical'"
armory-bracelet-lesser,F:\Obsidian\PF2e-Core-Vault\3-Rules\Character Building\Equipment\A\armory-bracelet-lesser.md,Worn_Items,"source: vault='Pathfinder Treasure Vault', db='Treasure Vault pg. 153'; traits: vault='invested, magical', db='Conjuration, Invested, Magical'"
armory-bracelet-major,F:\Obsidian\PF2e-Core-Vault\3-Rules\Character Building\Equipment\A\armory-bracelet-major.md,Worn_Items,"source: vault='Pathfinder Treasure Vault', db='Treasure Vault pg. 153'; traits: vault='invested, magical', db='Conjuration, Invested, Magical'"
armory-bracelet-minor,F:\Obsidian\PF2e-Core-Vault\3-Rules\Character Building\Equipment\A\armory-bracelet-minor.md,Worn_Items,"source: vault='Pathfinder Treasure Vault', db='Treasure Vault pg. 153'; traits: vault='invested, magical', db='Conjuration, Invested, Magical'"
armory-bracelet-moderate,F:\Obsidian\PF2e-Core-Vault\3-Rules\Character Building\Equipment\A\armory-bracelet-moderate.md,Worn_Items,"source: vault='Pathfinder Treasure Vault', db='Treasure Vault pg. 153'; traits: vault='invested, magical', db='Conjuration, Invested, Magical'"
aroma-concealer,F:\Obsidian\PF2e-Core-Vault\3-Rules\Character Building\Equipment\A\aroma-concealer.md,Alchemical_Items,"source: vault='Pathfinder Howl of the Wild', db='Howl of the Wild pg. 109 2.0'"
arrow-catching-shield,F:\Obsidian\PF2e-Core-Vault\3-Rules\Character Building\Equipment\A\arrow-catching-shield.md,Specific_Magic_Shields,"source: vault='Pathfinder Core Rulebook', db='Core Rulebook pg. 587'; traits: vault='magical', db='Abjuration, Magical'"
arsenic,F:\Obsidian\PF2e-Core-Vault\3-Rules\Character Building\Equipment\A\Arsenic.md,Alchemical_Items,"source: vault='Pathfinder GM Core', db='Player Core 2 pg. 291, GM Core pg. 248 2.0'"
artevil-suspension,F:\Obsidian\PF2e-Core-Vault\3-Rules\Character Building\Equipment\A\artevil-suspension.md,Alchemical_Items,"source: vault='Pathfinder Lost Omens Travel Guide', db='Travel Guide pg. 101'"
artificer-spectacles,F:\Obsidian\PF2e-Core-Vault\3-Rules\Character Building\Equipment\A\artificer-spectacles.md,Worn_Items,"source: vault='Pathfinder Treasure Vault', db='Treasure Vault pg. 12'; traits: vault='apex, invested, magical', db='Apex, Divination, Invested, Magical'"
artisans-toolkit-sterling,F:\Obsidian\PF2e-Core-Vault\3-Rules\Character Building\Equipment\A\artisans-toolkit-sterling.md,Mundane,"level: vault='3', db='3.0'; source: vault='Pathfinder Player Core', db='Player Core pg. 287 2.0'"
artisans-toolkit,F:\Obsidian\PF2e-Core-Vault\3-Rules\Character Building\Equipment\A\artisans-toolkit.md,Mundane,"level: vault='0', db='0.0'; source: vault='Pathfinder Player Core', db='Player Core pg. 287 2.0'"
ascendant-dragon-spirit,F:\Obsidian\PF2e-Core-Vault\3-Rules\Character Building\Equipment\A\ascendant-dragon-spirit.md,Consumables,"source: vault='Pathfinder #199: To Bloom Below the Web', db='Pathfinder #199: To Bloom Below the Web pg. 74'; traits: vault='consumable, magical, potion', db='Consumable, Magical, Potion, Transmutation, Uncommon'"
ash-gown-(greater),F:\Obsidian\PF2e-Core-Vault\3-Rules\Character Building\Equipment\A\ash-gown-(greater).md,Worn_Items,"source: vault='Pathfinder Rage of Elements', db='Rage of Elements pg. 122'"
ashen-greater,F:\Obsidian\PF2e-Core-Vault\3-Rules\Character Building\Equipment\A\ashen-greater.md,Runes,"rarity: vault='uncommon', db='Rare'; source: vault='Pathfinder Lost Omens Highhelm', db='Highhelm pg. 58'; traits: vault='magical', db='Enchantment, Magical, Uncommon'"
ashen,F:\Obsidian\PF2e-Core-Vault\3-Rules\Character Building\Equipment\A\Ashen.md,Runes,"rarity: vault='uncommon', db='Rare'; source: vault='Pathfinder Lost Omens Highhelm', db='Highhelm pg. 58'; traits: vault='magical', db='Enchantment, Magical, Uncommon'"
asp-coil,F:\Obsidian\PF2e-Core-Vault\3-Rules\Character Building\Equipment\A\asp-coil.md,Weapon_Basic,"source: vault='Pathfinder Lost Omens The Grand Bazaar', db='Grand Bazaar pg. 105'"
assassins-bracers-type-i,F:\Obsidian\PF2e-Core-Vault\3-Rules\Character Building\Equipment\A\assassins-bracers-type-i.md,Worn_Items,"source: vault='Pathfinder Adventure: Prey for Death', db='Prey for Death pg. 104'; traits: vault='illusion, invested, magical', db='Illusion, Invested, Magical, Uncommon'"
assassins-bracers-type-ii,F:\Obsidian\PF2e-Core-Vault\3-Rules\Character Building\Equipment\A\assassins-bracers-type-ii.md,Worn_Items,"source: vault='Pathfinder Adventure: Prey for Death', db='Prey for Death pg. 104'; traits: vault='illusion, invested, magical', db='Illusion, Invested, Magical, Uncommon'"
assassins-bracers-type-iii,F:\Obsidian\PF2e-Core-Vault\3-Rules\Character Building\Equipment\A\assassins-bracers-type-iii.md,Worn_Items,"source: vault='Pathfinder Adventure: Prey for Death', db='Prey for Death pg. 104'; traits: vault='illusion, invested, magical', db='Illusion, Invested, Magical, Uncommon'"
assisting,F:\Obsidian\PF2e-Core-Vault\3-Rules\Character Building\Equipment\A\Assisting.md,Runes,"source: vault='Pathfinder Treasure Vault', db='Treasure Vault pg. 12'; traits: vault='magical', db='Magical, Transmutation'"
astringent-venom,F:\Obsidian\PF2e-Core-Vault\3-Rules\Character Building\Equipment\A\astringent-venom.md,Alchemical_Items,"source: vault='Pathfinder Treasure Vault', db='Treasure Vault pg. 67'"
astrolabe-mariners,F:\Obsidian\PF2e-Core-Vault\3-Rules\Character Building\Equipment\A\astrolabe-mariners.md,Mundane,"level: vault='3', db='3.0'; source: vault='Pathfinder Lost Omens Pathfinder Society Guide', db='Pathfinder #188: They Watched the Stars pg. 79, PFS Guide pg. 34'"
atlatl,F:\Obsidian\PF2e-Core-Vault\3-Rules\Character Building\Equipment\A\Atlatl.md,Weapon_Basic,"source: vault='Pathfinder Treasure Vault', db='Treasure Vault pg. 30'"
atmospheric-breathing-suit,F:\Obsidian\PF2e-Core-Vault\3-Rules\Character Building\Equipment\A\atmospheric-breathing-suit.md,Mundane,"level: vault='3', db='0.0'; source: vault='Pathfinder Howl of the Wild', db='Howl of the Wild pg. 112 2.0'"
atmospheric-staff-greater,F:\Obsidian\PF2e-Core-Vault\3-Rules\Character Building\Equipment\A\atmospheric-staff-greater.md,Staff_Wand,"source: vault='Pathfinder Rage of Elements', db='Rage of Elements pg. 74'; traits: vault='air, magical, staff, two-hand-d8', db='Air, Magical, Staff, Uncommon'"
atmospheric-staff-lesser,F:\Obsidian\PF2e-Core-Vault\3-Rules\Character Building\Equipment\A\atmospheric-staff-lesser.md,Staff_Wand,"source: vault='Pathfinder Rage of Elements', db='Rage of Elements pg. 74'; traits: vault='air, magical, staff, two-hand-d8', db='Air, Magical, Staff, Uncommon'"
atmospheric-staff-major,F:\Obsidian\PF2e-Core-Vault\3-Rules\Character Building\Equipment\A\atmospheric-staff-major.md,Staff_Wand,"source: vault='Pathfinder Rage of Elements', db='Rage of Elements pg. 74'; traits: vault='air, magical, staff, two-hand-d8', db='Air, Magical, Staff, Uncommon'"
atmospheric-staff,F:\Obsidian\PF2e-Core-Vault\3-Rules\Character Building\Equipment\A\atmospheric-staff.md,Staff_Wand,"source: vault='Pathfinder Rage of Elements', db='Rage of Elements pg. 74'; traits: vault='air, magical, staff, two-hand-d8', db='Air, Magical, Staff, Uncommon'"
auric-noodles,F:\Obsidian\PF2e-Core-Vault\3-Rules\Character Building\Equipment\A\auric-noodles.md,Alchemical_Items,"source: vault='Pathfinder Treasure Vault', db='Treasure Vault pg. 47'"
aurifying-salts,F:\Obsidian\PF2e-Core-Vault\3-Rules\Character Building\Equipment\A\aurifying-salts.md,Alchemical_Items,"source: vault='Pathfinder #157: Devil at the Dreaming Palace', db='Pathfinder #157: Devil at the Dreaming Palace pg. 8'; traits: vault='alchemical, consumable', db='Alchemical, Consumable, Uncommon'"
auspicious-scepter,F:\Obsidian\PF2e-Core-Vault\3-Rules\Character Building\Equipment\A\auspicious-scepter.md,Specific_Magic_Weapons,"source: vault='Pathfinder Secrets of Magic', db='Secrets of Magic pg. 179'; traits: vault='magical, shove', db='Divination, Magical'"
authorized,F:\Obsidian\PF2e-Core-Vault\3-Rules\Character Building\Equipment\A\Authorized.md,Runes,"source: vault='Pathfinder Treasure Vault', db='Treasure Vault pg. 32'; traits: vault='magical', db='Abjuration, Magical'"
avalanche-boots,F:\Obsidian\PF2e-Core-Vault\3-Rules\Character Building\Equipment\A\avalanche-boots.md,Worn_Items,"source: vault='Pathfinder Treasure Vault', db='Treasure Vault pg. 12'; traits: vault='apex, invested, magical', db='Apex, Invested, Magical, Transmutation'"
avalanche-of-stones-snare,F:\Obsidian\PF2e-Core-Vault\3-Rules\Character Building\Equipment\A\avalanche-of-stones-snare.md,Snares,"source: vault='Pathfinder Lost Omens The Grand Bazaar', db='Grand Bazaar pg. 42'; traits: vault='consumable, mechanical, snare, trap', db='Consumable, Mechanical, Snare, Trap, Uncommon'"
azarim,F:\Obsidian\PF2e-Core-Vault\3-Rules\Character Building\Equipment\A\Azarim.md,Specific_Magic_Weapons,"source: vault='Pathfinder Adventure: Crown of the Kobold King', db='Crown of the Kobold King pg. 113'; traits: vault='deadly-d8, disarm, divine, finesse, holy, intelligent, magical', db='Divine, Evocation, Intelligent, Unique'"
azure-lily-pollen,F:\Obsidian\PF2e-Core-Vault\3-Rules\Character Building\Equipment\A\azure-lily-pollen.md,Alchemical_Items,"level: vault='10', db='1'; source: vault='Pathfinder Kingmaker', db='Kingmaker Adventure Path pg. 584'; traits: vault='alchemical, consumable, inhaled, poison', db='Alchemical, Consumable, Inhaled, Poison, Rare'"
azure-worm-repellent,F:\Obsidian\PF2e-Core-Vault\3-Rules\Character Building\Equipment\A\azure-worm-repellent.md,Alchemical_Items,"source: vault='Pathfinder #155: Lord of the Black Sands', db='Pathfinder #155: Lord of the Black Sands pg. 75'; traits: vault='alchemical, consumable', db='Alchemical, Consumable, Uncommon'"
backfire-mantle-(greater),F:\Obsidian\PF2e-Core-Vault\3-Rules\Character Building\Equipment\B\backfire-mantle-(greater).md,Worn_Items,"source: vault='Pathfinder Secrets of Magic', db='Secrets of Magic pg. 179'; traits: vault='invested, magical', db='Abjuration, Invested, Magical'"
backfire-mantle,F:\Obsidian\PF2e-Core-Vault\3-Rules\Character Building\Equipment\B\backfire-mantle.md,Worn_Items,"source: vault='Pathfinder Secrets of Magic', db='Secrets of Magic pg. 179'; traits: vault='invested, magical', db='Abjuration, Invested, Magical'"
backpack,F:\Obsidian\PF2e-Core-Vault\3-Rules\Character Building\Equipment\B\Backpack.md,Mundane,"level: vault='0', db='0.0'; source: vault='Pathfinder Player Core', db='Player Core pg. 287 2.0'"
bag-of-cats,F:\Obsidian\PF2e-Core-Vault\3-Rules\Character Building\Equipment\B\bag-of-cats.md,Held_Items,"source: vault='Pathfinder #170: Spoken on the Song Wind', db='Pathfinder #17: Spoken on the Song Wind pg. 75'; traits: vault='magical', db='Conjuration, Magical, Transmutation, Uncommon'"
bag-of-devouring-type-i,F:\Obsidian\PF2e-Core-Vault\3-Rules\Character Building\Equipment\B\bag-of-devouring-type-i.md,Cursed,"source: vault='Pathfinder Gamemastery Guide', db='Gamemastery Guide pg. 90'; traits: vault='cursed, extradimensional, magical', db='Rare, Conjuration, Cursed, Extradimensional, Magical'"
bag-of-devouring-type-ii,F:\Obsidian\PF2e-Core-Vault\3-Rules\Character Building\Equipment\B\bag-of-devouring-type-ii.md,Cursed,"source: vault='Pathfinder Gamemastery Guide', db='Gamemastery Guide pg. 90'; traits: vault='cursed, extradimensional, magical', db='Rare, Conjuration, Cursed, Extradimensional, Magical'"
bag-of-devouring-type-iii,F:\Obsidian\PF2e-Core-Vault\3-Rules\Character Building\Equipment\B\bag-of-devouring-type-iii.md,Cursed,"source: vault='Pathfinder Gamemastery Guide', db='Gamemastery Guide pg. 90'; traits: vault='cursed, extradimensional, magical', db='Rare, Conjuration, Cursed, Extradimensional, Magical'"
bag-of-weasels,F:\Obsidian\PF2e-Core-Vault\3-Rules\Character Building\Equipment\B\bag-of-weasels.md,Cursed,"source: vault='Pathfinder GM Core', db='Gamemastery Guide pg. 90'; traits: vault='cursed, extradimensional, magical', db='Rare, Conjuration, Cursed, Extradimensional, Magical'"
bagpipes-of-turmoil-greater,F:\Obsidian\PF2e-Core-Vault\3-Rules\Character Building\Equipment\B\bagpipes-of-turmoil-greater.md,Staff_Wand,"source: vault='Pathfinder Treasure Vault', db='Treasure Vault pg. 136'; traits: vault='coda, occult, staff', db='Coda, Enchantment, Occult, Staff'"
bagpipes-of-turmoil-major,F:\Obsidian\PF2e-Core-Vault\3-Rules\Character Building\Equipment\B\bagpipes-of-turmoil-major.md,Staff_Wand,"source: vault='Pathfinder Treasure Vault', db='Treasure Vault pg. 136'; traits: vault='coda, occult, staff', db='Coda, Enchantment, Occult, Staff'"
bagpipes-of-turmoil,F:\Obsidian\PF2e-Core-Vault\3-Rules\Character Building\Equipment\B\bagpipes-of-turmoil.md,Staff_Wand,"source: vault='Pathfinder Treasure Vault', db='Treasure Vault pg. 136'; traits: vault='coda, occult, staff', db='Coda, Enchantment, Occult, Staff'"
baleblood-draft,F:\Obsidian\PF2e-Core-Vault\3-Rules\Character Building\Equipment\B\baleblood-draft.md,Alchemical_Items,"source: vault='Pathfinder Dark Archive', db='Dark Archive pg. 62'; traits: vault='alchemical, consumable, elixir', db='Alchemical, Consumable, Elixir, Rare'"
balisse-feather-greater,F:\Obsidian\PF2e-Core-Vault\3-Rules\Character Building\Equipment\B\balisse-feather-greater.md,Consumables,"source: vault='Pathfinder Player Core 2', db='Player Core 2 pg. 305'"
balisse-feather,F:\Obsidian\PF2e-Core-Vault\3-Rules\Character Building\Equipment\B\balisse-feather.md,Consumables,"source: vault='Pathfinder Player Core 2', db='Player Core 2 pg. 305'"
ball,F:\Obsidian\PF2e-Core-Vault\3-Rules\Character Building\Equipment\B\Ball.md,Mundane,"level: vault='0', db='0.0'; source: vault='Source: Pathfinder Lost Omens The Grand Bazaar', db='Grand Bazaar pg. 58'"
bandalore,F:\Obsidian\PF2e-Core-Vault\3-Rules\Character Building\Equipment\B\Bandalore.md,Mundane,"level: vault='0', db='0.0'"
bane-oil,F:\Obsidian\PF2e-Core-Vault\3-Rules\Character Building\Equipment\B\bane-oil.md,Consumables,"source: vault='Pathfinder Treasure Vault', db='Treasure Vault pg. 86'; traits: vault='consumable, magical, oil', db='Consumable, Divination, Magical, Oil, Uncommon'"
bane,F:\Obsidian\PF2e-Core-Vault\3-Rules\Character Building\Equipment\B\Bane.md,Runes,"source: vault='Pathfinder Secrets of Magic', db='Secrets of Magic pg. 18'; traits: vault='divination, magical', db='Divination, Magical, Uncommon'"
bangles-of-crowns,F:\Obsidian\PF2e-Core-Vault\3-Rules\Character Building\Equipment\B\bangles-of-crowns.md,Worn_Items,"source: vault='Pathfinder #192: Worst of All Possible Worlds', db='Pathfinder #192: Worst of All Possible Worlds pg. 69'; traits: vault='apex, invested, magical', db='Apex, Enchantment, Invested, Magical, Rare'"
banner-of-the-restful,F:\Obsidian\PF2e-Core-Vault\3-Rules\Character Building\Equipment\B\banner-of-the-restful.md,Held_Items,"source: vault='Pathfinder Lost Omens Knights of Lastwall', db='Knights of Lastwall pg. 88'; traits: vault='magical', db='Abjuration, Magical, Uncommon'"
banquet-of-hungry-ghosts,F:\Obsidian\PF2e-Core-Vault\3-Rules\Character Building\Equipment\B\banquet-of-hungry-ghosts.md,Consumables,"source: vault='Pathfinder Book of the Dead', db='Book of the Dead pg. 19'; traits: vault='consumable, magical', db='Consumable, Enchantment, Magical'"
barbed-vest,F:\Obsidian\PF2e-Core-Vault\3-Rules\Character Building\Equipment\B\barbed-vest.md,Worn_Items,"source: vault='Pathfinder #159: All or Nothing', db='Pathfinder #159: All or Nothing pg. 78'; traits: vault='cursed, invested, magical', db='Cursed, Invested, Magical, Necromancy, Rare'"
barding-of-the-zephyr,F:\Obsidian\PF2e-Core-Vault\3-Rules\Character Building\Equipment\B\barding-of-the-zephyr.md,C_C_Structure,"source: vault='Pathfinder GM Core', db='Core Rulebook pg. 64'; traits: vault='companion, invested, primal', db='Companion, Invested, Primal, Transmutation'"
barding-saddle,F:\Obsidian\PF2e-Core-Vault\3-Rules\Character Building\Equipment\B\barding-saddle.md,C_C_Structure,"source: vault='Pathfinder Lost Omens Knights of Lastwall', db='Knights of Lastwall pg. 88'; traits: vault='companion, invested, magical', db='Companion, Invested, Magical, Transmutation, Uncommon'"
bargainers-instrument,F:\Obsidian\PF2e-Core-Vault\3-Rules\Character Building\Equipment\B\bargainers-instrument.md,Consumables,"source: vault='Pathfinder Treasure Vault', db='Treasure Vault pg. 96'; traits: vault='consumable, magical', db='Conjuration, Consumable, Magical, Rare'"
barricade-stone-cube,F:\Obsidian\PF2e-Core-Vault\3-Rules\Character Building\Equipment\B\barricade-stone-cube.md,Consumables,"source: vault=""Pathfinder #171: Hurricane's Howl"", db=""Pathfinder #171: Hurricane's Howl pg. 75""; traits: vault='consumable, magical, structure', db='Conjuration, Consumable, Magical, Structure, Uncommon'"
barricade-stone-cylinder,F:\Obsidian\PF2e-Core-Vault\3-Rules\Character Building\Equipment\B\barricade-stone-cylinder.md,Consumables,"source: vault=""Pathfinder #171: Hurricane's Howl"", db=""Pathfinder #171: Hurricane's Howl pg. 75""; traits: vault='consumable, magical, structure', db='Conjuration, Consumable, Magical, Structure, Uncommon'"
barricade-stone-sphere,F:\Obsidian\PF2e-Core-Vault\3-Rules\Character Building\Equipment\B\barricade-stone-sphere.md,Consumables,"source: vault=""Pathfinder #171: Hurricane's Howl"", db=""Pathfinder #171: Hurricane's Howl pg. 75""; traits: vault='consumable, magical, structure', db='Conjuration, Consumable, Magical, Structure, Uncommon'"
basic-crafters-book,F:\Obsidian\PF2e-Core-Vault\3-Rules\Character Building\Equipment\B\basic-crafters-book.md,Mundane,"level: vault='0', db='0.0'; source: vault='Source: Pathfinder Player Core', db='Player Core pg. 287 2.0'"
basilisk-eye,F:\Obsidian\PF2e-Core-Vault\3-Rules\Character Building\Equipment\B\basilisk-eye.md,Consumables,"source: vault='Pathfinder GM Core', db=""Advanced Player's Guide pg. 256""; traits: vault='consumable, magical, talisman, visual', db='Consumable, Magical, Talisman, Uncommon'"
bastard-sword,F:\Obsidian\PF2e-Core-Vault\3-Rules\Character Building\Equipment\B\bastard-sword.md,Weapon_Basic,"source: vault='Pathfinder Player Core', db='Player Core pg. 278 2.0'"
bastion-of-the-inheritor,F:\Obsidian\PF2e-Core-Vault\3-Rules\Character Building\Equipment\B\bastion-of-the-inheritor.md,Specific_Magic_Armor,"source: vault='Pathfinder Treasure Vault', db='Treasure Vault pg. 14'; traits: vault='bulwark, entrench-melee, hindering, invested, magical', db='Enchantment, Invested, Magical, Uncommon'"
bastion-plate,F:\Obsidian\PF2e-Core-Vault\3-Rules\Character Building\Equipment\B\bastion-plate.md,Armor_Basic,"level: vault='2', db='0.0'; source: vault='Pathfinder Treasure Vault', db='Treasure Vault pg. 9'"
battering-snare,F:\Obsidian\PF2e-Core-Vault\3-Rules\Character Building\Equipment\B\battering-snare.md,Snares,"source: vault='Pathfinder #175: Broken Tusk Moon', db='Pathfinder #175: Broken Tusk Moon pg. 79'"
battle-axe,F:\Obsidian\PF2e-Core-Vault\3-Rules\Character Building\Equipment\B\battle-axe.md,Weapon_Basic,"source: vault='Pathfinder Player Core', db='Player Core pg. 278 2.0'"
battle-lute,F:\Obsidian\PF2e-Core-Vault\3-Rules\Character Building\Equipment\B\battle-lute.md,Weapon_Basic,"source: vault='Pathfinder #164: Hands of the Devil', db='Pathfinder #164: Hands of the Devil pg. 73'; traits: vault='shove, two-hand-d8', db='Shove, Two-Hand 1d8'"
battle-medics-baton,F:\Obsidian\PF2e-Core-Vault\3-Rules\Character Building\Equipment\B\battle-medics-baton.md,Held_Items,"source: vault='Pathfinder Treasure Vault', db='Treasure Vault pg. 114'; traits: vault='magical', db='Magical, Necromancy'"
battle-saddle,F:\Obsidian\PF2e-Core-Vault\3-Rules\Character Building\Equipment\B\battle-saddle.md,Weapon_Basic,"source: vault='Pathfinder Treasure Vault', db='Treasure Vault pg. 26'"
bayonet,F:\Obsidian\PF2e-Core-Vault\3-Rules\Character Building\Equipment\B\Bayonet.md,Adjustments,"level: vault='0', db='0.0'; source: vault='Pathfinder Guns and Gears', db='Guns and Gears pg. 152'"
beacon-shot,F:\Obsidian\PF2e-Core-Vault\3-Rules\Character Building\Equipment\B\beacon-shot.md,Consumables,"source: vault='Pathfinder GM Core', db='Core Rulebook pg. 559'; traits: vault='consumable, magical', db='Consumable, Evocation, Magical'"
beast-staff-greater,F:\Obsidian\PF2e-Core-Vault\3-Rules\Character Building\Equipment\B\beast-staff-greater.md,Staff_Wand,"source: vault='Pathfinder Treasure Vault', db='Treasure Vault pg. 13'; traits: vault='magical, staff, two-hand-d8', db='Magical, Staff, Transmutation'"
beast-staff-major,F:\Obsidian\PF2e-Core-Vault\3-Rules\Character Building\Equipment\B\beast-staff-major.md,Staff_Wand,"source: vault='Pathfinder Treasure Vault', db='Treasure Vault pg. 13'; traits: vault='magical, staff, two-hand-d8', db='Magical, Staff, Transmutation'"
beast-staff,F:\Obsidian\PF2e-Core-Vault\3-Rules\Character Building\Equipment\B\beast-staff.md,Staff_Wand,"source: vault='Pathfinder Treasure Vault', db='Treasure Vault pg. 13'; traits: vault='magical, staff, two-hand-d8', db='Magical, Staff, Transmutation'"
beastmasters-sigil-greater,F:\Obsidian\PF2e-Core-Vault\3-Rules\Character Building\Equipment\B\beastmasters-sigil-greater.md,Spellhearts,"source: vault='Pathfinder Treasure Vault', db='Treasure Vault pg. 124'; traits: vault='magical, spellheart', db='Conjuration, Magical, Spellheart'"
beastmasters-sigil-major,F:\Obsidian\PF2e-Core-Vault\3-Rules\Character Building\Equipment\B\beastmasters-sigil-major.md,Spellhearts,"source: vault='Pathfinder Treasure Vault', db='Treasure Vault pg. 124'; traits: vault='magical, spellheart', db='Conjuration, Magical, Spellheart'"
beastmasters-sigil,F:\Obsidian\PF2e-Core-Vault\3-Rules\Character Building\Equipment\B\beastmasters-sigil.md,Spellhearts,"source: vault='Pathfinder Treasure Vault', db='Treasure Vault pg. 124'; traits: vault='magical, spellheart', db='Conjuration, Magical, Spellheart'"
bec-de-corbin,F:\Obsidian\PF2e-Core-Vault\3-Rules\Character Building\Equipment\B\bec-de-corbin.md,Weapon_Basic,"source: vault='Pathfinder Treasure Vault', db='Treasure Vault pg. 26'"
beckoning-cat-amulet,F:\Obsidian\PF2e-Core-Vault\3-Rules\Character Building\Equipment\B\beckoning-cat-amulet.md,Consumables,"source: vault='Pathfinder #152: Legacy of the Lost God', db='Pathfinder #152: Legacy of the Lost God pg. 73'; traits: vault='consumable, fortune, magical, talisman', db='Consumable, Magical, Talisman, Uncommon'"
bedroll,F:\Obsidian\PF2e-Core-Vault\3-Rules\Character Building\Equipment\B\Bedroll.md,Mundane,"level: vault='0', db='0.0'; source: vault='Pathfinder Player Core', db='Player Core pg. 287 2.0'"
beguiling-crown,F:\Obsidian\PF2e-Core-Vault\3-Rules\Character Building\Equipment\B\beguiling-crown.md,Worn_Items,"source: vault='Pathfinder Treasure Vault', db='Treasure Vault pg. 13'; traits: vault='apex, invested, magical', db='Apex, Enchantment, Invested, Magical, Uncommon'"
belladonna,F:\Obsidian\PF2e-Core-Vault\3-Rules\Character Building\Equipment\B\Belladonna.md,Alchemical_Items,"source: vault='Pathfinder Player Core 2', db='Player Core 2 pg. 291'"
bellflower-toolbelt,F:\Obsidian\PF2e-Core-Vault\3-Rules\Character Building\Equipment\B\bellflower-toolbelt.md,Worn_Items,"source: vault='Pathfinder Treasure Vault', db='Treasure Vault pg. 145, Pathfinder #147: Tomorrow Must Burn pg. 71'; traits: vault='invested, magical', db='Invested, Magical, Rare, Transmutation'"
belt-of-good-health,F:\Obsidian\PF2e-Core-Vault\3-Rules\Character Building\Equipment\B\belt-of-good-health.md,Worn_Items,"source: vault='Pathfinder Beginner Box', db=""Pathfinder Beginner Box: Game Master's Guide pg. 54""; traits: vault='magical', db='Invested, Magical, Necromancy'"
belt-of-the-five-kings,F:\Obsidian\PF2e-Core-Vault\3-Rules\Character Building\Equipment\B\belt-of-the-five-kings.md,Worn_Items,"source: vault='Pathfinder Core Rulebook', db='Core Rulebook pg. 66'; traits: vault='invested, magical', db='Enchantment, Invested, Magical, Uncommon'"
berserkers-cloak-greater,F:\Obsidian\PF2e-Core-Vault\3-Rules\Character Building\Equipment\B\berserkers-cloak-greater.md,Worn_Items,"source: vault='Pathfinder Player Core 2', db='Player Core 2 pg. 310'"
berserkers-cloak,F:\Obsidian\PF2e-Core-Vault\3-Rules\Character Building\Equipment\B\berserkers-cloak.md,Worn_Items,"source: vault='Pathfinder Player Core 2', db='Player Core 2 pg. 310'"
bestial-mutagen-greater,F:\Obsidian\PF2e-Core-Vault\3-Rules\Character Building\Equipment\B\bestial-mutagen-greater.md,Alchemical_Items,"source: vault='Pathfinder Player Core 2', db='Player Core 2 pg. 289'"
bestial-mutagen-lesser,F:\Obsidian\PF2e-Core-Vault\3-Rules\Character Building\Equipment\B\bestial-mutagen-lesser.md,Alchemical_Items,"source: vault='Pathfinder Player Core 2', db='Player Core 2 pg. 289'"
bestial-mutagen-major,F:\Obsidian\PF2e-Core-Vault\3-Rules\Character Building\Equipment\B\bestial-mutagen-major.md,Alchemical_Items,"source: vault='Pathfinder Player Core 2', db='Player Core 2 pg. 289'"
bestial-mutagen-moderate,F:\Obsidian\PF2e-Core-Vault\3-Rules\Character Building\Equipment\B\bestial-mutagen-moderate.md,Alchemical_Items,"source: vault='Pathfinder Player Core 2', db='Player Core 2 pg. 289'"
bestiary-of-metamorphosis,F:\Obsidian\PF2e-Core-Vault\3-Rules\Character Building\Equipment\B\bestiary-of-metamorphosis.md,Grimoire,"source: vault='Pathfinder Secrets of Magic', db='Secrets of Magic pg. 162'; traits: vault='grimoire, magical', db='Grimoire, Magical, Transmutation'"
bewitching-bloom-amaranth,F:\Obsidian\PF2e-Core-Vault\3-Rules\Character Building\Equipment\B\bewitching-bloom-amaranth.md,Tattoos,"source: vault='Pathfinder Treasure Vault', db='Treasure Vault pg. 119'; traits: vault='invested, magical, tattoo', db='Enchantment, Invested, Magical, Tattoo'"
bewitching-bloom-bellflower,F:\Obsidian\PF2e-Core-Vault\3-Rules\Character Building\Equipment\B\bewitching-bloom-bellflower.md,Tattoos,"source: vault='Pathfinder Treasure Vault', db='Treasure Vault pg. 119'; traits: vault='invested, magical, tattoo', db='Enchantment, Invested, Magical, Tattoo'"
bewitching-bloom-cherry-blossom,F:\Obsidian\PF2e-Core-Vault\3-Rules\Character Building\Equipment\B\bewitching-bloom-cherry-blossom.md,Tattoos,"source: vault='Pathfinder Treasure Vault', db='Treasure Vault pg. 119'; traits: vault='invested, magical, tattoo', db='Enchantment, Invested, Magical, Tattoo'"
bewitching-bloom-lilac,F:\Obsidian\PF2e-Core-Vault\3-Rules\Character Building\Equipment\B\bewitching-bloom-lilac.md,Tattoos,"source: vault='Pathfinder Treasure Vault', db='Treasure Vault pg. 119'; traits: vault='invested, magical, tattoo', db='Enchantment, Invested, Magical, Tattoo'"
bewitching-bloom-lotus,F:\Obsidian\PF2e-Core-Vault\3-Rules\Character Building\Equipment\B\bewitching-bloom-lotus.md,Tattoos,"source: vault='Pathfinder Treasure Vault', db='Treasure Vault pg. 119'; traits: vault='invested, magical, tattoo', db='Enchantment, Invested, Magical, Tattoo'"
bewitching-bloom-magnolia,F:\Obsidian\PF2e-Core-Vault\3-Rules\Character Building\Equipment\B\bewitching-bloom-magnolia.md,Tattoos,"source: vault='Pathfinder Treasure Vault', db='Treasure Vault pg. 119'; traits: vault='invested, magical, tattoo', db='Enchantment, Invested, Magical, Tattoo'"
bewitching-bloom-purple-iris,F:\Obsidian\PF2e-Core-Vault\3-Rules\Character Building\Equipment\B\bewitching-bloom-purple-iris.md,Tattoos,"source: vault='Pathfinder Treasure Vault', db='Treasure Vault pg. 119'; traits: vault='invested, magical, tattoo', db='Enchantment, Invested, Magical, Tattoo'"
bewitching-bloom-red-rose,F:\Obsidian\PF2e-Core-Vault\3-Rules\Character Building\Equipment\B\bewitching-bloom-red-rose.md,Tattoos,"source: vault='Pathfinder Treasure Vault', db='Treasure Vault pg. 119'; traits: vault='invested, magical, tattoo', db='Enchantment, Invested, Magical, Tattoo'"
bewitching-bloom-white-poppy,F:\Obsidian\PF2e-Core-Vault\3-Rules\Character Building\Equipment\B\bewitching-bloom-white-poppy.md,Tattoos,"source: vault='Pathfinder Treasure Vault', db='Treasure Vault pg. 119'; traits: vault='invested, magical, tattoo', db='Enchantment, Invested, Magical, Tattoo'"
bi-resonant-wayfinder,F:\Obsidian\PF2e-Core-Vault\3-Rules\Character Building\Equipment\B\bi-resonant-wayfinder.md,Worn_Items,"source: vault='Pathfinder Lost Omens Character Guide', db='Character Guide pg. 110'; traits: vault='illusion, invested, magical', db='Evocation, Illusion, Invested, Magical, Uncommon'"
big-rock-bullet-greater,F:\Obsidian\PF2e-Core-Vault\3-Rules\Character Building\Equipment\B\big-rock-bullet-greater.md,Consumables,"source: vault='Pathfinder Lost Omens The Grand Bazaar', db='Grand Bazaar pg. 14'; traits: vault='consumable, earth, magical', db='Consumable, Earth, Magical, Transmutation, Uncommon'"
big-rock-bullet-major,F:\Obsidian\PF2e-Core-Vault\3-Rules\Character Building\Equipment\B\big-rock-bullet-major.md,Consumables,"source: vault='Pathfinder Lost Omens The Grand Bazaar', db='Grand Bazaar pg. 14'; traits: vault='consumable, earth, magical', db='Consumable, Earth, Magical, Transmutation, Uncommon'"
big-rock-bullet,F:\Obsidian\PF2e-Core-Vault\3-Rules\Character Building\Equipment\B\big-rock-bullet.md,Consumables,"source: vault='Pathfinder Lost Omens The Grand Bazaar', db='Grand Bazaar pg. 14'; traits: vault='consumable, earth, magical', db='Consumable, Earth, Magical, Transmutation, Uncommon'"
binding-coil-greater,F:\Obsidian\PF2e-Core-Vault\3-Rules\Character Building\Equipment\B\binding-coil-greater.md,Consumables,"source: vault='Pathfinder Secrets of Magic', db='Secrets of Magic pg. 173'; traits: vault='consumable, magical, talisman', db='Consumable, Divination, Fortune, Magical, Talisman, Uncommon'"
binding-coil,F:\Obsidian\PF2e-Core-Vault\3-Rules\Character Building\Equipment\B\binding-coil.md,Consumables,"source: vault='Pathfinder Secrets of Magic', db='Secrets of Magic pg. 173'; traits: vault='consumable, magical, talisman', db='Consumable, Healing, Magical, Necromancy, Talisman, Uncommon'"
binding-snare,F:\Obsidian\PF2e-Core-Vault\3-Rules\Character Building\Equipment\B\binding-snare.md,Snares,"source: vault='Pathfinder Guns & Gears', db='Guns & Gears pg. 78 2.0'; traits: vault='consumable, mechanical, snare, trap', db='Consumable, Mechanical, Snare, Trap, Uncommon'"
bioluminescence-bomb,F:\Obsidian\PF2e-Core-Vault\3-Rules\Character Building\Equipment\B\bioluminescence-bomb.md,Alchemical_Items,"source: vault='Pathfinder #187: The Seventh Arch', db='Pathfinder #187: The Seventh Arch pg. 8'; traits: vault='alchemical, bomb, consumable, light', db='Alchemical, Bomb, Consumable, Light, Uncommon'"
bioluminescent-stripes,F:\Obsidian\PF2e-Core-Vault\3-Rules\Character Building\Equipment\B\bioluminescent-stripes.md,Grafts,"source: vault='Pathfinder Howl of the Wild', db='Howl of the Wild pg. 97 2.0'"
biting-snare,F:\Obsidian\PF2e-Core-Vault\3-Rules\Character Building\Equipment\B\biting-snare.md,Snares,"source: vault='Pathfinder Player Core 2', db='Player Core 2 pg. 297 1.1'"
bitter,F:\Obsidian\PF2e-Core-Vault\3-Rules\Character Building\Equipment\B\Bitter.md,Runes,"source: vault='Pathfinder Lost Omens Grand Bazaar', db='Grand Bazaar pg. 18'; traits: vault='Magical, Poison, Transmutation', db='Magical, Poison, Transmutation, Uncommon'"
black-adder-venom,F:\Obsidian\PF2e-Core-Vault\3-Rules\Character Building\Equipment\B\black-adder-venom.md,Alchemical_Items,"source: vault='Pathfinder GM Core', db='Player Core 2 pg. 291, GM Core pg. 248 2.0'"
black-hole-armor,F:\Obsidian\PF2e-Core-Vault\3-Rules\Character Building\Equipment\B\black-hole-armor.md,Specific_Magic_Armor,"source: vault='Pathfinder Treasure Vault', db='Treasure Vault pg. 14'; traits: vault='bulwark, entrench-ranged, invested, magical, ponderous', db='Abjuration, Invested, Magical'"
black-lotus-extract,F:\Obsidian\PF2e-Core-Vault\3-Rules\Character Building\Equipment\B\black-lotus-extract.md,Alchemical_Items,"source: vault='Pathfinder GM Core', db='Player Core 2 pg. 291, GM Core pg. 248 2.0'"
black-scorpion-stingmace,F:\Obsidian\PF2e-Core-Vault\3-Rules\Character Building\Equipment\B\black-scorpion-stingmace.md,Specific_Magic_Weapons,"source: vault='Pathfinder Howl of the Wild', db='Howl of the Wild pg. 101 2.0'; traits: vault='magical, poison, shove', db='Magical, Poison, Uncommon'"
black-smear-poison,F:\Obsidian\PF2e-Core-Vault\3-Rules\Character Building\Equipment\B\black-smear-poison.md,Alchemical_Items,"source: vault='Pathfinder Bestiary', db='Bestiary pg. 51'; traits: vault='alchemical, consumable, injury, poison', db='Alchemical, Consumable, Injury, Poison, Uncommon'"
black-tendril-shot-greater,F:\Obsidian\PF2e-Core-Vault\3-Rules\Character Building\Equipment\B\black-tendril-shot-greater.md,Consumables,"source: vault='Pathfinder Treasure Vault', db='Treasure Vault pg. 80'; traits: vault='consumable, magical', db='Conjuration, Consumable, Magical'"
black-tendril-shot-lesser,F:\Obsidian\PF2e-Core-Vault\3-Rules\Character Building\Equipment\B\black-tendril-shot-lesser.md,Consumables,"source: vault='Pathfinder Treasure Vault', db='Treasure Vault pg. 80'; traits: vault='consumable, magical', db='Conjuration, Consumable, Magical'"
black-tendril-shot-moderate,F:\Obsidian\PF2e-Core-Vault\3-Rules\Character Building\Equipment\B\black-tendril-shot-moderate.md,Consumables,"source: vault='Pathfinder Treasure Vault', db='Treasure Vault pg. 80'; traits: vault='consumable, magical', db='Conjuration, Consumable, Magical'"
blackfinger-blight,F:\Obsidian\PF2e-Core-Vault\3-Rules\Character Building\Equipment\B\blackfinger-blight.md,Alchemical_Items,"source: vault='Pathfinder #159: All or Nothing', db='Pathfinder #159: All or Nothing pg. 78'; traits: vault='alchemical, consumable, contact, poison, virulent', db='Alchemical, Consumable, Contact, Poison, Rare, Virulent'"
blade-byrnie-greater,F:\Obsidian\PF2e-Core-Vault\3-Rules\Character Building\Equipment\B\blade-byrnie-greater.md,Specific_Magic_Armor,"source: vault='Pathfinder Treasure Vault', db='Treasure Vault pg. 15'; traits: vault='flexible, invested, magical, noisy', db='Conjuration, Invested, Magical'"
blade-byrnie-major,F:\Obsidian\PF2e-Core-Vault\3-Rules\Character Building\Equipment\B\blade-byrnie-major.md,Specific_Magic_Armor,"source: vault='Pathfinder Treasure Vault', db='Treasure Vault pg. 15'; traits: vault='flexible, invested, magical, noisy', db='Conjuration, Invested, Magical'"
blade-byrnie,F:\Obsidian\PF2e-Core-Vault\3-Rules\Character Building\Equipment\B\blade-byrnie.md,Specific_Magic_Armor,"source: vault='Pathfinder Treasure Vault', db='Treasure Vault pg. 15'; traits: vault='flexible, invested, magical, noisy', db='Conjuration, Invested, Magical'"
blade-launcher,F:\Obsidian\PF2e-Core-Vault\3-Rules\Character Building\Equipment\B\blade-launcher.md,Mundane,"level: vault='1', db='1.0'; source: vault='Pathfinder Guns & Gears', db='Guns & Gears pg. 64'"
blade-of-four-energies-greater,F:\Obsidian\PF2e-Core-Vault\3-Rules\Character Building\Equipment\B\blade-of-four-energies-greater.md,Specific_Magic_Weapons,"source: vault='Pathfinder Secrets of Magic', db='Secrets of Magic pg. 180'; traits: vault='agile, finesse, magical, versatile-s', db='Evocation, Magical'"
blade-of-four-energies,F:\Obsidian\PF2e-Core-Vault\3-Rules\Character Building\Equipment\B\blade-of-four-energies.md,Specific_Magic_Weapons,"source: vault='Pathfinder Secrets of Magic', db='Secrets of Magic pg. 180'; traits: vault='agile, finesse, magical, versatile-s', db='Evocation, Magical'"
blade-of-the-black-sovereign,F:\Obsidian\PF2e-Core-Vault\3-Rules\Character Building\Equipment\B\blade-of-the-black-sovereign.md,Specific_Magic_Weapons,"source: vault='Pathfinder Lost Omens Legends', db='Legends pg. 76'; traits: vault='electricity, magical, versatile-p', db='Electricity, Evocation, Magical, Unique'"
blade-of-the-rabbit-prince,F:\Obsidian\PF2e-Core-Vault\3-Rules\Character Building\Equipment\B\blade-of-the-rabbit-prince.md,Specific_Magic_Weapons,"source: vault='Pathfinder #160: Assault on Hunting Lodge Seven', db='Pathfinder #160: Assault on Hunting Lodge Seven pg. 66'; traits: vault='agile, finesse, magical, versatile-s', db='Magical, Rare, Transmutation'"
bladed-diabolo,F:\Obsidian\PF2e-Core-Vault\3-Rules\Character Building\Equipment\B\bladed-diabolo.md,Weapon_Basic,"rarity: vault='uncommon', db='Rare'; source: vault='Pathfinder #151: The Show Must Go On', db='Pathfinder #151: The Show Must Go On pg. 77'; traits: vault='backswing, disarm, finesse, thrown-40, trip', db='Backswing, Disarm, Finesse, Thrown 40 ft., Trip'"
bladed-gauntlet,F:\Obsidian\PF2e-Core-Vault\3-Rules\Character Building\Equipment\B\bladed-gauntlet.md,Weapon_Basic,"source: vault='Pathfinder Lost Omens Knights of Lastwall', db='Knights of Lastwall pg. 87'; traits: vault='agile, finesse, free-hand, modular', db='Agile, Finesse, Free-Hand, Modular B, P, or S'"
bladed-hoop,F:\Obsidian\PF2e-Core-Vault\3-Rules\Character Building\Equipment\B\bladed-hoop.md,Weapon_Basic,"rarity: vault='uncommon', db='Rare'; source: vault='Pathfinder #151: The Show Must Go On', db='Pathfinder #151: The Show Must Go On pg. 77'; traits: vault='finesse, sweep, two-hand-d8', db='Finesse, Sweep, Two-Hand 1d8'"
bladed-scarf,F:\Obsidian\PF2e-Core-Vault\3-Rules\Character Building\Equipment\B\bladed-scarf.md,Weapon_Basic,"source: vault='Pathfinder Lost Omens Gods & Magic', db='Treasure Vault pg. 26, Gods & Magic pg. 120'"
blast-lance-greater,F:\Obsidian\PF2e-Core-Vault\3-Rules\Character Building\Equipment\B\blast-lance-greater.md,Specific_Magic_Weapons,"source: vault='Pathfinder #180: The Smoking Gun', db='Pathfinder #180: The Smoking Gun pg. 74'; traits: vault='deadly-d8, fire, jousting-d6, magical, reach', db='Evocation, Fire, Magical'"
blast-lance,F:\Obsidian\PF2e-Core-Vault\3-Rules\Character Building\Equipment\B\blast-lance.md,Specific_Magic_Weapons,"source: vault='Pathfinder #180: The Smoking Gun', db='Pathfinder #180: The Smoking Gun pg. 74'; traits: vault='deadly-d8, fire, jousting-d6, magical, reach', db='Evocation, Fire, Magical'"
blast-suit,F:\Obsidian\PF2e-Core-Vault\3-Rules\Character Building\Equipment\B\blast-suit.md,Specific_Magic_Armor,"source: vault='Pathfinder #180: The Smoking Gun', db='Pathfinder #180: The Smoking Gun pg. 74'; traits: vault='bulwark, invested, magical', db='Abjuration, Invested, Magical, Uncommon'"
blasting-stone-greater,F:\Obsidian\PF2e-Core-Vault\3-Rules\Character Building\Equipment\B\blasting-stone-greater.md,Alchemical_Items,"source: vault='Pathfinder Player Core 2', db='Player Core 2 pg. 283'"
blasting-stone-lesser,F:\Obsidian\PF2e-Core-Vault\3-Rules\Character Building\Equipment\B\blasting-stone-lesser.md,Alchemical_Items,"source: vault='Pathfinder Player Core 2', db='Player Core 2 pg. 283'"
blasting-stone-major,F:\Obsidian\PF2e-Core-Vault\3-Rules\Character Building\Equipment\B\blasting-stone-major.md,Alchemical_Items,"source: vault='Pathfinder Player Core 2', db='Player Core 2 pg. 283'"
blasting-stone-moderate,F:\Obsidian\PF2e-Core-Vault\3-Rules\Character Building\Equipment\B\blasting-stone-moderate.md,Alchemical_Items,"source: vault='Pathfinder Player Core 2', db='Player Core 2 pg. 283'"
blaze,F:\Obsidian\PF2e-Core-Vault\3-Rules\Character Building\Equipment\B\Blaze.md,Alchemical_Items,"source: vault='Pathfinder #178: Punks in a Powderkeg', db='Pathfinder #178: Punks in a Powderkeg pg. 77'; traits: vault='alchemical, consumable, drug, ingested, poison', db='Alchemical, Consumable, Drug, Ingested, Poison, Uncommon'"
blazons-of-shared-power-greater,F:\Obsidian\PF2e-Core-Vault\3-Rules\Character Building\Equipment\B\blazons-of-shared-power-greater.md,Worn_Items,"source: vault='Pathfinder Guns & Gears', db='Guns & Gears pg. 183'; traits: vault='invested, magical', db='Evocation, Invested, Magical'"
blazons-of-shared-power,F:\Obsidian\PF2e-Core-Vault\3-Rules\Character Building\Equipment\B\blazons-of-shared-power.md,Worn_Items,"source: vault='Pathfinder Guns & Gears', db='Guns & Gears pg. 183'; traits: vault='invested, magical', db='Evocation, Invested, Magical'"
bleeding-canines,F:\Obsidian\PF2e-Core-Vault\3-Rules\Character Building\Equipment\B\bleeding-canines.md,Grafts,"source: vault='Pathfinder Howl of the Wild', db='Howl of the Wild pg. 98 2.0'"
bleeding-spines-snare,F:\Obsidian\PF2e-Core-Vault\3-Rules\Character Building\Equipment\B\bleeding-spines-snare.md,Snares,"source: vault='Pathfinder Player Core 2', db='Player Core 2 pg. 297 1.1'"
blending-brooch,F:\Obsidian\PF2e-Core-Vault\3-Rules\Character Building\Equipment\B\blending-brooch.md,Consumables,"source: vault='Pathfinder Treasure Vault', db='Treasure Vault pg. 92'; traits: vault='consumable, illusion, magical, talisman', db='Abjuration, Consumable, Magical, Rare, Talisman'"
blessed-ampoule,F:\Obsidian\PF2e-Core-Vault\3-Rules\Character Building\Equipment\B\blessed-ampoule.md,Consumables,"source: vault='Pathfinder #176: Lost Mammoth Valley', db='Pathfinder #176: Lost Mammoth Valley pg. 80'; traits: vault='divine, magical, talisman', db='Consumable, Divination, Magical, Mental, Talisman, Uncommon'"
blessed-reformer,F:\Obsidian\PF2e-Core-Vault\3-Rules\Character Building\Equipment\B\blessed-reformer.md,Specific_Magic_Weapons,"source: vault='Pathfinder Treasure Vault', db='Treasure Vault pg. 35'; traits: vault='divine, holy, shove', db='Divine, Evocation, Good'"
blessed-tattoo,F:\Obsidian\PF2e-Core-Vault\3-Rules\Character Building\Equipment\B\blessed-tattoo.md,Tattoos,"source: vault='Pathfinder Lost Omens World Guide', db='World Guide pg. 92'; traits: vault='invested, magical, tattoo', db='Abjuration, Invested, Magical, Tattoo, Uncommon'"
blight-bomb-greater,F:\Obsidian\PF2e-Core-Vault\3-Rules\Character Building\Equipment\B\blight-bomb-greater.md,Alchemical_Items,"source: vault='Pathfinder Player Core 2', db='Player Core 2 pg. 283'"
blight-bomb-lesser,F:\Obsidian\PF2e-Core-Vault\3-Rules\Character Building\Equipment\B\blight-bomb-lesser.md,Alchemical_Items,"source: vault='Pathfinder Player Core 2', db='Player Core 2 pg. 283'"
blight-bomb-major,F:\Obsidian\PF2e-Core-Vault\3-Rules\Character Building\Equipment\B\blight-bomb-major.md,Alchemical_Items,"source: vault='Pathfinder Player Core 2', db='Player Core 2 pg. 283'"
blight-bomb-moderate,F:\Obsidian\PF2e-Core-Vault\3-Rules\Character Building\Equipment\B\blight-bomb-moderate.md,Alchemical_Items,"source: vault='Pathfinder Player Core 2', db='Player Core 2 pg. 283'"
blight-breath,F:\Obsidian\PF2e-Core-Vault\3-Rules\Character Building\Equipment\B\blight-breath.md,Consumables,"source: vault='Pathfinder Rage of Elements', db='Rage of Elements pg. 74'"
blightburn-bomb-greater,F:\Obsidian\PF2e-Core-Vault\3-Rules\Character Building\Equipment\B\blightburn-bomb-greater.md,Alchemical_Items,"source: vault='Pathfinder Treasure Vault', db='Treasure Vault pg. 44'; traits: vault='alchemical, bomb, consumable, disease, poison, splash', db='Alchemical, Bomb, Consumable, Disease, Poison, Splash, Uncommon'"
blightburn-bomb,F:\Obsidian\PF2e-Core-Vault\3-Rules\Character Building\Equipment\B\blightburn-bomb.md,Alchemical_Items,"source: vault='Pathfinder Treasure Vault', db='Treasure Vault pg. 44'; traits: vault='alchemical, bomb, consumable, disease, poison, splash', db='Alchemical, Bomb, Consumable, Disease, Poison, Splash, Uncommon'"
blightburn-resin,F:\Obsidian\PF2e-Core-Vault\3-Rules\Character Building\Equipment\B\blightburn-resin.md,Alchemical_Items,"source: vault='Pathfinder GM Core', db='Player Core 2 pg. 291, GM Core pg. 248 2.0'"
blightburn-ward,F:\Obsidian\PF2e-Core-Vault\3-Rules\Character Building\Equipment\B\blightburn-ward.md,Worn_Items,"source: vault='Pathfinder #155: Lord of the Black Sands', db='Pathfinder #155: Lord of the Black Sands pg. 73'; traits: vault='invested, magical', db='Abjuration, Invested, Magical, Uncommon'"
blindpepper-bolt,F:\Obsidian\PF2e-Core-Vault\3-Rules\Character Building\Equipment\B\blindpepper-bolt.md,Consumables,"source: vault='Pathfinder Lost Omens The Grand Bazaar', db='Grand Bazaar pg. 14'; traits: vault='consumable, magical', db='Consumable, Magical, Uncommon'"
blindpepper-bomb,F:\Obsidian\PF2e-Core-Vault\3-Rules\Character Building\Equipment\B\blindpepper-bomb.md,Alchemical_Items,"source: vault='Pathfinder #157: Devil at the Dreaming Palace', db='Pathfinder #157: Devil at the Dreaming Palace pg. 78'; traits: vault='alchemical, consumable, visual', db='Alchemical, Bomb, Consumable, Uncommon, Visual'"
blindpepper-tube,F:\Obsidian\PF2e-Core-Vault\3-Rules\Character Building\Equipment\B\blindpepper-tube.md,Alchemical_Items,"source: vault='Pathfinder #157: Devil at the Dreaming Palace', db='Pathfinder #157: Devil at the Dreaming Palace pg. 78'; traits: vault='alchemical, consumable, visual', db='Alchemical, Consumable, Uncommon, Visual'"
blink-blade,F:\Obsidian\PF2e-Core-Vault\3-Rules\Character Building\Equipment\B\blink-blade.md,Specific_Magic_Weapons,"source: vault='Pathfinder Lost Omens Firebrands', db='Firebrands pg. 84'; traits: vault='agile, finesse, magical, teleportation, thrown-10, versatile-s', db='Conjuration, Magical, Teleportation'"
blister-ammunition-greater,F:\Obsidian\PF2e-Core-Vault\3-Rules\Character Building\Equipment\B\blister-ammunition-greater.md,Alchemical_Items,"source: vault='Pathfinder Treasure Vault', db='Treasure Vault pg. 42'"
blister-ammunition-lesser,F:\Obsidian\PF2e-Core-Vault\3-Rules\Character Building\Equipment\B\blister-ammunition-lesser.md,Alchemical_Items,"source: vault='Pathfinder Treasure Vault', db='Treasure Vault pg. 42'"
blister-ammunition-moderate,F:\Obsidian\PF2e-Core-Vault\3-Rules\Character Building\Equipment\B\blister-ammunition-moderate.md,Alchemical_Items,"source: vault='Pathfinder Treasure Vault', db='Treasure Vault pg. 42'"
blisterwort,F:\Obsidian\PF2e-Core-Vault\3-Rules\Character Building\Equipment\B\Blisterwort.md,Alchemical_Items,"source: vault='Pathfinder Treasure Vault', db='Treasure Vault pg. 67'"
blood-bomb-greater,F:\Obsidian\PF2e-Core-Vault\3-Rules\Character Building\Equipment\B\blood-bomb-greater.md,Alchemical_Items,"source: vault='Pathfinder #194: Cult of the Cave Worm', db='Pathfinder #194: Cult of the Cave Worm pg. 79'; traits: vault='alchemical, bomb, consumable, splash', db='Alchemical, Bomb, Consumable, Splash, Uncommon'"
blood-bomb-lesser,F:\Obsidian\PF2e-Core-Vault\3-Rules\Character Building\Equipment\B\blood-bomb-lesser.md,Alchemical_Items,"source: vault='Pathfinder #194: Cult of the Cave Worm', db='Pathfinder #194: Cult of the Cave Worm pg. 79'; traits: vault='alchemical, bomb, consumable, splash', db='Alchemical, Bomb, Consumable, Splash, Uncommon'"
blood-bomb-major,F:\Obsidian\PF2e-Core-Vault\3-Rules\Character Building\Equipment\B\blood-bomb-major.md,Alchemical_Items,"source: vault='Pathfinder #194: Cult of the Cave Worm', db='Pathfinder #194: Cult of the Cave Worm pg. 79'; traits: vault='alchemical, bomb, consumable, splash', db='Alchemical, Bomb, Consumable, Splash, Uncommon'"
blood-bomb-moderate,F:\Obsidian\PF2e-Core-Vault\3-Rules\Character Building\Equipment\B\blood-bomb-moderate.md,Alchemical_Items,"source: vault='Pathfinder #194: Cult of the Cave Worm', db='Pathfinder #194: Cult of the Cave Worm pg. 79'; traits: vault='alchemical, bomb, consumable, splash', db='Alchemical, Bomb, Consumable, Splash, Uncommon'"
blood-booster-greater,F:\Obsidian\PF2e-Core-Vault\3-Rules\Character Building\Equipment\B\blood-booster-greater.md,Alchemical_Items,"source: vault='Pathfinder Treasure Vault', db='Treasure Vault pg. 59'"
blood-booster-lesser,F:\Obsidian\PF2e-Core-Vault\3-Rules\Character Building\Equipment\B\blood-booster-lesser.md,Alchemical_Items,"source: vault='Pathfinder Treasure Vault', db='Treasure Vault pg. 59'"
blood-booster-moderate,F:\Obsidian\PF2e-Core-Vault\3-Rules\Character Building\Equipment\B\blood-booster-moderate.md,Alchemical_Items,"source: vault='Pathfinder Treasure Vault', db='Treasure Vault pg. 59'"
blood-sap,F:\Obsidian\PF2e-Core-Vault\3-Rules\Character Building\Equipment\B\blood-sap.md,Alchemical_Items,"source: vault='Pathfinder Gamemastery Guide', db='Gamemastery Guide pg. 120'; traits: vault='Alchemical, Consumable, Drug, Injested, Poison', db='Alchemical, Consumable, Drug, Ingested, Poison'"
blood-sight-elixir-greater,F:\Obsidian\PF2e-Core-Vault\3-Rules\Character Building\Equipment\B\blood-sight-elixir-greater.md,Alchemical_Items,"source: vault='Pathfinder Adventure: Prey for Death', db='Prey for Death pg. 102'; traits: vault='alchemical, consumable, elixir', db='Alchemical, Consumable, Elixir, Uncommon'"
blood-sight-elixir-lesser,F:\Obsidian\PF2e-Core-Vault\3-Rules\Character Building\Equipment\B\blood-sight-elixir-lesser.md,Alchemical_Items,"source: vault='Pathfinder Adventure: Prey for Death', db='Prey for Death pg. 102'; traits: vault='alchemical, consumable, elixir', db='Alchemical, Consumable, Elixir, Uncommon'"
blood-sight-elixir-major,F:\Obsidian\PF2e-Core-Vault\3-Rules\Character Building\Equipment\B\blood-sight-elixir-major.md,Alchemical_Items,"source: vault='Pathfinder Adventure: Prey for Death', db='Prey for Death pg. 102'; traits: vault='alchemical, consumable, elixir', db='Alchemical, Consumable, Elixir, Uncommon'"
blood-sight-elixir-moderate,F:\Obsidian\PF2e-Core-Vault\3-Rules\Character Building\Equipment\B\blood-sight-elixir-moderate.md,Alchemical_Items,"source: vault='Pathfinder Adventure: Prey for Death', db='Prey for Death pg. 102'; traits: vault='alchemical, consumable, elixir', db='Alchemical, Consumable, Elixir, Uncommon'"
bloodbane-greater,F:\Obsidian\PF2e-Core-Vault\3-Rules\Character Building\Equipment\B\bloodbane-greater.md,Runes,"source: vault='Pathfinder #148: Fires of the Haunted City', db='Pathfinder #148: Fires of the Haunted City pg. 75'; traits: vault='dwarf, magical', db='Dwarf, Evocation, Magical, Uncommon'"
bloodbane,F:\Obsidian\PF2e-Core-Vault\3-Rules\Character Building\Equipment\B\Bloodbane.md,Runes,"source: vault='Pathfinder #148: Fires of the Haunted City', db='Pathfinder #148: Fires of the Haunted City pg. 75'; traits: vault='dwarf, evocation, magical', db='Dwarf, Evocation, Magical, Uncommon'"
bloodburn-censer,F:\Obsidian\PF2e-Core-Vault\3-Rules\Character Building\Equipment\B\bloodburn-censer.md,C_C_Structure,"source: vault='Pathfinder Rage of Elements', db='Rage of Elements pg. 122'"
bloodburn-censer,F:\Obsidian\PF2e-Core-Vault\3-Rules\Character Building\Equipment\B\bloodburn-censer.md,Held_Items,"source: vault='Pathfinder Rage of Elements', db='Rage of Elements pg. 122'; traits: vault='censer, fire, magical, poison', db='Censer, Fire, Magical, Poision'"
bloodgorger-scythe,F:\Obsidian\PF2e-Core-Vault\3-Rules\Character Building\Equipment\B\bloodgorger-scythe.md,Specific_Magic_Weapons,"source: vault='Pathfinder Howl of the Wild', db='Howl of the Wild pg. 101 2.0'; traits: vault='deadly-d10, magical, trip', db='Magical, Uncommon'"
bloodhammer-reserve-black-label,F:\Obsidian\PF2e-Core-Vault\3-Rules\Character Building\Equipment\B\bloodhammer-reserve-black-label.md,Consumables,"source: vault='Pathfinder Lost Omens Highhelm', db='Highhelm pg. 86'; traits: vault='consumable, magical, polymorph, potion', db='Consumable, Magical, Polymorph, Potion, Transmutation, Uncommon'"
bloodhammer-reserve-select,F:\Obsidian\PF2e-Core-Vault\3-Rules\Character Building\Equipment\B\bloodhammer-reserve-select.md,Consumables,"source: vault='Pathfinder Lost Omens Highhelm', db='Highhelm pg. 86'; traits: vault='consumable, magical, polymorph, potion', db='Consumable, Magical, Polymorph, Potion, Transmutation, Uncommon'"
bloodhammer-reserve,F:\Obsidian\PF2e-Core-Vault\3-Rules\Character Building\Equipment\B\bloodhammer-reserve.md,Consumables,"source: vault='Pathfinder Lost Omens Highhelm', db='Highhelm pg. 86'; traits: vault='consumable, magical, polymorph, potion', db='Consumable, Magical, Polymorph, Potion, Transmutation, Uncommon'"
bloodhound-mask-greater,F:\Obsidian\PF2e-Core-Vault\3-Rules\Character Building\Equipment\B\bloodhound-mask-greater.md,Alchemical_Items,"source: vault=""Pathfinder Advanced Player's Guide"", db=""Advanced Player's Guide pg. 254"""
bloodhound-mask-lesser,F:\Obsidian\PF2e-Core-Vault\3-Rules\Character Building\Equipment\B\bloodhound-mask-lesser.md,Alchemical_Items,"source: vault=""Pathfinder Advanced Player's Guide"", db=""Advanced Player's Guide pg. 254"""
bloodhound-mask-moderate,F:\Obsidian\PF2e-Core-Vault\3-Rules\Character Building\Equipment\B\bloodhound-mask-moderate.md,Alchemical_Items,"source: vault=""Pathfinder Advanced Player's Guide"", db=""Advanced Player's Guide pg. 254"""
bloodknuckles,F:\Obsidian\PF2e-Core-Vault\3-Rules\Character Building\Equipment\B\Bloodknuckles.md,Worn_Items,"source: vault='Pathfinder Lost Omens Highhelm', db='Highhelm pg. 86'; traits: vault='invested, magical, transmutation', db='Invested, Magical, Transmutation, Uncommon'"
bloodseeker-beak,F:\Obsidian\PF2e-Core-Vault\3-Rules\Character Building\Equipment\B\bloodseeker-beak.md,Consumables,"source: vault='Pathfinder GM Core', db='Core Rulebook pg. 565'; traits: vault='consumable, magical, talisman', db='Consumable, Magical, Necromancy, Talisman'"
bloodthirsty,F:\Obsidian\PF2e-Core-Vault\3-Rules\Character Building\Equipment\B\Bloodthirsty.md,Runes,"source: vault='Pathfinder Lost Omens The Grand Bazaar', db='Grand Bazaar pg. 42'; traits: vault='magical, necromancy', db='Magical, Necromancy, Uncommon'"
bloody-fang,F:\Obsidian\PF2e-Core-Vault\3-Rules\Character Building\Equipment\B\bloody-fang.md,Specific_Magic_Weapons,"level: vault='15', db='16'; source: vault='Pathfinder Adventure: Prey for Death', db='Prey for Death pg. 101'; traits: vault='agile, finesse, magical, thrown-10, versatile-s', db='Magical, Rare'"
blooming-lotus-seed-pod,F:\Obsidian\PF2e-Core-Vault\3-Rules\Character Building\Equipment\B\blooming-lotus-seed-pod.md,Consumables,"source: vault='Pathfinder Rage of Elements', db='Rage of Elements pg. 200'; traits: vault='consumable, magical, plant, wood', db='Consumable, Magical, Plant, Uncommon, Wood'"
blowgun,F:\Obsidian\PF2e-Core-Vault\3-Rules\Character Building\Equipment\B\Blowgun.md,Weapon_Basic,"source: vault='Pathfinder Player Core', db='Player Core pg. 280 2.0'"
blue-dragonfly-poison,F:\Obsidian\PF2e-Core-Vault\3-Rules\Character Building\Equipment\B\blue-dragonfly-poison.md,Alchemical_Items,"source: vault='Pathfinder Monster Core', db='Treasure Vault pg. 67, Bestiary pg. 45'; traits: vault='alchemical, consumable, ingested, poison', db='Alchemical, Consumable, Ingested, Poison, Uncommon'"
bo-staff,F:\Obsidian\PF2e-Core-Vault\3-Rules\Character Building\Equipment\B\bo-staff.md,Weapon_Basic,"source: vault='Pathfinder Player Core', db='Player Core pg. 278 2.0, Tian Xia Character Guide pg. 127'"
boarding-axe,F:\Obsidian\PF2e-Core-Vault\3-Rules\Character Building\Equipment\B\boarding-axe.md,Weapon_Basic,"source: vault='Pathfinder Lost Omens Absalom, City of Lost Omens', db='Azarketi Ancestry Web Supplement pg. 1'"
boarding-pike,F:\Obsidian\PF2e-Core-Vault\3-Rules\Character Building\Equipment\B\boarding-pike.md,Weapon_Basic,"source: vault='Pathfinder Lost Omens Pathfinder Society Guide', db='PFS Guide pg. 80'"
body-recovery-kit,F:\Obsidian\PF2e-Core-Vault\3-Rules\Character Building\Equipment\B\body-recovery-kit.md,Alchemical_Items,"source: vault='Pathfinder Lost Omens Pathfinder Society Guide', db='PFS Guide pg. 26'; traits: vault='alchemical, consumable, healing', db='Alchemical, Consumable, Healing, Uncommon'"
bola-shot,F:\Obsidian\PF2e-Core-Vault\3-Rules\Character Building\Equipment\B\bola-shot.md,Consumables,"source: vault='Pathfinder Treasure Vault', db='Treasure Vault pg. 80'; traits: vault='consumable, magical', db='Consumable, Magical, Transmutation'"
bola,F:\Obsidian\PF2e-Core-Vault\3-Rules\Character Building\Equipment\B\Bola.md,Weapon_Basic,"source: vault='Pathfinder Player Core', db='Player Core pg. 280 2.0'"
bomb-coagulant-alembic,F:\Obsidian\PF2e-Core-Vault\3-Rules\Character Building\Equipment\B\bomb-coagulant-alembic.md,Alchemical_Items,"source: vault='Pathfinder Treasure Vault', db='Treasure Vault pg. 63'; traits: vault='additive0, alchemical', db='Additive , Alchemical'"
bomb-snare,F:\Obsidian\PF2e-Core-Vault\3-Rules\Character Building\Equipment\B\bomb-snare.md,Snares,"source: vault='Pathfinder Player Core 2', db='Player Core 2 pg. 297 1.1'"
bombers-eye-elixir-greater,F:\Obsidian\PF2e-Core-Vault\3-Rules\Character Building\Equipment\B\bombers-eye-elixir-greater.md,Alchemical_Items,"source: vault='Pathfinder GM Core', db='Player Core 2 pg. 286, GM Core pg. 246 2.0'"
bombers-eye-elixir-lesser,F:\Obsidian\PF2e-Core-Vault\3-Rules\Character Building\Equipment\B\bombers-eye-elixir-lesser.md,Alchemical_Items,"source: vault='Pathfinder GM Core', db='Player Core 2 pg. 286, GM Core pg. 246 2.0'"
bombers-saddle,F:\Obsidian\PF2e-Core-Vault\3-Rules\Character Building\Equipment\B\bombers-saddle.md,C_C_Structure,"source: vault='Pathfinder #155: Lord of the Black Sands', db='Pathfinder #155: Lord of the Black Sands pg. 76'; traits: vault='companion, invested, magical', db='Companion, Invested, Magical, Uncommon'"
bone-dreadnought-plate,F:\Obsidian\PF2e-Core-Vault\3-Rules\Character Building\Equipment\B\bone-dreadnought-plate.md,Alchemical_Items,"source: vault='Pathfinder Treasure Vault', db='Treasure Vault pg. 63'; traits: vault='alchemical, bulwark, entrench-ranged, ponderous', db='Alchemical'"
book-of-lingering-blaze,F:\Obsidian\PF2e-Core-Vault\3-Rules\Character Building\Equipment\B\book-of-lingering-blaze.md,Grimoire,"source: vault='Pathfinder Secrets of Magic', db='Secrets of Magic pg. 162'; traits: vault='grimoire, magical', db='Evocation, Grimoire, Magical'"
book-of-translation-advanced,F:\Obsidian\PF2e-Core-Vault\3-Rules\Character Building\Equipment\B\book-of-translation-advanced.md,Mundane,"level: vault='5', db='5.0'; source: vault='Pathfinder Lost Omens Pathfinder Society Guide', db='PFS Guide pg. 93'"
book-of-warding-prayers,F:\Obsidian\PF2e-Core-Vault\3-Rules\Character Building\Equipment\B\book-of-warding-prayers.md,Grimoire,"source: vault='Pathfinder Treasure Vault', db='Treasure Vault pg. 111'; traits: vault='divine, grimoire', db='Divine, Grimoire, Transmutation'"
bookthief-brew,F:\Obsidian\PF2e-Core-Vault\3-Rules\Character Building\Equipment\B\bookthief-brew.md,Alchemical_Items,"source: vault='Pathfinder Lost Omens Pathfinder Society Guide', db='PFS Guide pg. 30'; traits: vault='alchemical, consumable', db='Alchemical, Consumable, Uncommon'"
boom-snare,F:\Obsidian\PF2e-Core-Vault\3-Rules\Character Building\Equipment\B\boom-snare.md,Snares,"traits: vault='consumable, mechanical, snare, trap', db='Consumable, Mechanical, Snare, Trap, Uncommon'"
boomerang,F:\Obsidian\PF2e-Core-Vault\3-Rules\Character Building\Equipment\B\Boomerang.md,Weapon_Basic,"source: vault='Pathfinder Treasure Vault', db='Treasure Vault pg. 30'"
boots-of-bounding-greater,F:\Obsidian\PF2e-Core-Vault\3-Rules\Character Building\Equipment\B\boots-of-bounding-greater.md,Worn_Items,"source: vault='Pathfinder GM Core', db='Core Rulebook pg. 66'; traits: vault='invested, magical', db='Invested, Magical, Transmutation'"
boots-of-bounding,F:\Obsidian\PF2e-Core-Vault\3-Rules\Character Building\Equipment\B\boots-of-bounding.md,Worn_Items,"source: vault='Pathfinder GM Core', db='Core Rulebook pg. 66'; traits: vault='invested, magical', db='Invested, Magical, Transmutation'"
boots-of-dancing,F:\Obsidian\PF2e-Core-Vault\3-Rules\Character Building\Equipment\B\boots-of-dancing.md,Cursed,"source: vault='Pathfinder Gamemastery Guide', db='Gamemastery Guide pg. 90'; traits: vault='cursed, invested, magical', db='Rare, Cursed, Enchantment, Invested, Magical'"
boots-of-free-running-greater,F:\Obsidian\PF2e-Core-Vault\3-Rules\Character Building\Equipment\B\boots-of-free-running-greater.md,Worn_Items,"source: vault='Pathfinder Lost Omens Firebrands', db='Firebrands pg. 84'; traits: vault='invested, magical', db='Invested, Magical, Transmutation, Uncommon'"
boots-of-free-running-lesser,F:\Obsidian\PF2e-Core-Vault\3-Rules\Character Building\Equipment\B\boots-of-free-running-lesser.md,Worn_Items,"source: vault='Pathfinder Lost Omens Firebrands', db='Firebrands pg. 84'; traits: vault='invested, magical', db='Invested, Magical, Transmutation, Uncommon'"
boots-of-free-running-moderate,F:\Obsidian\PF2e-Core-Vault\3-Rules\Character Building\Equipment\B\boots-of-free-running-moderate.md,Worn_Items,"source: vault='Pathfinder Lost Omens Firebrands', db='Firebrands pg. 84'; traits: vault='invested, magical', db='Invested, Magical, Transmutation, Uncommon'"
boozy-bottle,F:\Obsidian\PF2e-Core-Vault\3-Rules\Character Building\Equipment\B\boozy-bottle.md,Tattoos,"source: vault='Pathfinder Treasure Vault', db='Treasure Vault pg. 119'; traits: vault='invested, magical, tattoo', db='Abjuration, Invested, Magical, Tattoo'"
boreal-staff-greater,F:\Obsidian\PF2e-Core-Vault\3-Rules\Character Building\Equipment\B\boreal-staff-greater.md,Staff_Wand,"source: vault='Pathfinder Treasure Vault', db='Treasure Vault pg. 131'; traits: vault='magical, monk, staff, two-hand-d8', db='Evocation, Magical, Staff'"
boreal-staff-major,F:\Obsidian\PF2e-Core-Vault\3-Rules\Character Building\Equipment\B\boreal-staff-major.md,Staff_Wand,"source: vault='Pathfinder Treasure Vault', db='Treasure Vault pg. 131'; traits: vault='magical, monk, staff, two-hand-d8', db='Evocation, Magical, Staff'"
boreal-staff,F:\Obsidian\PF2e-Core-Vault\3-Rules\Character Building\Equipment\B\boreal-staff.md,Staff_Wand,"source: vault='Pathfinder Treasure Vault', db='Treasure Vault pg. 131'; traits: vault='magical, monk, staff, two-hand-d8', db='Evocation, Magical, Staff'"
borts-blessing,F:\Obsidian\PF2e-Core-Vault\3-Rules\Character Building\Equipment\B\borts-blessing.md,Worn_Items,"source: vault='Pathfinder Adventure: The Fall of Plaguestone', db='The Fall of Plaguestone pg. 58'; traits: vault='invested', db='Divination, Invested, Rare'"
bottled-catharsis-greater,F:\Obsidian\PF2e-Core-Vault\3-Rules\Character Building\Equipment\B\bottled-catharsis-greater.md,Alchemical_Items,"source: vault='Pathfinder Player Core 2', db='Player Core 2 pg. 286'"
bottled-catharsis-lesser,F:\Obsidian\PF2e-Core-Vault\3-Rules\Character Building\Equipment\B\bottled-catharsis-lesser.md,Alchemical_Items,"source: vault='Pathfinder Player Core 2', db='Player Core 2 pg. 286'"
bottled-catharsis-major,F:\Obsidian\PF2e-Core-Vault\3-Rules\Character Building\Equipment\B\bottled-catharsis-major.md,Alchemical_Items,"source: vault='Pathfinder Player Core 2', db='Player Core 2 pg. 286'"
bottled-catharsis-minor,F:\Obsidian\PF2e-Core-Vault\3-Rules\Character Building\Equipment\B\bottled-catharsis-minor.md,Alchemical_Items,"source: vault='Pathfinder Player Core 2', db='Player Core 2 pg. 286'"
bottled-catharsis-moderate,F:\Obsidian\PF2e-Core-Vault\3-Rules\Character Building\Equipment\B\bottled-catharsis-moderate.md,Alchemical_Items,"source: vault='Pathfinder Player Core 2', db='Player Core 2 pg. 286'"
bottled-lightning-greater,F:\Obsidian\PF2e-Core-Vault\3-Rules\Character Building\Equipment\B\bottled-lightning-greater.md,Alchemical_Items,"source: vault='Pathfinder Player Core 2', db='Player Core 2 pg. 284'"
bottled-lightning-lesser,F:\Obsidian\PF2e-Core-Vault\3-Rules\Character Building\Equipment\B\bottled-lightning-lesser.md,Alchemical_Items,"source: vault='Pathfinder Player Core 2', db='Player Core 2 pg. 284'"
bottled-lightning-major,F:\Obsidian\PF2e-Core-Vault\3-Rules\Character Building\Equipment\B\bottled-lightning-major.md,Alchemical_Items,"source: vault='Pathfinder Player Core 2', db='Player Core 2 pg. 284'"
bottled-lightning-moderate,F:\Obsidian\PF2e-Core-Vault\3-Rules\Character Building\Equipment\B\bottled-lightning-moderate.md,Alchemical_Items,"source: vault='Pathfinder Player Core 2', db='Player Core 2 pg. 284'"
bottled-night,F:\Obsidian\PF2e-Core-Vault\3-Rules\Character Building\Equipment\B\bottled-night.md,Alchemical_Items,"source: vault='Pathfinder Wake the Dead #5', db='Wake the Dead #5 pg. 24'; traits: vault='alchemical, consumable, darkness', db='Alchemical, Consumable, Darkness, Uncommon'"
bottled-omen,F:\Obsidian\PF2e-Core-Vault\3-Rules\Character Building\Equipment\B\bottled-omen.md,Consumables,"source: vault='Pathfinder #187: The Seventh Arch', db='Pathfinder #187: The Seventh Arch pg. 81'; traits: vault='consumable, fortune, magical, potion', db='Consumable, Divination, Fortune, Magical, Potion, Rare'"
bottled-roc,F:\Obsidian\PF2e-Core-Vault\3-Rules\Character Building\Equipment\B\bottled-roc.md,Alchemical_Items,"source: vault='Pathfinder Treasure Vault', db='Treasure Vault pg. 56'"
bottled-screams,F:\Obsidian\PF2e-Core-Vault\3-Rules\Character Building\Equipment\B\bottled-screams.md,Consumables,"source: vault='Pathfinder Lost Omens Impossible Lands', db='Impossible Lands pg. 177'; traits: vault='catalyst, consumable, magical', db='Catalyst, Consumable, Magical, Uncommon'"
bottled-sunlight-greater,F:\Obsidian\PF2e-Core-Vault\3-Rules\Character Building\Equipment\B\bottled-sunlight-greater.md,Alchemical_Items,"source: vault='Pathfinder Book of the Dead', db='Book of the Dead pg. 18'; traits: vault='alchemical, bomb, consumable, fire, light, splash, vitality', db='Alchemical, Bomb, Consumable, Fire, Light, Positive, Splash'"
bottled-sunlight-lesser,F:\Obsidian\PF2e-Core-Vault\3-Rules\Character Building\Equipment\B\bottled-sunlight-lesser.md,Alchemical_Items,"source: vault='Pathfinder Book of the Dead', db='Book of the Dead pg. 18'; traits: vault='alchemical, bomb, consumable, fire, light, splash, vitality', db='Alchemical, Bomb, Consumable, Fire, Light, Positive, Splash'"
bottled-sunlight-major,F:\Obsidian\PF2e-Core-Vault\3-Rules\Character Building\Equipment\B\bottled-sunlight-major.md,Alchemical_Items,"source: vault='Pathfinder Book of the Dead', db='Book of the Dead pg. 18'; traits: vault='alchemical, bomb, consumable, fire, light, splash, vitality', db='Alchemical, Bomb, Consumable, Fire, Light, Positive, Splash'"
bottled-sunlight-moderate,F:\Obsidian\PF2e-Core-Vault\3-Rules\Character Building\Equipment\B\bottled-sunlight-moderate.md,Alchemical_Items,"source: vault='Pathfinder Book of the Dead', db='Book of the Dead pg. 18'; traits: vault='alchemical, bomb, consumable, fire, light, splash, vitality', db='Alchemical, Bomb, Consumable, Fire, Light, Positive, Splash'"
bottomless-stein,F:\Obsidian\PF2e-Core-Vault\3-Rules\Character Building\Equipment\B\bottomless-stein.md,Held_Items,"source: vault='Pathfinder Lost Omens Gods & Magic', db='Gods & Magic pg. 121'; traits: vault='magical', db='Conjuration, Magical, Uncommon'"
boulder-seed-greater,F:\Obsidian\PF2e-Core-Vault\3-Rules\Character Building\Equipment\B\boulder-seed-greater.md,Alchemical_Items,"source: vault='Pathfinder Treasure Vault', db='Treasure Vault pg. 44'"
boulder-seed,F:\Obsidian\PF2e-Core-Vault\3-Rules\Character Building\Equipment\B\boulder-seed.md,Alchemical_Items,"source: vault='Pathfinder Treasure Vault', db='Treasure Vault pg. 44'"
boulderhead-bock,F:\Obsidian\PF2e-Core-Vault\3-Rules\Character Building\Equipment\B\boulderhead-bock.md,Alchemical_Items,"source: vault='Pathfinder Lost Omens Pathfinder Society Guide', db='PFS Guide pg. 29'; traits: vault='alchemical, elixir', db='Alchemical, Consumable, Elixir, Uncommon'"
bound-guardian,F:\Obsidian\PF2e-Core-Vault\3-Rules\Character Building\Equipment\B\bound-guardian.md,Tattoos,"source: vault='Pathfinder Treasure Vault', db='Treasure Vault pg. 120'; traits: vault='invested, magical, tattoo', db='Conjuration, Invested, Magical, Tattoo, Uncommon'"
bountiful-cauldron,F:\Obsidian\PF2e-Core-Vault\3-Rules\Character Building\Equipment\B\bountiful-cauldron.md,Held_Items,"source: vault='Pathfinder #147: Tomorrow Must Burn', db='Pathfinder #147: Tomorrow Must Burn pg. 71'; traits: vault='magical', db='Conjuration, Magical, Uncommon'"
bow-staff,F:\Obsidian\PF2e-Core-Vault\3-Rules\Character Building\Equipment\B\bow-staff.md,Weapon_Basic,"source: vault='Pathfinder Treasure Vault', db='Treasure Vault pg. 31'; traits: vault='combination, deadly-d8, monk, finesse, parry, sweep', db='Finesse, Monk, Parry, Sweep, Combination'"
bower-fruit,F:\Obsidian\PF2e-Core-Vault\3-Rules\Character Building\Equipment\B\bower-fruit.md,Cursed,"source: vault='Pathfinder Treasure Vault', db='Treasure Vault pg. 190'; traits: vault='consumable, cursed, primal', db='Rare, Consumable, Cursed, Necromancy, Primal'"
bracelet-of-dashing,F:\Obsidian\PF2e-Core-Vault\3-Rules\Character Building\Equipment\B\bracelet-of-dashing.md,Worn_Items,"source: vault='Pathfinder GM Core', db='Core Rulebook pg. 67'; traits: vault='invested, magical', db='Invested, Magical, Transmutation'"
bracers-of-devotion,F:\Obsidian\PF2e-Core-Vault\3-Rules\Character Building\Equipment\B\bracers-of-devotion.md,Worn_Items,"source: vault='Pathfinder Treasure Vault', db='Treasure Vault pg. 148'; traits: vault='divine, focused, invested', db='Abjuration, Divine, Focused, Invested'"
bracers-of-hammers,F:\Obsidian\PF2e-Core-Vault\3-Rules\Character Building\Equipment\B\bracers-of-hammers.md,Worn_Items,"source: vault='Pathfinder #192: Worst of All Possible Worlds', db='Pathfinder #192: Worst of All Possible Worlds pg. 69'; traits: vault='apex, invested, magical', db='Apex, Invested, Magical, Rare, Transmutation'"
bracers-of-missile-deflection-greater,F:\Obsidian\PF2e-Core-Vault\3-Rules\Character Building\Equipment\B\bracers-of-missile-deflection-greater.md,Worn_Items,"source: vault='Pathfinder GM Core', db='Core Rulebook pg. 67'; traits: vault='invested, magical', db='Abjuration, Invested, Magical'"
bracers-of-missile-deflection,F:\Obsidian\PF2e-Core-Vault\3-Rules\Character Building\Equipment\B\bracers-of-missile-deflection.md,Worn_Items,"source: vault='Pathfinder GM Core', db='Core Rulebook pg. 67'; traits: vault='invested, magical', db='Abjuration, Invested, Magical'"
branch-of-the-great-sugi,F:\Obsidian\PF2e-Core-Vault\3-Rules\Character Building\Equipment\B\branch-of-the-great-sugi.md,Held_Items,"source: vault='Pathfinder #197: Let the Leaves Fall', db='Pathfinder #197: Let the Leaves Fall pg. 73'; traits: vault='disarm, finesse, magical, nonlethal, reach, trip', db='Magical, Necromancy, Rare'"
brass-ear,F:\Obsidian\PF2e-Core-Vault\3-Rules\Character Building\Equipment\B\brass-ear.md,Mundane,"level: vault='0', db='0.0'; source: vault='Pathfinder Player Core', db='Player Core pg. 287 2.0'"
bravery-baldric-fleet,F:\Obsidian\PF2e-Core-Vault\3-Rules\Character Building\Equipment\B\bravery-baldric-fleet.md,Worn_Items,"source: vault='Pathfinder Treasure Vault', db='Treasure Vault pg. 145'"
bravery-baldric-flight,F:\Obsidian\PF2e-Core-Vault\3-Rules\Character Building\Equipment\B\bravery-baldric-flight.md,Worn_Items,"source: vault='Pathfinder Treasure Vault', db='Treasure Vault pg. 145'"
bravery-baldric-haste,F:\Obsidian\PF2e-Core-Vault\3-Rules\Character Building\Equipment\B\bravery-baldric-haste.md,Worn_Items,"source: vault='Pathfinder Treasure Vault', db='Treasure Vault pg. 145'"
bravery-baldric-restoration-greater,F:\Obsidian\PF2e-Core-Vault\3-Rules\Character Building\Equipment\B\bravery-baldric-restoration-greater.md,Worn_Items,"source: vault='Pathfinder Treasure Vault', db='Treasure Vault pg. 145'; traits: vault='healing, invested, magical', db='Invested, Magical'"
bravery-baldric-restoration,F:\Obsidian\PF2e-Core-Vault\3-Rules\Character Building\Equipment\B\bravery-baldric-restoration.md,Worn_Items,"source: vault='Pathfinder Treasure Vault', db='Treasure Vault pg. 145'; traits: vault='healing, invested, magical', db='Invested, Magical'"
bravery-baldric-stoneskin,F:\Obsidian\PF2e-Core-Vault\3-Rules\Character Building\Equipment\B\bravery-baldric-stoneskin.md,Worn_Items,"source: vault='Pathfinder Treasure Vault', db='Treasure Vault pg. 145'"
bravos-brew-greater,F:\Obsidian\PF2e-Core-Vault\3-Rules\Character Building\Equipment\B\bravos-brew-greater.md,Alchemical_Items,"source: vault='Pathfinder GM Core', db='Player Core 2 pg. 286, GM Core pg. 246 2.0'"
bravos-brew-lesser,F:\Obsidian\PF2e-Core-Vault\3-Rules\Character Building\Equipment\B\bravos-brew-lesser.md,Alchemical_Items,"source: vault='Pathfinder GM Core', db='Player Core 2 pg. 286, GM Core pg. 246 2.0'"
bravos-brew-moderate,F:\Obsidian\PF2e-Core-Vault\3-Rules\Character Building\Equipment\B\bravos-brew-moderate.md,Alchemical_Items,"source: vault='Pathfinder GM Core', db='Player Core 2 pg. 286, GM Core pg. 246 2.0'"
brazier-of-harmony,F:\Obsidian\PF2e-Core-Vault\3-Rules\Character Building\Equipment\B\brazier-of-harmony.md,C_C_Structure,"source: vault='Pathfinder Rage of Elements', db='Rage of Elements pg. 122'"
brazier-of-harmony,F:\Obsidian\PF2e-Core-Vault\3-Rules\Character Building\Equipment\B\brazier-of-harmony.md,Held_Items,"source: vault='Pathfinder Rage of Elements', db='Rage of Elements pg. 122'"
breaching-pike,F:\Obsidian\PF2e-Core-Vault\3-Rules\Character Building\Equipment\B\breaching-pike.md,Weapon_Basic,"source: vault='Pathfinder Player Core 2', db='Player Core 2 pg. 274'; traits: vault='hobgoblin, razing, reach', db='Hobgoblin, Razing, Reach, Uncommon'"
breastplate-of-the-mountain,F:\Obsidian\PF2e-Core-Vault\3-Rules\Character Building\Equipment\B\breastplate-of-the-mountain.md,Specific_Magic_Armor,"source: vault='Pathfinder Treasure Vault', db='Treasure Vault pg. 103'; traits: vault='apex, invested, magical', db='Abjuration, Apex, Invested, Magical'"
breastplate,F:\Obsidian\PF2e-Core-Vault\3-Rules\Character Building\Equipment\B\Breastplate.md,Armor_Basic,"level: vault='0', db='0.0'; source: vault='Pathfinder Player Core', db='Player Core pg. 273 2.0'"
breath-of-the-mantis-god,F:\Obsidian\PF2e-Core-Vault\3-Rules\Character Building\Equipment\B\breath-of-the-mantis-god.md,Alchemical_Items,"rarity: vault='uncommon', db='Common'; source: vault='Pathfinder Adventure: Prey for Death', db='Prey for Death pg. 103'"
breathtaking-vapor,F:\Obsidian\PF2e-Core-Vault\3-Rules\Character Building\Equipment\B\breathtaking-vapor.md,Alchemical_Items,"source: vault='Pathfinder Treasure Vault', db='Treasure Vault pg. 67'; traits: vault='alchemical, consumable, inhaled, poison', db='Alchemical, Consumable, Inhaled, Poison, Uncommon'"
brewers-regret-greater,F:\Obsidian\PF2e-Core-Vault\3-Rules\Character Building\Equipment\B\brewers-regret-greater.md,Alchemical_Items,"source: vault='Pathfinder Lost Omens The Grand Bazaar', db='Grand Bazaar pg. 46'; traits: vault='alchemical, consumable', db='Alchemical, Consumable, Uncommon'"
brewers-regret,F:\Obsidian\PF2e-Core-Vault\3-Rules\Character Building\Equipment\B\brewers-regret.md,Alchemical_Items,"source: vault='Pathfinder Lost Omens The Grand Bazaar', db='Grand Bazaar pg. 46'; traits: vault='alchemical, consumable', db='Alchemical, Consumable, Uncommon'"
brightbloom-posy-greater,F:\Obsidian\PF2e-Core-Vault\3-Rules\Character Building\Equipment\B\brightbloom-posy-greater.md,Spellhearts,"source: vault='Pathfinder Treasure Vault', db='Treasure Vault pg. 125'; traits: vault='magical, plant, spellheart', db='Conjuration, Magical, Plant, Spellheart'"
brightbloom-posy-major,F:\Obsidian\PF2e-Core-Vault\3-Rules\Character Building\Equipment\B\brightbloom-posy-major.md,Spellhearts,"source: vault='Pathfinder Treasure Vault', db='Treasure Vault pg. 125'; traits: vault='magical, plant, spellheart', db='Conjuration, Magical, Plant, Spellheart'"
brightbloom-posy,F:\Obsidian\PF2e-Core-Vault\3-Rules\Character Building\Equipment\B\brightbloom-posy.md,Spellhearts,"source: vault='Pathfinder Treasure Vault', db='Treasure Vault pg. 125'; traits: vault='magical, plant, spellheart', db='Conjuration, Magical, Plant, Spellheart'"
brightshade,F:\Obsidian\PF2e-Core-Vault\3-Rules\Character Building\Equipment\B\Brightshade.md,Alchemical_Items,"source: vault='Pathfinder Treasure Vault', db='Treasure Vault pg. 67'; traits: vault='Alchemical, Consumable, Injury, Poison, Vitality', db='Alchemical, Consumable, Injury, Poison, Positive'"
brilliant-greater,F:\Obsidian\PF2e-Core-Vault\3-Rules\Character Building\Equipment\B\brilliant-greater.md,Runes,"source: vault='Pathfinder GM Core', db='Secrets of Magic pg. 18'; traits: vault='magical', db='Evocation, Magical'"
brilliant-rapier,F:\Obsidian\PF2e-Core-Vault\3-Rules\Character Building\Equipment\B\brilliant-rapier.md,Specific_Magic_Weapons,"source: vault='Pathfinder Lost Omens The Grand Bazaar', db='Grand Bazaar pg. 10'; traits: vault='deadly-d8, disarm, finesse, holy, magical, versatile-spirit, versatile-vitality', db='Evocation, Light, Magical'"
brilliant,F:\Obsidian\PF2e-Core-Vault\3-Rules\Character Building\Equipment\B\Brilliant.md,Runes,"source: vault='Pathfinder GM Core', db='Secrets of Magic pg. 18'; traits: vault='magical', db='Evocation, Magical'"
brimstone-fumes,F:\Obsidian\PF2e-Core-Vault\3-Rules\Character Building\Equipment\B\brimstone-fumes.md,Alchemical_Items,"source: vault='Pathfinder GM Core', db='Player Core 2 pg. 292, GM Core pg. 248 2.0'"
brine-dragon-scale,F:\Obsidian\PF2e-Core-Vault\3-Rules\Character Building\Equipment\B\brine-dragon-scale.md,Consumables,"source: vault='Pathfinder Rage of Elements', db='Rage of Elements pg. 176'; traits: vault='acid, consumable, talisman, water', db='Acid, Consumable, Talisman, Uncommon, Water'"
bring-me-near,F:\Obsidian\PF2e-Core-Vault\3-Rules\Character Building\Equipment\B\bring-me-near.md,Held_Items,"source: vault='Pathfinder Treasure Vault', db='Treasure Vault pg. 114'; traits: vault='magical, teleportation', db='Conjuration, Magical, Teleportation, Uncommon'"
bristling-spines-greater,F:\Obsidian\PF2e-Core-Vault\3-Rules\Character Building\Equipment\B\bristling-spines-greater.md,Grafts,"source: vault='Pathfinder Howl of the Wild', db='Howl of the Wild pg. 97 2.0'"
bristling-spines-lesser,F:\Obsidian\PF2e-Core-Vault\3-Rules\Character Building\Equipment\B\bristling-spines-lesser.md,Grafts,"source: vault='Pathfinder Howl of the Wild', db='Howl of the Wild pg. 97 2.0'"
bristling-spines-moderate,F:\Obsidian\PF2e-Core-Vault\3-Rules\Character Building\Equipment\B\bristling-spines-moderate.md,Grafts,"source: vault='Pathfinder Howl of the Wild', db='Howl of the Wild pg. 97 2.0'"
broadleaf-shield-greater,F:\Obsidian\PF2e-Core-Vault\3-Rules\Character Building\Equipment\B\broadleaf-shield-greater.md,Specific_Magic_Shields,"source: vault='Pathfinder Rage of Elements', db='Rage of Elements pg. 200'"
broadleaf-shield-major,F:\Obsidian\PF2e-Core-Vault\3-Rules\Character Building\Equipment\B\broadleaf-shield-major.md,Specific_Magic_Shields,"source: vault='Pathfinder Rage of Elements', db='Rage of Elements pg. 200'"
broadleaf-shield-true,F:\Obsidian\PF2e-Core-Vault\3-Rules\Character Building\Equipment\B\broadleaf-shield-true.md,Specific_Magic_Shields,"source: vault='Pathfinder Rage of Elements', db='Rage of Elements pg. 200'"
broadleaf-shield,F:\Obsidian\PF2e-Core-Vault\3-Rules\Character Building\Equipment\B\broadleaf-shield.md,Specific_Magic_Shields,"source: vault='Pathfinder Rage of Elements', db='Rage of Elements pg. 200'"
broadspear,F:\Obsidian\PF2e-Core-Vault\3-Rules\Character Building\Equipment\B\Broadspear.md,Weapon_Basic,"source: vault='Pathfinder Lost Omens Impossible Lands', db='Impossible Lands pg. 220'"
broken-rams-thorn,F:\Obsidian\PF2e-Core-Vault\3-Rules\Character Building\Equipment\B\broken-rams-thorn.md,Consumables,"source: vault='Pathfinder Howl of the Wild', db='Howl of the Wild pg. 118 2.0'"
broken-tusk-pendant-(greater),F:\Obsidian\PF2e-Core-Vault\3-Rules\Character Building\Equipment\B\broken-tusk-pendant-(greater).md,Worn_Items,"source: vault='Pathfinder #175: Broken Tusk Moon', db='Pathfinder #175: Broken Tusk Moon pg. 77'; traits: vault='invested, primal', db='Enchantment, Invested, Primal, Rare'"
broken-tusk-pendant,F:\Obsidian\PF2e-Core-Vault\3-Rules\Character Building\Equipment\B\broken-tusk-pendant.md,Worn_Items,"source: vault='Pathfinder #175: Broken Tusk Moon', db='Pathfinder #175: Broken Tusk Moon pg. 77'; traits: vault='invested, primal', db='Enchantment, Invested, Primal, Rare'"
bronze-bull-pendant,F:\Obsidian\PF2e-Core-Vault\3-Rules\Character Building\Equipment\B\bronze-bull-pendant.md,Consumables,"source: vault='Pathfinder GM Core', db='Core Rulebook pg. 566'; traits: vault='consumable, magical, talisman', db='Consumable, Evocation, Magical, Talisman'"
brooch-of-inspiration-greater,F:\Obsidian\PF2e-Core-Vault\3-Rules\Character Building\Equipment\B\brooch-of-inspiration-greater.md,Worn_Items,"source: vault='Pathfinder Lost Omens The Grand Bazaar', db='Grand Bazaar pg. 110'; traits: vault='divine, invested, magical', db='Divination, Invested, Magical, Uncommon'"
brooch-of-inspiration-major,F:\Obsidian\PF2e-Core-Vault\3-Rules\Character Building\Equipment\B\brooch-of-inspiration-major.md,Worn_Items,"source: vault='Pathfinder Lost Omens The Grand Bazaar', db='Grand Bazaar pg. 110'; traits: vault='divine, invested, magical', db='Divination, Invested, Magical, Uncommon'"
brooch-of-inspiration,F:\Obsidian\PF2e-Core-Vault\3-Rules\Character Building\Equipment\B\brooch-of-inspiration.md,Worn_Items,"source: vault='Pathfinder Lost Omens The Grand Bazaar', db='Grand Bazaar pg. 106'; traits: vault='divine, invested, magical', db='Divination, Invested, Magical, Uncommon'"
brooch-of-shielding,F:\Obsidian\PF2e-Core-Vault\3-Rules\Character Building\Equipment\B\brooch-of-shielding.md,Worn_Items,"source: vault='Pathfinder Core Rulebook', db='Core Rulebook pg. 67'; traits: vault='invested, magical', db='Abjuration, Invested, Magical, Uncommon'"
bubbling-scale,F:\Obsidian\PF2e-Core-Vault\3-Rules\Character Building\Equipment\B\bubbling-scale.md,Consumables,"source: vault='Pathfinder Adventure: Threshold of Knowledge', db='Threshold of Knowledge pg. 1'; traits: vault='consumable, magical', db='Consumable, Magical, Transmutation, Uncommon'"
buckle-armor,F:\Obsidian\PF2e-Core-Vault\3-Rules\Character Building\Equipment\B\buckle-armor.md,Armor_Basic,"level: vault='0', db='0.0'; source: vault='Pathfinder Treasure Vault', db='Treasure Vault pg. 1'"
buckler,F:\Obsidian\PF2e-Core-Vault\3-Rules\Character Building\Equipment\B\Buckler.md,Shield_Basic,"level: vault='0', db='0.0'; source: vault='Pathfinder Player Core', db='Player Core pg. 274 2.0'"
bullhook-greater,F:\Obsidian\PF2e-Core-Vault\3-Rules\Character Building\Equipment\B\bullhook-greater.md,Held_Items,"source: vault='Pathfinder #152: Legacy of the Lost God', db='Pathfinder #152: Legacy of the Lost God pg. 73'; traits: vault='enchantment, magical', db='Enchantment, Magical, Uncommon'"
bullhook,F:\Obsidian\PF2e-Core-Vault\3-Rules\Character Building\Equipment\B\Bullhook.md,Held_Items,"source: vault='Pathfinder #152: Legacy of the Lost God', db='Pathfinder #152: Legacy of the Lost God pg. 73'; traits: vault='enchantment, magical', db='Enchantment, Magical, Uncommon'"
buoyancy-vest,F:\Obsidian\PF2e-Core-Vault\3-Rules\Character Building\Equipment\B\buoyancy-vest.md,Mundane,"level: vault='0', db='0.0'; source: vault='Pathfinder PFS Guide', db='PFS Guide pg. 114'"
burning-badger-guts-snare,F:\Obsidian\PF2e-Core-Vault\3-Rules\Character Building\Equipment\B\burning-badger-guts-snare.md,Snares,"source: vault='Pathfinder Lost Omens The Grand Bazaar', db='Grand Bazaar pg. 26'; traits: vault='consumable, fire, mechanical, snare, trap', db='Consumable, Fire, Mechanical, Snare, Trap, Uncommon'"
burnished-plating,F:\Obsidian\PF2e-Core-Vault\3-Rules\Character Building\Equipment\B\burnished-plating.md,Adjustments,"level: vault='1', db='1.0'; source: vault='Pathfinder Lost Omens The Grand Bazaar', db='Grand Bazaar pg. 104'; traits: vault='adjustment', db='Adjustment, Uncommon'"
burr-shield,F:\Obsidian\PF2e-Core-Vault\3-Rules\Character Building\Equipment\B\burr-shield.md,Specific_Magic_Shields,"source: vault='Pathfinder Secrets of Magic', db='Secrets of Magic pg. 181'; traits: vault='magical', db='Magical, Necromancy'"
butchering-axe,F:\Obsidian\PF2e-Core-Vault\3-Rules\Character Building\Equipment\B\butchering-axe.md,Weapon_Basic,"rarity: vault='uncommon', db='Rare'; source: vault='Pathfinder Lost Omens The Grand Bazaar', db='Grand Bazaar pg. 105'"
butterfly-sword,F:\Obsidian\PF2e-Core-Vault\3-Rules\Character Building\Equipment\B\butterfly-sword.md,Weapon_Basic,"rarity: vault='uncommon', db='Rare'; source: vault='Pathfinder #166: Despair on Danger Island', db='Treasure Vault pg. 26, Pathfinder #166: Despair on Danger Island pg. 76'; traits: vault='agile, disarm, finesse, monk, parry, twin', db='Agile, Concealable, Disarm, Finesse, Monk, Parry, Twin'"
buugeng,F:\Obsidian\PF2e-Core-Vault\3-Rules\Character Building\Equipment\B\Buugeng.md,Weapon_Basic,"rarity: vault='uncommon', db='Rare'; source: vault='Pathfinder Ancestry Guide', db='Ancestry Guide pg. 138'"
buzzsaw-axe-greater,F:\Obsidian\PF2e-Core-Vault\3-Rules\Character Building\Equipment\B\buzzsaw-axe-greater.md,Specific_Magic_Weapons,"source: vault='Pathfinder Secrets of Magic', db='Secrets of Magic pg. 181'; traits: vault='magical, sweep', db='Evocation, Magical'"
buzzsaw-axe-major,F:\Obsidian\PF2e-Core-Vault\3-Rules\Character Building\Equipment\B\buzzsaw-axe-major.md,Specific_Magic_Weapons,"source: vault='Pathfinder Secrets of Magic', db='Secrets of Magic pg. 181'; traits: vault='magical, sweep', db='Evocation, Magical'"
buzzsaw-axe,F:\Obsidian\PF2e-Core-Vault\3-Rules\Character Building\Equipment\B\buzzsaw-axe.md,Specific_Magic_Weapons,"source: vault='Pathfinder Secrets of Magic', db='Secrets of Magic pg. 181'; traits: vault='magical, sweep', db='Evocation, Magical'"
cage,F:\Obsidian\PF2e-Core-Vault\3-Rules\Character Building\Equipment\C\Cage.md,Mundane,"level: vault='0', db='0.0'; source: vault='Pathfinder Travel Guide', db='Travel Guide pg. 103'"
calamity-glass,F:\Obsidian\PF2e-Core-Vault\3-Rules\Character Building\Equipment\C\calamity-glass.md,Cursed,"source: vault='Pathfinder Dark Archive', db='Dark Archive pg. 160'; traits: vault='cursed, magical, scrying', db='Cursed, Divination, Magical, Scrying'"
called-accessory-rune,F:\Obsidian\PF2e-Core-Vault\3-Rules\Character Building\Equipment\C\called-accessory-rune.md,Runes,"source: vault='Pathfinder Lost Omens Grand Bazaar', db='Grand Bazaar pg. 88'; traits: vault='conjuration, magical', db='Conjuration, Magical, Uncommon'"
called-weapon-rune,F:\Obsidian\PF2e-Core-Vault\3-Rules\Character Building\Equipment\C\called-weapon-rune.md,Runes,"source: vault='Pathfinder Lost Omens Knights of Lastwall', db='Knights of Lastwall pg. 89'; traits: vault='magical', db='Conjuration, Magical'"
caltrop-snare,F:\Obsidian\PF2e-Core-Vault\3-Rules\Character Building\Equipment\C\caltrop-snare.md,Snares,"source: vault='Pathfinder Player Core 2', db='Player Core 2 pg. 298 1.1'"
caltrops,F:\Obsidian\PF2e-Core-Vault\3-Rules\Character Building\Equipment\C\caltrops.md,Mundane,"level: vault='0', db='0.0'; source: vault='Pathfinder Player Core', db='Player Core pg. 287 2.0'"
camouflage-dye-lesser,F:\Obsidian\PF2e-Core-Vault\3-Rules\Character Building\Equipment\C\camouflage-dye-lesser.md,Alchemical_Items,"source: vault='Pathfinder Treasure Vault', db='Treasure Vault pg. 52'"
camouflage-suit-superb,F:\Obsidian\PF2e-Core-Vault\3-Rules\Character Building\Equipment\C\camouflage-suit-superb.md,Mundane,"level: vault='9', db='9.0'; source: vault='Pathfinder Guns & Gears', db='Guns & Gears pg. 178'"
camouflage-suit,F:\Obsidian\PF2e-Core-Vault\3-Rules\Character Building\Equipment\C\camouflage-suit.md,Mundane,"level: vault='3', db='3.0'; source: vault='Pathfinder Guns & Gears', db='Guns & Gears pg. 178'"
camouflaging-chromatophores-greater,F:\Obsidian\PF2e-Core-Vault\3-Rules\Character Building\Equipment\C\camouflaging-chromatophores-greater.md,Grafts,"source: vault='Pathfinder Howl of the Wild', db='Howl of the Wild pg. 98 2.0'; traits: vault='graft, invested, magical', db='Graft, Invested, Magical, Uncommon'"
camouflaging-chromatophores-lesser,F:\Obsidian\PF2e-Core-Vault\3-Rules\Character Building\Equipment\C\camouflaging-chromatophores-lesser.md,Grafts,"source: vault='Pathfinder Howl of the Wild', db='Howl of the Wild pg. 98 2.0'; traits: vault='graft, invested, magical', db='Graft, Invested, Magical, Uncommon'"
camp-shroud-greater,F:\Obsidian\PF2e-Core-Vault\3-Rules\Character Building\Equipment\C\camp-shroud-greater.md,Consumables,"source: vault='Pathfinder Lost Omens Knights of Lastwall', db='Knights of Lastwall pg. 89'; traits: vault='consumable, illusion, magical', db='Consumable, Illusion, Magical, Uncommon'"
camp-shroud-lesser,F:\Obsidian\PF2e-Core-Vault\3-Rules\Character Building\Equipment\C\camp-shroud-lesser.md,Consumables,"source: vault='Pathfinder Lost Omens Knights of Lastwall', db='Knights of Lastwall pg. 89'; traits: vault='consumable, illusion, magical', db='Consumable, Illusion, Magical, Uncommon'"
camp-shroud-major,F:\Obsidian\PF2e-Core-Vault\3-Rules\Character Building\Equipment\C\camp-shroud-major.md,Consumables,"source: vault='Pathfinder Lost Omens Knights of Lastwall', db='Knights of Lastwall pg. 89'; traits: vault='consumable, illusion, magical', db='Consumable, Illusion, Magical, Uncommon'"
camp-shroud-minor,F:\Obsidian\PF2e-Core-Vault\3-Rules\Character Building\Equipment\C\camp-shroud-minor.md,Consumables,"source: vault='Pathfinder Lost Omens Knights of Lastwall', db='Knights of Lastwall pg. 89'; traits: vault='consumable, illusion, magical', db='Consumable, Illusion, Magical, Uncommon'"
camp-shroud-moderate,F:\Obsidian\PF2e-Core-Vault\3-Rules\Character Building\Equipment\C\camp-shroud-moderate.md,Consumables,"source: vault='Pathfinder Lost Omens Knights of Lastwall', db='Knights of Lastwall pg. 89'; traits: vault='consumable, illusion, magical', db='Consumable, Illusion, Magical, Uncommon'"
campaign-stable,F:\Obsidian\PF2e-Core-Vault\3-Rules\Character Building\Equipment\C\campaign-stable.md,C_C_Structure,"source: vault='Pathfinder Lost Omens Knights of Lastwall', db='Knights of Lastwall pg. 89'; traits: vault='magical, structure', db='Conjuration, Magical, Structure, Uncommon'"
candle-of-inflamed-passions,F:\Obsidian\PF2e-Core-Vault\3-Rules\Character Building\Equipment\C\candle-of-inflamed-passions.md,Consumables,"source: vault='Pathfinder Rage of Elements', db='Rage of Elements pg. 122'"
candle-of-invocation,F:\Obsidian\PF2e-Core-Vault\3-Rules\Character Building\Equipment\C\candle-of-invocation.md,Consumables,"source: vault=""Pathfinder Advanced Player's Guide"", db=""Advanced Player's Guide pg. 256""; traits: vault='consumable, divine', db='Conjuration, Consumable, Divine, Uncommon'"
candle-of-revealing,F:\Obsidian\PF2e-Core-Vault\3-Rules\Character Building\Equipment\C\candle-of-revealing.md,Consumables,"source: vault='Pathfinder Player Core 2', db='Player Core 2 pg. 306'"
candle-of-truth,F:\Obsidian\PF2e-Core-Vault\3-Rules\Character Building\Equipment\C\candle-of-truth.md,Consumables,"source: vault='Pathfinder GM Core', db='Core Rulebook pg. 57'; traits: vault='consumable, magical, mental', db='Consumable, Enchantment, Magical, Mental, Uncommon'"
Candle,F:\Obsidian\PF2e-Core-Vault\3-Rules\Character Building\Equipment\C\Candle.md,Mundane,"level: vault='0', db='0.0'; source: vault='Pathfinder Player Core', db='Player Core pg. 287 2.0'"
candlecap,F:\Obsidian\PF2e-Core-Vault\3-Rules\Character Building\Equipment\C\Candlecap.md,Worn_Items,"source: vault='Pathfinder Treasure Vault', db='Treasure Vault pg. 151, Pathfinder #175: Broken Tusk Moon pg. 76'; traits: vault='invested, light, magical', db='Evocation, Invested, Light, Magical'"
cantrip-deck-5-pack,F:\Obsidian\PF2e-Core-Vault\3-Rules\Character Building\Equipment\C\cantrip-deck-5-pack.md,Held_Items,"source: vault='Pathfinder Secrets of Magic', db='Secrets of Magic pg. 181'; traits: vault='magical', db='Evocation, Magical'"
cantrip-deck-full-pack,F:\Obsidian\PF2e-Core-Vault\3-Rules\Character Building\Equipment\C\cantrip-deck-full-pack.md,Held_Items,"source: vault='Pathfinder Secrets of Magic', db='Secrets of Magic pg. 181'; traits: vault='magical', db='Evocation, Magical'"
cape-of-grand-entrances,F:\Obsidian\PF2e-Core-Vault\3-Rules\Character Building\Equipment\C\cape-of-grand-entrances.md,Worn_Items,"source: vault='Pathfinder Lost Omens Firebrands', db='Firebrands pg. 85'; traits: vault='invested, magical', db='Enchantment, Invested, Magical, Uncommon'"
cape-of-illumination-greater,F:\Obsidian\PF2e-Core-Vault\3-Rules\Character Building\Equipment\C\cape-of-illumination-greater.md,Worn_Items,"source: vault='Pathfinder Lost Omens Firebrands', db='Firebrands pg. 85'; traits: vault='invested, light, magical', db='Evocation, Invested, Light, Magical, Uncommon'"
cape-of-illumination-lesser,F:\Obsidian\PF2e-Core-Vault\3-Rules\Character Building\Equipment\C\cape-of-illumination-lesser.md,Worn_Items,"source: vault='Pathfinder Lost Omens Firebrands', db='Firebrands pg. 85'; traits: vault='invested, light, magical', db='Evocation, Invested, Light, Magical, Uncommon'"
cape-of-illumination-moderate,F:\Obsidian\PF2e-Core-Vault\3-Rules\Character Building\Equipment\C\cape-of-illumination-moderate.md,Worn_Items,"source: vault='Pathfinder Lost Omens Firebrands', db='Firebrands pg. 85'; traits: vault='invested, light, magical', db='Evocation, Invested, Light, Magical, Uncommon'"
cape-of-justice,F:\Obsidian\PF2e-Core-Vault\3-Rules\Character Building\Equipment\C\cape-of-justice.md,Worn_Items,"source: vault='Pathfinder #196: The Summer That Never Was', db='Pathfinder #196: The Summer That Never Was pg. 81'; traits: vault='invested, magical', db='Evocation, Invested, Magical, Rare'"
cape-of-the-open-sky,F:\Obsidian\PF2e-Core-Vault\3-Rules\Character Building\Equipment\C\cape-of-the-open-sky.md,Worn_Items,"source: vault='Pathfinder #167: Ready? Fight!', db='Pathfinder #167: Ready? Fight! pg. 74'; traits: vault='invested, magical', db='Invested, Magical, Rare, Transmutation'"
capsaicin-tonic,F:\Obsidian\PF2e-Core-Vault\3-Rules\Character Building\Equipment\C\capsaicin-tonic.md,Alchemical_Items,"source: vault='Pathfinder Adventure: Troubles in Otari', db='Troubles in Otari pg. 6'; traits: vault='alchemical, consumable, elixir', db='Alchemical, Consumable, Elixir, Uncommon'"
captivating-bauble,F:\Obsidian\PF2e-Core-Vault\3-Rules\Character Building\Equipment\C\captivating-bauble.md,Consumables,"source: vault='Pathfinder Treasure Vault', db='Treasure Vault pg. 92'; traits: vault='auditory, consumable, emotion, linguistic, magical, talisman, visual', db='Consumable, Incapacitation, Magical, Talisman, Uncommon'"
captivating-rosebud,F:\Obsidian\PF2e-Core-Vault\3-Rules\Character Building\Equipment\C\captivating-rosebud.md,Held_Items,"source: vault='Pathfinder Rage of Elements', db='Rage of Elements pg. 200'; traits: vault='consumable, emotion, magical, wood', db='Consumable, Emotion, Magical, Uncommon, Wood'"
captivating-score,F:\Obsidian\PF2e-Core-Vault\3-Rules\Character Building\Equipment\C\captivating-score.md,Consumables,"source: vault='Pathfinder Treasure Vault', db='Treasure Vault pg. 84'; traits: vault='auditory, consumable, emotion, incapacitation, magical, mental, missive', db='Auditory, Consumable, Emotion, Enchantment, Incapacitation, Magical, Mental, Missive'"
capturing-spetum,F:\Obsidian\PF2e-Core-Vault\3-Rules\Character Building\Equipment\C\capturing-spetum.md,Weapon_Basic,"source: vault='Pathfinder Player Core 2', db='Player Core 2 pg. 274'; traits: vault='hampering, hobgoblin, reach, trip', db='Hambering; Hobgoblin; Reach; Trip; Uncommon'"
careless-delight,F:\Obsidian\PF2e-Core-Vault\3-Rules\Character Building\Equipment\C\careless-delight.md,Alchemical_Items,"source: vault='Pathfinder Treasure Vault', db='Treasure Vault pg. 67'"
caress-of-the-great-serpent,F:\Obsidian\PF2e-Core-Vault\3-Rules\Character Building\Equipment\C\caress-of-the-great-serpent.md,Specific_Magic_Weapons,"source: vault='Pathfinder Lost Omens Tian Xia Character Guide', db='Tian Xia Character Guide pg. 126'; traits: vault='deadly-d10, magical, sweep', db='Magical, Uncommon'"
carrion-cask,F:\Obsidian\PF2e-Core-Vault\3-Rules\Character Building\Equipment\C\carrion-cask.md,Held_Items,"source: vault='Pathfinder Lost Omens Impossible Lands', db='Impossible Lands pg. 178'; traits: vault='magical', db='Magical, Necromancy, Uncommon'"
cartographers-kit,F:\Obsidian\PF2e-Core-Vault\3-Rules\Character Building\Equipment\C\cartographers-kit.md,Mundane,"level: vault='3', db='3.0'; source: vault='Pathfinder PFS Guide', db='PFS Guide pg. 34'"
carver-cutter-greater,F:\Obsidian\PF2e-Core-Vault\3-Rules\Character Building\Equipment\C\carver-cutter-greater.md,Specific_Magic_Weapons,"source: vault='Pathfinder Rage of Elements', db='Rage of Elements pg. 201'; traits: vault='magical, sweep, wood', db='Magical, Wood'"
carver-cutter-major,F:\Obsidian\PF2e-Core-Vault\3-Rules\Character Building\Equipment\C\carver-cutter-major.md,Specific_Magic_Weapons,"source: vault='Pathfinder Rage of Elements', db='Rage of Elements pg. 201'; traits: vault='magical, sweep, wood', db='Magical, Wood'"
carver-cutter-true,F:\Obsidian\PF2e-Core-Vault\3-Rules\Character Building\Equipment\C\carver-cutter-true.md,Specific_Magic_Weapons,"source: vault='Pathfinder Rage of Elements', db='Rage of Elements pg. 201'; traits: vault='magical, sweep, wood', db='Magical, Wood'"
carver-cutter,F:\Obsidian\PF2e-Core-Vault\3-Rules\Character Building\Equipment\C\Carver-cutter.md,Specific_Magic_Weapons,"source: vault='Pathfinder Rage of Elements', db='Rage of Elements pg. 201'; traits: vault='magical, sweep, wood', db='Magical, Wood'"
cassisian-helmet,F:\Obsidian\PF2e-Core-Vault\3-Rules\Character Building\Equipment\C\cassisian-helmet.md,Worn_Items,"source: vault='Pathfinder Treasure Vault', db='Treasure Vault pg. 151'; traits: vault='invested, magical', db='Abjuration, Invested, Magical'"
casters-targe,F:\Obsidian\PF2e-Core-Vault\3-Rules\Character Building\Equipment\C\casters-targe.md,Shield_Basic,"source: vault='Pathfinder Treasure Vault', db='Treasure Vault pg. 2'"
catch-pole,F:\Obsidian\PF2e-Core-Vault\3-Rules\Character Building\Equipment\C\catch-pole.md,Mundane,"level: vault='0', db='0.0'; source: vault='Pathfinder Howl of the Wind', db='Howl of the Wild pg. 112 2.0'"
catching,F:\Obsidian\PF2e-Core-Vault\3-Rules\Character Building\Equipment\C\Catching.md,Runes,"source: vault='Pathfinder Treasure Vault', db='Treasure Vault pg. 144'; traits: vault='magical', db='Abjuration, Magical'"
caterwaul-sling,F:\Obsidian\PF2e-Core-Vault\3-Rules\Character Building\Equipment\C\caterwaul-sling.md,Specific_Magic_Weapons,"source: vault='Pathfinder GM Core', db='Core Rulebook pg. 600'; traits: vault='magical, propulsive', db='Evocation, Magical'"
catoblepas-maul,F:\Obsidian\PF2e-Core-Vault\3-Rules\Character Building\Equipment\C\catoblepas-maul.md,Specific_Magic_Weapons,"level: vault='13', db='12'; source: vault='Pathfinder Howl of the Wild', db='Howl of the Wild pg. 101 2.0'; traits: vault='magical, poison, shove', db='Magical, Poison, Uncommon'"
cats-eye-elixir,F:\Obsidian\PF2e-Core-Vault\3-Rules\Character Building\Equipment\C\cats-eye-elixir.md,Alchemical_Items,"source: vault='Pathfinder Player Core 2', db='Player Core 2 pg. 286, GM Core pg. 246 2.0'"
cauldron-of-nightmares,F:\Obsidian\PF2e-Core-Vault\3-Rules\Character Building\Equipment\C\cauldron-of-nightmares.md,Held_Items,"source: vault='Pathfinder #161: Belly of the Black Whale', db='Pathfinder #161: Belly of the Black Whale pg. 78'; traits: vault='invested, magical', db='Illusion, Invested, Magical, Rare'"
caustic-deteriorating-dust,F:\Obsidian\PF2e-Core-Vault\3-Rules\Character Building\Equipment\C\caustic-deteriorating-dust.md,Consumables,"source: vault='Pathfinder Lost Omens Gods & Magic', db='Gods & Magic pg. 122'; traits: vault='consumable, magical', db='Consumable, Evocation, Magical, Uncommon'"
cauthooj-bagpipes,F:\Obsidian\PF2e-Core-Vault\3-Rules\Character Building\Equipment\C\cauthooj-bagpipes.md,Held_Items,"source: vault='Pathfinder Howl of the Wild', db='Howl of the Wild pg. 105 2.0'; traits: vault='magical', db='Magical, Uncommon'"
cave-worm-venom,F:\Obsidian\PF2e-Core-Vault\3-Rules\Character Building\Equipment\C\cave-worm-venom.md,Alchemical_Items,"source: vault='Pathfinder Player Core 2', db='Player Core 2 pg. 292'"
caverns-heart,F:\Obsidian\PF2e-Core-Vault\3-Rules\Character Building\Equipment\C\caverns-heart.md,Runes,"source: vault='Pathfinder #195: Heavy is the Crown', db='Pathfinder #195: Heavy is the Crown pg. 81'; traits: vault='earth, magical', db='Conjuration, Earth, Magical, Rare'"
caydens-brew-double,F:\Obsidian\PF2e-Core-Vault\3-Rules\Character Building\Equipment\C\caydens-brew-double.md,Consumables,"source: vault='Pathfinder Treasure Vault', db='Treasure Vault pg. 88'; traits: vault='consumable, magical, poison, potion', db='Conjuration, Consumable, Magical, Poison, Potion'"
caydens-brew-triple,F:\Obsidian\PF2e-Core-Vault\3-Rules\Character Building\Equipment\C\caydens-brew-triple.md,Consumables,"source: vault='Pathfinder Treasure Vault', db='Treasure Vault pg. 88'; traits: vault='consumable, magical, poison, potion', db='Conjuration, Consumable, Magical, Poison, Potion'"
caydens-brew,F:\Obsidian\PF2e-Core-Vault\3-Rules\Character Building\Equipment\C\caydens-brew.md,Consumables,"source: vault='Pathfinder Treasure Vault', db='Treasure Vault pg. 88'; traits: vault='consumable, magical, poison, potion', db='Conjuration, Consumable, Magical, Poison, Potion'"
celestial-hair,F:\Obsidian\PF2e-Core-Vault\3-Rules\Character Building\Equipment\C\celestial-hair.md,Consumables,"rarity: vault='rare', db='Uncommon'; source: vault='Pathfinder #156: The Apocalypse Prophet', db='Pathfinder #156: The Apocalypse Prophet pg. 74'; traits: vault='consumable, magical, talisman', db='Abjuration, Consumable, Magical, Talisman, Uncommon'"
celestial-peach-life,F:\Obsidian\PF2e-Core-Vault\3-Rules\Character Building\Equipment\C\celestial-peach-life.md,Consumables,"source: vault='Pathfinder Lost Omens Legends', db='Legends pg. 48'; traits: vault='consumable, divine, healing, mechanical, vitality', db='Consumable, Divine, Healing, Magical, Necromancy, Positive, Rare'"
celestial-peach-rejuvenation,F:\Obsidian\PF2e-Core-Vault\3-Rules\Character Building\Equipment\C\celestial-peach-rejuvenation.md,Consumables,"source: vault='Pathfinder Lost Omens Legends', db='Legends pg. 48'; traits: vault='consumable, divine, healing, mechanical, vitality', db='Consumable, Divine, Healing, Magical, Necromancy, Positive, Rare'"
celestial-peachwood-sword,F:\Obsidian\PF2e-Core-Vault\3-Rules\Character Building\Equipment\C\celestial-peachwood-sword.md,Specific_Magic_Weapons,"source: vault='Pathfinder Lost Omens Tian Xia Character Guide', db='Tian Xia Character Guide pg. 128, Book of the Dead pg. 18'; traits: vault='agile, finesse, holy, magical, versatile-s, vitality', db='Holy, Magical, Rare, Vitality'"
celestial-staff,F:\Obsidian\PF2e-Core-Vault\3-Rules\Character Building\Equipment\C\celestial-staff.md,Staff_Wand,"source: vault='Pathfinder Treasure Vault', db='Treasure Vault pg. 131'; traits: vault='holy, magical, staff, two-hand-d8', db='Good, Magical, Staff, Transmutation, Uncommon'"
ceramic-plate,F:\Obsidian\PF2e-Core-Vault\3-Rules\Character Building\Equipment\C\ceramic-plate.md,Armor_Basic,"level: vault='0', db='0.0'; source: vault='Pathfinder Treasure Vault', db='Treasure Vault pg. 1'"
cerulean-scourge,F:\Obsidian\PF2e-Core-Vault\3-Rules\Character Building\Equipment\C\cerulean-scourge.md,Alchemical_Items,"source: vault='Pathfinder Player Core 2', db=""Advanced Player's Guide pg. 254"""
chain-mail,F:\Obsidian\PF2e-Core-Vault\3-Rules\Character Building\Equipment\C\chain-mail.md,Armor_Basic,"level: vault='0', db='0.0'; source: vault='Pathfinder Player Core', db='Player Core pg. 273 2.0'"
chain-of-stars,F:\Obsidian\PF2e-Core-Vault\3-Rules\Character Building\Equipment\C\chain-of-stars.md,Consumables,"source: vault='Pathfinder Treasure Vault', db='Treasure Vault pg. 92'; traits: vault='consumable, force, magical, talisman', db='Abjuration, Consumable, Magical, Talisman, Uncommon'"
chain-of-the-stilled-spirit,F:\Obsidian\PF2e-Core-Vault\3-Rules\Character Building\Equipment\C\chain-of-the-stilled-spirit.md,Held_Items,"source: vault='Pathfinder #158: Sixty Feet Under', db='Pathfinder #158: Sixty Feet Under pg. 75'; traits: vault='magical', db='Magical, Necromancy, Uncommon'"
chain-shirt,F:\Obsidian\PF2e-Core-Vault\3-Rules\Character Building\Equipment\C\chain-shirt.md,Armor_Basic,"source: vault='Pathfinder Player Core', db='Player Core pg. 273 2.0'"
chain-sword,F:\Obsidian\PF2e-Core-Vault\3-Rules\Character Building\Equipment\C\chain-sword.md,Weapon_Basic,"rarity: vault='uncommon', db='Rare'; source: vault='Pathfinder Treasure Vault', db='Treasure Vault pg. 26'"
chakram,F:\Obsidian\PF2e-Core-Vault\3-Rules\Character Building\Equipment\C\Chakram.md,Weapon_Basic,"source: vault='Pathfinder Lost Omens Tian Xia Character Guide', db='Grand Bazaar pg. 105'"
chakri,F:\Obsidian\PF2e-Core-Vault\3-Rules\Character Building\Equipment\C\Chakri.md,Weapon_Basic,"source: vault='Pathfinder Treasure Vault', db='Treasure Vault pg. 30, Impossible Lands pg. 220'"
chalice-of-justice,F:\Obsidian\PF2e-Core-Vault\3-Rules\Character Building\Equipment\C\chalice-of-justice.md,Specific_Magic_Weapons,"source: vault='Pathfinder Player Core 2', db='Player Core 2 pg. 280'; traits: vault='divine, holy, versatile-p', db='Divine, Holy, Uncommon'"
chameleon-suit-greater,F:\Obsidian\PF2e-Core-Vault\3-Rules\Character Building\Equipment\C\chameleon-suit-greater.md,Consumables,"source: vault='Pathfinder Guns & Gears', db='Guns & Gears pg. 67'; traits: vault='clockwork, consumable, gadget', db='Clockwork, Consumable, Gadget, Uncommon'"
chameleon-suit-major,F:\Obsidian\PF2e-Core-Vault\3-Rules\Character Building\Equipment\C\chameleon-suit-major.md,Consumables,"source: vault='Pathfinder Guns & Gears', db='Guns & Gears pg. 67'; traits: vault='clockwork, consumable, gadget', db='Clockwork, Consumable, Gadget, Uncommon'"
chameleon-suit,F:\Obsidian\PF2e-Core-Vault\3-Rules\Character Building\Equipment\C\chameleon-suit.md,Consumables,"source: vault='Pathfinder Guns & Gears', db='Guns & Gears pg. 67'; traits: vault='clockwork, consumable, gadget', db='Clockwork, Consumable, Gadget, Uncommon'"
channel-protection-amulet,F:\Obsidian\PF2e-Core-Vault\3-Rules\Character Building\Equipment\C\channel-protection-amulet.md,Worn_Items,"source: vault='Pathfinder GM Core', db='Core Rulebook pg. 68'; traits: vault='invested, magical', db='Abjuration, Invested, Magical, Uncommon'"
chaos-collar,F:\Obsidian\PF2e-Core-Vault\3-Rules\Character Building\Equipment\C\chaos-collar.md,C_C_Structure,"source: vault='Pathfinder Dark Archive', db='Dark Archive pg. 62'; traits: vault='companion, invested, primal', db='Companion, Invested, Primal, Transmutation'"
chaos-falcon-feather,F:\Obsidian\PF2e-Core-Vault\3-Rules\Character Building\Equipment\C\chaos-falcon-feather.md,Consumables,"source: vault='Pathfinder Howl of the Wild', db='Howl of the Wild pg. 118 2.0'"
charlatans-gloves-greater,F:\Obsidian\PF2e-Core-Vault\3-Rules\Character Building\Equipment\C\charlatans-gloves-greater.md,Worn_Items,"source: vault='Pathfinder GM Core', db='GM Core pg. 286'"
charlatans-gloves,F:\Obsidian\PF2e-Core-Vault\3-Rules\Character Building\Equipment\C\charlatans-gloves.md,Worn_Items,"source: vault='Pathfinder GM Core', db='GM Core pg. 286'"
charm-of-the-ordinary,F:\Obsidian\PF2e-Core-Vault\3-Rules\Character Building\Equipment\C\charm-of-the-ordinary.md,Consumables,"source: vault='Pathfinder Lost Omens Firebrands', db='Firebrands pg. 85'; traits: vault='consumable, magical', db='Consumable, Magical, Transmutation, Uncommon'"
chatterer-of-follies,F:\Obsidian\PF2e-Core-Vault\3-Rules\Character Building\Equipment\C\chatterer-of-follies.md,Specific_Magic_Weapons,"source: vault='Pathfinder Secrets of Magic', db='Secrets of Magic pg. 181'; traits: vault='illusion, magical, shove, two-hand-d10, versatile-p', db='Enchantment, Illusion, Magical'"
cheetahs-elixir-greater,F:\Obsidian\PF2e-Core-Vault\3-Rules\Character Building\Equipment\C\cheetahs-elixir-greater.md,Alchemical_Items,"source: vault='Pathfinder GM Core', db='Player Core 2 pg. 286, GM Core pg. 246 2.0'"
cheetahs-elixir-lesser,F:\Obsidian\PF2e-Core-Vault\3-Rules\Character Building\Equipment\C\cheetahs-elixir-lesser.md,Alchemical_Items,"source: vault='Pathfinder GM Core', db='Player Core 2 pg. 286, GM Core pg. 246 2.0'"
cheetahs-elixir-moderate,F:\Obsidian\PF2e-Core-Vault\3-Rules\Character Building\Equipment\C\cheetahs-elixir-moderate.md,Alchemical_Items,"source: vault='Pathfinder GM Core', db='Player Core 2 pg. 286, GM Core pg. 246 2.0'"
chest,F:\Obsidian\PF2e-Core-Vault\3-Rules\Character Building\Equipment\C\Chest.md,Mundane,"level: vault='0', db='0.0'; source: vault='Pathfinder Player Core', db='Player Core pg. 287 2.0'"
chilled-fire-noodles-greater,F:\Obsidian\PF2e-Core-Vault\3-Rules\Character Building\Equipment\C\chilled-fire-noodles-greater.md,Consumables,"source: vault='Pathfinder Lost Omens Tian Xia Character Guide', db='Tian Xia Character Guide pg. 105'; traits: vault='consumable, magical', db='Consumable, Magical, Uncommon'"
chilled-fire-noodles,F:\Obsidian\PF2e-Core-Vault\3-Rules\Character Building\Equipment\C\chilled-fire-noodles.md,Consumables,"source: vault='Pathfinder Lost Omens Tian Xia Character Guide', db='Tian Xia Character Guide pg. 105'; traits: vault='consumable, magical', db='Consumable, Magical, Uncommon'"
chime-of-opening,F:\Obsidian\PF2e-Core-Vault\3-Rules\Character Building\Equipment\C\chime-of-opening.md,Held_Items,"source: vault='Pathfinder Core Rulebook', db='Core Rulebook pg. 572'; traits: vault='magical', db='Evocation, Magical, Uncommon'"
chimera-flail,F:\Obsidian\PF2e-Core-Vault\3-Rules\Character Building\Equipment\C\chimera-flail.md,Specific_Magic_Weapons,"source: vault='Pathfinder Howl of the Wild', db='Howl of the Wild pg. 102 2.0'; traits: vault='disarm, magical, sweep, trip', db='Magical, Uncommon'"
chimera-thread,F:\Obsidian\PF2e-Core-Vault\3-Rules\Character Building\Equipment\C\chimera-thread.md,Consumables,"level: vault='5', db='4'; source: vault='Pathfinder Dark Archive', db='Dark Archive pg. 62'; traits: vault='consumable, magical', db='Consumable, Magical, Transmutation'"
choker-of-elocution-greater,F:\Obsidian\PF2e-Core-Vault\3-Rules\Character Building\Equipment\C\choker-of-elocution-greater.md,Worn_Items,"source: vault='Pathfinder GM Core', db='Core Rulebook pg. 68'; traits: vault='invested, magical', db='Enchantment, Invested, Magical'"
choker-of-elocution,F:\Obsidian\PF2e-Core-Vault\3-Rules\Character Building\Equipment\C\choker-of-elocution.md,Worn_Items,"source: vault='Pathfinder GM Core', db='Core Rulebook pg. 68'; traits: vault='invested, magical', db='Enchantment, Invested, Magical'"
choleric-contagion,F:\Obsidian\PF2e-Core-Vault\3-Rules\Character Building\Equipment\C\choleric-contagion.md,Alchemical_Items,"source: vault='Pathfinder Treasure Vault', db='Treasure Vault pg. 67'"
chopping-evisceration-snare,F:\Obsidian\PF2e-Core-Vault\3-Rules\Character Building\Equipment\C\chopping-evisceration-snare.md,Snares,"source: vault='Pathfinder Lost Omens The Grand Bazaar', db='Grand Bazaar pg. 14'; traits: vault='consumable, mechanical, snare, trap', db='Consumable, Mechanical, Snare, Trap, Uncommon'"
chromatic-jellyfish-oil-greater,F:\Obsidian\PF2e-Core-Vault\3-Rules\Character Building\Equipment\C\chromatic-jellyfish-oil-greater.md,Alchemical_Items,"source: vault='Pathfinder Treasure Vault', db='Treasure Vault pg. 59'"
chromatic-jellyfish-oil-lesser,F:\Obsidian\PF2e-Core-Vault\3-Rules\Character Building\Equipment\C\chromatic-jellyfish-oil-lesser.md,Alchemical_Items,"source: vault='Pathfinder Treasure Vault', db='Treasure Vault pg. 59'"
chromatic-jellyfish-oil-moderate,F:\Obsidian\PF2e-Core-Vault\3-Rules\Character Building\Equipment\C\chromatic-jellyfish-oil-moderate.md,Alchemical_Items,"source: vault='Pathfinder Treasure Vault', db='Treasure Vault pg. 59'"
chronicler-wayfinder,F:\Obsidian\PF2e-Core-Vault\3-Rules\Character Building\Equipment\C\chronicler-wayfinder.md,Worn_Items,"source: vault='Pathfinder Lost Omens Pathfinder Society Guide', db='PFS Guide pg. 30'; traits: vault='invested, magical', db='Evocation, Invested, Magical, Uncommon'"
cinderclaw-gauntlet,F:\Obsidian\PF2e-Core-Vault\3-Rules\Character Building\Equipment\C\cinderclaw-gauntlet.md,Specific_Magic_Weapons,"source: vault='Pathfinder #145: Hellknight Hill', db='Pathfinder #145: Hellknight Hill pg. 77'; traits: vault='agile, free-hand, magical, versatile-s', db='Evocation, Magical'"
cinnamon-seers,F:\Obsidian\PF2e-Core-Vault\3-Rules\Character Building\Equipment\C\cinnamon-seers.md,Alchemical_Items,"source: vault='Pathfinder Treasure Vault', db='Treasure Vault pg. 47'"
clan-dagger,F:\Obsidian\PF2e-Core-Vault\3-Rules\Character Building\Equipment\C\clan-dagger.md,Weapon_Basic,"source: vault='Pathfinder Player Core', db='Player Core pg. 277 2.0'; traits: vault='agile, dwarf, parry, versatile-b', db='Agile; Dwarf; Parry; Uncommon; Versatile B'"
clandestine-cloak-greater,F:\Obsidian\PF2e-Core-Vault\3-Rules\Character Building\Equipment\C\clandestine-cloak-greater.md,Worn_Items,"source: vault='Pathfinder GM Core', db='Core Rulebook pg. 68'; traits: vault='invested, magical', db='Illusion, Invested, Magical, Uncommon'"
clandestine-cloak,F:\Obsidian\PF2e-Core-Vault\3-Rules\Character Building\Equipment\C\clandestine-cloak.md,Worn_Items,"source: vault='Pathfinder GM Core', db='Core Rulebook pg. 68'; traits: vault='invested, magical', db='Illusion, Invested, Magical, Uncommon'"
clarity-goggles-greater,F:\Obsidian\PF2e-Core-Vault\3-Rules\Character Building\Equipment\C\clarity-goggles-greater.md,Worn_Items,"source: vault='Pathfinder Treasure Vault', db='Treasure Vault pg. 146'; traits: vault='invested, magical', db='Divination, Invested, Magical'"
clarity-goggles-lesser,F:\Obsidian\PF2e-Core-Vault\3-Rules\Character Building\Equipment\C\clarity-goggles-lesser.md,Worn_Items,"source: vault='Pathfinder Treasure Vault', db='Treasure Vault pg. 146'; traits: vault='invested, magical', db='Divination, Invested, Magical'"
clarity-goggles-moderate,F:\Obsidian\PF2e-Core-Vault\3-Rules\Character Building\Equipment\C\clarity-goggles-moderate.md,Worn_Items,"source: vault='Pathfinder Treasure Vault', db='Treasure Vault pg. 146'; traits: vault='invested, magical', db='Divination, Invested, Magical'"
claw-blade,F:\Obsidian\PF2e-Core-Vault\3-Rules\Character Building\Equipment\C\claw-blade.md,Weapon_Basic,"source: vault='Pathfinder Player Core 2', db='Player Core 2 pg. 274'; traits: vault='agile, catfolk, deadly-d8, disarm, finesse, versatile-p', db='Agile, Catfolk, Deadly d8, Disarm, Finesse, Uncommon, Versatile P'"
clay,F:\Obsidian\PF2e-Core-Vault\3-Rules\Character Building\Equipment\C\Clay.md,Mundane,"level: vault='0', db='0.0'; source: vault='Lost Omens Grand Bazaar', db='Grand Bazaar pg. 58'"
climbing-kit-extreme,F:\Obsidian\PF2e-Core-Vault\3-Rules\Character Building\Equipment\C\climbing-kit-extreme.md,Mundane,"level: vault='3', db='3.0'; source: vault='Pathfinder Player Core', db='Player Core pg. 287 2.0'"
Climbing Kit,F:\Obsidian\PF2e-Core-Vault\3-Rules\Character Building\Equipment\C\climbing-kit.md,Mundane,"level: vault='0', db='0.0'; source: vault='Pathfinder Player Core', db='Player Core pg. 287 2.0'"
clinging-bubbles-greater,F:\Obsidian\PF2e-Core-Vault\3-Rules\Character Building\Equipment\C\clinging-bubbles-greater.md,Consumables,"source: vault='Pathfinder Lost Omens Firebrands', db='Firebrands pg. 85'; traits: vault='consumable, magical', db='Consumable, Magical, Transmutation'"
clinging-bubbles-lesser,F:\Obsidian\PF2e-Core-Vault\3-Rules\Character Building\Equipment\C\clinging-bubbles-lesser.md,Consumables,"source: vault='Pathfinder Lost Omens Firebrands', db='Firebrands pg. 85'; traits: vault='consumable, magical', db='Consumable, Magical, Transmutation'"
clinging-bubbles-moderate,F:\Obsidian\PF2e-Core-Vault\3-Rules\Character Building\Equipment\C\clinging-bubbles-moderate.md,Consumables,"source: vault='Pathfinder Lost Omens Firebrands', db='Firebrands pg. 85'; traits: vault='consumable, magical', db='Consumable, Magical, Transmutation'"
clinging-ooze-snare,F:\Obsidian\PF2e-Core-Vault\3-Rules\Character Building\Equipment\C\clinging-ooze-snare.md,Snares,"traits: vault='acid, consumable, mechanical, snare, trap', db='Acid, Consumable, Mechanical, Rare, Snare, Trap'"
cloak-of-devouring-thorns,F:\Obsidian\PF2e-Core-Vault\3-Rules\Character Building\Equipment\C\cloak-of-devouring-thorns.md,Worn_Items,"source: vault='Pathfinder #187: The Seventh Arch', db='Pathfinder #187: The Seventh Arch pg. 8'; traits: vault='invested, primal', db='Invested, Primal, Rare, Transmutation'"
cloak-of-feline-rest,F:\Obsidian\PF2e-Core-Vault\3-Rules\Character Building\Equipment\C\cloak-of-feline-rest.md,Worn_Items,"source: vault='Pathfinder Secrets of Magic', db='Secrets of Magic pg. 182'; traits: vault='invested, magical', db='Enchantment, Invested, Magical'"
cloak-of-gnawing-leaves,F:\Obsidian\PF2e-Core-Vault\3-Rules\Character Building\Equipment\C\cloak-of-gnawing-leaves.md,Worn_Items,"source: vault='Pathfinder #187: The Seventh Arch', db='Pathfinder #187: The Seventh Arch pg. 8'; traits: vault='invested, primal', db='Invested, Primal, Rare, Transmutation'"
cloak-of-immolation,F:\Obsidian\PF2e-Core-Vault\3-Rules\Character Building\Equipment\C\cloak-of-immolation.md,Cursed,"source: vault='Pathfinder GM Core', db='Gamemastery Guide pg. 91'; traits: vault='cursed, invested, magical', db='Rare, Cursed, Evocation, Invested, Magical'"
cloak-of-repute-greater,F:\Obsidian\PF2e-Core-Vault\3-Rules\Character Building\Equipment\C\cloak-of-repute-greater.md,Worn_Items,"source: vault='Pathfinder Lost Omens Character Guide', db='Character Guide pg. 72'; traits: vault='invested, magical', db='Enchantment, Invested, Magical'"
cloak-of-repute-major,F:\Obsidian\PF2e-Core-Vault\3-Rules\Character Building\Equipment\C\cloak-of-repute-major.md,Worn_Items,"source: vault='Pathfinder Lost Omens Character Guide', db='Character Guide pg. 72'; traits: vault='invested, magical', db='Enchantment, Invested, Magical'"
cloak-of-repute,F:\Obsidian\PF2e-Core-Vault\3-Rules\Character Building\Equipment\C\cloak-of-repute.md,Worn_Items,"source: vault='Pathfinder Lost Omens Character Guide', db='Character Guide pg. 72'; traits: vault='invested, magical', db='Enchantment, Invested, Magical'"
cloak-of-the-bat-greater,F:\Obsidian\PF2e-Core-Vault\3-Rules\Character Building\Equipment\C\cloak-of-the-bat-greater.md,Worn_Items,"source: vault='Pathfinder Core Rulebook', db='Core Rulebook pg. 68'; traits: vault='invested, magical', db='Invested, Magical, Transmutation'"
cloak-of-the-bat,F:\Obsidian\PF2e-Core-Vault\3-Rules\Character Building\Equipment\C\cloak-of-the-bat.md,Worn_Items,"source: vault='Pathfinder Core Rulebook', db='Core Rulebook pg. 68'; traits: vault='invested, magical', db='Invested, Magical, Transmutation'"
cloak-of-the-false-foe,F:\Obsidian\PF2e-Core-Vault\3-Rules\Character Building\Equipment\C\cloak-of-the-false-foe.md,Worn_Items,"rarity: vault='uncommon', db='Common'; source: vault='Pathfinder Dark Archive', db='Dark Archive pg. 62'; traits: vault='invested, primal', db='Invested, Primal, Transmutation'"
cloak-of-thirsty-fronds,F:\Obsidian\PF2e-Core-Vault\3-Rules\Character Building\Equipment\C\cloak-of-thirsty-fronds.md,Worn_Items,"source: vault='Pathfinder #187: The Seventh Arch', db='Pathfinder #187: The Seventh Arch pg. 8'; traits: vault='invested, primal', db='Invested, Primal, Rare, Transmutation'"
cloak-of-waves-&-clouds,F:\Obsidian\PF2e-Core-Vault\3-Rules\Character Building\Equipment\C\cloak-of-waves-&-clouds.md,Worn_Items,"source: vault='Pathfinder Lost Omens Tian Xia Character Guide', db='Tian Xia Character Guide pg. 128'"
clockwork-dial,F:\Obsidian\PF2e-Core-Vault\3-Rules\Character Building\Equipment\C\clockwork-dial.md,Mundane,"level: vault='0', db='0.0'; source: vault='Pathfinder Lost Omens PFS Guide', db='PFS Guide pg. 114'"
clockwork-disguise,F:\Obsidian\PF2e-Core-Vault\3-Rules\Character Building\Equipment\C\clockwork-disguise.md,Mundane,"level: vault='6', db='6.0'; source: vault='Pathfinder Guns & Gears', db='Guns & Gears pg. 85'; traits: vault='clockwork', db='Clockwork, Uncommon'"
clockwork-diving-suit,F:\Obsidian\PF2e-Core-Vault\3-Rules\Character Building\Equipment\C\clockwork-diving-suit.md,Mundane,"level: vault='6', db='6.0'; source: vault='Pathfinder Guns & Gears', db='Guns & Gears pg. 86'"
clockwork-goggles-greater,F:\Obsidian\PF2e-Core-Vault\3-Rules\Character Building\Equipment\C\clockwork-goggles-greater.md,Consumables,"source: vault='Pathfinder Guns & Gears', db='Guns & Gears pg. 68'; traits: vault='clockwork, consumable, gadget', db='Clockwork, Consumable, Gadget, Uncommon'"
clockwork-goggles-major,F:\Obsidian\PF2e-Core-Vault\3-Rules\Character Building\Equipment\C\clockwork-goggles-major.md,Consumables,"source: vault='Pathfinder Guns & Gears', db='Guns & Gears pg. 68'; traits: vault='clockwork, consumable, gadget', db='Clockwork, Consumable, Gadget, Uncommon'"
clockwork-goggles,F:\Obsidian\PF2e-Core-Vault\3-Rules\Character Building\Equipment\C\clockwork-goggles.md,Consumables,"source: vault='Pathfinder Guns & Gears', db='Guns & Gears pg. 68'; traits: vault='clockwork, consumable, gadget', db='Clockwork, Consumable, Gadget, Uncommon'"
clockwork-heels,F:\Obsidian\PF2e-Core-Vault\3-Rules\Character Building\Equipment\C\clockwork-heels.md,Worn_Items,"source: vault='Pathfinder Lost Omens The Grand Bazaar', db='Grand Bazaar pg. 22'; traits: vault='clockwork', db='Clockwork, Rare'"
clockwork-helm,F:\Obsidian\PF2e-Core-Vault\3-Rules\Character Building\Equipment\C\clockwork-helm.md,Worn_Items,"source: vault='Pathfinder #161: Belly of the Black Whale', db='Pathfinder #161: Belly of the Black Whale pg. 79'; traits: vault='clockwork, invested, magical', db='Clockwork, Invested, Magical, Rare'"
clockwork-macuahuitl,F:\Obsidian\PF2e-Core-Vault\3-Rules\Character Building\Equipment\C\clockwork-macuahuitl.md,Weapon_Basic,"source: vault='Pathfinder Lost Omens The Grand Bazaar', db='Grand Bazaar pg. 22'; traits: vault='backswing, forceful, versatile-b', db='Backswing, Clockwork, Forceful, Rare, Versatile B'"
clockwork-megaphone,F:\Obsidian\PF2e-Core-Vault\3-Rules\Character Building\Equipment\C\clockwork-megaphone.md,Mundane,"level: vault='1', db='1.0'; source: vault='Pathfinder Guns & Gears', db='Guns & Gears pg. 87'; traits: vault='clockwork', db='Clockwork, Uncommon'"
clockwork-monkey,F:\Obsidian\PF2e-Core-Vault\3-Rules\Character Building\Equipment\C\clockwork-monkey.md,Snares,"source: vault='Pathfinder Guns & Gears', db='Guns & Gears pg. 79 2.0'; traits: vault='auditory, clockwork, consumable, mechanical, snare, trap', db='Auditory, Clockwork, Consumable, Mechanical, Snare, Trap, Uncommon'"
clockwork-recorder,F:\Obsidian\PF2e-Core-Vault\3-Rules\Character Building\Equipment\C\clockwork-recorder.md,Mundane,"level: vault='6', db='6.0'; source: vault='Pathfinder Lost Omens Legends', db='Legends pg. 24'"
clockwork-rejuvenator,F:\Obsidian\PF2e-Core-Vault\3-Rules\Character Building\Equipment\C\clockwork-rejuvenator.md,Consumables,"source: vault='Pathfinder #161: Belly of the Black Whale', db='Pathfinder #161: Belly of the Black Whale pg. 79'; traits: vault='clockwork, consumable, magical', db='Clockwork, Consumable, Magical, Necromancy, Rare'"
clockwork-shield-(greater),F:\Obsidian\PF2e-Core-Vault\3-Rules\Character Building\Equipment\C\clockwork-shield-greater.md,Specific_Magic_Shields,"source: vault='Pathfinder Treasure Vault', db='Treasure Vault pg. 22'; traits: vault='magical', db='Magical, Transmutation'"
clockwork-shield,F:\Obsidian\PF2e-Core-Vault\3-Rules\Character Building\Equipment\C\clockwork-shield.md,Specific_Magic_Shields,"source: vault='Pathfinder Treasure Vault', db='Treasure Vault pg. 22'; traits: vault='magical', db='Magical, Transmutation'"
clockwork-songbird,F:\Obsidian\PF2e-Core-Vault\3-Rules\Character Building\Equipment\C\clockwork-songbird.md,Held_Items,"source: vault='Pathfinder #200: Seven Dooms for Sandpoint', db='Pathfinder #200: Seven Dooms for Sandpoint pg. 181'; traits: vault='clockwork, magical', db='Divine, Enchantment, Magical, Unique'"
clockwork-spider-bomb,F:\Obsidian\PF2e-Core-Vault\3-Rules\Character Building\Equipment\C\clockwork-spider-bomb.md,Consumables,"source: vault='Pathfinder Lost Omens The Grand Bazaar', db='Grand Bazaar pg. 22'; traits: vault='clockwork, consumable, gadget', db='Clockwork, Consumable, Gadget, Uncommon'"
cloister-robe-greater,F:\Obsidian\PF2e-Core-Vault\3-Rules\Character Building\Equipment\C\cloister-robe-greater.md,Worn_Items,"source: vault='Pathfinder Treasure Vault', db='Treasure Vault pg. 148'; traits: vault='divine, focused, invested', db='Focused'"
cloister-robe-lesser,F:\Obsidian\PF2e-Core-Vault\3-Rules\Character Building\Equipment\C\cloister-robe-lesser.md,Worn_Items,"source: vault='Pathfinder Treasure Vault', db='Treasure Vault pg. 148'; traits: vault='divine, invested', db='Abjuration, Divine, Invested'"
cloister-robe-major,F:\Obsidian\PF2e-Core-Vault\3-Rules\Character Building\Equipment\C\cloister-robe-major.md,Worn_Items,"source: vault='Pathfinder Treasure Vault', db='Treasure Vault pg. 148'; traits: vault='divine, focused, invested', db='Focused'"
cloister-robe-moderate,F:\Obsidian\PF2e-Core-Vault\3-Rules\Character Building\Equipment\C\cloister-robe-moderate.md,Worn_Items,"source: vault='Pathfinder Treasure Vault', db='Treasure Vault pg. 148'; traits: vault='divine, invested', db='Abjuration, Divine, Invested'"
cloning-potion,F:\Obsidian\PF2e-Core-Vault\3-Rules\Character Building\Equipment\C\cloning-potion.md,Consumables,"source: vault='Pathfinder Treasure Vault', db='Treasure Vault pg. 88'; traits: vault='consumable, magical, potion', db='Conjuration, Consumable, Magical, Potion, Rare'"
cloth-of-nullification,F:\Obsidian\PF2e-Core-Vault\3-Rules\Character Building\Equipment\C\cloth-of-nullification.md,Held_Items,"source: vault='Pathfinder Player Core 2', db='Player Core 2 pg. 307'; traits: vault='magical', db='Magical, Rare'"
clothing-desert,F:\Obsidian\PF2e-Core-Vault\3-Rules\Character Building\Equipment\C\clothing-desert.md,Mundane,"level: vault='0', db='0.0'; source: vault='Pathfinder Player Core', db='Howl of the Wild pg. 112 2.0'"
clothing-fine,F:\Obsidian\PF2e-Core-Vault\3-Rules\Character Building\Equipment\C\clothing-fine.md,Mundane,"level: vault='0', db='0.0'; source: vault='Pathfinder Player Core', db='Player Core pg. 287 2.0'"
clothing-high-fashion-fine,F:\Obsidian\PF2e-Core-Vault\3-Rules\Character Building\Equipment\C\clothing-high-fashion-fine.md,Mundane,"level: vault='3', db='3.0'; source: vault='Pathfinder Player Core', db='Player Core pg. 287 2.0'"
clothing-ordinary,F:\Obsidian\PF2e-Core-Vault\3-Rules\Character Building\Equipment\C\clothing-ordinary.md,Mundane,"level: vault='0', db='0.0'; source: vault='Pathfinder Player Core', db='Player Core pg. 287 2.0'"
cloud-buns-greater,F:\Obsidian\PF2e-Core-Vault\3-Rules\Character Building\Equipment\C\cloud-buns-greater.md,Consumables,"source: vault='Pathfinder Lost Omens Tian Xia Character Guide', db='Tian Xia Character Guide pg. 105'; traits: vault='consumable, magical', db='Consumable, Magical, Uncommon'"
cloud-buns,F:\Obsidian\PF2e-Core-Vault\3-Rules\Character Building\Equipment\C\cloud-buns.md,Consumables,"source: vault='Pathfinder Lost Omens Tian Xia Character Guide', db='Tian Xia Character Guide pg. 105'; traits: vault='consumable, magical', db='Consumable, Magical, Uncommon'"
clown-monarch,F:\Obsidian\PF2e-Core-Vault\3-Rules\Character Building\Equipment\C\clown-monarch.md,Alchemical_Items,"source: vault='Pathfinder Treasure Vault', db='Treasure Vault pg. 68'"
Club,F:\Obsidian\PF2e-Core-Vault\3-Rules\Character Building\Equipment\C\Club.md,Weapon_Basic,"source: vault='Pathfinder Player Core', db='Player Core pg. 277 2.0'"
clubhead-poison,F:\Obsidian\PF2e-Core-Vault\3-Rules\Character Building\Equipment\C\clubhead-poison.md,Alchemical_Items,"source: vault='Pathfinder Treasure Vault', db='Treasure Vault pg. 68'"
coating,F:\Obsidian\PF2e-Core-Vault\3-Rules\Character Building\Equipment\C\Coating.md,Runes,"source: vault='Pathfinder Treasure Vault', db='Treasure Vault pg. 32'; traits: vault='Extradimensional, Magical', db='Conjuration, Extradimensional, Magical'"
codebreakers-parchment-greater,F:\Obsidian\PF2e-Core-Vault\3-Rules\Character Building\Equipment\C\codebreakers-parchment-greater.md,Held_Items,"source: vault='Pathfinder Secrets of Magic', db='Secrets of Magic pg. 182'"
codebreakers-parchment-major,F:\Obsidian\PF2e-Core-Vault\3-Rules\Character Building\Equipment\C\codebreakers-parchment-major.md,Held_Items,"source: vault='Pathfinder Secrets of Magic', db='Secrets of Magic pg. 182'"
codebreakers-parchment,F:\Obsidian\PF2e-Core-Vault\3-Rules\Character Building\Equipment\C\codebreakers-parchment.md,Held_Items,"source: vault='Pathfinder Secrets of Magic', db='Secrets of Magic pg. 182'"
codex-of-destruction-and-renewal,F:\Obsidian\PF2e-Core-Vault\3-Rules\Character Building\Equipment\C\codex-of-destruction-and-renewal.md,Grimoire,"source: vault='Pathfinder Treasure Vault', db='Treasure Vault pg. 111'; traits: vault='grimoire, magical', db='Grimoire, Magical, Necromancy, Rare'"
codex-of-unimpeded-sight-greater,F:\Obsidian\PF2e-Core-Vault\3-Rules\Character Building\Equipment\C\codex-of-unimpeded-sight-greater.md,Grimoire,"source: vault='Pathfinder Secrets of Magic', db='Secrets of Magic pg. 162'; traits: vault='grimoire, magical', db='Divination, Grimoire, Magical'"
codex-of-unimpeded-sight,F:\Obsidian\PF2e-Core-Vault\3-Rules\Character Building\Equipment\C\codex-of-unimpeded-sight.md,Grimoire,"source: vault='Pathfinder Secrets of Magic', db='Secrets of Magic pg. 162'; traits: vault='grimoire, magical', db='Divination, Grimoire, Magical'"
cognitive-mutagen-greater,F:\Obsidian\PF2e-Core-Vault\3-Rules\Character Building\Equipment\C\cognitive-mutagen-greater.md,Alchemical_Items,"source: vault='Pathfinder Player Core 2', db='Player Core 2 pg. 289'"
cognitive-mutagen-lesser,F:\Obsidian\PF2e-Core-Vault\3-Rules\Character Building\Equipment\C\cognitive-mutagen-lesser.md,Alchemical_Items,"source: vault='Pathfinder Player Core 2', db='Player Core 2 pg. 289'"
cognitive-mutagen-major,F:\Obsidian\PF2e-Core-Vault\3-Rules\Character Building\Equipment\C\cognitive-mutagen-major.md,Alchemical_Items,"source: vault='Pathfinder Player Core 2', db='Player Core 2 pg. 289'"
cognitive-mutagen-moderate,F:\Obsidian\PF2e-Core-Vault\3-Rules\Character Building\Equipment\C\cognitive-mutagen-moderate.md,Alchemical_Items,"source: vault='Pathfinder Player Core 2', db='Player Core 2 pg. 289'"
coin-of-comfort,F:\Obsidian\PF2e-Core-Vault\3-Rules\Character Building\Equipment\C\coin-of-comfort.md,Held_Items,"source: vault='Pathfinder Lost Omens The Grand Bazaar', db='Grand Bazaar pg. 26'; traits: vault='magical', db='Enchantment, Magical, Uncommon'"
cold-comfort-greater,F:\Obsidian\PF2e-Core-Vault\3-Rules\Character Building\Equipment\C\cold-comfort-greater.md,Alchemical_Items,"source: vault='Pathfinder Lost Omens The Grand Bazaar', db='Grand Bazaar pg. 18'; traits: vault='alchemical, cold, consumable', db='Alchemical, Cold, Consumable, Uncommon'"
cold-comfort-lesser,F:\Obsidian\PF2e-Core-Vault\3-Rules\Character Building\Equipment\C\cold-comfort-lesser.md,Alchemical_Items,"source: vault='Pathfinder Lost Omens The Grand Bazaar', db='Grand Bazaar pg. 18'; traits: vault='alchemical, cold, consumable', db='Alchemical, Cold, Consumable, Uncommon'"
cold-iron-armor-high-grade,F:\Obsidian\PF2e-Core-Vault\3-Rules\Character Building\Equipment\C\cold-iron-armor-high-grade.md,Armor_Material,"source: vault='Pathfinder GM Core', db='Core Rulebook pg. 555'"
cold-iron-armor-low-grade,F:\Obsidian\PF2e-Core-Vault\3-Rules\Character Building\Equipment\C\cold-iron-armor-low-grade.md,Armor_Material,"source: vault='Pathfinder GM Core', db='Core Rulebook pg. 555'"
cold-iron-armor-standard-grade,F:\Obsidian\PF2e-Core-Vault\3-Rules\Character Building\Equipment\C\cold-iron-armor-standard-grade.md,Armor_Material,"source: vault='Pathfinder GM Core', db='Core Rulebook pg. 555'"
cold-iron-blanch-greater,F:\Obsidian\PF2e-Core-Vault\3-Rules\Character Building\Equipment\C\cold-iron-blanch-greater.md,Alchemical_Items,"source: vault='Pathfinder Lost Omens Pathfinder Society Guide', db='PFS Guide pg. 104'; traits: vault='alchemical, consumable, precious', db='Alchemical, Consumable, Precious, Uncommon'"
cold-iron-blanch-lesser,F:\Obsidian\PF2e-Core-Vault\3-Rules\Character Building\Equipment\C\cold-iron-blanch-lesser.md,Alchemical_Items,"source: vault='Pathfinder Lost Omens Pathfinder Society Guide', db='PFS Guide pg. 104'; traits: vault='alchemical, consumable, precious', db='Alchemical, Consumable, Precious, Uncommon'"
cold-iron-blanch-moderate,F:\Obsidian\PF2e-Core-Vault\3-Rules\Character Building\Equipment\C\cold-iron-blanch-moderate.md,Alchemical_Items,"source: vault='Pathfinder Lost Omens Pathfinder Society Guide', db='PFS Guide pg. 104'; traits: vault='alchemical, consumable, precious', db='Alchemical, Consumable, Precious, Uncommon'"
cold-iron-chunk,F:\Obsidian\PF2e-Core-Vault\3-Rules\Character Building\Equipment\C\cold-iron-chunk.md,Materials,"level: vault='2', db='2.0'; source: vault='Pathfinder GM Core', db='Core Rulebook pg. 578'"
cold-iron-ingot,F:\Obsidian\PF2e-Core-Vault\3-Rules\Character Building\Equipment\C\cold-iron-ingot.md,Materials,"level: vault='2', db='2.0'; source: vault='Pathfinder GM Core', db='Core Rulebook pg. 578'"
cold-iron-shield-high-grade,F:\Obsidian\PF2e-Core-Vault\3-Rules\Character Building\Equipment\C\cold-iron-shield-high-grade.md,Shield_Material,"source: vault='Pathfinder GM Core', db='Core Rulebook pg. 586'"
cold-iron-shield-low-grade,F:\Obsidian\PF2e-Core-Vault\3-Rules\Character Building\Equipment\C\cold-iron-shield-low-grade.md,Shield_Material,"source: vault='Pathfinder GM Core', db='Core Rulebook pg. 586'"
cold-iron-shield-low-grade,F:\Obsidian\PF2e-Core-Vault\3-Rules\Character Building\Equipment\C\cold-iron-shield-standard-grade.md,Shield_Material,"level: vault='7', db='2'; source: vault='Pathfinder GM Core', db='Core Rulebook pg. 586'"
cold-iron-weapon-high-grade,F:\Obsidian\PF2e-Core-Vault\3-Rules\Character Building\Equipment\C\cold-iron-weapon-high-grade.md,Weapon_Material,"source: vault='Pathfinder GM Core', db='Core Rulebook pg. 599'"
cold-iron-weapon-low-grade,F:\Obsidian\PF2e-Core-Vault\3-Rules\Character Building\Equipment\C\cold-iron-weapon-low-grade.md,Weapon_Material,"source: vault='Pathfinder GM Core', db='Core Rulebook pg. 599'"
cold-iron-weapon-standard-grade,F:\Obsidian\PF2e-Core-Vault\3-Rules\Character Building\Equipment\C\cold-iron-weapon-standard-grade.md,Weapon_Material,"source: vault='Pathfinder GM Core', db='Core Rulebook pg. 599'"
collar-of-empathy,F:\Obsidian\PF2e-Core-Vault\3-Rules\Character Building\Equipment\C\collar-of-empathy.md,C_C_Structure,"source: vault='Pathfinder GM Core', db='Core Rulebook pg. 64'; traits: vault='companion, invested, primal', db='Companion, Invested, Primal, Transmutation'"
collar-of-inconspicuousness,F:\Obsidian\PF2e-Core-Vault\3-Rules\Character Building\Equipment\C\collar-of-inconspicuousness.md,C_C_Structure,"source: vault='Pathfinder GM Core', db='Core Rulebook pg. 64'; traits: vault='companion, invested, primal', db='Companion, Invested, Primal, Transmutation'"
collar-of-the-eternal-bond,F:\Obsidian\PF2e-Core-Vault\3-Rules\Character Building\Equipment\C\collar-of-the-eternal-bond.md,C_C_Structure,"source: vault='Pathfinder Secrets of Magic', db='Secrets of Magic pg. 182'; traits: vault='eidolon, invested, magical', db='Conjuration, Eidolon, Invested, Magical'"
collar-of-the-shifting-spider,F:\Obsidian\PF2e-Core-Vault\3-Rules\Character Building\Equipment\C\collar-of-the-shifting-spider.md,Alchemical_Items,"source: vault='Pathfinder Treasure Vault', db='Treasure Vault pg. 63'"
collar,F:\Obsidian\PF2e-Core-Vault\3-Rules\Character Building\Equipment\C\Collar.md,Mundane,"level: vault='0', db='0.0'; source: vault='Pathfinder Lost Omens Travel Guide', db='Travel Guide pg. 101'"
colorful-coating-blue,F:\Obsidian\PF2e-Core-Vault\3-Rules\Character Building\Equipment\C\colorful-coating-blue.md,Alchemical_Items,"source: vault='Pathfinder Treasure Vault', db='Treasure Vault pg. 52'"
colorful-coating-green,F:\Obsidian\PF2e-Core-Vault\3-Rules\Character Building\Equipment\C\colorful-coating-green.md,Alchemical_Items,"source: vault='Pathfinder Treasure Vault', db='Treasure Vault pg. 52'"
colorful-coating-indigo,F:\Obsidian\PF2e-Core-Vault\3-Rules\Character Building\Equipment\C\colorful-coating-indigo.md,Alchemical_Items,"source: vault='Pathfinder Treasure Vault', db='Treasure Vault pg. 52'"
colorful-coating-orange,F:\Obsidian\PF2e-Core-Vault\3-Rules\Character Building\Equipment\C\colorful-coating-orange.md,Alchemical_Items,"source: vault='Pathfinder Treasure Vault', db='Treasure Vault pg. 52'"
colorful-coating-red,F:\Obsidian\PF2e-Core-Vault\3-Rules\Character Building\Equipment\C\colorful-coating-red.md,Alchemical_Items,"source: vault='Pathfinder Treasure Vault', db='Treasure Vault pg. 52'"
colorful-coating-violet,F:\Obsidian\PF2e-Core-Vault\3-Rules\Character Building\Equipment\C\colorful-coating-violet.md,Alchemical_Items,"source: vault='Pathfinder Treasure Vault', db='Treasure Vault pg. 52'"
colorful-coating-yellow,F:\Obsidian\PF2e-Core-Vault\3-Rules\Character Building\Equipment\C\colorful-coating-yellow.md,Alchemical_Items,"source: vault='Pathfinder Treasure Vault', db='Treasure Vault pg. 52'"
combat-grapnel,F:\Obsidian\PF2e-Core-Vault\3-Rules\Character Building\Equipment\C\combat-grapnel.md,Weapon_Basic,"source: vault='Pathfinder Lost Omens Pathfinder Society Guide', db='PFS Guide pg. 80'; traits: vault='finesse, grapple, tethered, thrown-20', db='Finesse, Grapple, Tethered, Thrown 20 ft.'"
combat-lure,F:\Obsidian\PF2e-Core-Vault\3-Rules\Character Building\Equipment\C\combat-lure.md,Weapon_Basic,"source: vault='Pathfinder Treasure Vault', db='Treasure Vault pg. 26'; traits: vault='finesse, tethered, thrown-20, training', db='Finesse, Tethered, Thrown 20 ft., Training'"
comealong,F:\Obsidian\PF2e-Core-Vault\3-Rules\Character Building\Equipment\C\Comealong.md,Mundane,"level: vault='0', db='0.0'; source: vault='Pathfinder Lost Omens PFS Guide', db='PFS Guide pg. 114'"
communication-bangle,F:\Obsidian\PF2e-Core-Vault\3-Rules\Character Building\Equipment\C\communication-bangle.md,Mundane,"level: vault='1', db='1.0'; source: vault='Pathfinder Lost Omens Pathfinder Society Guide', db='PFS Guide pg. 26'"
communication-pendants,F:\Obsidian\PF2e-Core-Vault\3-Rules\Character Building\Equipment\C\communication-pendants.md,Worn_Items,"source: vault='Pathfinder Special: Fumbus!', db='Pathfinder Special: Fumbus pg.'; traits: vault='auditory, invested, magical', db='Auditory, Divination, Invested, Magical, Rare'"
communion-mat,F:\Obsidian\PF2e-Core-Vault\3-Rules\Character Building\Equipment\C\communion-mat.md,Grimoire,"source: vault='Pathfinder Treasure Vault', db='Treasure Vault pg. 111'; traits: vault='grimoire, magical', db='Divination, Grimoire, Magical'"
compass-lensatic,F:\Obsidian\PF2e-Core-Vault\3-Rules\Character Building\Equipment\C\compass-lensatic.md,Mundane,"level: vault='3', db='3.0'"
compass-of-transpositional-awareness,F:\Obsidian\PF2e-Core-Vault\3-Rules\Character Building\Equipment\C\compass-of-transpositional-awareness.md,Held_Items,"source: vault='Pathfinder Dark Archive', db='Dark Archive pg. 154'; traits: vault='invested, magical, teleportation', db='Conjuration, Invested, Magical, Rare, Teleportation'"
compass,F:\Obsidian\PF2e-Core-Vault\3-Rules\Character Building\Equipment\C\Compass.md,Mundane,"level: vault='0', db='0.0'; source: vault='Pathfinder Player Core', db='Player Core pg. 288 2.0'"
composer-staff-greater,F:\Obsidian\PF2e-Core-Vault\3-Rules\Character Building\Equipment\C\composer-staff-greater.md,Staff_Wand,"source: vault='Pathfinder Treasure Vault', db='Treasure Vault pg. 131'; traits: vault='magical, staff, two-hand-d8', db='Enchantment, Magical, Staff'"
composer-staff-major,F:\Obsidian\PF2e-Core-Vault\3-Rules\Character Building\Equipment\C\composer-staff-major.md,Staff_Wand,"source: vault='Pathfinder Treasure Vault', db='Treasure Vault pg. 131'; traits: vault='magical, staff, two-hand-d8', db='Enchantment, Magical, Staff'"
composer-staff,F:\Obsidian\PF2e-Core-Vault\3-Rules\Character Building\Equipment\C\composer-staff.md,Staff_Wand,"source: vault='Pathfinder Treasure Vault', db='Treasure Vault pg. 131'; traits: vault='magical, staff, two-hand-d8', db='Enchantment, Magical, Staff'"
composite-longbow,F:\Obsidian\PF2e-Core-Vault\3-Rules\Character Building\Equipment\C\composite-longbow.md,Weapon_Basic,"level: vault='1', db='0'; source: vault='Pathfinder Player Core', db='Player Core pg. 280 2.0'; traits: vault='deadly-d10, propulsive, volley-30', db='Deadly d10; Propulsive; Volley 30ft'"
composite-shortbow,F:\Obsidian\PF2e-Core-Vault\3-Rules\Character Building\Equipment\C\composite-shortbow.md,Weapon_Basic,"level: vault='1', db='0'; source: vault='Pathfinder Player Core', db='Player Core pg. 280 2.0'"
comprehension-elixir-greater,F:\Obsidian\PF2e-Core-Vault\3-Rules\Character Building\Equipment\C\comprehension-elixir-greater.md,Alchemical_Items,"source: vault='Pathfinder Player Core 2', db='Player Core 2 pg. 287'"
comprehension-elixir-lesser,F:\Obsidian\PF2e-Core-Vault\3-Rules\Character Building\Equipment\C\comprehension-elixir-lesser.md,Alchemical_Items,"source: vault='Pathfinder Player Core 2', db='Player Core 2 pg. 287'"
concealed-sheath,F:\Obsidian\PF2e-Core-Vault\3-Rules\Character Building\Equipment\C\concealed-sheath.md,Mundane,"level: vault='3', db='3.0'; source: vault='Pathfinder Player Core', db='Player Core pg. 288 2.0'"
concealment-coin,F:\Obsidian\PF2e-Core-Vault\3-Rules\Character Building\Equipment\C\concealment-coin.md,Mundane,"level: vault='0', db='0.0'; source: vault='Pathfinder Lost Omens Firebrands', db='Firebrands pg. 82'"
conch-of-otherworldly-seas,F:\Obsidian\PF2e-Core-Vault\3-Rules\Character Building\Equipment\C\conch-of-otherworldly-seas.md,Held_Items,"source: vault='Pathfinder Rage of Elements', db='Rage of Elements pg. 176'; traits: vault='magical, water', db='Magical, Uncommon, Water'"
condensed-mana,F:\Obsidian\PF2e-Core-Vault\3-Rules\Character Building\Equipment\C\condensed-mana.md,Alchemical_Items,"source: vault='Pathfinder Lost Omens Impossible Lands', db='Impossible Lands pg. 234'; traits: vault='alchemical, consumable', db='Alchemical, Consumable, Rare'"
conducting,F:\Obsidian\PF2e-Core-Vault\3-Rules\Character Building\Equipment\C\Conducting.md,Runes,"source: vault='Pathfinder Lost Omens Ancestry Guide', db='Ancestry Guide pg. 139'"
conduit-shot-greater,F:\Obsidian\PF2e-Core-Vault\3-Rules\Character Building\Equipment\C\conduit-shot-greater.md,Consumables,"source: vault='Pathfinder Treasure Vault', db='Treasure Vault pg. 80'; traits: vault='consumable, magical', db='Consumable, Magical, Transmutation'"
conduit-shot-lesser,F:\Obsidian\PF2e-Core-Vault\3-Rules\Character Building\Equipment\C\conduit-shot-lesser.md,Consumables,"source: vault='Pathfinder Treasure Vault', db='Treasure Vault pg. 80'; traits: vault='consumable, magical', db='Consumable, Magical, Transmutation'"
conduit-shot-moderate,F:\Obsidian\PF2e-Core-Vault\3-Rules\Character Building\Equipment\C\conduit-shot-moderate.md,Consumables,"source: vault='Pathfinder Treasure Vault', db='Treasure Vault pg. 80'; traits: vault='consumable, magical', db='Consumable, Magical, Transmutation'"
conflagration-club,F:\Obsidian\PF2e-Core-Vault\3-Rules\Character Building\Equipment\C\conflagration-club.md,Specific_Magic_Weapons,"source: vault='Pathfinder Secrets of Magic', db='Secrets of Magic pg. 182'; traits: vault='backswing, magical, shove', db='Evocation, Magical'"
conrasu-coin-arbiter,F:\Obsidian\PF2e-Core-Vault\3-Rules\Character Building\Equipment\C\conrasu-coin-arbiter.md,Consumables,"rarity: vault='uncommon', db='Rare'; source: vault='Pathfinder Dark Archive', db='Dark Archive pg. 155'; traits: vault='consumable, magical, talisman', db='Consumable, Divination, Magical, Rare, Talisman'"
conrasu-coin-bythos,F:\Obsidian\PF2e-Core-Vault\3-Rules\Character Building\Equipment\C\conrasu-coin-bythos.md,Consumables,"level: vault='10', db='1'; rarity: vault='uncommon', db='Rare'; source: vault='Pathfinder Dark Archive', db='Dark Archive pg. 155'; traits: vault='consumable, magical, talisman', db='Conjuration, Consumable, Magical, Rare, Talisman, Teleportation'"
constricting-meteor,F:\Obsidian\PF2e-Core-Vault\3-Rules\Character Building\Equipment\C\constricting-meteor.md,Specific_Magic_Weapons,"source: vault='Pathfinder Howl of the Wild', db='Howl of the Wild pg. 102 2.0'; traits: vault='backswing, disarm, magical, reach, trip', db='Magical, Uncommon'"
constricting-whip-tail,F:\Obsidian\PF2e-Core-Vault\3-Rules\Character Building\Equipment\C\constricting-whip-tail.md,Grafts,"source: vault='Pathfinder Howl of the Wild', db='Howl of the Wild pg. 99 2.0'"
contagion-metabolizer-greater,F:\Obsidian\PF2e-Core-Vault\3-Rules\Character Building\Equipment\C\contagion-metabolizer-greater.md,Alchemical_Items,"source: vault='Pathfinder Treasure Vault', db='Treasure Vault pg. 59'"
contagion-metabolizer-lesser,F:\Obsidian\PF2e-Core-Vault\3-Rules\Character Building\Equipment\C\contagion-metabolizer-lesser.md,Alchemical_Items,"source: vault='Pathfinder Treasure Vault', db='Treasure Vault pg. 59'"
contagion-metabolizer-moderate,F:\Obsidian\PF2e-Core-Vault\3-Rules\Character Building\Equipment\C\contagion-metabolizer-moderate.md,Alchemical_Items,"source: vault='Pathfinder Treasure Vault', db='Treasure Vault pg. 59'"
containment-contraption,F:\Obsidian\PF2e-Core-Vault\3-Rules\Character Building\Equipment\C\containment-contraption.md,Specific_Magic_Armor,"source: vault='Pathfinder #179: Cradle of Quartz', db='Pathfinder #179: Cradle of Quartz pg. 79'; traits: vault='bulwark, invested, magical', db='Invested, Magical, Transmutation, Uncommon'"
conundrum-spectacles-greater,F:\Obsidian\PF2e-Core-Vault\3-Rules\Character Building\Equipment\C\conundrum-spectacles-greater.md,Worn_Items,"source: vault='Pathfinder Special: Fumbus!', db='Pathfinder Special: Fumbus pg.'; traits: vault='invested, magical', db='Divination, Invested, Magical, Uncommon'"
conundrum-spectacles,F:\Obsidian\PF2e-Core-Vault\3-Rules\Character Building\Equipment\C\conundrum-spectacles.md,Worn_Items,"source: vault='Pathfinder Special: Fumbus!', db='Pathfinder Special: Fumbus pg.'; traits: vault='invested, magical', db='Divination, Invested, Magical, Uncommon'"
cookware,F:\Obsidian\PF2e-Core-Vault\3-Rules\Character Building\Equipment\C\Cookware.md,Mundane,"level: vault='0', db='0.0'; source: vault='Pathfinder Player Core', db='Player Core pg. 288 2.0'"
cooling-elixir-greater,F:\Obsidian\PF2e-Core-Vault\3-Rules\Character Building\Equipment\C\cooling-elixir-greater.md,Alchemical_Items,"source: vault='Pathfinder Player Core 2', db='Player Core 2 pg. 287'"
cooling-elixir-lesser,F:\Obsidian\PF2e-Core-Vault\3-Rules\Character Building\Equipment\C\cooling-elixir-lesser.md,Alchemical_Items,"source: vault='Pathfinder Player Core 2', db='Player Core 2 pg. 287'"
cooling-elixir-moderate,F:\Obsidian\PF2e-Core-Vault\3-Rules\Character Building\Equipment\C\cooling-elixir-moderate.md,Alchemical_Items,"source: vault='Pathfinder Player Core 2', db='Player Core 2 pg. 287'"
cooperative-blade,F:\Obsidian\PF2e-Core-Vault\3-Rules\Character Building\Equipment\C\cooperative-blade.md,Specific_Magic_Weapons,"source: vault='Pathfinder #164: Hands of the Devil', db='Pathfinder #164: Hands of the Devil pg. 71'; traits: vault='magical, versatile-p', db='Divination, Magical, Unique'"
cooperative-waffles-greater,F:\Obsidian\PF2e-Core-Vault\3-Rules\Character Building\Equipment\C\cooperative-waffles-greater.md,Alchemical_Items,"source: vault='Pathfinder Treasure Vault', db='Treasure Vault pg. 47'"
cooperative-waffles,F:\Obsidian\PF2e-Core-Vault\3-Rules\Character Building\Equipment\C\cooperative-waffles.md,Alchemical_Items,"source: vault='Pathfinder Treasure Vault', db='Treasure Vault pg. 47'"
copper-penny,F:\Obsidian\PF2e-Core-Vault\3-Rules\Character Building\Equipment\C\copper-penny.md,Consumables,"source: vault='Pathfinder Treasure Vault', db='Treasure Vault pg. 92'; traits: vault='consumable, magical, talisman', db='Divine, Evocation, Magical, Talisman, Uncommon'"
coral-armor,F:\Obsidian\PF2e-Core-Vault\3-Rules\Character Building\Equipment\C\coral-armor.md,Armor_Basic,"level: vault='0', db='0.0'; source: vault='Pathfinder Treasure Vault', db='Treasure Vault pg. 1'"
cordelias-construct-key,F:\Obsidian\PF2e-Core-Vault\3-Rules\Character Building\Equipment\C\cordelias-construct-key.md,Worn_Items,"source: vault='Pathfinder Lost Omens Pathfinder Society Guide', db='PFS Guide pg. 123'; traits: vault='invested, magical', db='Conjuration, Invested, Magical, Transmutation, Uncommon'"
coronet-of-stars,F:\Obsidian\PF2e-Core-Vault\3-Rules\Character Building\Equipment\C\coronet-of-stars.md,Worn_Items,"source: vault='Pathfinder #192: Worst of All Possible Worlds', db='Pathfinder #192: Worst of All Possible Worlds pg. 69'; traits: vault='apex, invested, magical', db='Apex, Invested, Magical, Necromancy, Rare'"
corpse-compass,F:\Obsidian\PF2e-Core-Vault\3-Rules\Character Building\Equipment\C\corpse-compass.md,Held_Items,"source: vault='Pathfinder #180: The Smoking Gun', db='Pathfinder #180: The Smoking Gun pg. 76'; traits: vault='magical', db='Divination, Magical, Necromancy, Uncommon'"
corpsecaller-round,F:\Obsidian\PF2e-Core-Vault\3-Rules\Character Building\Equipment\C\corpsecaller-round.md,Consumables,"source: vault='Pathfinder #180: The Smoking Gun', db='Pathfinder #180: The Smoking Gun pg. 76'; traits: vault='consumable, magical, void', db='Consumable, Magical, Necromancy, Negative, Uncommon'"
corpseward-pendant,F:\Obsidian\PF2e-Core-Vault\3-Rules\Character Building\Equipment\C\corpseward-pendant.md,Worn_Items,"source: vault='Pathfinder Treasure Vault', db='Treasure Vault pg. 153, Pathfinder #157: Devil at the Dreaming Palace pg. 8'; traits: vault='invested, magical', db='Abjuration, Invested, Magical, Uncommon'"
corrosive-(greater),F:\Obsidian\PF2e-Core-Vault\3-Rules\Character Building\Equipment\C\corrosive-(greater).md,Runes,"source: vault='Pathfinder GM Core', db='Core Rulebook pg. 583'; traits: vault='acid, magical', db='Acid, Conjuration, Magical'"
corrosive-ammunition,F:\Obsidian\PF2e-Core-Vault\3-Rules\Character Building\Equipment\C\corrosive-ammunition.md,Consumables,"source: vault='Pathfinder Player Core 2', db='Player Core 2 pg. 301'; traits: vault='consumable, magical', db='Acid, Consumable, Magical'"
corrosive-engravings,F:\Obsidian\PF2e-Core-Vault\3-Rules\Character Building\Equipment\C\corrosive-engravings.md,Grimoire,"source: vault='Pathfinder Treasure Vault', db='Treasure Vault pg. 111'; traits: vault='acid, grimoire, magical', db='Acid, Conjuration, Grimoire, Magical'"
corrosive,F:\Obsidian\PF2e-Core-Vault\3-Rules\Character Building\Equipment\C\Corrosive.md,Runes,"source: vault='Pathfinder GM Core', db='Core Rulebook pg. 583'; traits: vault='acid, magical', db='Acid, Conjuration, Magical'"
corruption-cassock,F:\Obsidian\PF2e-Core-Vault\3-Rules\Character Building\Equipment\C\corruption-cassock.md,Cursed,"source: vault='Pathfinder Treasure Vault', db='Treasure Vault pg. 190'; traits: vault='cursed, divine, focused, intelligent, invested', db='Rare, No Alignment, Cursed, Divination, Divine, Focused, Intelligent, Invested'"
corset-knife,F:\Obsidian\PF2e-Core-Vault\3-Rules\Character Building\Equipment\C\corset-knife.md,Weapon_Basic,"source: vault='Pathfinder Treasure Vault', db='Treasure Vault pg. 26'; traits: vault='agile, concealable, finesse, thrown-10', db='Agile, Concealable, Finesse, Thrown 10 ft.'"
courtiers-pillow-book,F:\Obsidian\PF2e-Core-Vault\3-Rules\Character Building\Equipment\C\courtiers-pillow-book.md,Grimoire,"source: vault='Pathfinder Treasure Vault', db='Treasure Vault pg. 112'; traits: vault='grimoire, magical', db='Enchantment, Grimoire, Magical'"
covenant-tea,F:\Obsidian\PF2e-Core-Vault\3-Rules\Character Building\Equipment\C\covenant-tea.md,Consumables,"source: vault='Pathfinder #197: Let the Leaves Fall', db='Pathfinder #197: Let the Leaves Fall pg. 77'; traits: vault='consumable, magical, potion, tea', db='Consumable, Enchantment, Magical, Potion, Tea, Uncommon'"
cowl-of-keys,F:\Obsidian\PF2e-Core-Vault\3-Rules\Character Building\Equipment\C\cowl-of-keys.md,Worn_Items,"source: vault='Pathfinder #192: Worst of All Possible Worlds', db='Pathfinder #192: Worst of All Possible Worlds pg. 70'; traits: vault='apex, invested, magical', db='Apex, Conjuration, Invested, Magical, Rare'"
coyote-cloak-greater,F:\Obsidian\PF2e-Core-Vault\3-Rules\Character Building\Equipment\C\coyote-cloak-greater.md,Worn_Items,"source: vault='Pathfinder GM Core', db='Core Rulebook pg. 69'; traits: vault='invested, magical', db='Divination, Invested, Magical'"
coyote-cloak,F:\Obsidian\PF2e-Core-Vault\3-Rules\Character Building\Equipment\C\coyote-cloak.md,Worn_Items,"source: vault='Pathfinder GM Core', db='Core Rulebook pg. 69'; traits: vault='invested, magical', db='Divination, Invested, Magical'"
crackling-bubble-gum-greater,F:\Obsidian\PF2e-Core-Vault\3-Rules\Character Building\Equipment\C\crackling-bubble-gum-greater.md,Alchemical_Items,"source: vault='Pathfinder Treasure Vault', db='Treasure Vault pg. 47'"
crackling-bubble-gum-lesser,F:\Obsidian\PF2e-Core-Vault\3-Rules\Character Building\Equipment\C\crackling-bubble-gum-lesser.md,Alchemical_Items,"source: vault='Pathfinder Treasure Vault', db='Treasure Vault pg. 47'"
crackling-bubble-gum-major,F:\Obsidian\PF2e-Core-Vault\3-Rules\Character Building\Equipment\C\crackling-bubble-gum-major.md,Alchemical_Items,"source: vault='Pathfinder Treasure Vault', db='Treasure Vault pg. 47'"
crackling-bubble-gum-moderate,F:\Obsidian\PF2e-Core-Vault\3-Rules\Character Building\Equipment\C\crackling-bubble-gum-moderate.md,Alchemical_Items,"source: vault='Pathfinder Treasure Vault', db='Treasure Vault pg. 47'"
crafters-eyepiece-greater,F:\Obsidian\PF2e-Core-Vault\3-Rules\Character Building\Equipment\C\crafters-eyepiece-greater.md,Worn_Items,"source: vault='Pathfinder GM Core', db='Core Rulebook pg. 69'; traits: vault='invested, magical', db='Invested, Magical, Transmutation'"
crafters-eyepiece,F:\Obsidian\PF2e-Core-Vault\3-Rules\Character Building\Equipment\C\crafters-eyepiece.md,Worn_Items,"source: vault='Pathfinder GM Core', db='Core Rulebook pg. 69'; traits: vault='invested, magical', db='Invested, Magical, Transmutation'"
crescent-cross,F:\Obsidian\PF2e-Core-Vault\3-Rules\Character Building\Equipment\C\crescent-cross.md,Weapon_Basic,"source: vault='Pathfinder Treasure Vault', db='Treasure Vault pg. 31'; traits: vault='capacity-3, combination, parry', db='Critical Fusion, Parry, Combination'"
cresset-of-grisly-interrogation,F:\Obsidian\PF2e-Core-Vault\3-Rules\Character Building\Equipment\C\cresset-of-grisly-interrogation.md,Held_Items,"source: vault='Pathfinder Adventure: Crown of the Kobold King', db='Crown of the Kobold King pg. 114'; traits: vault='magical', db='Magical, Necromancy, Rare'"
crimson-bluff,F:\Obsidian\PF2e-Core-Vault\3-Rules\Character Building\Equipment\C\crimson-bluff.md,Specific_Magic_Weapons,"level: vault='15', db='16'; source: vault='Pathfinder Adventure: Prey for Death', db='Prey for Death pg. 102'; traits: vault='agile, finesse, illusion, magical, twin', db='Illusion, Magical, Rare'"
crimson-brand,F:\Obsidian\PF2e-Core-Vault\3-Rules\Character Building\Equipment\C\crimson-brand.md,Specific_Magic_Weapons,"source: vault='Pathfinder Lost Omens Character Guide', db='Character Guide pg. 82'; traits: vault='magical, two-hand-d12', db='Evocation, Magical'"
crimson-tome,F:\Obsidian\PF2e-Core-Vault\3-Rules\Character Building\Equipment\C\crimson-tome.md,Grimoire,"source: vault='Pathfinder Adventure: Prey for Death', db='Prey for Death pg. 103'; traits: vault='grimoire, illusion', db='Grimoire, Illusion, Rare'"
crimson-worm-repellent,F:\Obsidian\PF2e-Core-Vault\3-Rules\Character Building\Equipment\C\crimson-worm-repellent.md,Alchemical_Items,"source: vault='Pathfinder #155: Lord of the Black Sands', db='Pathfinder #155: Lord of the Black Sands pg. 75'; traits: vault='alchemical, consumable', db='Alchemical, Consumable, Uncommon'"
crossbow,F:\Obsidian\PF2e-Core-Vault\3-Rules\Character Building\Equipment\C\Crossbow.md,Weapon_Basic,"source: vault='Pathfinder Player Core', db='Player Core pg. 280 2.0'"
crowbar-(levered),F:\Obsidian\PF2e-Core-Vault\3-Rules\Character Building\Equipment\C\crowbar-(levered).md,Mundane,"level: vault='3', db='3.0'; source: vault='Pathfinder Player Core', db='Player Core pg. 288 2.0'"
crowbar,F:\Obsidian\PF2e-Core-Vault\3-Rules\Character Building\Equipment\C\Crowbar.md,Mundane,"source: vault='Pathfinder Player Core', db='Player Core pg. 288 2.0'"
crown-of-insight,F:\Obsidian\PF2e-Core-Vault\3-Rules\Character Building\Equipment\C\crown-of-insight.md,Tattoos,"source: vault='Pathfinder Lost Omens The Grand Bazaar', db='Grand Bazaar pg. 38'; traits: vault='invested, magical, tattoo', db='Abjuration, Invested, Magical, Tattoo, Uncommon'"
crown-of-the-companion,F:\Obsidian\PF2e-Core-Vault\3-Rules\Character Building\Equipment\C\crown-of-the-companion.md,Worn_Items,"source: vault='Pathfinder Treasure Vault', db='Treasure Vault pg. 151, Pathfinder #17: Spoken on the Song Wind pg. 75'; traits: vault='healing, invested, magical, vitality', db='Healing, Invested, Magical, Necromancy, Positive, Uncommon'"
crown-of-the-fire-eater-greater,F:\Obsidian\PF2e-Core-Vault\3-Rules\Character Building\Equipment\C\crown-of-the-fire-eater-greater.md,Worn_Items,"source: vault='Pathfinder Lost Omens The Grand Bazaar', db='Grand Bazaar pg. 110'; traits: vault='invested, magical', db='Evocation, Invested, Magical, Uncommon'"
crown-of-the-fire-eater-major,F:\Obsidian\PF2e-Core-Vault\3-Rules\Character Building\Equipment\C\crown-of-the-fire-eater-major.md,Worn_Items,"source: vault='Pathfinder Lost Omens The Grand Bazaar', db='Grand Bazaar pg. 110'; traits: vault='invested, magical', db='Evocation, Invested, Magical, Uncommon'"
crown-of-the-fire-eater,F:\Obsidian\PF2e-Core-Vault\3-Rules\Character Building\Equipment\C\crown-of-the-fire-eater.md,Worn_Items,"source: vault='Pathfinder Lost Omens The Grand Bazaar', db='Grand Bazaar pg. 110'; traits: vault='invested, magical', db='Evocation, Invested, Magical, Uncommon'"
crushing-coils,F:\Obsidian\PF2e-Core-Vault\3-Rules\Character Building\Equipment\C\crushing-coils.md,Specific_Magic_Armor,"source: vault='Pathfinder Treasure Vault', db='Treasure Vault pg. 191'; traits: vault='cursed, invested, magical', db='Rare, Cursed, Evocation, Invested, Magical'"
crushing-greater,F:\Obsidian\PF2e-Core-Vault\3-Rules\Character Building\Equipment\C\crushing-greater.md,Runes,"source: vault='Pathfinder Lost Omens The Grand Bazaar', db='Grand Bazaar pg. 42'; traits: vault='magical', db='Magical, Necromancy, Uncommon'"
crushing,F:\Obsidian\PF2e-Core-Vault\3-Rules\Character Building\Equipment\C\Crushing.md,Runes,"level: vault='9', db='3'; source: vault='Pathfinder Lost Omens The Grand Bazaar', db='Grand Bazaar pg. 42'; traits: vault='magical', db='Magical, Necromancy, Uncommon'"
cruuk,F:\Obsidian\PF2e-Core-Vault\3-Rules\Character Building\Equipment\C\Cruuk.md,Weapon_Basic,"source: vault='Pathfinder Player Core 2', db='Player Core 2 pg. 274'; traits: vault='shove, thrown 30 ft., tripkee', db='Shove; Thrown; Tripkee'"
crying-angel-pendant,F:\Obsidian\PF2e-Core-Vault\3-Rules\Character Building\Equipment\C\crying-angel-pendant.md,Consumables,"source: vault='Pathfinder GM Core', db='Core Rulebook pg. 566'; traits: vault='consumable, divine, talisman', db='Consumable, Divine, Necromancy, Talisman'"
crystal-ball-clear-quartz,F:\Obsidian\PF2e-Core-Vault\3-Rules\Character Building\Equipment\C\crystal-ball-clear-quartz.md,Held_Items,"source: vault='Pathfinder GM Core', db='Core Rulebook pg. 572'; traits: vault='magical, scrying', db='Divination, Magical, Scrying, Uncommon'"
crystal-ball-moonstone,F:\Obsidian\PF2e-Core-Vault\3-Rules\Character Building\Equipment\C\crystal-ball-moonstone.md,Held_Items,"source: vault='Pathfinder GM Core', db='Core Rulebook pg. 572'; traits: vault='magical, scrying', db='Divination, Magical, Scrying, Uncommon'"
crystal-ball-obsidian,F:\Obsidian\PF2e-Core-Vault\3-Rules\Character Building\Equipment\C\crystal-ball-obsidian.md,Held_Items,"source: vault='Pathfinder GM Core', db='Core Rulebook pg. 572'; traits: vault='magical, scrying', db='Divination, Magical, Scrying, Uncommon'"
crystal-ball-peridot,F:\Obsidian\PF2e-Core-Vault\3-Rules\Character Building\Equipment\C\crystal-ball-peridot.md,Held_Items,"source: vault='Pathfinder GM Core', db='Core Rulebook pg. 572'; traits: vault='magical, scrying', db='Divination, Magical, Scrying, Uncommon'"
crystal-ball-selenite,F:\Obsidian\PF2e-Core-Vault\3-Rules\Character Building\Equipment\C\crystal-ball-selenite.md,Held_Items,"source: vault='Pathfinder GM Core', db='Core Rulebook pg. 572'; traits: vault='magical, scrying', db='Divination, Magical, Scrying, Uncommon'"
crystal-shards-greater,F:\Obsidian\PF2e-Core-Vault\3-Rules\Character Building\Equipment\C\crystal-shards-greater.md,Alchemical_Items,"source: vault='Pathfinder Player Core 2', db='Player Core 2 pg. 284'"
crystal-shards-major,F:\Obsidian\PF2e-Core-Vault\3-Rules\Character Building\Equipment\C\crystal-shards-major.md,Alchemical_Items,"source: vault='Pathfinder Player Core 2', db='Player Core 2 pg. 284'"
crystal-shards-moderate,F:\Obsidian\PF2e-Core-Vault\3-Rules\Character Building\Equipment\C\crystal-shards-moderate.md,Alchemical_Items,"source: vault='Pathfinder Player Core 2', db='Player Core 2 pg. 284'"
cube-of-recall,F:\Obsidian\PF2e-Core-Vault\3-Rules\Character Building\Equipment\C\cube-of-recall.md,Held_Items,"source: vault='Pathfinder Treasure Vault', db='Treasure Vault pg. 114'; traits: vault='magical', db='Conjuration, Magical'"
cultist-cowl-greater,F:\Obsidian\PF2e-Core-Vault\3-Rules\Character Building\Equipment\C\cultist-cowl-greater.md,Worn_Items,"source: vault='Pathfinder #200: Seven Dooms for Sandpoint', db='Pathfinder #200: Seven Dooms for Sandpoint pg. 181'; traits: vault='divine, magical', db='Enchantment, Magical, Uncommon'"
cultist-cowl-major,F:\Obsidian\PF2e-Core-Vault\3-Rules\Character Building\Equipment\C\cultist-cowl-major.md,Worn_Items,"source: vault='Pathfinder #200: Seven Dooms for Sandpoint', db='Pathfinder #200: Seven Dooms for Sandpoint pg. 181'; traits: vault='divine, magical', db='Enchantment, Magical, Uncommon'"
cultist-cowl,F:\Obsidian\PF2e-Core-Vault\3-Rules\Character Building\Equipment\C\cultist-cowl.md,Worn_Items,"source: vault='Pathfinder #200: Seven Dooms for Sandpoint', db='Pathfinder #200: Seven Dooms for Sandpoint pg. 181'; traits: vault='divine, magical', db='Enchantment, Magical, Uncommon'"
cunning,F:\Obsidian\PF2e-Core-Vault\3-Rules\Character Building\Equipment\C\Cunning.md,Runes,"source: vault='Pathfinder Lost Omens PFS Guide', db='PFS Guide pg. 123'; traits: vault='divination, magical', db='Divination, Magical, Uncommon'"
curare,F:\Obsidian\PF2e-Core-Vault\3-Rules\Character Building\Equipment\C\Curare.md,Alchemical_Items,"source: vault='Pathfinder Treasure Vault', db='Treasure Vault pg. 68'"
curled-cure-gel,F:\Obsidian\PF2e-Core-Vault\3-Rules\Character Building\Equipment\C\curled-cure-gel.md,Alchemical_Items,"source: vault='Pathfinder Lost Omens Travel Guide', db='Travel Guide pg. 101'"
cursed-dreamstone,F:\Obsidian\PF2e-Core-Vault\3-Rules\Character Building\Equipment\C\cursed-dreamstone.md,Cursed,"source: vault='Pathfinder #147: Tomorrow Must Burn', db='Pathfinder #147: Tomorrow Must Burn pg. 71'; traits: vault='cursed, magical', db='Rare, Cursed, Enchantment, Magical'"
cursed-dreamstone,F:\Obsidian\PF2e-Core-Vault\3-Rules\Character Building\Equipment\C\cursed-dreamstone.md,Held_Items,"rarity: vault='rare', db='Uncommon'; source: vault='Pathfinder #147: Tomorrow Must Burn', db='Pathfinder #147: Tomorrow Must Burn pg. 71'; traits: vault='cursed, magical', db='Enchantment, Magical, Uncommon'"
curtain-call-cloak,F:\Obsidian\PF2e-Core-Vault\3-Rules\Character Building\Equipment\C\curtain-call-cloak.md,Worn_Items,"source: vault='Pathfinder #185: A Taste of Ashes', db='Pathfinder #185: A Taste of Ashes pg. 78'; traits: vault='invested, magical', db='Evocation, Invested, Magical, Uncommon'"
cytillesh-oil,F:\Obsidian\PF2e-Core-Vault\3-Rules\Character Building\Equipment\C\cytillesh-oil.md,Alchemical_Items,"source: vault='Pathfinder Player Core', db='Player Core 2 pg. 292'"
cytillesh,F:\Obsidian\PF2e-Core-Vault\3-Rules\Character Building\Equipment\C\Cytillesh.md,Alchemical_Items,"source: vault='Pathfinder Gamemastery Guide', db='Gamemastery Guide pg. 121'; traits: vault='alchemical, consumable, drug, ingested, poison', db='Alchemical, Consumable, Drug, Ingested, Poison, Uncommon'"
dagger-of-eternal-sleep,F:\Obsidian\PF2e-Core-Vault\3-Rules\Character Building\Equipment\D\dagger-of-eternal-sleep.md,Consumables,"source: vault='Pathfinder Lost Omens Gods & Magic', db='Gods & Magic pg. 121'; traits: vault='agile, consumable, finesse, magical, thrown-10, versatile-s', db='Consumable, Magical, Necromancy, Uncommon'"
dagger,F:\Obsidian\PF2e-Core-Vault\3-Rules\Character Building\Equipment\D\Dagger.md,Weapon_Basic,"source: vault='Pathfinder Player Core', db='Player Core pg. 277 2.0'"
Daikyu,F:\Obsidian\PF2e-Core-Vault\3-Rules\Character Building\Equipment\D\Daikyu.md,Weapon_Basic,"source: vault='Pathfinder Player Core 2', db='Player Core 2 pg. 274'; traits: vault='forceful, propulsive', db='Forceful, Propulsive, Uncommon'"
dancers-spear,F:\Obsidian\PF2e-Core-Vault\3-Rules\Character Building\Equipment\D\dancers-spear.md,Weapon_Basic,"source: vault='Pathfinder Treasure Vault', db='Treasure Vault pg. 26'"
dancing-lamentation,F:\Obsidian\PF2e-Core-Vault\3-Rules\Character Building\Equipment\D\dancing-lamentation.md,Alchemical_Items,"source: vault='Pathfinder Treasure Vault', db='Treasure Vault pg. 68'"
dancing-scarf-greater,F:\Obsidian\PF2e-Core-Vault\3-Rules\Character Building\Equipment\D\dancing-scarf-greater.md,Worn_Items,"source: vault='Pathfinder GM Core', db='Core Rulebook pg. 69'; traits: vault='invested, magical, visual', db='Illusion, Invested, Magical, Visual'"
dancing-scarf,F:\Obsidian\PF2e-Core-Vault\3-Rules\Character Building\Equipment\D\dancing-scarf.md,Worn_Items,"source: vault='Pathfinder GM Core', db='Core Rulebook pg. 69'; traits: vault='invested, magical, visual', db='Illusion, Invested, Magical, Visual'"
Dandpatta,F:\Obsidian\PF2e-Core-Vault\3-Rules\Character Building\Equipment\D\Dandpatta.md,Weapon_Basic,"rarity: vault='uncommon', db='Rare'; source: vault='Pathfinder Lost Omens Impossible Lands', db='Impossible Lands pg. 220'"
daredevil-boots-greater,F:\Obsidian\PF2e-Core-Vault\3-Rules\Character Building\Equipment\D\daredevil-boots-greater.md,Worn_Items,"source: vault='Pathfinder GM Core', db='Core Rulebook pg. 69'; traits: vault='invested, magical', db='Abjuration, Invested, Magical'"
daredevil-boots,F:\Obsidian\PF2e-Core-Vault\3-Rules\Character Building\Equipment\D\daredevil-boots.md,Worn_Items,"source: vault='Pathfinder GM Core', db='Core Rulebook pg. 69'; traits: vault='invested, magical', db='Abjuration, Invested, Magical'"
dark-pepper-powder,F:\Obsidian\PF2e-Core-Vault\3-Rules\Character Building\Equipment\D\dark-pepper-powder.md,Alchemical_Items,"source: vault='Pathfinder Lost Omens Highhelm', db='Highhelm pg. 86'; traits: vault='alchemical, consumable, inhaled', db='Alchemical, Consumable, Inhaled, Uncommon'"
darkvision-elixir-greater,F:\Obsidian\PF2e-Core-Vault\3-Rules\Character Building\Equipment\D\darkvision-elixir-greater.md,Alchemical_Items,"source: vault='Pathfinder GM Core', db='Player Core 2 pg. 287, GM Core pg. 246 2.0'"
darkvision-elixir-lesser,F:\Obsidian\PF2e-Core-Vault\3-Rules\Character Building\Equipment\D\darkvision-elixir-lesser.md,Alchemical_Items,"source: vault='Pathfinder GM Core', db='Player Core 2 pg. 287, GM Core pg. 246 2.0'"
darkvision-elixir-moderate,F:\Obsidian\PF2e-Core-Vault\3-Rules\Character Building\Equipment\D\darkvision-elixir-moderate.md,Alchemical_Items,"source: vault='Pathfinder GM Core', db='Player Core 2 pg. 287, GM Core pg. 246 2.0'"
Dart Shield,F:\Obsidian\PF2e-Core-Vault\3-Rules\Character Building\Equipment\D\dart-shield.md,Shield_Basic,"level: vault='0', db='0.0'; source: vault='Pathfinder Treasure Vault', db='Treasure Vault pg. 2'"
Dart,F:\Obsidian\PF2e-Core-Vault\3-Rules\Character Building\Equipment\D\Dart.md,Weapon_Basic,"source: vault='Pathfinder Player Core', db='Player Core pg. 280 2.0'"
dawnlight-greater,F:\Obsidian\PF2e-Core-Vault\3-Rules\Character Building\Equipment\D\dawnlight-greater.md,Held_Items,"source: vault='Pathfinder Book of the Dead', db='Book of the Dead pg. 18'; traits: vault='divine', db='Divine, Evocation, Uncommon'"
dawnlight-major,F:\Obsidian\PF2e-Core-Vault\3-Rules\Character Building\Equipment\D\dawnlight-major.md,Held_Items,"source: vault='Pathfinder Book of the Dead', db='Book of the Dead pg. 18'; traits: vault='divine', db='Divine, Evocation, Uncommon'"
Dawnlight,F:\Obsidian\PF2e-Core-Vault\3-Rules\Character Building\Equipment\D\Dawnlight.md,Held_Items,"source: vault='Pathfinder Book of the Dead', db='Book of the Dead pg. 18'; traits: vault='divine', db='Divine, Evocation, Uncommon'"
day-goggles,F:\Obsidian\PF2e-Core-Vault\3-Rules\Character Building\Equipment\D\day-goggles.md,Mundane,"level: vault='2', db='2.0'; source: vault='Pathfinder Guns & Gears', db='Guns & Gears pg. 87'"
daylight-vapor,F:\Obsidian\PF2e-Core-Vault\3-Rules\Character Building\Equipment\D\daylight-vapor.md,Alchemical_Items,"source: vault='Pathfinder #160: Assault on Hunting Lodge Seven', db='Pathfinder #160: Assault on Hunting Lodge Seven pg. 77'; traits: vault='consumable, divine, inhaled, poison', db='Consumable, Divine, Inhaled, Poison, Uncommon'"
dazing-coil,F:\Obsidian\PF2e-Core-Vault\3-Rules\Character Building\Equipment\D\dazing-coil.md,Consumables,"source: vault='Pathfinder GM Core', db='Core Rulebook pg. 566'; traits: vault='consumable, magical, talisman', db='Consumable, Enchantment, Magical, Talisman'"
dazzling-rosary-greater,F:\Obsidian\PF2e-Core-Vault\3-Rules\Character Building\Equipment\D\dazzling-rosary-greater.md,Consumables,"source: vault='Pathfinder Secrets of Magic', db='Secrets of Magic pg. 168'"
dazzling-rosary,F:\Obsidian\PF2e-Core-Vault\3-Rules\Character Building\Equipment\D\dazzling-rosary.md,Consumables,"source: vault='Pathfinder Secrets of Magic', db='Secrets of Magic pg. 168'"
deadly-slashing-claws,F:\Obsidian\PF2e-Core-Vault\3-Rules\Character Building\Equipment\D\deadly-slashing-claws.md,Grafts,"source: vault='Pathfinder Howl of the Wild', db='Howl of the Wild pg. 98 2.0'"
deadweight-mutagen-greater,F:\Obsidian\PF2e-Core-Vault\3-Rules\Character Building\Equipment\D\deadweight-mutagen-greater.md,Alchemical_Items,"source: vault='Pathfinder Treasure Vault', db='Treasure Vault pg. 59'"
deadweight-mutagen-lesser,F:\Obsidian\PF2e-Core-Vault\3-Rules\Character Building\Equipment\D\deadweight-mutagen-lesser.md,Alchemical_Items,"source: vault='Pathfinder Treasure Vault', db='Treasure Vault pg. 59'"
deadweight-mutagen-major,F:\Obsidian\PF2e-Core-Vault\3-Rules\Character Building\Equipment\D\deadweight-mutagen-major.md,Alchemical_Items,"source: vault='Pathfinder Treasure Vault', db='Treasure Vault pg. 59'"
deadweight-mutagen-moderate,F:\Obsidian\PF2e-Core-Vault\3-Rules\Character Building\Equipment\D\deadweight-mutagen-moderate.md,Alchemical_Items,"source: vault='Pathfinder Treasure Vault', db='Treasure Vault pg. 59'"
deadweight-snare,F:\Obsidian\PF2e-Core-Vault\3-Rules\Character Building\Equipment\D\deadweight-snare.md,Snares,"source: vault='Pathfinder Player Core 2', db='Player Core 2 pg. 298 1.1'; traits: vault='consumable, kobold, mechanical, snare, trap', db='Consumable, Kobold, Mechanical, Snare, Trap, Uncommon'"
deafening-music-box,F:\Obsidian\PF2e-Core-Vault\3-Rules\Character Building\Equipment\D\deafening-music-box.md,Held_Items,"source: vault='Pathfinder #158: Sixty Feet Under', db='Pathfinder #158: Sixty Feet Under pg. 75'; traits: vault='auditory, magical', db='Auditory, Evocation, Magical, Uncommon'"
death-coil,F:\Obsidian\PF2e-Core-Vault\3-Rules\Character Building\Equipment\D\death-coil.md,Snares,"source: vault='Pathfinder Guns & Gears', db='Guns & Gears pg. 79 2.0'; traits: vault='consumable, electricity, mechanical, snare, trap', db='Consumable, Electricity, Mechanical, Rare, Snare, Trap'"
deathcap-powder,F:\Obsidian\PF2e-Core-Vault\3-Rules\Character Building\Equipment\D\deathcap-powder.md,Alchemical_Items,"source: vault='Pathfinder GM Core', db='Player Core 2 pg. 292, GM Core pg. 249 2.0'"
Deathdrinking,F:\Obsidian\PF2e-Core-Vault\3-Rules\Character Building\Equipment\D\Deathdrinking.md,Runes,"source: vault='Pathfinder Kingmaker Companion Guide', db='Kingmaker Companion Guide pg. 96'; traits: vault='magical, necromancy', db='Magical, Necromancy, Rare'"
deathless-light,F:\Obsidian\PF2e-Core-Vault\3-Rules\Character Building\Equipment\D\deathless-light.md,Consumables,"source: vault='Pathfinder #172: Secrets of the Temple-City', db='Pathfinder #172: Secrets of the Temple City pg. 85'; traits: vault='catalyst, consumable, magical', db='Catalyst, Consumable, Magical, Uncommon'"
Deathless,F:\Obsidian\PF2e-Core-Vault\3-Rules\Character Building\Equipment\D\Deathless.md,Runes,"source: vault='Pathfinder Lost Omens The Grand Bazaar', db='Grand Bazaar pg. 10'; traits: vault='healing, magical, necromancy', db='Healing, Magical, Necromancy, Uncommon'"
Deathseeker,F:\Obsidian\PF2e-Core-Vault\3-Rules\Character Building\Equipment\D\Deathseeker.md,Specific_Magic_Weapons,"source: vault='Pathfinder Lost Omens Tian Xia Character Guide', db='Tian Xia Character Guide pg. 128'; traits: vault='agile, deadly d8, finesse, magical', db='Magical'"
decanter-of-endless-water,F:\Obsidian\PF2e-Core-Vault\3-Rules\Character Building\Equipment\D\decanter-of-endless-water.md,Held_Items,"source: vault='Pathfinder Core Rulebook', db='Core Rulebook pg. 573'; traits: vault='magical, water', db='Conjuration, Magical, Water'"
deck-of-illusions,F:\Obsidian\PF2e-Core-Vault\3-Rules\Character Building\Equipment\D\deck-of-illusions.md,Held_Items,"source: vault='Pathfinder Secrets of Magic', db='Secrets of Magic pg. 182'; traits: vault='illusion, magical', db='Illusion, Magical, Uncommon'"
deck-of-mischief,F:\Obsidian\PF2e-Core-Vault\3-Rules\Character Building\Equipment\D\deck-of-mischief.md,Held_Items,"source: vault='Pathfinder Secrets of Magic', db='Secrets of Magic pg. 183'; traits: vault='illusion, magical', db='Illusion, Magical, Uncommon'"
deepdread-claw,F:\Obsidian\PF2e-Core-Vault\3-Rules\Character Building\Equipment\D\deepdread-claw.md,Specific_Magic_Weapons,"source: vault='Pathfinder Lost Omens Legends', db='Legends pg. 28'; traits: vault='invested, magical, monk, thrown-20', db='Evocation, Invested, Magical, Rare'"
defiled-costa-greater,F:\Obsidian\PF2e-Core-Vault\3-Rules\Character Building\Equipment\D\defiled-costa-greater.md,Consumables,"source: vault='Pathfinder Lost Omens Impossible Lands', db='Impossible Lands pg. 177'; traits: vault='catalyst, consumable, magical', db='Catalyst, Consumable, Magical, Rare'"
defiled-costa,F:\Obsidian\PF2e-Core-Vault\3-Rules\Character Building\Equipment\D\defiled-costa.md,Consumables,"source: vault='Pathfinder Lost Omens Impossible Lands', db='Impossible Lands pg. 177'; traits: vault='catalyst, consumable, magical', db='Catalyst, Consumable, Magical, Rare'"
deflecting-branch,F:\Obsidian\PF2e-Core-Vault\3-Rules\Character Building\Equipment\D\deflecting-branch.md,Specific_Magic_Weapons,"source: vault='Pathfinder #172: Secrets of the Temple-City', db='Pathfinder #172: Secrets of the Temple City pg. 75'; traits: vault='backswing, magical, shove', db='Abjuration, Magical'"
delve-scale,F:\Obsidian\PF2e-Core-Vault\3-Rules\Character Building\Equipment\D\delve-scale.md,Alchemical_Items,"source: vault='Pathfinder Treasure Vault', db='Treasure Vault pg. 47'"
demilich-eye-gem,F:\Obsidian\PF2e-Core-Vault\3-Rules\Character Building\Equipment\D\demilich-eye-gem.md,Held_Items,"source: vault='Pathfinder Bestiary', db='Bestiary pg. 223'; traits: vault='arcane', db='Arcane, Rare'"
demolishing,F:\Obsidian\PF2e-Core-Vault\3-Rules\Character Building\Equipment\D\Demolishing.md,Runes,"source: vault='Pathfinder Special: Fumbus', db='Pathfinder Special: Fumbus pg.'; traits: vault='magical', db='Evocation, Magical, Rare'"
demolition-fulu-greater,F:\Obsidian\PF2e-Core-Vault\3-Rules\Character Building\Equipment\D\demolition-fulu-greater.md,Consumables,"source: vault='Pathfinder Treasure Vault', db='Treasure Vault pg. 76'; traits: vault='consumable, fulu, magical', db='Consumable, Evocation, Fulu, Magical'"
demolition-fulu-lesser,F:\Obsidian\PF2e-Core-Vault\3-Rules\Character Building\Equipment\D\demolition-fulu-lesser.md,Consumables,"source: vault='Pathfinder Treasure Vault', db='Treasure Vault pg. 76'; traits: vault='consumable, fulu, magical', db='Consumable, Evocation, Fulu, Magical'"
demolition-fulu-moderate,F:\Obsidian\PF2e-Core-Vault\3-Rules\Character Building\Equipment\D\demolition-fulu-moderate.md,Consumables,"source: vault='Pathfinder Treasure Vault', db='Treasure Vault pg. 76'; traits: vault='consumable, fulu, magical', db='Consumable, Evocation, Fulu, Magical'"
demon-dust,F:\Obsidian\PF2e-Core-Vault\3-Rules\Character Building\Equipment\D\demon-dust.md,Alchemical_Items,"source: vault='Pathfinder Lost Omens Absalom, City of Lost Omens', db='Absalom, City of Lost Omens pg. 391'; traits: vault='alchemical, consumable, drug, inhaled, poison', db='Alchemical, Consumable, Drug, Inhaled, Poison, Uncommon'"
demon-mask-greater,F:\Obsidian\PF2e-Core-Vault\3-Rules\Character Building\Equipment\D\demon-mask-greater.md,Worn_Items,"source: vault='Pathfinder GM Core', db='Core Rulebook pg. 69'; traits: vault='invested, magical', db='Enchantment, Invested, Magical'"
demon-mask,F:\Obsidian\PF2e-Core-Vault\3-Rules\Character Building\Equipment\D\demon-mask.md,Worn_Items,"source: vault='Pathfinder GM Core', db='Core Rulebook pg. 69'; traits: vault='invested, magical', db='Enchantment, Invested, Magical'"
demortification-oil,F:\Obsidian\PF2e-Core-Vault\3-Rules\Character Building\Equipment\D\demortification-oil.md,Held_Items,"source: vault='Pathfinder #200: Seven Dooms for Sandpoint', db='Pathfinder #200: Seven Dooms for Sandpoint pg. 182'; traits: vault='consumable, magical, oil', db='Consumable, Magical, Necromancy, Oil, Rare'"
depth-charge-ii,F:\Obsidian\PF2e-Core-Vault\3-Rules\Character Building\Equipment\D\depth-charge-ii.md,Consumables,"source: vault='Pathfinder Treasure Vault', db='Treasure Vault pg. 81'; traits: vault='consumable, magical', db='Consumable, Evocation, Magical'"
depth-charge-iii,F:\Obsidian\PF2e-Core-Vault\3-Rules\Character Building\Equipment\D\depth-charge-iii.md,Consumables,"source: vault='Pathfinder Treasure Vault', db='Treasure Vault pg. 81'; traits: vault='consumable, magical', db='Consumable, Evocation, Magical'"
depth-charge-iv,F:\Obsidian\PF2e-Core-Vault\3-Rules\Character Building\Equipment\D\depth-charge-iv.md,Consumables,"source: vault='Pathfinder Treasure Vault', db='Treasure Vault pg. 81'; traits: vault='consumable, magical', db='Consumable, Evocation, Magical'"
depth-charge-v,F:\Obsidian\PF2e-Core-Vault\3-Rules\Character Building\Equipment\D\depth-charge-v.md,Consumables,"source: vault='Pathfinder Treasure Vault', db='Treasure Vault pg. 81'; traits: vault='consumable, magical', db='Consumable, Evocation, Magical'"
depth-charge-vi,F:\Obsidian\PF2e-Core-Vault\3-Rules\Character Building\Equipment\D\depth-charge-vi.md,Consumables,"source: vault='Pathfinder Treasure Vault', db='Treasure Vault pg. 81'; traits: vault='consumable, magical', db='Consumable, Evocation, Magical'"
depth-charge-vii,F:\Obsidian\PF2e-Core-Vault\3-Rules\Character Building\Equipment\D\depth-charge-vii.md,Consumables,"source: vault='Pathfinder Treasure Vault', db='Treasure Vault pg. 81'; traits: vault='consumable, magical', db='Consumable, Evocation, Magical'"
desiccating-scepter,F:\Obsidian\PF2e-Core-Vault\3-Rules\Character Building\Equipment\D\desiccating-scepter.md,Held_Items,"source: vault='Pathfinder Adventure: The Enmity Cycle', db='The Enmity Cycle pg. 61'; traits: vault='magical', db='Magical, Necromancy, Rare'"
desolation-locket-greater,F:\Obsidian\PF2e-Core-Vault\3-Rules\Character Building\Equipment\D\desolation-locket-greater.md,Spellhearts,"source: vault='Pathfinder Treasure Vault', db='Treasure Vault pg. 125'; traits: vault='magical, spellheart', db='Enchantment, Magical, Spellheart'"
desolation-locket-major,F:\Obsidian\PF2e-Core-Vault\3-Rules\Character Building\Equipment\D\desolation-locket-major.md,Spellhearts,"source: vault='Pathfinder Treasure Vault', db='Treasure Vault pg. 125'; traits: vault='magical, spellheart', db='Enchantment, Magical, Spellheart'"
desolation-locket,F:\Obsidian\PF2e-Core-Vault\3-Rules\Character Building\Equipment\D\desolation-locket.md,Spellhearts,"source: vault='Pathfinder Treasure Vault', db='Treasure Vault pg. 125'; traits: vault='magical, spellheart', db='Enchantment, Magical, Spellheart'"
detect-anathema-fulu,F:\Obsidian\PF2e-Core-Vault\3-Rules\Character Building\Equipment\D\detect-anathema-fulu.md,Consumables,"source: vault='Pathfinder Secrets of Magic', db='Secrets of Magic pg. 159'; traits: vault='consumable, fulu, magical, talisman', db='Abjuration, Consumable, Fulu, Magical, Talisman, Uncommon'"
detectives-kit,F:\Obsidian\PF2e-Core-Vault\3-Rules\Character Building\Equipment\D\detectives-kit.md,Mundane,"level: vault='3', db='3.0'; source: vault='Pathfinder Player Core', db='Player Core pg. 288 2.0'"
detector-stone,F:\Obsidian\PF2e-Core-Vault\3-Rules\Character Building\Equipment\D\detector-stone.md,Worn_Items,"source: vault='Pathfinder Lost Omens Knights of Lastwall', db='Knights of Lastwall pg. 9'; traits: vault='invested, magical', db='Divination, Invested, Magical, Uncommon'"
deteriorating-dust,F:\Obsidian\PF2e-Core-Vault\3-Rules\Character Building\Equipment\D\deteriorating-dust.md,Consumables,"source: vault='Pathfinder Lost Omens Gods & Magic', db='Gods & Magic pg. 122'; traits: vault='consumable, magical', db='Consumable, Evocation, Magical, Uncommon'"
detonating-gears-snare,F:\Obsidian\PF2e-Core-Vault\3-Rules\Character Building\Equipment\D\detonating-gears-snare.md,Snares,"source: vault='Pathfinder Guns & Gears', db='Guns & Gears pg. 79 2.0'"
devils-bargain,F:\Obsidian\PF2e-Core-Vault\3-Rules\Character Building\Equipment\D\devils-bargain.md,Specific_Magic_Armor,"source: vault='Pathfinder Treasure Vault', db='Treasure Vault pg. 15'; traits: vault='invested, magical', db='Divination, Evil, Invested, Magical, Uncommon'"
devils-breath-incense,F:\Obsidian\PF2e-Core-Vault\3-Rules\Character Building\Equipment\D\devils-breath-incense.md,Consumables,"source: vault='Pathfinder #200: Seven Dooms for Sandpoint', db='Pathfinder #200: Seven Dooms for Sandpoint pg. 182'; traits: vault='consumable, divine', db='Abjuration, Consumable, Divine, Uncommon'"
devils-trident,F:\Obsidian\PF2e-Core-Vault\3-Rules\Character Building\Equipment\D\devils-trident.md,Specific_Magic_Weapons,"source: vault='Pathfinder Lost Omens Monsters of Myth', db='Monsters of Myth pg. 47'; traits: vault='magical, thrown-20', db='Enchantment, Magical, Unique'"
diluted-hype,F:\Obsidian\PF2e-Core-Vault\3-Rules\Character Building\Equipment\D\diluted-hype.md,Alchemical_Items,"source: vault='Pathfinder Lost Omens Legends', db='Legends pg. 81'; traits: vault='alchemical, consumable, drug, ingested, poison', db='Alchemical, Consumable, Drug, Ingested, Poison, Uncommon'"
dimension-shot,F:\Obsidian\PF2e-Core-Vault\3-Rules\Character Building\Equipment\D\dimension-shot.md,Consumables,"source: vault='Pathfinder Treasure Vault', db='Treasure Vault pg. 81'; traits: vault='consumable, magical', db='Conjuration, Consumable, Magical'"
dimensional-knot,F:\Obsidian\PF2e-Core-Vault\3-Rules\Character Building\Equipment\D\dimensional-knot.md,Consumables,"source: vault='Pathfinder Secrets of Magic', db='Secrets of Magic pg. 168'"
dinosaur-boots-greater,F:\Obsidian\PF2e-Core-Vault\3-Rules\Character Building\Equipment\D\dinosaur-boots-greater.md,Worn_Items,"source: vault='Pathfinder Lost Omens The Grand Bazaar', db='Grand Bazaar pg. 42'; traits: vault='invested, magical', db='Invested, Magical, Transmutation, Uncommon'"
dinosaur-boots,F:\Obsidian\PF2e-Core-Vault\3-Rules\Character Building\Equipment\D\dinosaur-boots.md,Worn_Items,"source: vault='Pathfinder Lost Omens The Grand Bazaar', db='Grand Bazaar pg. 42'; traits: vault='invested, magical', db='Invested, Magical, Transmutation, Uncommon'"
diplomats-badge,F:\Obsidian\PF2e-Core-Vault\3-Rules\Character Building\Equipment\D\diplomats-badge.md,Worn_Items,"source: vault='Pathfinder GM Core', db='Core Rulebook pg. 69'; traits: vault='invested, magical', db='Enchantment, Invested, Magical'"
diplomats-charcuterie,F:\Obsidian\PF2e-Core-Vault\3-Rules\Character Building\Equipment\D\diplomats-charcuterie.md,Alchemical_Items,"source: vault='Pathfinder Treasure Vault', db='Treasure Vault pg. 47'; traits: vault='alchemical, consumable', db='Alchemical, Consumable, Processed'"
dischoran-rubble,F:\Obsidian\PF2e-Core-Vault\3-Rules\Character Building\Equipment\D\dischoran-rubble.md,Consumables,"source: vault='Pathfinder Howl of the Wild', db='Howl of the Wild pg. 118 2.0'"
discord-fulu,F:\Obsidian\PF2e-Core-Vault\3-Rules\Character Building\Equipment\D\discord-fulu.md,Consumables,"source: vault='Pathfinder Treasure Vault', db='Treasure Vault pg. 77'; traits: vault='consumable, fulu, magical, misfortune', db='Consumable, Enchantment, Fulu, Magical, Misfortune'"
disguise-kit-elite-cosmetics,F:\Obsidian\PF2e-Core-Vault\3-Rules\Character Building\Equipment\D\disguise-kit-elite-cosmetics.md,Mundane,"level: vault='3', db='3.0'; source: vault='Pathfinder Player Core', db='Player Core pg. 288 2.0'"
disguise-kit-elite,F:\Obsidian\PF2e-Core-Vault\3-Rules\Character Building\Equipment\D\disguise-kit-elite.md,Mundane,"level: vault='3', db='3.0'; source: vault='Pathfinder Player Core', db='Player Core pg. 288 2.0'"
disguise-kit-replacement-cosmetics,F:\Obsidian\PF2e-Core-Vault\3-Rules\Character Building\Equipment\D\disguise-kit-replacement-cosmetics.md,Mundane,"level: vault='0', db='0.0'; source: vault='Pathfinder Player Core', db='Player Core pg. 288 2.0'"
disguise-kit,F:\Obsidian\PF2e-Core-Vault\3-Rules\Character Building\Equipment\D\disguise-kit.md,Mundane,"level: vault='0', db='0.0'; source: vault='Pathfinder Player Core', db='Player Core pg. 288 2.0'"
disintegration-bolt,F:\Obsidian\PF2e-Core-Vault\3-Rules\Character Building\Equipment\D\disintegration-bolt.md,Consumables,"source: vault='Pathfinder Player Core 2', db='Player Core 2 pg. 301'; traits: vault='consumable, magical', db='Consumable, Magical, Uncommon'"
dispelling-sliver,F:\Obsidian\PF2e-Core-Vault\3-Rules\Character Building\Equipment\D\dispelling-sliver.md,Consumables,"source: vault='Pathfinder GM Core', db='Core Rulebook pg. 566'; traits: vault='consumable, magical, talisman', db='Abjuration, Consumable, Magical, Talisman'"
dispersing-bullet,F:\Obsidian\PF2e-Core-Vault\3-Rules\Character Building\Equipment\D\dispersing-bullet.md,Consumables,"source: vault='Pathfinder Secrets of Magic', db='Secrets of Magic pg. 173'; traits: vault='consumable, magical', db='Consumable, Evocation, Magical'"
distracting-carapace,F:\Obsidian\PF2e-Core-Vault\3-Rules\Character Building\Equipment\D\distracting-carapace.md,Grafts,"source: vault='Pathfinder Howl of the Wild', db='Howl of the Wild pg. 98 2.0'"
divers-gloves-greater,F:\Obsidian\PF2e-Core-Vault\3-Rules\Character Building\Equipment\D\divers-gloves-greater.md,Worn_Items,"source: vault='Pathfinder Lost Omens Firebrands', db='Firebrands pg. 85'; traits: vault='invested, magical', db='Abjuration, Invested, Magical, Uncommon'"
divers-gloves-lesser,F:\Obsidian\PF2e-Core-Vault\3-Rules\Character Building\Equipment\D\divers-gloves-lesser.md,Worn_Items,"source: vault='Pathfinder Lost Omens Firebrands', db='Firebrands pg. 85'; traits: vault='invested, magical', db='Abjuration, Invested, Magical, Uncommon'"
divers-gloves-moderate,F:\Obsidian\PF2e-Core-Vault\3-Rules\Character Building\Equipment\D\divers-gloves-moderate.md,Worn_Items,"source: vault='Pathfinder Lost Omens Firebrands', db='Firebrands pg. 85'; traits: vault='invested, magical', db='Abjuration, Invested, Magical, Uncommon'"
divine-scroll-case-of-simplicity,F:\Obsidian\PF2e-Core-Vault\3-Rules\Character Building\Equipment\D\divine-scroll-case-of-simplicity.md,Held_Items,"source: vault='Pathfinder Lost Omens Character Guide', db='Character Guide pg. 111'; traits: vault='invested, magical', db='Invested, Magical, Transmutation, Uncommon'"
diviners-nose-chain,F:\Obsidian\PF2e-Core-Vault\3-Rules\Character Building\Equipment\D\diviners-nose-chain.md,Worn_Items,"source: vault='Pathfinder Lost Omens Pathfinder Society Guide', db='PFS Guide pg. 77'; traits: vault='magical', db='Divination, Magical, Uncommon'"
diving-suit,F:\Obsidian\PF2e-Core-Vault\3-Rules\Character Building\Equipment\D\diving-suit.md,Mundane,"level: vault='3', db='3.0'; source: vault='Pathfinder Lost Omens The Grand Bazaar', db='Grand Bazaar pg. 19'"
Djezet Alloy Ingot,F:\Obsidian\PF2e-Core-Vault\3-Rules\Character Building\Equipment\D\Djezet Alloy Ingot.md,Materials,
Djezet Mass,F:\Obsidian\PF2e-Core-Vault\3-Rules\Character Building\Equipment\D\Djezet Mass.md,Materials,
djezet-dose,F:\Obsidian\PF2e-Core-Vault\3-Rules\Character Building\Equipment\D\djezet-dose.md,Consumables,"source: vault='Pathfinder Lost Omens The Grand Bazaar', db='Grand Bazaar pg. 98'; traits: vault='consumable, magical', db='Consumable, Magical, Rare'"
doctrine-of-blissful-eternity,F:\Obsidian\PF2e-Core-Vault\3-Rules\Character Building\Equipment\D\doctrine-of-blissful-eternity.md,Grimoire,"source: vault='Pathfinder Lost Omens Impossible Lands', db='Impossible Lands pg. 178'; traits: vault='grimoire, magical', db='Grimoire, Magical, Necromancy, Uncommon'"
dog-bone-knife,F:\Obsidian\PF2e-Core-Vault\3-Rules\Character Building\Equipment\D\dog-bone-knife.md,Specific_Magic_Weapons,"source: vault='Pathfinder Dark Archive', db='Dark Archive pg. 134'; traits: vault='agile, finesse, magical, thrown-10, versatile-s', db='Abjuration, Magical'"
dogslicer,F:\Obsidian\PF2e-Core-Vault\3-Rules\Character Building\Equipment\D\Dogslicer.md,Weapon_Basic,"source: vault='Pathfinder Player Core', db='Player Core pg. 278 2.0'; traits: vault='agile, backstabber, finesse, goblin', db='Agile, Backstabber, Finesse, Goblin, Uncommon'"
doll,F:\Obsidian\PF2e-Core-Vault\3-Rules\Character Building\Equipment\D\Doll.md,Mundane,"source: vault='Pathfinder Lost Omens The Grand Bazaar', db='Grand Bazaar pg. 58'"
donchak,F:\Obsidian\PF2e-Core-Vault\3-Rules\Character Building\Equipment\D\Donchak.md,Weapon_Basic,"rarity: vault='uncommon', db='Rare'; source: vault='Pathfinder Lost Omens Impossible Lands', db='Impossible Lands pg. 220'; traits: vault='hampering, reach, tethered, thrown-20', db='Hampering, Reach, Reload 1, Tethered, Thrown 20 ft.'"
doubling-rings-greater,F:\Obsidian\PF2e-Core-Vault\3-Rules\Character Building\Equipment\D\doubling-rings-greater.md,Worn_Items,"source: vault='Pathfinder GM Core', db='Core Rulebook pg. 69'; traits: vault='invested, magical', db='Evocation, Invested, Magical'"
doubling-rings,F:\Obsidian\PF2e-Core-Vault\3-Rules\Character Building\Equipment\D\doubling-rings.md,Worn_Items,"source: vault='Pathfinder GM Core', db='Core Rulebook pg. 69'; traits: vault='invested, magical', db='Evocation, Invested, Magical'"
draft-of-stellar-radiance,F:\Obsidian\PF2e-Core-Vault\3-Rules\Character Building\Equipment\D\draft-of-stellar-radiance.md,Consumables,"source: vault='Pathfinder #187: The Seventh Arch', db='Pathfinder #187: The Seventh Arch pg. 81'; traits: vault='consumable, light, magical, potion', db='Consumable, Evocation, Light, Magical, Potion, Rare'"
dragon-bile,F:\Obsidian\PF2e-Core-Vault\3-Rules\Character Building\Equipment\D\dragon-bile.md,Alchemical_Items,"source: vault='Pathfinder Core Rulebook', db='Core Rulebook pg. 551'"
dragon-handwraps,F:\Obsidian\PF2e-Core-Vault\3-Rules\Character Building\Equipment\D\dragon-handwraps.md,Worn_Items,"source: vault='Pathfinder Treasure Vault', db='Treasure Vault pg. 13'; traits: vault='agile, apex, finesse, invested, magical, nonlethal, unarmed', db='Apex, Invested, Magical, Transmutation'"
dragon-pearl,F:\Obsidian\PF2e-Core-Vault\3-Rules\Character Building\Equipment\D\dragon-pearl.md,Alchemical_Items,"source: vault='Pathfinder Lost Omens Tian Xia Character Guide', db='Tian Xia Character Guide pg. 105'; traits: vault='alchemical, consumable', db='Alchemical, Consumable, Rare'"
dragon-rune-bracelet,F:\Obsidian\PF2e-Core-Vault\3-Rules\Character Building\Equipment\D\dragon-rune-bracelet.md,Worn_Items,"source: vault='Pathfinder Treasure Vault', db=""Treasure Vault pg. 148, Pathfinder #171: Hurricane's Howl pg. 75""; traits: vault='focused, invested, magical', db='Enchantment, Focused, Invested, Magical'"
dragon-turtle-armor,F:\Obsidian\PF2e-Core-Vault\3-Rules\Character Building\Equipment\D\dragon-turtle-armor.md,Specific_Magic_Armor,"source: vault='Pathfinder #199: To Bloom Below the Web', db='Pathfinder #199: To Bloom Below the Web pg. 75'; traits: vault='bulwark, invested, magical', db='Abjuration, Invested, Magical, Uncommon'"
dragon-turtle-artillery,F:\Obsidian\PF2e-Core-Vault\3-Rules\Character Building\Equipment\D\dragon-turtle-artillery.md,Held_Items,"source: vault='Pathfinder #199: To Bloom Below the Web', db='Pathfinder #199: To Bloom Below the Web pg. 76'; traits: vault='magical', db='Evocation, Magical, Uncommon'"
dragon-turtle-scale,F:\Obsidian\PF2e-Core-Vault\3-Rules\Character Building\Equipment\D\dragon-turtle-scale.md,Consumables,"source: vault='Pathfinder GM Core', db='Core Rulebook pg. 566'; traits: vault='consumable, magical, talisman', db='Consumable, Magical, Talisman, Transmutation'"
dragonbone-arrowhead,F:\Obsidian\PF2e-Core-Vault\3-Rules\Character Building\Equipment\D\dragonbone-arrowhead.md,Consumables,"source: vault='Pathfinder Secrets of Magic', db='Secrets of Magic pg. 173'; traits: vault='consumable, magical, talisman', db='Magical, Talisman, Transmutation, Uncommon'"
dragonfire-halfbow,F:\Obsidian\PF2e-Core-Vault\3-Rules\Character Building\Equipment\D\dragonfire-halfbow.md,Specific_Magic_Weapons,"source: vault='Pathfinder #199: To Bloom Below the Web', db='Pathfinder #199: To Bloom Below the Web pg. 75'; traits: vault='deadly-d10, fire, magical, propulsive', db='Evocation, Fire, Magical, Uncommon'"
dragonfly-fulu,F:\Obsidian\PF2e-Core-Vault\3-Rules\Character Building\Equipment\D\dragonfly-fulu.md,Consumables,"source: vault='Pathfinder Treasure Vault', db='Treasure Vault pg. 77'; traits: vault='consumable, fulu, magical, talisman', db='Consumable, Fulu, Magical, Talisman, Transmutation'"
dragonfly-potion,F:\Obsidian\PF2e-Core-Vault\3-Rules\Character Building\Equipment\D\dragonfly-potion.md,Consumables,"source: vault='Pathfinder Lost Omens The Grand Bazaar', db='Grand Bazaar pg. 26'; traits: vault='consumable, magical, morph, potion', db='Consumable, Magical, Morph, Potion, Transmutation, Uncommon'"
dragonplate,F:\Obsidian\PF2e-Core-Vault\3-Rules\Character Building\Equipment\D\dragonplate.md,Specific_Magic_Armor,"source: vault='Pathfinder Player Core 2', db='Player Core 2 pg. 278'; traits: vault='invested, magical', db='Invested, Magical, Uncommon'"
dragonprism-staff-(greater),F:\Obsidian\PF2e-Core-Vault\3-Rules\Character Building\Equipment\D\dragonprism-staff-(greater).md,Staff_Wand,"source: vault='Pathfinder Treasure Vault', db='Treasure Vault pg. 132'; traits: vault='magical, staff, two-hand-d8', db='Magical, Staff, Transmutation'"
dragonprism-staff,F:\Obsidian\PF2e-Core-Vault\3-Rules\Character Building\Equipment\D\dragonprism-staff.md,Staff_Wand,"source: vault='Pathfinder Treasure Vault', db='Treasure Vault pg. 132'; traits: vault='magical, staff, two-hand-d8', db='Magical, Staff, Transmutation'"
dragons-blood-pudding-greater,F:\Obsidian\PF2e-Core-Vault\3-Rules\Character Building\Equipment\D\dragons-blood-pudding-greater.md,Alchemical_Items,"source: vault='Pathfinder Lost Omens The Grand Bazaar', db='Grand Bazaar pg. 46'; traits: vault='alchemical, consumable', db='Alchemical, Consumable, Uncommon'"
dragons-blood-pudding-major,F:\Obsidian\PF2e-Core-Vault\3-Rules\Character Building\Equipment\D\dragons-blood-pudding-major.md,Alchemical_Items,"source: vault='Pathfinder Lost Omens The Grand Bazaar', db='Grand Bazaar pg. 46'; traits: vault='alchemical, consumable', db='Alchemical, Consumable, Uncommon'"
dragons-blood-pudding(moderate,F:\Obsidian\PF2e-Core-Vault\3-Rules\Character Building\Equipment\D\dragons-blood-pudding-moderate.md,Alchemical_Items,"source: vault='Pathfinder Lost Omens The Grand Bazaar', db='Grand Bazaar pg. 46'; traits: vault='alchemical, consumable', db='Alchemical, Consumable, Uncommon'"
dragons-breath-1st-level-spell,F:\Obsidian\PF2e-Core-Vault\3-Rules\Character Building\Equipment\D\dragons-breath-1st-level-spell.md,Runes,"source: vault='Pathfinder Lost Omens The Grand Bazaar', db='Grand Bazaar pg. 88'; traits: vault='magical', db='Magical, Transmutation, Uncommon'"
dragons-breath-2nd-level-spell,F:\Obsidian\PF2e-Core-Vault\3-Rules\Character Building\Equipment\D\dragons-breath-2nd-level-spell.md,Runes,"source: vault='Pathfinder Lost Omens The Grand Bazaar', db='Grand Bazaar pg. 88'; traits: vault='magical', db='Magical, Transmutation, Uncommon'"
dragons-breath-3rd-level-spell,F:\Obsidian\PF2e-Core-Vault\3-Rules\Character Building\Equipment\D\dragons-breath-3rd-level-spell.md,Runes,"source: vault='Pathfinder Lost Omens The Grand Bazaar', db='Grand Bazaar pg. 88'; traits: vault='magical', db='Magical, Transmutation, Uncommon'"
dragons-breath-4th-level-spell,F:\Obsidian\PF2e-Core-Vault\3-Rules\Character Building\Equipment\D\dragons-breath-4th-level-spell.md,Runes,"source: vault='Pathfinder Lost Omens The Grand Bazaar', db='Grand Bazaar pg. 88'; traits: vault='magical', db='Magical, Transmutation, Uncommon'"
dragons-breath-5th-level-spell,F:\Obsidian\PF2e-Core-Vault\3-Rules\Character Building\Equipment\D\dragons-breath-5th-level-spell.md,Runes,"source: vault='Pathfinder Lost Omens The Grand Bazaar', db='Grand Bazaar pg. 88'; traits: vault='magical', db='Magical, Transmutation, Uncommon'"
dragons-breath-6th-level-spell,F:\Obsidian\PF2e-Core-Vault\3-Rules\Character Building\Equipment\D\dragons-breath-6th-level-spell.md,Runes,"source: vault='Pathfinder Lost Omens The Grand Bazaar', db='Grand Bazaar pg. 88'; traits: vault='magical', db='Magical, Transmutation, Uncommon'"
dragons-breath-7th-level-spell,F:\Obsidian\PF2e-Core-Vault\3-Rules\Character Building\Equipment\D\dragons-breath-7th-level-spell.md,Runes,"source: vault='Pathfinder Lost Omens The Grand Bazaar', db='Grand Bazaar pg. 88'; traits: vault='magical', db='Magical, Transmutation, Uncommon'"
dragons-breath-8th-level-spell,F:\Obsidian\PF2e-Core-Vault\3-Rules\Character Building\Equipment\D\dragons-breath-8th-level-spell.md,Runes,"source: vault='Pathfinder Lost Omens The Grand Bazaar', db='Grand Bazaar pg. 88'; traits: vault='magical', db='Magical, Transmutation, Uncommon'"
dragons-breath-9th-level-spell,F:\Obsidian\PF2e-Core-Vault\3-Rules\Character Building\Equipment\D\dragons-breath-9th-level-spell.md,Runes,"source: vault='Pathfinder Lost Omens The Grand Bazaar', db='Grand Bazaar pg. 88'; traits: vault='magical', db='Magical, Transmutation, Uncommon'"
dragons-eye-charm,F:\Obsidian\PF2e-Core-Vault\3-Rules\Character Building\Equipment\D\dragons-eye-charm.md,Held_Items,"source: vault='Pathfinder #146: Cult of Cinders', db='Pathfinder #146: Cult of Cinders pg. 71'; traits: vault='magical', db='Divination, Magical, Uncommon'"
dragonscale-amulet,F:\Obsidian\PF2e-Core-Vault\3-Rules\Character Building\Equipment\D\dragonscale-amulet.md,Worn_Items,"source: vault='Pathfinder #148: Fires of the Haunted City', db='Pathfinder #148: Fires of the Haunted City pg. 75'; traits: vault='invested, magical', db='Enchantment, Invested, Magical, Rare'"
dragonscale-cameo,F:\Obsidian\PF2e-Core-Vault\3-Rules\Character Building\Equipment\D\dragonscale-cameo.md,Consumables,"source: vault='Pathfinder Treasure Vault', db='Treasure Vault pg. 93'; traits: vault='consumable, magical, morph, talisman', db='Magical, Talisman, Transmutation, Uncommon'"
dragonscale-staff,F:\Obsidian\PF2e-Core-Vault\3-Rules\Character Building\Equipment\D\dragonscale-staff.md,Specific_Magic_Weapons,"source: vault='Pathfinder Treasure Vault', db='Treasure Vault pg. 36'; traits: vault='magical, monk, parry, reach, trip', db='Abjuration, Magical'"
dragonslayers-shield,F:\Obsidian\PF2e-Core-Vault\3-Rules\Character Building\Equipment\D\dragonslayers-shield.md,Specific_Magic_Shields,"source: vault='Pathfinder GM Core', db='Core Rulebook pg. 587'; traits: vault='magical', db='Abjuration, Magical, Uncommon'"
drakeheart-mutagen-greater,F:\Obsidian\PF2e-Core-Vault\3-Rules\Character Building\Equipment\D\drakeheart-mutagen-greater.md,Alchemical_Items,"source: vault='Pathfinder Player Core 2', db='Player Core 2 pg. 289'"
drakeheart-mutagen-lesser,F:\Obsidian\PF2e-Core-Vault\3-Rules\Character Building\Equipment\D\drakeheart-mutagen-lesser.md,Alchemical_Items,"source: vault='Pathfinder Player Core 2', db='Player Core 2 pg. 289'"
drakeheart-mutagen-major,F:\Obsidian\PF2e-Core-Vault\3-Rules\Character Building\Equipment\D\drakeheart-mutagen-major.md,Alchemical_Items,"source: vault='Pathfinder Player Core 2', db='Player Core 2 pg. 289'"
drakeheart-mutagen-moderate,F:\Obsidian\PF2e-Core-Vault\3-Rules\Character Building\Equipment\D\drakeheart-mutagen-moderate.md,Alchemical_Items,"source: vault='Pathfinder Player Core 2', db='Player Core 2 pg. 289'"
draxies-recipe-book,F:\Obsidian\PF2e-Core-Vault\3-Rules\Character Building\Equipment\D\draxies-recipe-book.md,Grimoire,"source: vault='Pathfinder Treasure Vault', db='Treasure Vault pg. 112'; traits: vault='grimoire, magical', db='Grimoire, Magical, Transmutation'"
drazmorgs-staff-of-all-sight,F:\Obsidian\PF2e-Core-Vault\3-Rules\Character Building\Equipment\D\drazmorgs-staff-of-all-sight.md,Staff_Wand,"source: vault='Pathfinder Adventure: Crown of the Kobold King', db='Crown of the Kobold King pg. 115'; traits: vault='magical, staff, two-hand-d8', db='Divination, Magical, Staff, Unique'"
dread-ampoule-greater,F:\Obsidian\PF2e-Core-Vault\3-Rules\Character Building\Equipment\D\dread-ampoule-greater.md,Alchemical_Items,"source: vault='Pathfinder GM Core', db='Player Core 2 pg. 285, GM Core pg. 245 2.0'"
dread-ampoule-lesser,F:\Obsidian\PF2e-Core-Vault\3-Rules\Character Building\Equipment\D\dread-ampoule-lesser.md,Alchemical_Items,"source: vault='Pathfinder GM Core', db='Player Core 2 pg. 285, GM Core pg. 245 2.0'"
dread-ampoule-major,F:\Obsidian\PF2e-Core-Vault\3-Rules\Character Building\Equipment\D\dread-ampoule-major.md,Alchemical_Items,"source: vault='Pathfinder GM Core', db='Player Core 2 pg. 285, GM Core pg. 245 2.0'"
dread-ampoule-moderate,F:\Obsidian\PF2e-Core-Vault\3-Rules\Character Building\Equipment\D\dread-ampoule-moderate.md,Alchemical_Items,"source: vault='Pathfinder GM Core', db='Player Core 2 pg. 285, GM Core pg. 245 2.0'"
dread-blindfold,F:\Obsidian\PF2e-Core-Vault\3-Rules\Character Building\Equipment\D\dread-blindfold.md,Worn_Items,"source: vault='Pathfinder GM Core', db='Core Rulebook pg. 61'; traits: vault='emotion, fear, invested, magical, mental', db='Emotion, Enchantment, Fear, Invested, Magical, Mental'"
dread-greater,F:\Obsidian\PF2e-Core-Vault\3-Rules\Character Building\Equipment\D\dread-greater.md,Runes,"source: vault='Pathfinder Lost Omens The Grand Bazaar', db='Grand Bazaar pg. 14'"
dread-helm,F:\Obsidian\PF2e-Core-Vault\3-Rules\Character Building\Equipment\D\dread-helm.md,Alchemical_Items,"source: vault='Pathfinder Treasure Vault', db='Treasure Vault pg. 63'"
dread-lesser,F:\Obsidian\PF2e-Core-Vault\3-Rules\Character Building\Equipment\D\dread-lesser.md,Runes,"source: vault='Pathfinder Lost Omens The Grand Bazaar', db='Grand Bazaar pg. 14'"
dread-(moderate),F:\Obsidian\PF2e-Core-Vault\3-Rules\Character Building\Equipment\D\dread-moderate.md,Runes,"source: vault='Pathfinder Lost Omens The Grand Bazaar', db='Grand Bazaar pg. 14'"
dreadsmoke-thurible,F:\Obsidian\PF2e-Core-Vault\3-Rules\Character Building\Equipment\D\dreadsmoke-thurible.md,Held_Items,"source: vault='Pathfinder Lost Omens Gods & Magic', db='Gods & Magic pg. 122'; traits: vault='magical', db='Magical, Necromancy, Uncommon'"
dream-pollen-snare,F:\Obsidian\PF2e-Core-Vault\3-Rules\Character Building\Equipment\D\dream-pollen-snare.md,Snares,"source: vault='Pathfinder #175: Broken Tusk Moon', db='Pathfinder #175: Broken Tusk Moon pg. 79'; traits: vault='consumable, incapacitation, mechanical, mental, snare, trap', db='Consumable, Incapacitation, Mechanical, Mental, Snare, Trap, Uncommon'"
dreamstone,F:\Obsidian\PF2e-Core-Vault\3-Rules\Character Building\Equipment\D\dreamstone.md,Held_Items,"source: vault='Pathfinder #147: Tomorrow Must Burn', db='Pathfinder #147: Tomorrow Must Burn pg. 71'; traits: vault='enchantment, magical', db='Enchantment, Magical, Uncommon'"
dreamtime-tea,F:\Obsidian\PF2e-Core-Vault\3-Rules\Character Building\Equipment\D\dreamtime-tea.md,Alchemical_Items,"source: vault='Pathfinder Gamemastery Guide', db='Gamemastery Guide pg. 121'"
drought-powder,F:\Obsidian\PF2e-Core-Vault\3-Rules\Character Building\Equipment\D\drought-powder.md,Consumables,"source: vault='Pathfinder Rage of Elements', db='Rage of Elements pg. 98'"
drovers-band,F:\Obsidian\PF2e-Core-Vault\3-Rules\Character Building\Equipment\D\drovers-band.md,Worn_Items,"source: vault='Pathfinder #164: Hands of the Devil', db='Pathfinder #164: Hands of the Devil pg. 72'; traits: vault='incapacitation, invested, magical', db='Enchantment, Incapacitation, Invested, Magical, Rare'"
drowsy-sun-eye-drops,F:\Obsidian\PF2e-Core-Vault\3-Rules\Character Building\Equipment\D\drowsy-sun-eye-drops.md,Alchemical_Items,"source: vault='Pathfinder Lost Omens Travel Guide', db='Travel Guide pg. 101'"
drum-of-upheaval,F:\Obsidian\PF2e-Core-Vault\3-Rules\Character Building\Equipment\D\drum-of-upheaval.md,Held_Items,"source: vault='Pathfinder Lost Omens The Grand Bazaar', db='Grand Bazaar pg. 30'; traits: vault='earth, magical', db='Conjuration, Earth, Magical, Uncommon'"
drums-of-war-greater,F:\Obsidian\PF2e-Core-Vault\3-Rules\Character Building\Equipment\D\drums-of-war-greater.md,Staff_Wand,"source: vault='Pathfinder Treasure Vault', db='Treasure Vault pg. 136'; traits: vault='coda, occult, staff', db='Coda, Evocation, Occult, Staff'"
drums-of-war-major,F:\Obsidian\PF2e-Core-Vault\3-Rules\Character Building\Equipment\D\drums-of-war-major.md,Staff_Wand,"source: vault='Pathfinder Treasure Vault', db='Treasure Vault pg. 136'; traits: vault='coda, occult, staff', db='Coda, Evocation, Occult, Staff'"
drums-of-war,F:\Obsidian\PF2e-Core-Vault\3-Rules\Character Building\Equipment\D\drums-of-war.md,Staff_Wand,"source: vault='Pathfinder Treasure Vault', db='Treasure Vault pg. 136'; traits: vault='coda, occult, staff', db='Coda, Evocation, Occult, Staff'"
dueling-cape,F:\Obsidian\PF2e-Core-Vault\3-Rules\Character Building\Equipment\D\dueling-cape.md,Mundane,"level: vault='0', db='0.0'; source: vault='Pathfinder Player Core', db='Player Core pg. 288 2.0'"
dueling-cape,F:\Obsidian\PF2e-Core-Vault\3-Rules\Character Building\Equipment\D\dueling-cape.md,Shield_Basic,"level: vault='0', db='0.0'; source: vault='Pathfinder Player Core', db=""Advanced Player's Guide pg. 249"""
dueling-spear,F:\Obsidian\PF2e-Core-Vault\3-Rules\Character Building\Equipment\D\dueling-spear.md,Weapon_Basic,"source: vault='Pathfinder Lost Omens The Grand Bazaar', db='Grand Bazaar pg. 105'"
duelists-beacon,F:\Obsidian\PF2e-Core-Vault\3-Rules\Character Building\Equipment\D\duelists-beacon.md,Specific_Magic_Shields,"source: vault='Pathfinder Lost Omens The Grand Bazaar', db='Grand Bazaar pg. 10'; traits: vault='light, magical', db='Evocation, Light, Magical, Uncommon'"
dupes-gold-nugget,F:\Obsidian\PF2e-Core-Vault\3-Rules\Character Building\Equipment\D\dupes-gold-nugget.md,Consumables,"source: vault='Pathfinder #179: Cradle of Quartz', db='Pathfinder #179: Cradle of Quartz pg. 76'; traits: vault='consumable, magical, talisman', db='Consumable, Magical, Talisman, Transmutation, Uncommon'"
dust-of-corpse-animation-greater,F:\Obsidian\PF2e-Core-Vault\3-Rules\Character Building\Equipment\D\dust-of-corpse-animation-greater.md,Consumables,"source: vault='Pathfinder Player Core 2', db='Player Core 2 pg. 306'; traits: vault='consumable, magical', db='Consumable, Magical, Uncommon'"
dust-of-corpse-animation,F:\Obsidian\PF2e-Core-Vault\3-Rules\Character Building\Equipment\D\dust-of-corpse-animation.md,Consumables,"source: vault='Pathfinder Player Core 2', db='Player Core 2 pg. 306'; traits: vault='consumable, magical', db='Consumable, Magical, Uncommon'"
dust-of-disappearance,F:\Obsidian\PF2e-Core-Vault\3-Rules\Character Building\Equipment\D\dust-of-disappearance.md,Consumables,"source: vault='Pathfinder Core Rulebook', db='Core Rulebook pg. 57'; traits: vault='consumable, illusion, magical', db='Consumable, Illusion, Magical, Uncommon'"
dust-pods,F:\Obsidian\PF2e-Core-Vault\3-Rules\Character Building\Equipment\D\dust-pods.md,Snares,"source: vault='Pathfinder #151: The Show Must Go On', db='Pathfinder #151: The Show Must Go On pg. 76'; traits: vault='consumable, mechanical, snare, trap', db='Consumable, Mechanical, Snare, Trap, Uncommon'"
dwarven-daisy-lesser,F:\Obsidian\PF2e-Core-Vault\3-Rules\Character Building\Equipment\D\dwarven-daisy-lesser.md,Alchemical_Items,"source: vault='Pathfinder Society Quest #5: The Dragon who Stole Evoking Day', db='PFS Quest #5: The Dragon Who Stole Evoking Day pg. 14'; traits: vault='alchemical, bomb, consumable, fire, splash', db='Alchemical, Bomb, Consumable, Fire, Splash, Uncommon'"
dwarven-daisy-moderate,F:\Obsidian\PF2e-Core-Vault\3-Rules\Character Building\Equipment\D\dwarven-daisy-moderate.md,Alchemical_Items,"source: vault='Pathfinder Society Quest #5: The Dragon who Stole Evoking Day', db='PFS Quest #5: The Dragon Who Stole Evoking Day pg. 14'; traits: vault='alchemical, bomb, consumable, fire, splash', db='Alchemical, Bomb, Consumable, Fire, Splash, Uncommon'"
dwarven-dorn-dergar,F:\Obsidian\PF2e-Core-Vault\3-Rules\Character Building\Equipment\D\dwarven-dorn-dergar.md,Weapon_Basic,"rarity: vault='uncommon', db='Rare'; source: vault='Pathfinder Treasure Vault', db='Treasure Vault pg. 27'"
dwarven-thrower,F:\Obsidian\PF2e-Core-Vault\3-Rules\Character Building\Equipment\D\dwarven-thrower.md,Specific_Magic_Weapons,"source: vault='Pathfinder Core Rulebook', db='Core Rulebook pg. 600'; traits: vault='magical, shove', db='Evocation, Magical'"
dweomerveil,F:\Obsidian\PF2e-Core-Vault\3-Rules\Character Building\Equipment\D\dweomerveil.md,Worn_Items,"source: vault='Pathfinder Howl of the Wild', db='Howl of the Wild pg. 106 2.0'; traits: vault='invested, magical', db='Invested, Magical, Rare'"
dweomerweave-robe,F:\Obsidian\PF2e-Core-Vault\3-Rules\Character Building\Equipment\D\dweomerweave-robe.md,Worn_Items,"source: vault='Pathfinder Lost Omens The Grand Bazaar', db='Grand Bazaar pg. 50'; traits: vault='illusion, invested, magical', db='Illusion, Invested, Magical, Uncommon'"
eagle-eye-elixir-greater,F:\Obsidian\PF2e-Core-Vault\3-Rules\Character Building\Equipment\E\eagle-eye-elixir-greater.md,Alchemical_Items,"source: vault='Pathfinder GM Core', db='Player Core 2 pg. 287, GM Core pg. 247 2.0'"
eagle-eye-elixir-lesser,F:\Obsidian\PF2e-Core-Vault\3-Rules\Character Building\Equipment\E\eagle-eye-elixir-lesser.md,Alchemical_Items,"source: vault='Pathfinder GM Core', db='Player Core 2 pg. 287, GM Core pg. 247 2.0'"
eagle-eye-elixir-major,F:\Obsidian\PF2e-Core-Vault\3-Rules\Character Building\Equipment\E\eagle-eye-elixir-major.md,Alchemical_Items,"source: vault='Pathfinder GM Core', db='Player Core 2 pg. 287, GM Core pg. 247 2.0'"
eagle-eye-elixir-moderate,F:\Obsidian\PF2e-Core-Vault\3-Rules\Character Building\Equipment\E\eagle-eye-elixir-moderate.md,Alchemical_Items,"source: vault='Pathfinder GM Core', db='Player Core 2 pg. 287, GM Core pg. 247 2.0'"
earthbinding,F:\Obsidian\PF2e-Core-Vault\3-Rules\Character Building\Equipment\E\earthbinding.md,Runes,"source: vault='Pathfinder Treasure Vault', db='Treasure Vault pg. 33'; traits: vault='magical', db='Magical, Transmutation'"
earthbreaker,F:\Obsidian\PF2e-Core-Vault\3-Rules\Character Building\Equipment\E\earthbreaker.md,Weapon_Basic,"source: vault='Pathfinder Treasure Vault', db='Treasure Vault pg. 27'"
earthglide-cloak,F:\Obsidian\PF2e-Core-Vault\3-Rules\Character Building\Equipment\E\earthglide-cloak.md,Worn_Items,"source: vault='Pathfinder GM Core', db=""Advanced Player's Guide pg. 26""; traits: vault='earth, invested, occult', db='Earth, Invested, Magical, Transmutation'"
earthsight-box,F:\Obsidian\PF2e-Core-Vault\3-Rules\Character Building\Equipment\E\earthsight-box.md,Held_Items,"source: vault='Pathfinder Player Core 2', db='Player Core 2 pg. 307'; traits: vault='magical, scrying', db='Magical, Scrying, Uncommon'"
ebon-marionette,F:\Obsidian\PF2e-Core-Vault\3-Rules\Character Building\Equipment\E\ebon-marionette.md,Held_Items,"source: vault='Pathfinder #183: Field of Maidens', db='Pathfinder #183: Field of Maidens pg. 75'; traits: vault='magical, mental', db='Enchantment, Magical, Mental, Uncommon'"
echo-receptors,F:\Obsidian\PF2e-Core-Vault\3-Rules\Character Building\Equipment\E\echo-receptors.md,Grafts,"source: vault='Pathfinder Howl of the Wild', db='Howl of the Wild pg. 98 2.0'; traits: vault='graft, invested, magical', db='Graft, Invested, Magical, Uncommon'"
ectoplasmic-tracer,F:\Obsidian\PF2e-Core-Vault\3-Rules\Character Building\Equipment\E\ectoplasmic-tracer.md,Alchemical_Items,"source: vault='Pathfinder Book of the Dead', db='Book of the Dead pg. 19'"
effervescent-ampoule,F:\Obsidian\PF2e-Core-Vault\3-Rules\Character Building\Equipment\E\effervescent-ampoule.md,Consumables,"source: vault='Pathfinder GM Core', db='Core Rulebook pg. 566'; traits: vault='consumable, magical, talisman', db='Consumable, Magical, Talisman, Transmutation'"
effervescent-decoction,F:\Obsidian\PF2e-Core-Vault\3-Rules\Character Building\Equipment\E\effervescent-decoction.md,Consumables,"level: vault='10', db='1'; source: vault='Pathfinder #180: The Smoking Gun', db='Pathfinder #180: The Smoking Gun pg. 76'; traits: vault='air, consumable, magical, potion', db='Air, Consumable, Evocation, Magical, Potion, Uncommon'"
egg-cream-fizz,F:\Obsidian\PF2e-Core-Vault\3-Rules\Character Building\Equipment\E\egg-cream-fizz.md,Alchemical_Items,"source: vault='Pathfinder Treasure Vault', db='Treasure Vault pg. 48'"
eidetic-potion,F:\Obsidian\PF2e-Core-Vault\3-Rules\Character Building\Equipment\E\eidetic-potion.md,Consumables,"source: vault='Pathfinder Treasure Vault', db='Treasure Vault pg. 89'; traits: vault='consumable, magical, potion', db='Consumable, Divination, Magical, Potion'"
eidolon-cape,F:\Obsidian\PF2e-Core-Vault\3-Rules\Character Building\Equipment\E\eidolon-cape.md,Worn_Items,"source: vault='Pathfinder Treasure Vault', db='Treasure Vault pg. 148'; traits: vault='focused, invested, magical', db='Conjuration, Focused, Invested, Magical'"
elder-seed,F:\Obsidian\PF2e-Core-Vault\3-Rules\Character Building\Equipment\E\elder-seed.md,Consumables,"source: vault='Pathfinder Treasure Vault', db='Treasure Vault pg. 187'; traits: vault='consumable, magical', db='Consumable, Primal, Rare, Transmutation'"
eldritch-flare,F:\Obsidian\PF2e-Core-Vault\3-Rules\Character Building\Equipment\E\eldritch-flare.md,Alchemical_Items,"source: vault='Pathfinder Treasure Vault', db='Treasure Vault pg. 68'"
electric-eelskin,F:\Obsidian\PF2e-Core-Vault\3-Rules\Character Building\Equipment\E\electric-eelskin.md,Specific_Magic_Armor,"source: vault='Pathfinder GM Core', db='Core Rulebook pg. 557'; traits: vault='invested, magical', db='Invested, Magical, Transmutation'"
elemental-wayfinder-air,F:\Obsidian\PF2e-Core-Vault\3-Rules\Character Building\Equipment\E\elemental-wayfinder-air.md,Worn_Items,"source: vault='Pathfinder Lost Omens Pathfinder Society Guide', db='PFS Guide pg. 122'; traits: vault='invested, magical', db='Air, Evocation, Invested, Magical, Uncommon'"
elemental-wayfinder-earth,F:\Obsidian\PF2e-Core-Vault\3-Rules\Character Building\Equipment\E\elemental-wayfinder-earth.md,Worn_Items,"source: vault='Pathfinder Lost Omens Pathfinder Society Guide', db='PFS Guide pg. 122'; traits: vault='invested, magical', db='Earth, Evocation, Invested, Magical, Uncommon'"
elemental-wayfinder-fire,F:\Obsidian\PF2e-Core-Vault\3-Rules\Character Building\Equipment\E\elemental-wayfinder-fire.md,Worn_Items,"source: vault='Pathfinder Lost Omens Pathfinder Society Guide', db='PFS Guide pg. 122'; traits: vault='invested, magical', db='Evocation, Fire, Invested, Magical, Uncommon'"
elemental-wayfinder-water,F:\Obsidian\PF2e-Core-Vault\3-Rules\Character Building\Equipment\E\elemental-wayfinder-water.md,Worn_Items,"source: vault='Pathfinder Lost Omens Pathfinder Society Guide', db='PFS Guide pg. 122'; traits: vault='invested, magical', db='Evocation, Invested, Magical, Uncommon, Water'"
elixir-of-gender-transformation-greater,F:\Obsidian\PF2e-Core-Vault\3-Rules\Character Building\Equipment\E\elixir-of-gender-transformation-greater.md,Alchemical_Items,"source: vault='Pathfinder Player Core 2', db='Player Core 2 pg. 287'"
elixir-of-gender-transformation-lesser,F:\Obsidian\PF2e-Core-Vault\3-Rules\Character Building\Equipment\E\elixir-of-gender-transformation-lesser.md,Alchemical_Items,"source: vault='Pathfinder Player Core 2', db='Player Core 2 pg. 287'"
elixir-of-gender-transformation-(moderate),F:\Obsidian\PF2e-Core-Vault\3-Rules\Character Building\Equipment\E\elixir-of-gender-transformation-moderate.md,Alchemical_Items,"source: vault='Pathfinder Player Core 2', db='Player Core 2 pg. 287'"
elixir-of-life-greater,F:\Obsidian\PF2e-Core-Vault\3-Rules\Character Building\Equipment\E\elixir-of-life-greater.md,Alchemical_Items,"source: vault='Pathfinder GM Core', db='Player Core 2 pg. 288, GM Core pg. 247 2.0'"
elixir-of-life-lesser,F:\Obsidian\PF2e-Core-Vault\3-Rules\Character Building\Equipment\E\elixir-of-life-lesser.md,Alchemical_Items,"source: vault='Pathfinder GM Core', db='Player Core 2 pg. 288, GM Core pg. 247 2.0'"
elixir-of-life-major,F:\Obsidian\PF2e-Core-Vault\3-Rules\Character Building\Equipment\E\elixir-of-life-major.md,Alchemical_Items,"source: vault='Pathfinder GM Core', db='Player Core 2 pg. 288, GM Core pg. 247 2.0'"
elixir-of-life-minor,F:\Obsidian\PF2e-Core-Vault\3-Rules\Character Building\Equipment\E\elixir-of-life-minor.md,Alchemical_Items,"source: vault='Pathfinder GM Core', db='Player Core 2 pg. 288, GM Core pg. 247 2.0'"
elixir-of-life-moderate,F:\Obsidian\PF2e-Core-Vault\3-Rules\Character Building\Equipment\E\elixir-of-life-moderate.md,Alchemical_Items,"source: vault='Pathfinder GM Core', db='Player Core 2 pg. 288, GM Core pg. 247 2.0'"
elixir-of-life-(true),F:\Obsidian\PF2e-Core-Vault\3-Rules\Character Building\Equipment\E\elixir-of-life-true.md,Alchemical_Items,"source: vault='Pathfinder GM Core', db='Player Core 2 pg. 288, GM Core pg. 247 2.0'"
elixir-of-rejuvenation,F:\Obsidian\PF2e-Core-Vault\3-Rules\Character Building\Equipment\E\elixir-of-rejuvenation.md,Alchemical_Items,"source: vault='Pathfinder Player Core 2', db='Player Core 2 pg. 288'; traits: vault='alchemical, consumable, elixir, healing', db='Alchemical, Consumable, Elixir, Healing, Uncommon'"
elsies-excellent-bottled-vim,F:\Obsidian\PF2e-Core-Vault\3-Rules\Character Building\Equipment\E\elsies-excellent-bottled-vim.md,Alchemical_Items,"source: vault='Pathfinder Adventure: Rusthenge', db='Rusthenge pg. 59'; traits: vault='alchemical, consumable, elixir', db='Alchemical, Consumable, Elixir, Rare'"
elven-absinthe,F:\Obsidian\PF2e-Core-Vault\3-Rules\Character Building\Equipment\E\elven-absinthe.md,Alchemical_Items,"source: vault='Pathfinder Gamemastery Guide', db='Gamemastery Guide pg. 121'"
elven-branched-spear,F:\Obsidian\PF2e-Core-Vault\3-Rules\Character Building\Equipment\E\elven-branched-spear.md,Weapon_Basic,"source: vault='Pathfinder Lost Omens The Grand Bazaar', db='Grand Bazaar pg. 105'"
elven-chain-high-grade,F:\Obsidian\PF2e-Core-Vault\3-Rules\Character Building\Equipment\E\elven-chain-high-grade.md,Specific_Magic_Armor,"source: vault='Pathfinder GM Core', db='Core Rulebook pg. 555'; traits: vault='flexible', db='Uncommon'"
elven-chain-standard-grade,F:\Obsidian\PF2e-Core-Vault\3-Rules\Character Building\Equipment\E\elven-chain-standard-grade.md,Specific_Magic_Armor,"source: vault='Pathfinder GM Core', db='Core Rulebook pg. 555'; traits: vault='flexible', db='Uncommon'"
elven-curve-blade,F:\Obsidian\PF2e-Core-Vault\3-Rules\Character Building\Equipment\E\elven-curve-blade.md,Weapon_Basic,"source: vault='Pathfinder Player Core', db='Player Core pg. 278 2.0'; traits: vault='elf, finesse, forceful', db='Elf, Finesse, Forceful, Uncommon'"
elysian-clairglass,F:\Obsidian\PF2e-Core-Vault\3-Rules\Character Building\Equipment\E\elysian-clairglass.md,Held_Items,"source: vault='Pathfinder Adventure: Prey for Death', db='Prey for Death pg. 103'; traits: vault='magical, scrying', db='Magical, Rare, Scrying'"
elysian-dew,F:\Obsidian\PF2e-Core-Vault\3-Rules\Character Building\Equipment\E\elysian-dew.md,Consumables,"source: vault='Pathfinder Treasure Vault', db='Treasure Vault pg. 89'; traits: vault='consumable, magical, potion', db='Consumable, Enchantment, Magical, Potion, Uncommon'"
ember-dust,F:\Obsidian\PF2e-Core-Vault\3-Rules\Character Building\Equipment\E\ember-dust.md,Consumables,"source: vault='Pathfinder #175: Broken Tusk Moon', db='Pathfinder #175: Broken Tusk Moon pg. 76'; traits: vault='consumable, fire, magical', db='Consumable, Evocation, Fire, Magical, Uncommon'"
emberheart,F:\Obsidian\PF2e-Core-Vault\3-Rules\Character Building\Equipment\E\emberheart.md,Worn_Items,"source: vault='Pathfinder Secrets of Magic', db='Secrets of Magic pg. 184'"
emerald-grasshopper,F:\Obsidian\PF2e-Core-Vault\3-Rules\Character Building\Equipment\E\emerald-grasshopper.md,Consumables,"source: vault='Pathfinder GM Core', db='Core Rulebook pg. 566'; traits: vault='consumable, magical, talisman', db='Consumable, Magical, Talisman, Transmutation'"
emergency-disguise,F:\Obsidian\PF2e-Core-Vault\3-Rules\Character Building\Equipment\E\emergency-disguise.md,Consumables,"source: vault='Pathfinder Lost Omens Pathfinder Society Guide', db='PFS Guide pg. 108'; traits: vault='consumable, magical, talisman', db='Conjuration, Consumable, Magical, Talisman, Uncommon'"
emergency-eye,F:\Obsidian\PF2e-Core-Vault\3-Rules\Character Building\Equipment\E\emergency-eye.md,Consumables,"source: vault='Pathfinder Treasure Vault', db='Treasure Vault pg. 93'; traits: vault='consumable, magical, talisman', db='Consumable, Magical, Talisman, Transmutation, Uncommon'"
emetic-paste-greater,F:\Obsidian\PF2e-Core-Vault\3-Rules\Character Building\Equipment\E\emetic-paste-greater.md,Alchemical_Items,"source: vault='Pathfinder Treasure Vault', db='Treasure Vault pg. 53'"
emetic-paste-lesser,F:\Obsidian\PF2e-Core-Vault\3-Rules\Character Building\Equipment\E\emetic-paste-lesser.md,Alchemical_Items,"source: vault='Pathfinder Treasure Vault', db='Treasure Vault pg. 53'"
emetic-paste-moderate,F:\Obsidian\PF2e-Core-Vault\3-Rules\Character Building\Equipment\E\emetic-paste-moderate.md,Alchemical_Items,"source: vault='Pathfinder Treasure Vault', db='Treasure Vault pg. 53'"
empathic-cords,F:\Obsidian\PF2e-Core-Vault\3-Rules\Character Building\Equipment\E\empathic-cords.md,Worn_Items,"source: vault='Pathfinder Special: Fumbus!', db='Pathfinder Special: Fumbus pg.'; traits: vault='invested, magical, mental', db='Divination, Invested, Magical, Mental, Rare'"
empaths-cordial,F:\Obsidian\PF2e-Core-Vault\3-Rules\Character Building\Equipment\E\empaths-cordial.md,Consumables,"source: vault='Pathfinder Treasure Vault', db='Treasure Vault pg. 89'; traits: vault='consumable, magical, mental, potion', db='Consumable, Divination, Magical, Mental, Potion'"
encompassing-lockpick,F:\Obsidian\PF2e-Core-Vault\3-Rules\Character Building\Equipment\E\encompassing-lockpick.md,Held_Items,"source: vault='Pathfinder Lost Omens The Grand Bazaar', db='Grand Bazaar pg. 10'; traits: vault='extradimensional, magical', db='Conjuration, Extradimensional, Magical, Uncommon'"
endless-grimoire-greater,F:\Obsidian\PF2e-Core-Vault\3-Rules\Character Building\Equipment\E\endless-grimoire-greater.md,Grimoire,"source: vault='Pathfinder Secrets of Magic', db='Secrets of Magic pg. 162'; traits: vault='grimoire, magical', db='Divination, Grimoire, Magical'"
endless-grimoire-major,F:\Obsidian\PF2e-Core-Vault\3-Rules\Character Building\Equipment\E\endless-grimoire-major.md,Grimoire,"source: vault='Pathfinder Secrets of Magic', db='Secrets of Magic pg. 162'; traits: vault='grimoire, magical', db='Divination, Grimoire, Magical'"
endless-grimoire-true,F:\Obsidian\PF2e-Core-Vault\3-Rules\Character Building\Equipment\E\endless-grimoire-true.md,Grimoire,"source: vault='Pathfinder Secrets of Magic', db='Secrets of Magic pg. 162'; traits: vault='grimoire, magical', db='Divination, Grimoire, Magical'"
endless-grimoire,F:\Obsidian\PF2e-Core-Vault\3-Rules\Character Building\Equipment\E\endless-grimoire.md,Grimoire,"source: vault='Pathfinder Secrets of Magic', db='Secrets of Magic pg. 162'; traits: vault='grimoire, magical', db='Divination, Grimoire, Magical'"
energizing-pill,F:\Obsidian\PF2e-Core-Vault\3-Rules\Character Building\Equipment\E\energizing-pill.md,Alchemical_Items,
energizing-tea,F:\Obsidian\PF2e-Core-Vault\3-Rules\Character Building\Equipment\E\energizing-tea.md,Consumables,"source: vault='Pathfinder #197: Let the Leaves Fall', db='Pathfinder #197: Let the Leaves Fall pg. 77'; traits: vault='consumable, magical, potion, tea', db='Consumable, Magical, Potion, Tea, Transmutation, Uncommon'"
energizing,F:\Obsidian\PF2e-Core-Vault\3-Rules\Character Building\Equipment\E\energizing.md,Runes,"source: vault='Pathfinder Lost Omens Grand Bazaar', db='Grand Bazaar pg. 10'; traits: vault='abjuration, magical', db='Abjuration, Magical, Uncommon'"
energy-absorbing-greater,F:\Obsidian\PF2e-Core-Vault\3-Rules\Character Building\Equipment\E\energy-absorbing-greater.md,Runes,"source: vault='Pathfinder Kingmaker', db='Kingmaker Companion Guide pg. 14'; traits: vault='magical', db='Abjuration, Magical, Rare'"
energy-absorbing,F:\Obsidian\PF2e-Core-Vault\3-Rules\Character Building\Equipment\E\energy-absorbing.md,Runes,"source: vault='Pathfinder Kingmaker', db='Kingmaker Companion Guide pg. 14'; traits: vault='magical', db='Abjuration, Magical, Rare'"
energy-adaptive,F:\Obsidian\PF2e-Core-Vault\3-Rules\Character Building\Equipment\E\energy-adaptive.md,Runes,"source: vault='Pathfinder Treasure Vault', db='Treasure Vault pg. 12'; traits: vault='magical', db='Abjuration, Magical'"
enervating-powder,F:\Obsidian\PF2e-Core-Vault\3-Rules\Character Building\Equipment\E\enervating-powder.md,Alchemical_Items,"source: vault='Pathfinder Player Core 2', db='Player Core 2 pg. 292'"
enfilading-arrow,F:\Obsidian\PF2e-Core-Vault\3-Rules\Character Building\Equipment\E\enfilading-arrow.md,Consumables,"source: vault='Pathfinder Lost Omens The Grand Bazaar', db='Grand Bazaar pg. 14'; traits: vault='consumable, magical', db='Conjuration, Consumable, Magical, Uncommon'"
engulfing-snare,F:\Obsidian\PF2e-Core-Vault\3-Rules\Character Building\Equipment\E\engulfing-snare.md,Snares,"source: vault='Pathfinder Player Core 2', db='Player Core 2 pg. 298 1.1'"
enigma-mirror-greater,F:\Obsidian\PF2e-Core-Vault\3-Rules\Character Building\Equipment\E\enigma-mirror-greater.md,Spellhearts,"source: vault='Pathfinder Treasure Vault', db='Treasure Vault pg. 125'"
enigma-mirror-major,F:\Obsidian\PF2e-Core-Vault\3-Rules\Character Building\Equipment\E\enigma-mirror-major.md,Spellhearts,"source: vault='Pathfinder Treasure Vault', db='Treasure Vault pg. 125'"
enigma-mirror,F:\Obsidian\PF2e-Core-Vault\3-Rules\Character Building\Equipment\E\enigma-mirror.md,Spellhearts,"source: vault='Pathfinder Treasure Vault', db='Treasure Vault pg. 125'"
enigma-sight-potion,F:\Obsidian\PF2e-Core-Vault\3-Rules\Character Building\Equipment\E\enigma-sight-potion.md,Consumables,"source: vault='Pathfinder Treasure Vault', db='Treasure Vault pg. 89'; traits: vault='consumable, magical, potion', db='Consumable, Divination, Magical, Potion, Revelation'"
ensnaring-disk,F:\Obsidian\PF2e-Core-Vault\3-Rules\Character Building\Equipment\E\ensnaring-disk.md,Consumables,"source: vault='Pathfinder Treasure Vault', db='Treasure Vault pg. 93'; traits: vault='consumable, magical, talisman', db='Consumable, Magical, Talisman, Transmutation, Uncommon'"
entertainers-lute-greater,F:\Obsidian\PF2e-Core-Vault\3-Rules\Character Building\Equipment\E\entertainers-lute-greater.md,Staff_Wand,"source: vault='Pathfinder Treasure Vault', db='Treasure Vault pg. 136'; traits: vault='coda, occult, staff', db='Coda, Enchantment, Occult, Staff'"
entertainers-lute-major,F:\Obsidian\PF2e-Core-Vault\3-Rules\Character Building\Equipment\E\entertainers-lute-major.md,Staff_Wand,"source: vault='Pathfinder Treasure Vault', db='Treasure Vault pg. 136'; traits: vault='coda, occult, staff', db='Coda, Enchantment, Occult, Staff'"
entertainers-lute,F:\Obsidian\PF2e-Core-Vault\3-Rules\Character Building\Equipment\E\entertainers-lute.md,Staff_Wand,"source: vault='Pathfinder Treasure Vault', db='Treasure Vault pg. 136'; traits: vault='coda, occult, staff', db='Coda, Enchantment, Occult, Staff'"
enveloping-light-greater,F:\Obsidian\PF2e-Core-Vault\3-Rules\Character Building\Equipment\E\enveloping-light-greater.md,Tattoos,"source: vault='Pathfinder Lost Omens The Grand Bazaar', db='Grand Bazaar pg. 38'; traits: vault='invested, magical, tattoo, vitality', db='Invested, Magical, Necromancy, Positive, Tattoo, Uncommon'"
enveloping-light,F:\Obsidian\PF2e-Core-Vault\3-Rules\Character Building\Equipment\E\enveloping-light.md,Tattoos,"source: vault='Pathfinder Lost Omens The Grand Bazaar', db='Grand Bazaar pg. 38'; traits: vault='invested, magical, tattoo, vitality', db='Invested, Magical, Necromancy, Positive, Tattoo, Uncommon'"
envenomed-snare,F:\Obsidian\PF2e-Core-Vault\3-Rules\Character Building\Equipment\E\envenomed-snare.md,Snares,"source: vault='Pathfinder Lost Omens The Grand Bazaar', db='Grand Bazaar pg. 15'; traits: vault='consumable, mechanical, poison, snare, trap', db='Consumable, Mechanical, Poison, Snare, Trap, Uncommon'"
envisioning-mask,F:\Obsidian\PF2e-Core-Vault\3-Rules\Character Building\Equipment\E\envisioning-mask.md,Worn_Items,"source: vault=""Pathfinder Advanced Player's Guide"", db=""Advanced Player's Guide pg. 26""; traits: vault='invested, magical, mental', db='Divination, Invested, Magical, Mental'"
escape-fulu,F:\Obsidian\PF2e-Core-Vault\3-Rules\Character Building\Equipment\E\escape-fulu.md,Consumables,"source: vault='Pathfinder Treasure Vault', db='Treasure Vault pg. 77'; traits: vault='consumable, fulu, magical, talisman', db='Consumable, Fulu, Magical, Talisman, Transmutation'"
essence-of-mandragora,F:\Obsidian\PF2e-Core-Vault\3-Rules\Character Building\Equipment\E\essence-of-mandragora.md,Alchemical_Items,"source: vault='Pathfinder Howl of the Wild', db='Howl of the Wild pg. 111 2.0'"
ethereal,F:\Obsidian\PF2e-Core-Vault\3-Rules\Character Building\Equipment\E\ethereal.md,Runes,"source: vault='Pathfinder Core Rulebook', db='Core Rulebook pg. 582'; traits: vault='conjuration, magical', db='Conjuration, Magical, Uncommon'"
ethersight-ring,F:\Obsidian\PF2e-Core-Vault\3-Rules\Character Building\Equipment\E\ethersight-ring.md,Worn_Items,"source: vault='Pathfinder Treasure Vault', db='Treasure Vault pg. 153, Pathfinder #158: Sixty Feet Under pg. 75'; traits: vault='invested, magical, revelation', db='Divination, Invested, Magical, Revelation, Uncommon'"
euphoric-loop-greater,F:\Obsidian\PF2e-Core-Vault\3-Rules\Character Building\Equipment\E\euphoric-loop-greater.md,Consumables,"source: vault='Pathfinder Treasure Vault', db='Treasure Vault pg. 74'"
euphoric-loop,F:\Obsidian\PF2e-Core-Vault\3-Rules\Character Building\Equipment\E\euphoric-loop.md,Consumables,"source: vault='Pathfinder Treasure Vault', db='Treasure Vault pg. 74'"
everair-mask-greater,F:\Obsidian\PF2e-Core-Vault\3-Rules\Character Building\Equipment\E\everair-mask-greater.md,Worn_Items,"source: vault='Pathfinder Lost Omens Highhelm', db='Highhelm pg. 112'; traits: vault='air, invested, magical', db='Abjuration, Air, Invested, Magical'"
everair-mask-lesser,F:\Obsidian\PF2e-Core-Vault\3-Rules\Character Building\Equipment\E\everair-mask-lesser.md,Worn_Items,"source: vault='Pathfinder Lost Omens Highhelm', db='Highhelm pg. 112'; traits: vault='air, invested, magical', db='Abjuration, Air, Invested, Magical'"
everair-mask-major,F:\Obsidian\PF2e-Core-Vault\3-Rules\Character Building\Equipment\E\everair-mask-major.md,Worn_Items,"source: vault='Pathfinder Lost Omens Highhelm', db='Highhelm pg. 112'; traits: vault='air, invested, magical', db='Abjuration, Air, Invested, Magical'"
everair-mask-moderate,F:\Obsidian\PF2e-Core-Vault\3-Rules\Character Building\Equipment\E\everair-mask-moderate.md,Worn_Items,"source: vault='Pathfinder Lost Omens Highhelm', db='Highhelm pg. 112'; traits: vault='air, invested, magical', db='Abjuration, Air, Invested, Magical'"
everburning-coal,F:\Obsidian\PF2e-Core-Vault\3-Rules\Character Building\Equipment\E\everburning-coal.md,Held_Items,"source: vault='Pathfinder Rage of Elements', db='Rage of Elements pg. 122'; traits: vault='fire, magical', db='Fire, Magical, Uncommon'"
everlasting-adhesive,F:\Obsidian\PF2e-Core-Vault\3-Rules\Character Building\Equipment\E\everlasting-adhesive.md,Alchemical_Items,"source: vault='Pathfinder Player Core 2', db='Player Core 2 pg. 295'"
everyneed-pack-greater,F:\Obsidian\PF2e-Core-Vault\3-Rules\Character Building\Equipment\E\everyneed-pack-greater.md,Worn_Items,"source: vault='Pathfinder Treasure Vault', db='Treasure Vault pg. 145, PFS Guide pg. 85'; traits: vault='invested, magical', db='Conjuration, Invested, Magical, Uncommon'"
everyneed-pack,F:\Obsidian\PF2e-Core-Vault\3-Rules\Character Building\Equipment\E\everyneed-pack.md,Worn_Items,"source: vault='Pathfinder Treasure Vault', db='Treasure Vault pg. 145, PFS Guide pg. 85'; traits: vault='invested, magical', db='Conjuration, Invested, Magical, Uncommon'"
everywhen-map,F:\Obsidian\PF2e-Core-Vault\3-Rules\Character Building\Equipment\E\everywhen-map.md,Held_Items,"source: vault='Pathfinder #194: Cult of the Cave Worm', db='Pathfinder #194: Cult of the Cave Worm pg. 79'; traits: vault='invested, magical', db='Divination, Invested, Magical, Rare'"
evil-reflecting-shield,F:\Obsidian\PF2e-Core-Vault\3-Rules\Character Building\Equipment\E\evil-reflecting-shield.md,Specific_Magic_Shields,"source: vault='Pathfinder #199: To Bloom Below the Web', db='Pathfinder #199: To Bloom Below the Web pg. 75'; traits: vault='magical', db='Abjuration, Magical, Uncommon'"
experimental-clothing,F:\Obsidian\PF2e-Core-Vault\3-Rules\Character Building\Equipment\E\experimental-clothing.md,Mundane,"level: vault='2', db='2.0'; source: vault='Pathfinder Lost Omens The Grand Bazaar', db='Grand Bazaar pg. 50'"
exploding-shield,F:\Obsidian\PF2e-Core-Vault\3-Rules\Character Building\Equipment\E\exploding-shield.md,Specific_Magic_Shields,"source: vault='Pathfinder Player Core 2', db='Player Core 2 pg. 279'"
exploration-lens-detecting,F:\Obsidian\PF2e-Core-Vault\3-Rules\Character Building\Equipment\E\exploration-lens-detecting.md,Held_Items,"source: vault=""Pathfinder #171: Hurricane's Howl"", db=""Pathfinder #171: Hurricane's Howl pg. 76""; traits: vault='invested, magical', db='Divination, Invested, Magical, Uncommon'"
exploration-lens-investigating,F:\Obsidian\PF2e-Core-Vault\3-Rules\Character Building\Equipment\E\exploration-lens-investigating.md,Held_Items,"source: vault=""Pathfinder #171: Hurricane's Howl"", db=""Pathfinder #171: Hurricane's Howl pg. 76""; traits: vault='invested, magical', db='Divination, Invested, Magical, Uncommon'"
exploration-lens-searching,F:\Obsidian\PF2e-Core-Vault\3-Rules\Character Building\Equipment\E\exploration-lens-searching.md,Held_Items,"source: vault=""Pathfinder #171: Hurricane's Howl"", db=""Pathfinder #171: Hurricane's Howl pg. 76""; traits: vault='invested, magical', db='Divination, Invested, Magical, Uncommon'"
explorers-clothing,F:\Obsidian\PF2e-Core-Vault\3-Rules\Character Building\Equipment\E\explorers-clothing.md,Armor_Basic,"level: vault='0', db='0.0'; source: vault='Pathfinder Player Core', db='Player Core pg. 273 2.0'"
explorers-yurt,F:\Obsidian\PF2e-Core-Vault\3-Rules\Character Building\Equipment\E\explorers-yurt.md,C_C_Structure,"source: vault='Pathfinder GM Core', db='Core Rulebook pg. 596'; traits: vault='magical, structure', db='Conjuration, Magical, Structure'"
explosive-ammunition,F:\Obsidian\PF2e-Core-Vault\3-Rules\Character Building\Equipment\E\explosive-ammunition.md,Consumables,"source: vault='Pathfinder GM Core', db='Core Rulebook pg. 559'; traits: vault='consumable, fire, magical', db='Consumable, Evocation, Fire, Magical'"
explosive-missive,F:\Obsidian\PF2e-Core-Vault\3-Rules\Character Building\Equipment\E\explosive-missive.md,Consumables,"source: vault='Pathfinder Treasure Vault', db='Treasure Vault pg. 84'; traits: vault='consumable, magical, missive', db='Consumable, Evocation, Magical, Missive'"
expulsion-snare,F:\Obsidian\PF2e-Core-Vault\3-Rules\Character Building\Equipment\E\expulsion-snare.md,Snares,"source: vault='Pathfinder Lost Omens Monsters of Myth', db='Monsters of Myth pg. 112'; traits: vault='consumable, mechanical, snare, trap', db='Consumable, Mechanical, Rare, Snare, Trap'"
exquisite-sword-cane-sheath,F:\Obsidian\PF2e-Core-Vault\3-Rules\Character Building\Equipment\E\exquisite-sword-cane-sheath.md,Weapon_Basic,"source: vault='Pathfinder #157: Devil at the Dreaming Palace', db='Pathfinder #157: Devil at the Dreaming Palace pg. 78'; traits: vault='agile, finesse, parry, twin', db='Agile, Finesse, Parry, Twin (Sword)'"
exquisite-sword-cane,F:\Obsidian\PF2e-Core-Vault\3-Rules\Character Building\Equipment\E\exquisite-sword-cane.md,Weapon_Basic,"source: vault='Pathfinder #157: Devil at the Dreaming Palace', db='Pathfinder #157: Devil at the Dreaming Palace pg. 80'; traits: vault='agile, concealable, finesse, parry, twin', db='Agile, Concealable, Finesse, Parry, Twin (Sheath)'"
extended-deteriorating-dust,F:\Obsidian\PF2e-Core-Vault\3-Rules\Character Building\Equipment\E\extended-deteriorating-dust.md,Consumables,"source: vault='Pathfinder Lost Omens Gods & Magic', db='Gods & Magic pg. 122'; traits: vault='consumable, magical', db='Consumable, Evocation, Magical, Uncommon'"
extending-(greater),F:\Obsidian\PF2e-Core-Vault\3-Rules\Character Building\Equipment\E\extending-(greater).md,Runes,"source: vault='Pathfinder GM Core', db='Secrets of Magic pg. 184'; traits: vault='magical', db='Magical, Transmutation'"
extending,F:\Obsidian\PF2e-Core-Vault\3-Rules\Character Building\Equipment\E\Extending.md,Runes,"source: vault='Pathfinder GM Core', db='Secrets of Magic pg. 184'; traits: vault='magical', db='Magical, Transmutation'"
extra-lung,F:\Obsidian\PF2e-Core-Vault\3-Rules\Character Building\Equipment\E\extra-lung.md,Worn_Items,"source: vault='Pathfinder Rage of Elements', db='Rage of Elements pg. 74'"
extraction-cauldron,F:\Obsidian\PF2e-Core-Vault\3-Rules\Character Building\Equipment\E\extraction-cauldron.md,Held_Items,"source: vault='Pathfinder #182: Graveclaw', db='Pathfinder #182: Graveclaw pg. 75'; traits: vault='invested, magical', db='Invested, Magical, Transmutation, Uncommon'"
exuviae-powder,F:\Obsidian\PF2e-Core-Vault\3-Rules\Character Building\Equipment\E\exuviae-powder.md,Alchemical_Items,"source: vault='Pathfinder Rage of Elements', db='Rage of Elements pg. 98'; traits: vault='alchemical, consumable, earth', db='Alchemical, Consumable, Earth, Rare'"
eye-of-apprehension,F:\Obsidian\PF2e-Core-Vault\3-Rules\Character Building\Equipment\E\eye-of-apprehension.md,Consumables,"source: vault='Pathfinder GM Core', db='Core Rulebook pg. 566'; traits: vault='consumable, fortune, talisman', db='Consumable, Divination, Fortune, Talisman'"
eye-of-enlightenment,F:\Obsidian\PF2e-Core-Vault\3-Rules\Character Building\Equipment\E\eye-of-enlightenment.md,Consumables,"source: vault='Pathfinder Secrets of Magic', db='Secrets of Magic pg. 173'; traits: vault='consumable, magical, talisman', db='Consumable, Magical, Talisman, Transmutation, Uncommon'"
eye-of-fortune,F:\Obsidian\PF2e-Core-Vault\3-Rules\Character Building\Equipment\E\eye-of-fortune.md,Worn_Items,"source: vault='Pathfinder GM Core', db='Core Rulebook pg. 61'; traits: vault='invested, magical', db='Divination, Invested, Magical'"
eye-of-the-mantis,F:\Obsidian\PF2e-Core-Vault\3-Rules\Character Building\Equipment\E\eye-of-the-mantis.md,Held_Items,"source: vault='Pathfinder Adventure: Prey for Death', db='Prey for Death pg. 104'; traits: vault='magical', db='Magical, Uncommon'"
eye-slash-greater,F:\Obsidian\PF2e-Core-Vault\3-Rules\Character Building\Equipment\E\eye-slash-greater.md,Tattoos,"source: vault='Pathfinder Treasure Vault', db='Treasure Vault pg. 120'; traits: vault='invested, magical, tattoo', db='Divination, Invested, Magical, Tattoo'"
eye-slash-major,F:\Obsidian\PF2e-Core-Vault\3-Rules\Character Building\Equipment\E\eye-slash-major.md,Tattoos,"source: vault='Pathfinder Treasure Vault', db='Treasure Vault pg. 120'; traits: vault='invested, magical, tattoo', db='Divination, Invested, Magical, Tattoo'"
eye-slash-true,F:\Obsidian\PF2e-Core-Vault\3-Rules\Character Building\Equipment\E\eye-slash-true.md,Tattoos,"source: vault='Pathfinder Treasure Vault', db='Treasure Vault pg. 120'; traits: vault='invested, magical, tattoo', db='Divination, Invested, Magical, Tattoo'"
eye-slash,F:\Obsidian\PF2e-Core-Vault\3-Rules\Character Building\Equipment\E\eye-slash.md,Tattoos,"source: vault='Pathfinder Treasure Vault', db='Treasure Vault pg. 120'; traits: vault='invested, magical, tattoo', db='Divination, Invested, Magical, Tattoo'"
eyecatcher,F:\Obsidian\PF2e-Core-Vault\3-Rules\Character Building\Equipment\E\Eyecatcher.md,Adjustments,"level: vault='1', db='1.0'; source: vault='Pathfinder Lost Omens Firebrands', db='Firebrands pg. 82'; traits: vault='adjustment', db='Adjustment, Uncommon'"
fade-band,F:\Obsidian\PF2e-Core-Vault\3-Rules\Character Building\Equipment\F\fade-band.md,Consumables,"source: vault='Pathfinder GM Core', db='Core Rulebook pg. 566'"
faith-tattoo-greater,F:\Obsidian\PF2e-Core-Vault\3-Rules\Character Building\Equipment\F\faith-tattoo-greater.md,Tattoos,"source: vault='Pathfinder Treasure Vault', db='Treasure Vault pg. 120'"
faith-tattoo-major,F:\Obsidian\PF2e-Core-Vault\3-Rules\Character Building\Equipment\F\faith-tattoo-major.md,Tattoos,"source: vault='Pathfinder Treasure Vault', db='Treasure Vault pg. 120'"
faith-tattoo-true,F:\Obsidian\PF2e-Core-Vault\3-Rules\Character Building\Equipment\F\faith-tattoo-true.md,Tattoos,"source: vault='Pathfinder Treasure Vault', db='Treasure Vault pg. 120'"
faith-tattoo,F:\Obsidian\PF2e-Core-Vault\3-Rules\Character Building\Equipment\F\faith-tattoo.md,Tattoos,"source: vault='Pathfinder Treasure Vault', db='Treasure Vault pg. 120'"
fake-blood-pack,F:\Obsidian\PF2e-Core-Vault\3-Rules\Character Building\Equipment\F\fake-blood-pack.md,Mundane,"level: vault='0', db='0.0'; source: vault='Pathfinder Lost Omens Rival Academies', db='Grand Bazaar pg. 92'"
falcata,F:\Obsidian\PF2e-Core-Vault\3-Rules\Character Building\Equipment\F\Falcata.md,Weapon_Basic,"source: vault='Pathfinder Treasure Vault', db='Treasure Vault pg. 27'; traits: vault='fatal d20', db='Fatal d12'"
falchion,F:\Obsidian\PF2e-Core-Vault\3-Rules\Character Building\Equipment\F\Falchion.md,Weapon_Basic,"source: vault='Pathfinder Player Core', db='Player Core pg. 278 2.0'"
false-bottomed-mug,F:\Obsidian\PF2e-Core-Vault\3-Rules\Character Building\Equipment\F\false-bottomed-mug.md,Mundane,"level: vault='0', db='0.0'; source: vault='Pathfinder Dark Archive', db='Dark Archive pg. 82'"
false-death-vial-greater,F:\Obsidian\PF2e-Core-Vault\3-Rules\Character Building\Equipment\F\false-death-vial-greater.md,Consumables,"source: vault='Pathfinder Treasure Vault', db='Treasure Vault pg. 93'; traits: vault='consumable, magical, talisman', db='Consumable, Illusion, Magical, Talisman, Uncommon'"
false-death-vial,F:\Obsidian\PF2e-Core-Vault\3-Rules\Character Building\Equipment\F\false-death-vial.md,Consumables,"source: vault='Pathfinder Treasure Vault', db='Treasure Vault pg. 93'; traits: vault='consumable, magical, talisman', db='Consumable, Illusion, Magical, Talisman, Uncommon'"
false-death,F:\Obsidian\PF2e-Core-Vault\3-Rules\Character Building\Equipment\F\false-death.md,Alchemical_Items,"source: vault='Pathfinder #149: Against the Scarlet Triad', db='Pathfinder #149: Against the Scarlet Triad pg. 78'; traits: vault='alchemical, consumable, ingested, poison', db='Alchemical, Consumable, Ingested, Poison, Uncommon'"
false-hope,F:\Obsidian\PF2e-Core-Vault\3-Rules\Character Building\Equipment\F\false-hope.md,Alchemical_Items,"source: vault='Pathfinder Treasure Vault', db='Treasure Vault pg. 68'"
false-manacles,F:\Obsidian\PF2e-Core-Vault\3-Rules\Character Building\Equipment\F\false-manacles.md,Mundane,"level: vault='0', db='0.0'; source: vault='Pathfinder PFS Guide', db='PFS Guide pg. 114'"
familiar-morsel,F:\Obsidian\PF2e-Core-Vault\3-Rules\Character Building\Equipment\F\familiar-morsel.md,Consumables,"source: vault='Pathfinder Treasure Vault', db='Treasure Vault pg. 96'; traits: vault='consumable, magical', db='Consumable, Magical, Transmutation'"
familiar-satchel,F:\Obsidian\PF2e-Core-Vault\3-Rules\Character Building\Equipment\F\familiar-satchel.md,Mundane,"level: vault='0', db='0.0'; source: vault='Pathfinder PFS Guide', db='PFS Guide pg. 114'"
familiar-tattoo,F:\Obsidian\PF2e-Core-Vault\3-Rules\Character Building\Equipment\F\familiar-tattoo.md,Tattoos,"source: vault='Pathfinder Secrets of Magic', db='Secrets of Magic pg. 164'; traits: vault='invested, magical, tattoo', db='Invested, Magical, Tattoo, Transmutation'"
fan-of-falling-words,F:\Obsidian\PF2e-Core-Vault\3-Rules\Character Building\Equipment\F\fan-of-falling-words.md,Held_Items,"source: vault='Pathfinder #199: To Bloom Below the Web', db='Pathfinder #199: To Bloom Below the Web pg. 76'; traits: vault='magical', db='Illusion, Magical, Uncommon'"
fan-of-soothing-winds-greater,F:\Obsidian\PF2e-Core-Vault\3-Rules\Character Building\Equipment\F\fan-of-soothing-winds-greater.md,Held_Items,"source: vault='Pathfinder Rage of Elements', db='Rage of Elements pg. 74'"
fan-of-soothing-winds,F:\Obsidian\PF2e-Core-Vault\3-Rules\Character Building\Equipment\F\fan-of-soothing-winds.md,Held_Items,"source: vault='Pathfinder Rage of Elements', db='Rage of Elements pg. 74'"
fang-snare,F:\Obsidian\PF2e-Core-Vault\3-Rules\Character Building\Equipment\F\fang-snare.md,Snares,"source: vault='Pathfinder #151: The Show Must Go On', db='Pathfinder #151: The Show Must Go On pg. 76'; traits: vault='consumable, mechanical, snare, trap', db='Consumable, Mechanical, Snare, Trap, Uncommon'"
fanged-greater,F:\Obsidian\PF2e-Core-Vault\3-Rules\Character Building\Equipment\F\fanged-greater.md,Runes,"source: vault='Pathfinder Lost Omens The Grand Bazaar', db='Grand Bazaar pg. 106'; traits: vault='magical', db='Magical, Transmutation, Uncommon'"
fanged-major,F:\Obsidian\PF2e-Core-Vault\3-Rules\Character Building\Equipment\F\fanged-major.md,Runes,"source: vault='Pathfinder Lost Omens The Grand Bazaar', db='Grand Bazaar pg. 106'; traits: vault='magical', db='Magical, Transmutation, Uncommon'"
fanged,F:\Obsidian\PF2e-Core-Vault\3-Rules\Character Building\Equipment\F\fanged.md,Runes,"source: vault='Pathfinder Lost Omens The Grand Bazaar', db='Grand Bazaar pg. 106'; traits: vault='magical', db='Magical, Transmutation, Uncommon'"
fangwire,F:\Obsidian\PF2e-Core-Vault\3-Rules\Character Building\Equipment\F\Fangwire.md,Weapon_Basic,"source: vault='Pathfinder Player Core 2', db='Player Core 2 pg. 274'; traits: vault='agile, backstabber, deadly d8, finesse, grapple, kobold', db='Agile, Backstabber, Deadly d8, Finesse, Grapple, Kobold, Uncommon'"
fashionable-wayfinder,F:\Obsidian\PF2e-Core-Vault\3-Rules\Character Building\Equipment\F\fashionable-wayfinder.md,Worn_Items,"source: vault='Pathfinder Lost Omens Pathfinder Society Guide', db='PFS Guide pg. 122'; traits: vault='invested, magical', db='Conjuration, Invested, Magical, Uncommon'"
fate-shot,F:\Obsidian\PF2e-Core-Vault\3-Rules\Character Building\Equipment\F\fate-shot.md,Consumables,"source: vault='Pathfinder Treasure Vault', db='Treasure Vault pg. 81'; traits: vault='consumable, magical', db='Consumable, Divination, Magical'"
fauchard,F:\Obsidian\PF2e-Core-Vault\3-Rules\Character Building\Equipment\F\Fauchard.md,Weapon_Basic,"source: vault='Pathfinder Battlecry', db='Character Guide pg. 92'"
faydhaans-dallah,F:\Obsidian\PF2e-Core-Vault\3-Rules\Character Building\Equipment\F\faydhaans-dallah.md,Held_Items,"source: vault='Pathfinder Rage of Elements', db='Rage of Elements pg. 176'"
fear-gem,F:\Obsidian\PF2e-Core-Vault\3-Rules\Character Building\Equipment\F\fear-gem.md,Consumables,"source: vault='Pathfinder GM Core', db='Core Rulebook pg. 566'; traits: vault='consumable, emotion, fear, magical, mental, talisman', db='Consumable, Enchantment, Fear, Magical, Mental, Talisman'"
fearflower-nectar,F:\Obsidian\PF2e-Core-Vault\3-Rules\Character Building\Equipment\F\fearflower-nectar.md,Alchemical_Items,"source: vault='Pathfinder GM Core', db='Player Core 2 pg. 292, GM Core pg. 249 2.0'"
fearless-sash,F:\Obsidian\PF2e-Core-Vault\3-Rules\Character Building\Equipment\F\fearless-sash.md,Worn_Items,"source: vault='Pathfinder Treasure Vault', db='Treasure Vault pg. 146'; traits: vault='invested, magical', db='Abjuration, Invested, Magical'"
fearsome-(greater),F:\Obsidian\PF2e-Core-Vault\3-Rules\Character Building\Equipment\F\fearsome-(greater).md,Runes,"source: vault='Pathfinder GM Core', db=""Advanced Player's Guide pg. 26""; traits: vault='emotion, fear, magical, mental', db='Emotion, Enchantment, Fear, Magical, Mental'"
fearsome,F:\Obsidian\PF2e-Core-Vault\3-Rules\Character Building\Equipment\F\Fearsome.md,Runes,"source: vault='Pathfinder GM Core', db=""Advanced Player's Guide pg. 26""; traits: vault='emotion, fear, magical, mental', db='Emotion, Enchantment, Fear, Magical, Mental'"
fearweed,F:\Obsidian\PF2e-Core-Vault\3-Rules\Character Building\Equipment\F\Fearweed.md,Alchemical_Items,"source: vault='Pathfinder #160: Assault on Hunting Lodge Seven', db='Pathfinder #160: Assault on Hunting Lodge Seven pg. 77'; traits: vault='consumable, contact, divine, poison', db='Consumable, Contact, Divine, Poison, Uncommon'"
feast-of-hungry-ghosts,F:\Obsidian\PF2e-Core-Vault\3-Rules\Character Building\Equipment\F\feast-of-hungry-ghosts.md,Consumables,"source: vault='Pathfinder Book of the Dead', db='Book of the Dead pg. 19'; traits: vault='consumable, magical', db='Consumable, Enchantment, Magical'"
feather-step-stone,F:\Obsidian\PF2e-Core-Vault\3-Rules\Character Building\Equipment\F\feather-step-stone.md,Consumables,"source: vault='Pathfinder GM Core', db='Core Rulebook pg. 567'; traits: vault='consumable, magical, talisman', db='Consumable, Magical, Talisman, Transmutation'"
feed-standard,F:\Obsidian\PF2e-Core-Vault\3-Rules\Character Building\Equipment\F\feed-standard.md,Mundane,"level: vault='0', db='0.0'; source: vault='Pathfinder Lost Omens Travel Guide', db='Travel Guide pg. 101'"
feed-unique,F:\Obsidian\PF2e-Core-Vault\3-Rules\Character Building\Equipment\F\feed-unique.md,Mundane,"level: vault='0', db='0.0'; source: vault='Pathfinder Lost Omens Travel Guide', db='Travel Guide pg. 101'"
feng-huo-lun,F:\Obsidian\PF2e-Core-Vault\3-Rules\Character Building\Equipment\F\feng-huo-lun.md,Weapon_Basic,"rarity: vault='uncommon', db='Rare'; source: vault='Pathfinder Treasure Vault', db='Treasure Vault pg. 27, Pathfinder #166: Despair on Danger Island pg. 76'"
ferrofluid-urchin-greater,F:\Obsidian\PF2e-Core-Vault\3-Rules\Character Building\Equipment\F\ferrofluid-urchin-greater.md,Consumables,"source: vault='Pathfinder Rage of Elements', db='Rage of Elements pg. 146'"
ferrofluid-urchin-lesser,F:\Obsidian\PF2e-Core-Vault\3-Rules\Character Building\Equipment\F\ferrofluid-urchin-lesser.md,Consumables,"source: vault='Pathfinder Rage of Elements', db='Rage of Elements pg. 146'"
ferrofluid-urchin-moderate,F:\Obsidian\PF2e-Core-Vault\3-Rules\Character Building\Equipment\F\ferrofluid-urchin-moderate.md,Consumables,"source: vault='Pathfinder Rage of Elements', db='Rage of Elements pg. 146'"
festrem-mortu,F:\Obsidian\PF2e-Core-Vault\3-Rules\Character Building\Equipment\F\festrem-mortu.md,Grimoire,"source: vault='Pathfinder #194: Cult of the Cave Worm', db='Pathfinder #194: Cult of the Cave Worm pg. 79'; traits: vault='cursed, grimoire, magical', db='Cursed, Grimoire, Magical, Necromancy, Uncommon'"
feyfoul-greater,F:\Obsidian\PF2e-Core-Vault\3-Rules\Character Building\Equipment\F\feyfoul-greater.md,Alchemical_Items,"source: vault='Pathfinder Kingmaker', db='Kingmaker Companion Guide pg. 35'; traits: vault='alchemical, consumable', db='Alchemical, Consumable, Rare'"
feyfoul-lesser,F:\Obsidian\PF2e-Core-Vault\3-Rules\Character Building\Equipment\F\feyfoul-lesser.md,Alchemical_Items,"source: vault='Pathfinder Kingmaker', db='Kingmaker Companion Guide pg. 35'; traits: vault='alchemical, consumable', db='Alchemical, Consumable, Rare'"
feyfoul-moderate,F:\Obsidian\PF2e-Core-Vault\3-Rules\Character Building\Equipment\F\feyfoul-moderate.md,Alchemical_Items,"source: vault='Pathfinder Kingmaker', db='Kingmaker Companion Guide pg. 35'; traits: vault='alchemical, consumable', db='Alchemical, Consumable, Rare'"
fiddle-of-the-maestro,F:\Obsidian\PF2e-Core-Vault\3-Rules\Character Building\Equipment\F\fiddle-of-the-maestro.md,Staff_Wand,"source: vault='Pathfinder Treasure Vault', db='Treasure Vault pg. 136'; traits: vault='coda, occult, staff', db='Coda, Enchantment, Occult, Rare, Staff'"
field-guide,F:\Obsidian\PF2e-Core-Vault\3-Rules\Character Building\Equipment\F\field-guide.md,Mundane,"level: vault='0', db='0.0'; source: vault='Pathfinder Howl of the Wild', db='Howl of the Wild pg. 112 2.0'"
fighters-fork,F:\Obsidian\PF2e-Core-Vault\3-Rules\Character Building\Equipment\F\fighters-fork.md,Specific_Magic_Weapons,"source: vault='Pathfinder GM Core', db='Core Rulebook pg. 600'; traits: vault='magical, thrown-20', db='Magical, Transmutation'"
fighting-fan,F:\Obsidian\PF2e-Core-Vault\3-Rules\Character Building\Equipment\F\fighting-fan.md,Weapon_Basic,"rarity: vault='uncommon', db='Rare'; source: vault='Pathfinder Lost Omens Gods & Magic', db='Treasure Vault pg. 27, Gods & Magic pg. 120'"
fighting-stick,F:\Obsidian\PF2e-Core-Vault\3-Rules\Character Building\Equipment\F\fighting-stick.md,Weapon_Basic,"source: vault='Pathfinder Lost Omens The Mwangi Expanse', db='The Mwangi Expanse pg. 86'"
filchers-fork,F:\Obsidian\PF2e-Core-Vault\3-Rules\Character Building\Equipment\F\filchers-fork.md,Weapon_Basic,"source: vault='Pathfinder Player Core', db='Player Core pg. 278 2.0'; traits: vault='agile, backstabber, deadly-d6, finesse, halfling, thrown-20', db='Agile, Backstabber, Deadly d6, Finesse, Halfling, Thrown 20 ft., Uncommon'"
final-rest,F:\Obsidian\PF2e-Core-Vault\3-Rules\Character Building\Equipment\F\final-rest.md,Specific_Magic_Weapons,"source: vault='Pathfinder Book of the Dead', db='Book of the Dead pg. 19'; traits: vault='magical, versatile-p', db='Magical, Necromancy'"
fire-and-iceberg-greater,F:\Obsidian\PF2e-Core-Vault\3-Rules\Character Building\Equipment\F\fire-and-iceberg-greater.md,Alchemical_Items,"source: vault='Pathfinder Lost Omens The Grand Bazaar', db='Grand Bazaar pg. 46'; traits: vault='alchemical, consumable', db='Alchemical, Consumable, Uncommon'"
fire-and-iceberg-major,F:\Obsidian\PF2e-Core-Vault\3-Rules\Character Building\Equipment\F\fire-and-iceberg-major.md,Alchemical_Items,"source: vault='Pathfinder Lost Omens The Grand Bazaar', db='Grand Bazaar pg. 46'; traits: vault='alchemical, consumable', db='Alchemical, Consumable, Uncommon'"
fire-and-iceberg,F:\Obsidian\PF2e-Core-Vault\3-Rules\Character Building\Equipment\F\fire-and-iceberg.md,Alchemical_Items,"source: vault='Pathfinder Lost Omens The Grand Bazaar', db='Grand Bazaar pg. 46'; traits: vault='alchemical, consumable', db='Alchemical, Consumable, Uncommon'"
fire-box,F:\Obsidian\PF2e-Core-Vault\3-Rules\Character Building\Equipment\F\fire-box.md,Snares,"source: vault='Pathfinder Guns & Gears', db='Guns & Gears pg. 80 2.0'; traits: vault='clockwork, consumable, fire, mechanical, snare, trap', db='Clockwork, Consumable, Fire, Mechanical, Snare, Trap, Uncommon'"
fire-douse-snare,F:\Obsidian\PF2e-Core-Vault\3-Rules\Character Building\Equipment\F\fire-douse-snare.md,Snares,"source: vault='Pathfinder Lost Omens Monsters of Myth', db='Monsters of Myth pg. 112'; traits: vault='consumable, mechanical, snare, trap', db='Consumable, Mechanical, Rare, Snare, Trap'"
fire-jump-ring,F:\Obsidian\PF2e-Core-Vault\3-Rules\Character Building\Equipment\F\fire-jump-ring.md,Worn_Items,"source: vault='Pathfinder Player Core 2', db='Player Core 2 pg. 310'; traits: vault='fire, invested, magical', db='Fire, Invested, Magical, Uncommon'"
fire-poi,F:\Obsidian\PF2e-Core-Vault\3-Rules\Character Building\Equipment\F\fire-poi.md,Weapon_Basic,"rarity: vault='uncommon', db='Rare'; source: vault='Pathfinder #151: The Show Must Go On', db='Pathfinder #151: The Show Must Go On pg. 77'"
firecracker-fulu,F:\Obsidian\PF2e-Core-Vault\3-Rules\Character Building\Equipment\F\firecracker-fulu.md,Consumables,"source: vault='Pathfinder #196: The Summer That Never Was', db='Pathfinder #196: The Summer That Never Was pg. 83'; traits: vault='consumable, fulu, magical, talisman', db='Consumable, Evocation, Fulu, Magical, Rare, Talisman'"
firefoot-popcorn,F:\Obsidian\PF2e-Core-Vault\3-Rules\Character Building\Equipment\F\firefoot-popcorn.md,Alchemical_Items,"source: vault='Pathfinder Treasure Vault', db='Treasure Vault pg. 48'"
firestarter-pellets-greater,F:\Obsidian\PF2e-Core-Vault\3-Rules\Character Building\Equipment\F\firestarter-pellets-greater.md,Consumables,"source: vault='Pathfinder Secrets of Magic', db='Secrets of Magic pg. 168'"
firestarter-pellets-major,F:\Obsidian\PF2e-Core-Vault\3-Rules\Character Building\Equipment\F\firestarter-pellets-major.md,Consumables,"source: vault='Pathfinder Secrets of Magic', db='Secrets of Magic pg. 168'"
firestarter-pellets,F:\Obsidian\PF2e-Core-Vault\3-Rules\Character Building\Equipment\F\firestarter-pellets.md,Consumables,"source: vault='Pathfinder Secrets of Magic', db='Secrets of Magic pg. 168'"
fishing-tackle,F:\Obsidian\PF2e-Core-Vault\3-Rules\Character Building\Equipment\F\fishing-lure.md,Mundane,"level: vault='0', db='0.0'; source: vault='Pathfinder Player Core', db='Player Core pg. 288 2.0'"
fishing-tackle-professional,F:\Obsidian\PF2e-Core-Vault\3-Rules\Character Building\Equipment\F\fishing-tackle-professional.md,Mundane,"level: vault='3', db='3.0'; source: vault='Pathfinder Player Core', db='Player Core pg. 288 2.0'"
fishing-tackle-professional,F:\Obsidian\PF2e-Core-Vault\3-Rules\Character Building\Equipment\F\fishing-tackle.md,Mundane,"level: vault='0', db='3.0'; source: vault='Pathfinder Player Core', db='Player Core pg. 288 2.0'"
five-feather-wreath-greater,F:\Obsidian\PF2e-Core-Vault\3-Rules\Character Building\Equipment\F\five-feather-wreath-greater.md,Spellhearts,"source: vault='Pathfinder Secrets of Magic', db='Secrets of Magic pg. 17'; traits: vault='air, magical, spellheart', db='Air, Magical, Spellheart, Transmutation'"
five-feather-wreath-major,F:\Obsidian\PF2e-Core-Vault\3-Rules\Character Building\Equipment\F\five-feather-wreath-major.md,Spellhearts,"source: vault='Pathfinder Secrets of Magic', db='Secrets of Magic pg. 17'; traits: vault='air, magical, spellheart', db='Air, Magical, Spellheart, Transmutation'"
five-feather-wreath,F:\Obsidian\PF2e-Core-Vault\3-Rules\Character Building\Equipment\F\five-feather-wreath.md,Spellhearts,"source: vault='Pathfinder Secrets of Magic', db='Secrets of Magic pg. 17'; traits: vault='air, magical, spellheart', db='Air, Magical, Spellheart, Transmutation'"
flame-drake-snare,F:\Obsidian\PF2e-Core-Vault\3-Rules\Character Building\Equipment\F\flame-drake-snare.md,Snares,"source: vault='Pathfinder Guns & Gears', db='Guns & Gears pg. 79 2.0'; traits: vault='clockwork, consumable, fire, mechanical, snare, trap', db='Clockwork, Consumable, Fire, Mechanical, Snare, Trap, Uncommon'"
flame-navette,F:\Obsidian\PF2e-Core-Vault\3-Rules\Character Building\Equipment\F\flame-navette.md,Consumables,"source: vault='Pathfinder Player Core 2', db='Player Core 2 pg. 305'"
flaming-greater,F:\Obsidian\PF2e-Core-Vault\3-Rules\Character Building\Equipment\F\flaming-greater.md,Runes,"source: vault='Pathfinder GM Core', db='Core Rulebook pg. 584'; traits: vault='fire, magical', db='Conjuration, Fire, Magical'"
flaming-star-greater,F:\Obsidian\PF2e-Core-Vault\3-Rules\Character Building\Equipment\F\flaming-star-greater.md,Spellhearts,"source: vault='Pathfinder Secrets of Magic', db='Secrets of Magic pg. 17'; traits: vault='fire, magical, spellheart', db='Evocation, Fire, Magical, Spellheart'"
flaming-star-major,F:\Obsidian\PF2e-Core-Vault\3-Rules\Character Building\Equipment\F\flaming-star-major.md,Spellhearts,"source: vault='Pathfinder Secrets of Magic', db='Secrets of Magic pg. 17'; traits: vault='fire, magical, spellheart', db='Evocation, Fire, Magical, Spellheart'"
flaming-star,F:\Obsidian\PF2e-Core-Vault\3-Rules\Character Building\Equipment\F\flaming-star.md,Spellhearts,"source: vault='Pathfinder Secrets of Magic', db='Secrets of Magic pg. 17'; traits: vault='fire, magical, spellheart', db='Evocation, Fire, Magical, Spellheart'"
flaming,F:\Obsidian\PF2e-Core-Vault\3-Rules\Character Building\Equipment\F\flaming.md,Runes,"source: vault='Pathfinder GM Core', db='Core Rulebook pg. 584'; traits: vault='fire, magical', db='Conjuration, Fire, Magical'"
flare-snare,F:\Obsidian\PF2e-Core-Vault\3-Rules\Character Building\Equipment\F\flare-snare.md,Snares,"source: vault='Pathfinder Player Core 2', db='Player Core 2 pg. 298 1.1'"
flash-beetle-lantern,F:\Obsidian\PF2e-Core-Vault\3-Rules\Character Building\Equipment\F\flash-beetle-lantern.md,Held_Items,"source: vault='Pathfinder Howl of the Wild', db='Howl of the Wild pg. 106 2.0'; traits: vault='magical', db='Magical, Uncommon'"
flashblade-greater,F:\Obsidian\PF2e-Core-Vault\3-Rules\Character Building\Equipment\F\flashblade-greater.md,Specific_Magic_Weapons,"source: vault='Pathfinder Lost Omens Tian Xia Character Guide', db='Tian Xia Character Guide pg. 128'; traits: vault='brace, deadly-d12, magical, reach', db='Magical'"
flashblade-major,F:\Obsidian\PF2e-Core-Vault\3-Rules\Character Building\Equipment\F\flashblade-major.md,Specific_Magic_Weapons,"source: vault='Pathfinder Lost Omens Tian Xia Character Guide', db='Tian Xia Character Guide pg. 128'; traits: vault='brace, deadly-d12, magical, reach', db='Magical'"
flashblade,F:\Obsidian\PF2e-Core-Vault\3-Rules\Character Building\Equipment\F\flashblade.md,Specific_Magic_Weapons,"source: vault='Pathfinder Lost Omens Tian Xia Character Guide', db='Tian Xia Character Guide pg. 128'; traits: vault='brace, deadly-d12, magical, reach', db='Magical'"
flask-of-fellowship,F:\Obsidian\PF2e-Core-Vault\3-Rules\Character Building\Equipment\F\flask-of-fellowship.md,Held_Items,"source: vault='Pathfinder Secrets of Magic', db='Secrets of Magic pg. 184'; traits: vault='magical', db='Conjuration, Magical'"
flaying-knife,F:\Obsidian\PF2e-Core-Vault\3-Rules\Character Building\Equipment\F\flaying-knife.md,Specific_Magic_Weapons,"source: vault='Pathfinder Adventure: The Slithering', db='The Slithering pg. 60'; traits: vault='agile, finesse, magical, thrown-10, versatile-s', db='Magical, Necromancy'"
flayleaf,F:\Obsidian\PF2e-Core-Vault\3-Rules\Character Building\Equipment\F\flayleaf.md,Alchemical_Items,"source: vault='Pathfinder Gamemastery Guide', db='Gamemastery Guide pg. 120'"
fleshgem-combat,F:\Obsidian\PF2e-Core-Vault\3-Rules\Character Building\Equipment\F\fleshgem-combat.md,Worn_Items,"source: vault='Pathfinder Lost Omens The Grand Bazaar', db='Grand Bazaar pg. 110'; traits: vault='invested, primal', db='Evocation, Invested, Primal, Uncommon'"
fleshgem-earthspeaker,F:\Obsidian\PF2e-Core-Vault\3-Rules\Character Building\Equipment\F\fleshgem-earthspeaker.md,Worn_Items,"source: vault='Pathfinder Lost Omens The Grand Bazaar', db='Grand Bazaar pg. 110'; traits: vault='invested, primal', db='Evocation, Invested, Primal, Uncommon'"
flickering,F:\Obsidian\PF2e-Core-Vault\3-Rules\Character Building\Equipment\F\flickering.md,Runes,"source: vault='Pathfinder Adventure Path #200 Seven Dooms for Sandpoint', db='Pathfinder #200: Seven Dooms for Sandpoint pg. 182'; traits: vault='illusion, magical', db='Illusion, Magical, Uncommon'"
flint-and-steel,F:\Obsidian\PF2e-Core-Vault\3-Rules\Character Building\Equipment\F\flint-and-steel.md,Mundane,"level: vault='0', db='0.0'; source: vault='Pathfinder Player Core', db='Player Core pg. 288 2.0'"
floating-shield-greater,F:\Obsidian\PF2e-Core-Vault\3-Rules\Character Building\Equipment\F\floating-shield-greater.md,Specific_Magic_Shields,"source: vault='Pathfinder GM Core', db='Core Rulebook pg. 587'; traits: vault='magical', db='Magical, Uncommon'"
floating-shield,F:\Obsidian\PF2e-Core-Vault\3-Rules\Character Building\Equipment\F\floating-shield.md,Specific_Magic_Shields,"source: vault='Pathfinder GM Core', db='Core Rulebook pg. 587'; traits: vault='magical', db='Magical, Uncommon'"
floating-tent-four-person,F:\Obsidian\PF2e-Core-Vault\3-Rules\Character Building\Equipment\F\floating-tent-four-person.md,Mundane,"level: vault='2', db='2.0'; source: vault='Pathfinder Rage of Elements', db='Rage of Elements pg. 75'"
floating-tent-pup,F:\Obsidian\PF2e-Core-Vault\3-Rules\Character Building\Equipment\F\floating-tent-pup.md,Mundane,"level: vault='1', db='1.0'; source: vault='Pathfinder Rage of Elements', db='Rage of Elements pg. 75'"
floorbell,F:\Obsidian\PF2e-Core-Vault\3-Rules\Character Building\Equipment\F\floorbell.md,Held_Items,"source: vault='Pathfinder Adventure Path #158: Sixty Feet Under', db='Pathfinder #158: Sixty Feet Under pg. 75'; traits: vault='abjuration, matical', db='Abjuration, Magical, Uncommon'"
flower-press,F:\Obsidian\PF2e-Core-Vault\3-Rules\Character Building\Equipment\F\flower-press.md,Mundane,"source: vault='Pathfinder Howl of the Wild', db='Howl of the Wild pg. 113 2.0'"
flurrying,F:\Obsidian\PF2e-Core-Vault\3-Rules\Character Building\Equipment\F\Flurrying.md,Runes,"source: vault='Pathfinder Treasure Vault', db='Treasure Vault pg. 33'; traits: vault='magical', db='Evocation, Magical'"
flying-blade-wheel-snare,F:\Obsidian\PF2e-Core-Vault\3-Rules\Character Building\Equipment\F\flying-blade-wheel-snare.md,Snares,"source: vault='Pathfinder Player Core 2', db='Player Core 2 pg. 298 1.1'"
flying-talon,F:\Obsidian\PF2e-Core-Vault\3-Rules\Character Building\Equipment\F\flying-talon.md,Weapon_Basic,"source: vault='Pathfinder Player Core 2', db='Player Core 2 pg. 274'; traits: vault='agile, finesse, kobold, tethered, thrown-10, trip', db='Agile, Finesse, Kobold, Ranged Trip, Tethered, Thrown 10 ft., Trip, Uncommon'"
flyssa,F:\Obsidian\PF2e-Core-Vault\3-Rules\Character Building\Equipment\F\Flyssa.md,Weapon_Basic,"source: vault='Pathfinder Treasure Vault', db='Treasure Vault pg. 27'"
folding-ladder,F:\Obsidian\PF2e-Core-Vault\3-Rules\Character Building\Equipment\F\folding-ladder.md,Mundane,"level: vault='0', db='0.0'; source: vault='Pathfinder Lost Omens Grand Bazaar', db='Grand Bazaar pg. 92'; bulk: vault='1', db='1 3 unfolded'"
follypops-hotpops,F:\Obsidian\PF2e-Core-Vault\3-Rules\Character Building\Equipment\F\follypops-hotpops.md,Consumables,"source: vault='Pathfinder Lost Omens The Grand Bazaar', db='Grand Bazaar pg. 47'; traits: vault='consumable, magical', db='Consumable, Evocation, Magical, Uncommon'"
follypops-rotters,F:\Obsidian\PF2e-Core-Vault\3-Rules\Character Building\Equipment\F\follypops-rotters.md,Consumables,"source: vault='Pathfinder Lost Omens The Grand Bazaar', db='Grand Bazaar pg. 47'; traits: vault='consumable, magical', db='Consumable, Evocation, Magical, Uncommon'"
follypops-sizzlers,F:\Obsidian\PF2e-Core-Vault\3-Rules\Character Building\Equipment\F\follypops-sizzlers.md,Consumables,"source: vault='Pathfinder Lost Omens The Grand Bazaar', db='Grand Bazaar pg. 47'; traits: vault='consumable, magical', db='Consumable, Evocation, Magical, Uncommon'"
force-shield,F:\Obsidian\PF2e-Core-Vault\3-Rules\Character Building\Equipment\F\force-shield.md,Specific_Magic_Shields,"source: vault='Pathfinder GM Core', db='Core Rulebook pg. 587'; traits: vault='force, magical', db='Evocation, Force, Magical, Uncommon'"
force-tiles,F:\Obsidian\PF2e-Core-Vault\3-Rules\Character Building\Equipment\F\force-tiles.md,Consumables,"source: vault='Pathfinder Secrets of Magic', db='Secrets of Magic pg. 168'"
forensic-dye,F:\Obsidian\PF2e-Core-Vault\3-Rules\Character Building\Equipment\F\forensic-dye.md,Alchemical_Items,"source: vault='Pathfinder Player Core 2', db='Player Core 2 pg. 295'"
forge-warden,F:\Obsidian\PF2e-Core-Vault\3-Rules\Character Building\Equipment\F\forge-warden.md,Specific_Magic_Shields,"source: vault='Pathfinder GM Core', db='Core Rulebook pg. 587'; traits: vault='magical', db='Abjuration, Magical, Uncommon'"
forgetful-drops,F:\Obsidian\PF2e-Core-Vault\3-Rules\Character Building\Equipment\F\forgetful-drops.md,Alchemical_Items,"source: vault='Pathfinder Dark Archive', db='Dark Archive pg. 82'; traits: vault='alchemical, consumable, ingested, poison', db='Alchemical, Consumable, Ingested, Poison, Uncommon'"
forgetful-ink,F:\Obsidian\PF2e-Core-Vault\3-Rules\Character Building\Equipment\F\forgetful-ink.md,Alchemical_Items,"source: vault='Pathfinder #169: Kindled Magic', db='Pathfinder #169: Kindled Magic pg. 75'; traits: vault='alchemical, consumable, contact, poison', db='Alchemical, Consumable, Contact, Poison, Uncommon'"
forgotten-shell,F:\Obsidian\PF2e-Core-Vault\3-Rules\Character Building\Equipment\F\forgotten-shell.md,Specific_Magic_Armor,"source: vault='Pathfinder #161: Belly of the Black Whale', db='Pathfinder #161: Belly of the Black Whale pg. 78'; traits: vault='bulwark, invested, magical', db='Divination, Invested, Magical, Rare'"
formula-book-blank,F:\Obsidian\PF2e-Core-Vault\3-Rules\Character Building\Equipment\F\formula-book-blank.md,Mundane,"source: vault='Pathfinder Player Core', db='Player Core pg. 288 2.0'"
fortification,F:\Obsidian\PF2e-Core-Vault\3-Rules\Character Building\Equipment\F\Fortification.md,Runes,"source: vault='Pathfinder GM Core', db='Core Rulebook pg. 582'; traits: vault='magical', db='Abjuration, Magical'"
fortifying-pebble,F:\Obsidian\PF2e-Core-Vault\3-Rules\Character Building\Equipment\F\fortifying-pebble.md,Consumables,"source: vault='Pathfinder Lost Omens Character Guide', db='Character Guide pg. 110'; traits: vault='consumable, magical, talisman', db='Abjuration, Consumable, Magical, Talisman, Uncommon'"
fortress-plate,F:\Obsidian\PF2e-Core-Vault\3-Rules\Character Building\Equipment\F\fortress-plate.md,Armor_Basic,"level: vault='2', db='0.0'; source: vault='Pathfinder Treasure Vault', db='Treasure Vault pg. 1'"
fortress-shield,F:\Obsidian\PF2e-Core-Vault\3-Rules\Character Building\Equipment\F\fortress-shield.md,Shield_Basic,"level: vault='1', db='0.0'; source: vault='Pathfinder Treasure Vault', db='Treasure Vault pg. 2'; traits: vault='hefty-2', db='Hefty 14'"
fortune-cord,F:\Obsidian\PF2e-Core-Vault\3-Rules\Character Building\Equipment\F\fortune-cord.md,Held_Items,"source: vault='Pathfinder #199: To Bloom Below the Web', db='Pathfinder #199: To Bloom Below the Web pg. 77'; traits: vault='magical', db='Magical, Transmutation, Uncommon'"
fortunes-coin-platinum,F:\Obsidian\PF2e-Core-Vault\3-Rules\Character Building\Equipment\F\fortunes-coin-platinum.md,Held_Items,"source: vault='Pathfinder Treasure Vault', db='Treasure Vault pg. 114'; traits: vault='magical', db='Divination, Fortune, Magical'"
fortunes-coin,F:\Obsidian\PF2e-Core-Vault\3-Rules\Character Building\Equipment\F\fortunes-coin.md,Held_Items,"source: vault='Pathfinder Treasure Vault', db='Treasure Vault pg. 114'; traits: vault='magical', db='Divination, Fortune, Magical'"
fossil-fragment-amber-mosquito,F:\Obsidian\PF2e-Core-Vault\3-Rules\Character Building\Equipment\F\fossil-fragment-amber-mosquito.md,Held_Items,"source: vault='Pathfinder Rage of Elements', db='Rage of Elements pg. 98'"
fossil-fragment-brontosaurus-phalange,F:\Obsidian\PF2e-Core-Vault\3-Rules\Character Building\Equipment\F\fossil-fragment-brontosaurus-phalange.md,Held_Items,"source: vault='Pathfinder Rage of Elements', db='Rage of Elements pg. 98'; traits: vault='earth, magical', db='Uncommon'"
fossil-fragment-deinonychus-claw,F:\Obsidian\PF2e-Core-Vault\3-Rules\Character Building\Equipment\F\fossil-fragment-deinonychus-claw.md,Held_Items,"source: vault='Pathfinder Rage of Elements', db='Rage of Elements pg. 98'"
fossil-fragment-eurypterid-paddle,F:\Obsidian\PF2e-Core-Vault\3-Rules\Character Building\Equipment\F\fossil-fragment-eurypterid-paddle.md,Held_Items,"source: vault='Pathfinder Rage of Elements', db='Rage of Elements pg. 98'"
fossil-fragment-petrified-wood,F:\Obsidian\PF2e-Core-Vault\3-Rules\Character Building\Equipment\F\fossil-fragment-petrified-wood.md,Held_Items,"source: vault='Pathfinder Rage of Elements', db='Rage of Elements pg. 98'; traits: vault='earth, magical', db='Uncommon'"
fossil-fragment-triceratops-frill,F:\Obsidian\PF2e-Core-Vault\3-Rules\Character Building\Equipment\F\fossil-fragment-triceratops-frill.md,Held_Items,"source: vault='Pathfinder Rage of Elements', db='Rage of Elements pg. 98'"
fossil-fragment-tyrannosaur-tooth,F:\Obsidian\PF2e-Core-Vault\3-Rules\Character Building\Equipment\F\fossil-fragment-tyrannosaur-tooth.md,Held_Items,"source: vault='Pathfinder Rage of Elements', db='Rage of Elements pg. 98'"
four-tiger-blade,F:\Obsidian\PF2e-Core-Vault\3-Rules\Character Building\Equipment\F\four-tiger-blade.md,Specific_Magic_Weapons,"source: vault='Pathfinder #199: To Bloom Below the Web', db='Pathfinder #199: To Bloom Below the Web pg. 75'; traits: vault='divine, versatile-p', db='Abjuration, Divine, Rare'"
four-ways-dogslicer,F:\Obsidian\PF2e-Core-Vault\3-Rules\Character Building\Equipment\F\four-ways-dogslicer.md,Specific_Magic_Weapons,"source: vault='Pathfinder Player Core 2', db='Player Core 2 pg. 280'; traits: vault='agile, backstabber, cold, electricity, finesse, fire, goblin, magical', db='Cold, Electricity, Fire, Magical, Uncommon'"
freeze-ammunition,F:\Obsidian\PF2e-Core-Vault\3-Rules\Character Building\Equipment\F\freeze-ammunition.md,Alchemical_Items,"source: vault='Pathfinder Treasure Vault', db='Treasure Vault pg. 42'; traits: vault='alchemical, consumable, splash', db='Alchemical, Cold, Consumable, Splash'"
freezing-ammunition,F:\Obsidian\PF2e-Core-Vault\3-Rules\Character Building\Equipment\F\freezing-ammunition.md,Consumables,"source: vault='Pathfinder Player Core 2', db='Player Core 2 pg. 301'"
frenzy-oil,F:\Obsidian\PF2e-Core-Vault\3-Rules\Character Building\Equipment\F\frenzy-oil.md,Alchemical_Items,"source: vault='Pathfinder #149: Against the Scarlet Triad', db='Pathfinder #149: Against the Scarlet Triad pg. 78'; traits: vault='alchemical, consumable, contact, poison', db='Alchemical, Consumable, Contact, Poison, Uncommon'"
frogskin-tincture,F:\Obsidian\PF2e-Core-Vault\3-Rules\Character Building\Equipment\F\frogskin-tincture.md,Alchemical_Items,"source: vault='Pathfinder Howl of the Wild', db='Howl of the Wild pg. 110 2.0'"
frost-greater,F:\Obsidian\PF2e-Core-Vault\3-Rules\Character Building\Equipment\F\frost-greater.md,Runes,"source: vault='Pathfinder GM Core', db='Core Rulebook pg. 584'; traits: vault='cold, magical', db='Cold, Conjuration, Magical'"
frost-vial-greater,F:\Obsidian\PF2e-Core-Vault\3-Rules\Character Building\Equipment\F\frost-vial-greater.md,Alchemical_Items,"source: vault='Pathfinder Player Core 2', db='Player Core 2 pg. 285'"
frost-vial-lesser,F:\Obsidian\PF2e-Core-Vault\3-Rules\Character Building\Equipment\F\frost-vial-lesser.md,Alchemical_Items,"source: vault='Pathfinder Player Core 2', db='Player Core 2 pg. 285'"
frost-vial-major,F:\Obsidian\PF2e-Core-Vault\3-Rules\Character Building\Equipment\F\frost-vial-major.md,Alchemical_Items,"source: vault='Pathfinder Player Core 2', db='Player Core 2 pg. 285'"
frost-vial-moderate,F:\Obsidian\PF2e-Core-Vault\3-Rules\Character Building\Equipment\F\frost-vial-moderate.md,Alchemical_Items,"source: vault='Pathfinder Player Core 2', db='Player Core 2 pg. 285'"
frost-worm-snare,F:\Obsidian\PF2e-Core-Vault\3-Rules\Character Building\Equipment\F\frost-worm-snare.md,Snares,"source: vault='Pathfinder Guns & Gears', db='Guns & Gears pg. 80 2.0'; traits: vault='clockwork, cold, consumable, mechanical, snare, trap', db='Clockwork, Cold, Consumable, Mechanical, Snare, Trap, Uncommon'"
frost,F:\Obsidian\PF2e-Core-Vault\3-Rules\Character Building\Equipment\F\frost.md,Runes,"source: vault='Pathfinder GM Core', db='Core Rulebook pg. 584'; traits: vault='cold, magical', db='Cold, Conjuration, Magical'"
frostwalker-pattern,F:\Obsidian\PF2e-Core-Vault\3-Rules\Character Building\Equipment\F\frostwalker-pattern.md,Tattoos,"source: vault='Pathfinder Treasure Vault', db='Treasure Vault pg. 120'; traits: vault='invested, magical, tattoo', db='Abjuration, Invested, Magical, Tattoo'"
full-plate,F:\Obsidian\PF2e-Core-Vault\3-Rules\Character Building\Equipment\F\full-plate.md,Armor_Basic,"level: vault='2', db='2.0'; source: vault='Pathfinder Player Core', db='Player Core pg. 273 2.0'"
fulminating-spear,F:\Obsidian\PF2e-Core-Vault\3-Rules\Character Building\Equipment\F\fulminating-spear.md,Specific_Magic_Weapons,"source: vault='Pathfinder #170: Spoken on the Song Wind', db='Pathfinder #170: Spoken on the Song Wind pg. 76'; traits: vault='fire, magical, monk, thrown-20', db='Evocation, Fire, Magical'"
fulu-compendium,F:\Obsidian\PF2e-Core-Vault\3-Rules\Character Building\Equipment\F\fulu-compendium.md,Held_Items,"source: vault='Pathfinder Secrets of Magic', db='Secrets of Magic pg. 161'; traits: vault='magical', db='Mental, Necromancy, Uncommon'"
fulu-of-fire-suppression,F:\Obsidian\PF2e-Core-Vault\3-Rules\Character Building\Equipment\F\fulu-of-fire-suppression.md,Consumables,"source: vault='Pathfinder Secrets of Magic', db='Secrets of Magic pg. 159'; traits: vault='consumable, fulu, magical', db='Abjuration, Consumable, Fulu, Magical'"
fulu-of-flood-suppression,F:\Obsidian\PF2e-Core-Vault\3-Rules\Character Building\Equipment\F\fulu-of-flood-suppression.md,Consumables,"source: vault='Pathfinder Secrets of Magic', db='Secrets of Magic pg. 159'; traits: vault='consumable, fulu, magical', db='Abjuration, Consumable, Fulu, Magical'"
fulu-of-the-drunken-monkey,F:\Obsidian\PF2e-Core-Vault\3-Rules\Character Building\Equipment\F\fulu-of-the-drunken-monkey.md,Consumables,"source: vault='Pathfinder Secrets of Magic', db='Secrets of Magic pg. 159'; traits: vault='consumable, fulu, magical, talisman', db='Abjuration, Consumable, Fulu, Magical, Talisman'"
fulu-of-the-stoic-ox,F:\Obsidian\PF2e-Core-Vault\3-Rules\Character Building\Equipment\F\fulu-of-the-stoic-ox.md,Consumables,"source: vault='Pathfinder Secrets of Magic', db='Secrets of Magic pg. 159'; traits: vault='consumable, fulu, magical, talisman', db='Abjuration, Consumable, Fulu, Magical, Talisman'"
fundamental-oil,F:\Obsidian\PF2e-Core-Vault\3-Rules\Character Building\Equipment\F\fundamental-oil.md,Consumables,"source: vault='Pathfinder Treasure Vault', db='Treasure Vault pg. 86'; traits: vault='consumable, magical, oil', db='Consumable, Evocation, Magical, Oil, Uncommon'"
fungal-armor,F:\Obsidian\PF2e-Core-Vault\3-Rules\Character Building\Equipment\F\fungal-armor.md,Specific_Magic_Armor,"source: vault='Pathfinder #161: Belly of the Black Whale', db='Pathfinder #161: Belly of the Black Whale pg. 77'; traits: vault='invested, magical', db='Invested, Magical, Rare, Transmutation'"
fungal-walk-musk,F:\Obsidian\PF2e-Core-Vault\3-Rules\Character Building\Equipment\F\fungal-walk-musk.md,Alchemical_Items,"source: vault='Pathfinder #165: Eyes of Empty Death', db='Pathfinder #165: Eyes of Empty Death pg. 74'"
furnace-of-endings-greater,F:\Obsidian\PF2e-Core-Vault\3-Rules\Character Building\Equipment\F\furnace-of-endings-greater.md,Held_Items,"source: vault='Pathfinder Lost Omens Highhelm', db='Highhelm pg. 58'; traits: vault='fire, invested, magical', db='Fire, Invested, Magical, Transmutation, Uncommon'"
furnace-of-endings-lesser,F:\Obsidian\PF2e-Core-Vault\3-Rules\Character Building\Equipment\F\furnace-of-endings-lesser.md,Held_Items,"source: vault='Pathfinder Lost Omens Highhelm', db='Highhelm pg. 58'; traits: vault='fire, invested, magical', db='Fire, Invested, Magical, Transmutation, Uncommon'"
furnace-of-endings-major,F:\Obsidian\PF2e-Core-Vault\3-Rules\Character Building\Equipment\F\furnace-of-endings-major.md,Held_Items,"source: vault='Pathfinder Lost Omens Highhelm', db='Highhelm pg. 58'; traits: vault='fire, invested, magical', db='Fire, Invested, Magical, Transmutation, Uncommon'"
furnace-of-endings,F:\Obsidian\PF2e-Core-Vault\3-Rules\Character Building\Equipment\F\furnace-of-endings.md,Held_Items,"source: vault='Pathfinder Lost Omens Highhelm', db='Highhelm pg. 58'; traits: vault='fire, invested, magical', db='Fire, Invested, Magical, Transmutation, Uncommon'"
fury-cocktail-greater,F:\Obsidian\PF2e-Core-Vault\3-Rules\Character Building\Equipment\F\fury-cocktail-greater.md,Alchemical_Items,"source: vault='Pathfinder Treasure Vault', db='Treasure Vault pg. 48'"
fury-cocktail-lesser,F:\Obsidian\PF2e-Core-Vault\3-Rules\Character Building\Equipment\F\fury-cocktail-lesser.md,Alchemical_Items,"source: vault='Pathfinder Treasure Vault', db='Treasure Vault pg. 48'"
fury-cocktail-moderate,F:\Obsidian\PF2e-Core-Vault\3-Rules\Character Building\Equipment\F\fury-cocktail-moderate.md,Alchemical_Items,"source: vault='Pathfinder Treasure Vault', db='Treasure Vault pg. 48'"
gada,F:\Obsidian\PF2e-Core-Vault\3-Rules\Character Building\Equipment\G\Gada.md,Weapon_Basic,"source: vault='Pathfinder Lost Omens Impossible Lands', db='Impossible Lands pg. 220'"
gadget-skates,F:\Obsidian\PF2e-Core-Vault\3-Rules\Character Building\Equipment\G\gadget-skates.md,Consumables,"source: vault='Pathfinder Guns & Gears', db='Guns & Gears pg. 70'; traits: vault='clockwork, consumable, gadget', db='Clockwork, Consumable, Gadget, Uncommon'"
gaff,F:\Obsidian\PF2e-Core-Vault\3-Rules\Character Building\Equipment\G\Gaff.md,Weapon_Basic,"source: vault='Pathfinder Battlecry', db='The Mwangi Expanse pg. 259, Bestiary 2 pg. 125'"
gaffe-glasses,F:\Obsidian\PF2e-Core-Vault\3-Rules\Character Building\Equipment\G\gaffe-glasses.md,Cursed,"source: vault='Pathfinder Treasure Vault', db='Treasure Vault pg. 191'; traits: vault='cursed, invested, magical', db='Rare, Cursed, Divination, Invested, Magical'"
gakgung,F:\Obsidian\PF2e-Core-Vault\3-Rules\Character Building\Equipment\G\Gakgung.md,Weapon_Basic,"source: vault='Pathfinder Lost Omens Tian Xia Character Guide', db='Treasure Vault pg. 31'"
gallows-tooth,F:\Obsidian\PF2e-Core-Vault\3-Rules\Character Building\Equipment\G\gallows-tooth.md,Consumables,"source: vault='Pathfinder GM Core', db='Core Rulebook pg. 567'; traits: vault='consumable, magical, talisman', db='Consumable, Divination, Magical, Talisman'"
galvanic-chew,F:\Obsidian\PF2e-Core-Vault\3-Rules\Character Building\Equipment\G\galvanic-chew.md,Alchemical_Items,"source: vault='Pathfinder Treasure Vault', db='Treasure Vault pg. 48'"
galvanic-mortal-coil,F:\Obsidian\PF2e-Core-Vault\3-Rules\Character Building\Equipment\G\galvanic-mortal-coil.md,Held_Items,"source: vault='Pathfinder Guns & Gears', db='Guns & Gears pg. 82'; traits: vault='magical', db='Magical, Necromancy, Rare'"
gamblers-staff,F:\Obsidian\PF2e-Core-Vault\3-Rules\Character Building\Equipment\G\gamblers-staff.md,Staff_Wand,"source: vault='Pathfinder Treasure Vault', db='Treasure Vault pg. 132'; traits: vault='magical, staff, two-hand-d8', db='Divination, Magical, Staff, Uncommon'"
gamepiece-chariot,F:\Obsidian\PF2e-Core-Vault\3-Rules\Character Building\Equipment\G\gamepiece-chariot.md,Held_Items,"source: vault='Pathfinder Lost Omens Monsters of Myth', db='Monsters of Myth pg. 65'; traits: vault='magical', db='Conjuration, Magical, Rare'"
garrote-bolt,F:\Obsidian\PF2e-Core-Vault\3-Rules\Character Building\Equipment\G\garrote-bolt.md,Consumables,"source: vault='Pathfinder #161: Belly of the Black Whale', db='Pathfinder #161: Belly of the Black Whale pg. 77'; traits: vault='consumable, magical', db='Consumable, Magical, Transmutation, Uncommon'"
garrote-shot,F:\Obsidian\PF2e-Core-Vault\3-Rules\Character Building\Equipment\G\garrote-shot.md,Consumables,"source: vault='Pathfinder Treasure Vault', db='Treasure Vault pg. 81'; traits: vault='consumable, magical', db='Consumable, Magical, Transmutation'"
gate-attenuator-greater,F:\Obsidian\PF2e-Core-Vault\3-Rules\Character Building\Equipment\G\gate-attenuator-greater.md,Worn_Items,"source: vault='Pathfinder Rage of Elements', db='Rage of Elements pg. 224'"
gate-attenuator-major,F:\Obsidian\PF2e-Core-Vault\3-Rules\Character Building\Equipment\G\gate-attenuator-major.md,Worn_Items,"source: vault='Pathfinder Rage of Elements', db='Rage of Elements pg. 224'; traits: vault='apex, invested, magical', db='Invested, Magical'"
gate-attenuator,F:\Obsidian\PF2e-Core-Vault\3-Rules\Character Building\Equipment\G\gate-attenuator.md,Worn_Items,"source: vault='Pathfinder Rage of Elements', db='Rage of Elements pg. 224'"
gauntlet-bow,F:\Obsidian\PF2e-Core-Vault\3-Rules\Character Building\Equipment\G\gauntlet-bow.md,Weapon_Basic,"source: vault='Pathfinder Treasure Vault', db='Treasure Vault pg. 31'"
gauntlet-buckler,F:\Obsidian\PF2e-Core-Vault\3-Rules\Character Building\Equipment\G\gauntlet-buckler.md,Shield_Basic,"level: vault='0', db='0.0'; source: vault='Pathfinder Treasure Vault*', db='Treasure Vault pg. 2'"
gauntlet,F:\Obsidian\PF2e-Core-Vault\3-Rules\Character Building\Equipment\G\Gauntlet.md,Weapon_Basic,"source: vault='Pathfinder Player Core', db='Player Core pg. 277 2.0'"
gearbinder-oil-greater,F:\Obsidian\PF2e-Core-Vault\3-Rules\Character Building\Equipment\G\gearbinder-oil-greater.md,Alchemical_Items,"source: vault='Pathfinder Treasure Vault', db='Treasure Vault pg. 54'"
gearbinder-oil-lesser,F:\Obsidian\PF2e-Core-Vault\3-Rules\Character Building\Equipment\G\gearbinder-oil-lesser.md,Alchemical_Items,"source: vault='Pathfinder Treasure Vault', db='Treasure Vault pg. 54'"
gearbinder-oil-moderate,F:\Obsidian\PF2e-Core-Vault\3-Rules\Character Building\Equipment\G\gearbinder-oil-moderate.md,Alchemical_Items,"source: vault='Pathfinder Treasure Vault', db='Treasure Vault pg. 54'"
gecko-pads-(greater),F:\Obsidian\PF2e-Core-Vault\3-Rules\Character Building\Equipment\G\gecko-pads-greater.md,Consumables,"source: vault='Pathfinder Guns & Gears', db='Guns & Gears pg. 70'; traits: vault='clockwork, consumable, gadget', db='Clockwork, Consumable, Gadget, Uncommon'"
gecko-pads,F:\Obsidian\PF2e-Core-Vault\3-Rules\Character Building\Equipment\G\gecko-pads.md,Consumables,"source: vault='Pathfinder Guns & Gears', db='Guns & Gears pg. 70'; traits: vault='clockwork, consumable, gadget', db='Clockwork, Consumable, Gadget, Uncommon'"
gecko-potion,F:\Obsidian\PF2e-Core-Vault\3-Rules\Character Building\Equipment\G\gecko-potion.md,Consumables,"source: vault='Pathfinder GM Core', db=""Advanced Player's Guide pg. 257""; traits: vault='consumable, magical, potion', db='Consumable, Magical, Potion, Transmutation'"
genealogy-mask,F:\Obsidian\PF2e-Core-Vault\3-Rules\Character Building\Equipment\G\genealogy-mask.md,Worn_Items,"source: vault='Pathfinder Lost Omens The Mwangi Expanse', db='The Mwangi Expanse pg. 34'; traits: vault='invested', db='Divination, Invested, Uncommon'"
genius-diadem,F:\Obsidian\PF2e-Core-Vault\3-Rules\Character Building\Equipment\G\genius-diadem.md,Worn_Items,"source: vault='Pathfinder GM Core', db='Gamemastery Guide pg. 89'; traits: vault='apex, arcane, intelligent', db='Apex, Arcane, Divination, Intelligent, Rare'"
ghast-stiletto,F:\Obsidian\PF2e-Core-Vault\3-Rules\Character Building\Equipment\G\ghast-stiletto.md,Specific_Magic_Weapons,"source: vault='Pathfinder Treasure Vault', db='Treasure Vault pg. 36'; traits: vault='agile, finesse, magical, thrown-10, versatile-s', db='Magical, Necromancy'"
ghastly-cauldron,F:\Obsidian\PF2e-Core-Vault\3-Rules\Character Building\Equipment\G\ghastly-cauldron.md,Held_Items,"source: vault='Pathfinder #182: Graveclaw', db='Pathfinder #182: Graveclaw pg. 75'; traits: vault='invested, magical, void', db='Invested, Magical, Necromancy, Negative, Uncommon'"
ghost-ampoule,F:\Obsidian\PF2e-Core-Vault\3-Rules\Character Building\Equipment\G\ghost-ampoule.md,Alchemical_Items,"source: vault='Pathfinder Treasure Vault', db='Treasure Vault pg. 56'; traits: vault='alchemical, auditory, consumable, divine, emotion, expandable, fear, mental', db='Alchemical, Auditory, Consumable, Divine, Emotion, Enchantment, Expandable, Fear, Mental'"
ghostly-portal-paint,F:\Obsidian\PF2e-Core-Vault\3-Rules\Character Building\Equipment\G\ghostly-portal-paint.md,Consumables,"source: vault='Pathfinder Secrets of Magic', db='Secrets of Magic pg. 173'; traits: vault='consumable, magical, oil', db='Consumable, Magical, Oil, Transmutation, Uncommon'"
ghostshot-wrapping,F:\Obsidian\PF2e-Core-Vault\3-Rules\Character Building\Equipment\G\ghostshot-wrapping.md,Consumables,"source: vault='Pathfinder Guns & Gears', db='Guns & Gears pg. 184'"
ghoul-hide,F:\Obsidian\PF2e-Core-Vault\3-Rules\Character Building\Equipment\G\ghoul-hide.md,Specific_Magic_Armor,"source: vault='Pathfinder Player Core 2', db='Player Core 2 pg. 278'; traits: vault='invested, magical', db='Invested, Magical, Uncommon'"
gi,F:\Obsidian\PF2e-Core-Vault\3-Rules\Character Building\Equipment\G\gi.md,Armor_Basic,"level: vault='0', db='0.0'; source: vault='Pathfinder Treasure Vault', db='Treasure Vault pg. 1'"
giant-catch-pole,F:\Obsidian\PF2e-Core-Vault\3-Rules\Character Building\Equipment\G\giant-catch-pole.md,Mundane,"level: vault='3', db='3.0'; source: vault='Pathfinder Howl of the Wild', db='Howl of the Wild pg. 112 2.0'"
giant-centipede-venom,F:\Obsidian\PF2e-Core-Vault\3-Rules\Character Building\Equipment\G\giant-centipede-venom.md,Alchemical_Items,"source: vault='Pathfinder GM Core', db='Player Core 2 pg. 292, GM Core pg. 249 2.0'"
giant-killing-greater,F:\Obsidian\PF2e-Core-Vault\3-Rules\Character Building\Equipment\G\giant-killing-greater.md,Runes,"source: vault='Pathfinder Kingmaker', db='Kingmaker Companion Guide pg. 24'; traits: vault='magical', db='Magical, Necromancy, Rare'"
giant-killing,F:\Obsidian\PF2e-Core-Vault\3-Rules\Character Building\Equipment\G\giant-killing.md,Runes,"source: vault='Pathfinder Kingmaker', db='Kingmaker Companion Guide pg. 24'; traits: vault='magical', db='Magical, Necromancy, Rare'"
giant-scorpion-venom,F:\Obsidian\PF2e-Core-Vault\3-Rules\Character Building\Equipment\G\giant-scorpion-venom.md,Alchemical_Items,"source: vault='Pathfinder GM Core', db='Player Core 2 pg. 292, GM Core pg. 249 2.0'"
giant-wasp-venom,F:\Obsidian\PF2e-Core-Vault\3-Rules\Character Building\Equipment\G\giant-wasp-venom.md,Alchemical_Items,"source: vault='Pathfinder Core Rulebook', db='Core Rulebook pg. 552'"
gift-of-the-poisoned-heart,F:\Obsidian\PF2e-Core-Vault\3-Rules\Character Building\Equipment\G\gift-of-the-poisoned-heart.md,Cursed,"source: vault='Pathfinder Dark Archive', db='Dark Archive pg. 160'; traits: vault='consumable, cursed, magical', db='Rare, Consumable, Cursed, Evil, Magical, Necromancy'"
gill-hook,F:\Obsidian\PF2e-Core-Vault\3-Rules\Character Building\Equipment\G\gill-hook.md,Weapon_Basic,"source: vault='Pathfinder Lost Omens Absalom, City of Lost Omens', db='Azarketi Ancestry Web Supplement pg. 1'"
gills,F:\Obsidian\PF2e-Core-Vault\3-Rules\Character Building\Equipment\G\gills.md,Grafts,"source: vault='Pathfinder Howl of the Wild', db='Howl of the Wild pg. 98 2.0'"
ginger-chew,F:\Obsidian\PF2e-Core-Vault\3-Rules\Character Building\Equipment\G\ginger-chew.md,Alchemical_Items,"source: vault='Pathfinder Treasure Vault', db='Treasure Vault pg. 49'"
gingerbread-house,F:\Obsidian\PF2e-Core-Vault\3-Rules\Character Building\Equipment\G\gingerbread-house.md,C_C_Structure,"source: vault='Pathfinder #182: Graveclaw', db='Pathfinder #182: Graveclaw pg. 75'; traits: vault='magical, structure', db='Conjuration, Magical, Structure, Uncommon'"
glaive,F:\Obsidian\PF2e-Core-Vault\3-Rules\Character Building\Equipment\G\glaive.md,Weapon_Basic,"source: vault='Pathfinder Lost Omens Tian Xia Character Guide', db='Player Core pg. 278 2.0, Tian Xia Character Guide pg. 127'"
glamorous-buckler,F:\Obsidian\PF2e-Core-Vault\3-Rules\Character Building\Equipment\G\glamorous-buckler.md,Specific_Magic_Shields,"source: vault='Pathfinder Player Core 2', db='Player Core 2 pg. 279'; traits: vault='magical', db='Illusion, Magical'"
Glass Cutter,F:\Obsidian\PF2e-Core-Vault\3-Rules\Character Building\Equipment\G\glass-cutter.md,Mundane,"level: vault='0', db='0.0'; source: vault='Pathfinder PFS Guide', db='PFS Guide pg. 115'"
glasses-of-sociability,F:\Obsidian\PF2e-Core-Vault\3-Rules\Character Building\Equipment\G\glasses-of-sociability.md,Worn_Items,"source: vault='Pathfinder Secrets of Magic', db='Secrets of Magic pg. 185'; traits: vault='invested, magical', db='Divination, Invested, Magical'"
gliding-membranes-greater,F:\Obsidian\PF2e-Core-Vault\3-Rules\Character Building\Equipment\G\gliding-membranes-greater.md,Grafts,"source: vault='Pathfinder Howl of the Wild', db='Howl of the Wild pg. 98 2.0'"
gliding-membranes-lesser,F:\Obsidian\PF2e-Core-Vault\3-Rules\Character Building\Equipment\G\gliding-membranes-lesser.md,Grafts,"source: vault='Pathfinder Howl of the Wild', db='Howl of the Wild pg. 98 2.0'"
Gliding,F:\Obsidian\PF2e-Core-Vault\3-Rules\Character Building\Equipment\G\gliding.md,Runes,"source: vault='Pathfinder Treasure Vault', db='Treasure Vault pg. 12'; traits: vault='magical', db='Magical, Transmutation'"
glimmering-missive,F:\Obsidian\PF2e-Core-Vault\3-Rules\Character Building\Equipment\G\glimmering-missive.md,Consumables,"source: vault='Pathfinder Treasure Vault', db='Treasure Vault pg. 85'; traits: vault='consumable, light, magical, missive', db='Consumable, Evocation, Light, Magical, Missive'"
glittering-snare,F:\Obsidian\PF2e-Core-Vault\3-Rules\Character Building\Equipment\G\glittering-snare.md,Snares,"source: vault='Pathfinder Lost Omens The Grand Bazaar', db='Grand Bazaar pg. 26'; traits: vault='consumable, mechanical, snare, trap, visual', db='Consumable, Mechanical, Snare, Trap, Uncommon, Visual'"
gloaming-arc,F:\Obsidian\PF2e-Core-Vault\3-Rules\Character Building\Equipment\G\gloaming-arc.md,Specific_Magic_Weapons,"source: vault='Pathfinder #183: Field of Maidens', db='Pathfinder #183: Field of Maidens pg. 75'; traits: vault='forceful, magical, shadow, sweep', db='Evocation, Magical, Shadow'"
gloaming-shard,F:\Obsidian\PF2e-Core-Vault\3-Rules\Character Building\Equipment\G\gloaming-shard.md,Specific_Magic_Weapons,"source: vault='Pathfinder Secrets of Magic', db='Secrets of Magic pg. 185'; traits: vault='agile, finesse, magical, shadow, thrown-10, versatile-s', db='Conjuration, Magical, Shadow'"
globe-of-shrouds,F:\Obsidian\PF2e-Core-Vault\3-Rules\Character Building\Equipment\G\globe-of-shrouds.md,C_C_Structure,"source: vault='Pathfinder Rage of Elements', db='Rage of Elements pg. 123'"
globe-of-shrouds,F:\Obsidian\PF2e-Core-Vault\3-Rules\Character Building\Equipment\G\globe-of-shrouds.md,Held_Items,"source: vault='Pathfinder Rage of Elements', db='Rage of Elements pg. 123'"
gloom-blade,F:\Obsidian\PF2e-Core-Vault\3-Rules\Character Building\Equipment\G\gloom-blade.md,Specific_Magic_Weapons,"source: vault='Pathfinder GM Core', db='Core Rulebook pg. 601'; traits: vault='agile, finesse, magical, versatile-s', db='Evocation, Magical'"
glorious-plate,F:\Obsidian\PF2e-Core-Vault\3-Rules\Character Building\Equipment\G\glorious-plate.md,Specific_Magic_Armor,"source: vault='Pathfinder Lost Omens Character Guide', db='Character Guide pg. 93'; traits: vault='bulwark, invested, light, magical', db='Evocation, Good, Light, Magical, Rare'"
gloves-of-carelessness,F:\Obsidian\PF2e-Core-Vault\3-Rules\Character Building\Equipment\G\gloves-of-carelessness.md,Cursed,"source: vault='Pathfinder Gamemastery Guide', db='Gamemastery Guide pg. 91'; traits: vault='cursed, extradimensional, invested, magical', db='Rare, Abjuration, Cursed, Extradimensional, Invested, Magical'"
glow-rod,F:\Obsidian\PF2e-Core-Vault\3-Rules\Character Building\Equipment\G\glow-rod.md,Alchemical_Items,"source: vault='Pathfinder GM Core', db='Player Core 2 pg. 295, GM Core pg. 251 2.0'; traits: vault='alchemical, consumable, light', db='Alchemical, Consumable'"
glowing-lantern-fruit,F:\Obsidian\PF2e-Core-Vault\3-Rules\Character Building\Equipment\G\glowing-lantern-fruit.md,Consumables,"source: vault='Pathfinder Rage of Elements', db='Rage of Elements pg. 201'; traits: vault='consumable, magical, wood', db='Consumable, Magical, Uncommon, Wood'"
glue-bomb-greater,F:\Obsidian\PF2e-Core-Vault\3-Rules\Character Building\Equipment\G\glue-bomb-greater.md,Alchemical_Items,"source: vault='Pathfinder GM Core', db='Player Core 2 pg. 285, GM Core pg. 245 2.0'"
glue-bomb-lesser,F:\Obsidian\PF2e-Core-Vault\3-Rules\Character Building\Equipment\G\glue-bomb-lesser.md,Alchemical_Items,"source: vault='Pathfinder GM Core', db='Player Core 2 pg. 285, GM Core pg. 245 2.0'"
glue-bomb-major,F:\Obsidian\PF2e-Core-Vault\3-Rules\Character Building\Equipment\G\glue-bomb-major.md,Alchemical_Items,"source: vault='Pathfinder GM Core', db='Player Core 2 pg. 285, GM Core pg. 245 2.0'"
glue-bomb-moderate,F:\Obsidian\PF2e-Core-Vault\3-Rules\Character Building\Equipment\G\glue-bomb-moderate.md,Alchemical_Items,"source: vault='Pathfinder GM Core', db='Player Core 2 pg. 285, GM Core pg. 245 2.0'"
gluttonous-spear,F:\Obsidian\PF2e-Core-Vault\3-Rules\Character Building\Equipment\G\gluttonous-spear.md,Specific_Magic_Weapons,"source: vault='Pathfinder Adventure: The Slithering', db='The Slithering pg. 60'; traits: vault='magical, monk, thrown-20', db='Magical, Necromancy'"
gnome-flickmace,F:\Obsidian\PF2e-Core-Vault\3-Rules\Character Building\Equipment\G\gnome-flickmace.md,Weapon_Basic,"source: vault='Pathfinder Player Core', db='Player Core pg. 279 2.0'; traits: vault='gnome, reach, sweep', db='Gnome, Reach, Sweep, Uncommon'"
gnome-hooked-hammer,F:\Obsidian\PF2e-Core-Vault\3-Rules\Character Building\Equipment\G\gnome-hooked-hammer.md,Weapon_Basic,"source: vault='Pathfinder Player Core', db='Player Core pg. 278 2.0'; traits: vault='gnome, trip, two-hand-d10, versatile-p', db='Gnome, Trip, Two-Hand 1d10, Uncommon, Versatile P'"
goblin-eye-orb,F:\Obsidian\PF2e-Core-Vault\3-Rules\Character Building\Equipment\G\goblin-eye-orb.md,Consumables,"source: vault='Pathfinder Guns & Gears', db='Guns & Gears pg. 184'; traits: vault='consumable, magical, talisman', db='Consumable, Divination, Magical, Talisman'"
godsbreath-bow,F:\Obsidian\PF2e-Core-Vault\3-Rules\Character Building\Equipment\G\godsbreath-bow.md,Specific_Magic_Weapons,"source: vault='Pathfinder Lost Omens Monsters of Myth', db='Monsters of Myth pg. 89'; traits: vault='deadly-d10, magical, propulsive', db='Evocation, Magical, Rare'"
golden-blade-of-mzali,F:\Obsidian\PF2e-Core-Vault\3-Rules\Character Building\Equipment\G\golden-blade-of-mzali.md,Specific_Magic_Weapons,"source: vault='Pathfinder #172: Secrets of the Temple-City', db='Pathfinder #172: Secrets of the Temple City pg. 76'; traits: vault='fire, light, magical, monk, thrown-20', db='Evocation, Fire, Light, Magical, Rare'"
golden-branding-iron-(greater),F:\Obsidian\PF2e-Core-Vault\3-Rules\Character Building\Equipment\G\golden-branding-iron-greater.md,Consumables,"source: vault='Pathfinder #179: Cradle of Quartz', db='Pathfinder #179: Cradle of Quartz pg. 76'; traits: vault='consumable, magical, talisman', db='Consumable, Evocation, Magical, Talisman, Uncommon'"
golden-branding-iron-major,F:\Obsidian\PF2e-Core-Vault\3-Rules\Character Building\Equipment\G\golden-branding-iron-major.md,Consumables,"source: vault='Pathfinder #179: Cradle of Quartz', db='Pathfinder #179: Cradle of Quartz pg. 76'; traits: vault='consumable, magical, talisman', db='Consumable, Evocation, Magical, Talisman, Uncommon'"
golden-branding-iron,F:\Obsidian\PF2e-Core-Vault\3-Rules\Character Building\Equipment\G\golden-branding-iron.md,Consumables,"source: vault='Pathfinder #179: Cradle of Quartz', db='Pathfinder #179: Cradle of Quartz pg. 76'; traits: vault='consumable, magical, talisman', db='Conjuration, Consumable, Magical, Talisman, Teleportation, Uncommon'"
golden-breath-fulu,F:\Obsidian\PF2e-Core-Vault\3-Rules\Character Building\Equipment\G\golden-breath-fulu.md,Consumables,"source: vault='Pathfinder Treasure Vault', db='Treasure Vault pg. 77'; traits: vault='consumable, fulu, healing, magical, talisman, vitality', db='Consumable, Fulu, Healing, Magical, Necromancy, Positive, Talisman, Uncommon'"
golden-cased-bullet-greater,F:\Obsidian\PF2e-Core-Vault\3-Rules\Character Building\Equipment\G\golden-cased-bullet-greater.md,Consumables,"source: vault='Pathfinder #179: Cradle of Quartz', db='Pathfinder #179: Cradle of Quartz pg. 76'; traits: vault='consumable, magical', db='Consumable, Divination, Magical, Uncommon'"
golden-cased-bullet-major,F:\Obsidian\PF2e-Core-Vault\3-Rules\Character Building\Equipment\G\golden-cased-bullet-major.md,Consumables,"source: vault='Pathfinder #179: Cradle of Quartz', db='Pathfinder #179: Cradle of Quartz pg. 76'; traits: vault='consumable, magical', db='Consumable, Divination, Magical, Uncommon'"
golden-cased-bullet-standard,F:\Obsidian\PF2e-Core-Vault\3-Rules\Character Building\Equipment\G\golden-cased-bullet-standard.md,Consumables,"source: vault='Pathfinder #179: Cradle of Quartz', db='Pathfinder #179: Cradle of Quartz pg. 76'; traits: vault='consumable, magical', db='Consumable, Divination, Magical, Uncommon'"
golden-chrysalis,F:\Obsidian\PF2e-Core-Vault\3-Rules\Character Building\Equipment\G\golden-chrysalis.md,Consumables,"source: vault='Pathfinder Secrets of Magic', db='Secrets of Magic pg. 174'; traits: vault='consumable, magical', db='Consumable, Evocation, Magical'"
golden-goose,F:\Obsidian\PF2e-Core-Vault\3-Rules\Character Building\Equipment\G\golden-goose.md,Cursed,"source: vault='Pathfinder Dark Archive', db='Dark Archive pg. 160'; traits: vault='cursed, magical', db='Cursed, Evil, Magical, Transmuation'"
golden-legion-epaulet,F:\Obsidian\PF2e-Core-Vault\3-Rules\Character Building\Equipment\G\golden-legion-epaulet.md,Worn_Items,"source: vault='Pathfinder Lost Omens World Guide', db='World Guide pg. 124'; traits: vault='invested, magical', db='Enchantment, Invested, Magical, Uncommon'"
golden-rod-memento,F:\Obsidian\PF2e-Core-Vault\3-Rules\Character Building\Equipment\G\golden-rod-memento.md,Held_Items,"source: vault='Pathfinder Lost Omens Monsters of Myth', db='Monsters of Myth pg. 59'; traits: vault='cursed, magical', db='Abjuration, Cursed, Magical, Rare'"
golden-silencer-greater,F:\Obsidian\PF2e-Core-Vault\3-Rules\Character Building\Equipment\G\golden-silencer-greater.md,Consumables,"level: vault='10', db='1'; rarity: vault='uncommon', db='Common'; source: vault='Pathfinder #179: Cradle of Quartz', db='Pathfinder #179: Cradle of Quartz pg. 76'; traits: vault='consumable, illusion, magical, talisman', db='Consumable, Magical, Talisman, Transmutation'"
golden-silencer-standard,F:\Obsidian\PF2e-Core-Vault\3-Rules\Character Building\Equipment\G\golden-silencer-standard.md,Consumables,"rarity: vault='uncommon', db='Common'; source: vault='Pathfinder #179: Cradle of Quartz', db='Pathfinder #179: Cradle of Quartz pg. 76'; traits: vault='consumable, illusion, magical, talisman', db='Consumable, Magical, Talisman, Transmutation'"
golden-spur,F:\Obsidian\PF2e-Core-Vault\3-Rules\Character Building\Equipment\G\golden-spur.md,Consumables,"rarity: vault='uncommon', db='Common'; source: vault='Pathfinder #179: Cradle of Quartz', db='Pathfinder #179: Cradle of Quartz pg. 76'; traits: vault='consumable, magical, talisman, teleportation', db='Consumable, Evocation, Magical, Talisman'"
golem-stylus,F:\Obsidian\PF2e-Core-Vault\3-Rules\Character Building\Equipment\G\golem-stylus.md,Held_Items,"source: vault=""Pathfinder #153: Life's Long Shadows"", db=""Pathfinder #153: Life's Long Shadows pg. 69""; traits: vault='invested, magical', db='Invested, Magical, Transmutation, Uncommon'"
gorget-of-the-primal-roar,F:\Obsidian\PF2e-Core-Vault\3-Rules\Character Building\Equipment\G\gorget-of-the-primal-roar.md,Worn_Items,"source: vault='Pathfinder GM Core', db='Core Rulebook pg. 611'; traits: vault='invested, magical', db='Enchantment, Invested, Magical'"
gorgons-breath,F:\Obsidian\PF2e-Core-Vault\3-Rules\Character Building\Equipment\G\gorgons-breath.md,Alchemical_Items,"source: vault='Pathfinder Treasure Vault', db='Treasure Vault pg. 69, Pathfinder #149: Against the Scarlet Triad pg. 78'; traits: vault='alchemical, consumable, inhaled, poison', db='Alchemical, Consumable, Inhaled, Poison, Uncommon'"
goring-horn,F:\Obsidian\PF2e-Core-Vault\3-Rules\Character Building\Equipment\G\goring-horn.md,Grafts,"source: vault='Pathfinder Howl of the Wild', db='Howl of the Wild pg. 98 2.0'"
gossamer-sash,F:\Obsidian\PF2e-Core-Vault\3-Rules\Character Building\Equipment\G\gossamer-sash.md,Consumables,"source: vault='Pathfinder #199: To Bloom Below the Web', db='Pathfinder #199: To Bloom Below the Web pg. 84'; traits: vault='consumable, illusion, magical', db='Consumable, Illusion, Magical, Rare'"
gourd-home,F:\Obsidian\PF2e-Core-Vault\3-Rules\Character Building\Equipment\G\gourd-home.md,C_C_Structure,"source: vault='Pathfinder #147: Tomorrow Must Burn', db='Pathfinder #147: Tomorrow Must Burn pg. 72'; traits: vault='extradimensional, magical, structure', db='Conjuration, Extradimensional, Magical, Rare, Structure'"
goz-mask-greater,F:\Obsidian\PF2e-Core-Vault\3-Rules\Character Building\Equipment\G\goz-mask-greater.md,Worn_Items,"source: vault='Pathfinder Treasure Vault', db='Treasure Vault pg. 154, Pathfinder #169: Kindled Magic pg. 73'; traits: vault='invested, magical', db='Invested, Magical, Transmutation'"
goz-mask-(major),F:\Obsidian\PF2e-Core-Vault\3-Rules\Character Building\Equipment\G\goz-mask-major.md,Worn_Items,"source: vault='Pathfinder Treasure Vault', db='Treasure Vault pg. 154, Pathfinder #169: Kindled Magic pg. 73'; traits: vault='invested, magical', db='Invested, Magical, Transmutation'"
goz-mask,F:\Obsidian\PF2e-Core-Vault\3-Rules\Character Building\Equipment\G\goz-mask.md,Worn_Items,"source: vault='Pathfinder Treasure Vault', db='Treasure Vault pg. 154, Pathfinder #169: Kindled Magic pg. 73'; traits: vault='invested, magical', db='Invested, Magical, Transmutation'"
grail-of-twisted-desires,F:\Obsidian\PF2e-Core-Vault\3-Rules\Character Building\Equipment\G\grail-of-twisted-desires.md,Held_Items,"source: vault='Pathfinder #152: Legacy of the Lost God', db='Pathfinder #152: Legacy of the Lost God pg. 73'; traits: vault='illusion, magical', db='Conjuration, Illusion, Magical, Unique'"
grappling-bolt,F:\Obsidian\PF2e-Core-Vault\3-Rules\Character Building\Equipment\G\grappling-bolt.md,Mundane,"level: vault='0', db='0.0'; source: vault='Pathfinder Lost Omens Pathfinder Society Guide', db='PFS Guide pg. 115'"
grappling-hook,F:\Obsidian\PF2e-Core-Vault\3-Rules\Character Building\Equipment\G\grappling-hook.md,Mundane,"level: vault='0', db='0.0'; source: vault='Pathfinder Player Core', db='Player Core pg. 288 2.0'"
grasp-of-droskar,F:\Obsidian\PF2e-Core-Vault\3-Rules\Character Building\Equipment\G\grasp-of-droskar.md,Specific_Magic_Weapons,"source: vault='Pathfinder Adventure: Crown of the Kobold King', db='Crown of the Kobold King pg. 115'; traits: vault='agile, cursed, invested, magical', db='Cursed, Divination, Invested, Magical, Rare, Transmutation'"
grasping-snare,F:\Obsidian\PF2e-Core-Vault\3-Rules\Character Building\Equipment\G\grasping-snare.md,Snares,"source: vault='Pathfinder Player Core 2', db='Player Core 2 pg. 298 1.1'; traits: vault='consumable, mechanical, snare, trap', db='Consumable, Mechanical, Snare, Trap, Uncommon'"
grasping-tree,F:\Obsidian\PF2e-Core-Vault\3-Rules\Character Building\Equipment\G\grasping-tree.md,Snares,"source: vault='Pathfinder #151: The Show Must Go On', db='Pathfinder #151: The Show Must Go On pg. 76'; traits: vault='consumable, mechanical, snare, trap', db='Consumable, Mechanical, Snare, Trap, Uncommon'"
grave-token,F:\Obsidian\PF2e-Core-Vault\3-Rules\Character Building\Equipment\G\grave-token.md,Consumables,"source: vault='Pathfinder Lost Omens Impossible Lands', db='Impossible Lands pg. 177'; traits: vault='catalyst, consumable, magical', db='Catalyst, Consumable, Magical, Uncommon'"
gravemist-taper,F:\Obsidian\PF2e-Core-Vault\3-Rules\Character Building\Equipment\G\gravemist-taper.md,Consumables,"source: vault='Pathfinder Treasure Vault', db='Treasure Vault pg. 74'"
graveroot,F:\Obsidian\PF2e-Core-Vault\3-Rules\Character Building\Equipment\G\graveroot.md,Alchemical_Items,"source: vault='Pathfinder GM Core', db='Player Core 2 pg. 293, GM Core pg. 249 2.0'"
gray-maiden-plate,F:\Obsidian\PF2e-Core-Vault\3-Rules\Character Building\Equipment\G\gray-maiden-plate.md,Armor_Basic,"level: vault='2', db='0.0'; source: vault='Pathfinder Adventure: Shadows at Sundown', db='Shadows at Sundown pg. 53'"
grease-snare,F:\Obsidian\PF2e-Core-Vault\3-Rules\Character Building\Equipment\G\grease-snare.md,Snares,"source: vault='Pathfinder Lost Omens Monsters of Myth', db='Monsters of Myth pg. 113'; traits: vault='consumable, mechanical, snare, trap', db='Consumable, Mechanical, Rare, Snare, Trap'"
greataxe,F:\Obsidian\PF2e-Core-Vault\3-Rules\Character Building\Equipment\G\greataxe.md,Weapon_Basic,"source: vault='Pathfinder Player Core', db='Player Core pg. 278 2.0'"
greatclub,F:\Obsidian\PF2e-Core-Vault\3-Rules\Character Building\Equipment\G\greatclub.md,Weapon_Basic,"source: vault='Pathfinder Player Core', db='Player Core pg. 278 2.0'"
greatpick,F:\Obsidian\PF2e-Core-Vault\3-Rules\Character Building\Equipment\G\greatpick.md,Weapon_Basic,"source: vault='Pathfinder Player Core', db='Player Core pg. 278 2.0'; traits: vault='fatal 1d12', db='Fatal d12'"
greatsword,F:\Obsidian\PF2e-Core-Vault\3-Rules\Character Building\Equipment\G\greatsword.md,Weapon_Basic,"source: vault='Pathfinder Player Core', db='Player Core pg. 278 2.0'"
green-gut,F:\Obsidian\PF2e-Core-Vault\3-Rules\Character Building\Equipment\G\green-gut.md,Alchemical_Items,"source: vault='Pathfinder #155: Lord of the Black Sands', db='Pathfinder #155: Lord of the Black Sands pg. 75'; traits: vault='alchemical, consumable, poison', db='Alchemical, Consumable, Poison, Uncommon'"
grievous,F:\Obsidian\PF2e-Core-Vault\3-Rules\Character Building\Equipment\G\grievous.md,Runes,"source: vault='Pathfinder GM Core', db='Core Rulebook pg. 584'; traits: vault='magical', db='Enchantment, Magical'"
griffon-cane,F:\Obsidian\PF2e-Core-Vault\3-Rules\Character Building\Equipment\G\griffon-cane.md,Weapon_Basic,"source: vault='Pathfinder Lost Omens The Grand Bazaar', db='Grand Bazaar pg. 67'"
grim-ring,F:\Obsidian\PF2e-Core-Vault\3-Rules\Character Building\Equipment\G\grim-ring.md,Worn_Items,"source: vault='Pathfinder Book of the Dead', db='Book of the Dead pg. 19'; traits: vault='detection, divine, invested', db='Detection, Divination, Divine, Invested, Uncommon'"
grim-sandglass-greater,F:\Obsidian\PF2e-Core-Vault\3-Rules\Character Building\Equipment\G\grim-sandglass-greater.md,Spellhearts,"source: vault='Pathfinder Secrets of Magic', db='Secrets of Magic pg. 171'; traits: vault='magical, spellheart', db='Magical, Necromancy, Spellheart'"
grim-sandglass-major,F:\Obsidian\PF2e-Core-Vault\3-Rules\Character Building\Equipment\G\grim-sandglass-major.md,Spellhearts,"source: vault='Pathfinder Secrets of Magic', db='Secrets of Magic pg. 171'; traits: vault='magical, spellheart', db='Magical, Necromancy, Spellheart'"
grim-sandglass,F:\Obsidian\PF2e-Core-Vault\3-Rules\Character Building\Equipment\G\grim-sandglass.md,Spellhearts,"source: vault='Pathfinder Secrets of Magic', db='Secrets of Magic pg. 171'; traits: vault='magical, spellheart', db='Magical, Necromancy, Spellheart'"
grim-trophy,F:\Obsidian\PF2e-Core-Vault\3-Rules\Character Building\Equipment\G\grim-trophy.md,Consumables,"source: vault='Pathfinder GM Core', db='Core Rulebook pg. 567'; traits: vault='consumable, magical, talisman', db='Consumable, Enchantment, Magical, Talisman'"
grimoire-of-unknown-necessities,F:\Obsidian\PF2e-Core-Vault\3-Rules\Character Building\Equipment\G\grimoire-of-unknown-necessities.md,Grimoire,"source: vault='Pathfinder #173: Doorway to the Red Star', db='Pathfinder #173: Doorway to the Red Star pg. 77'; traits: vault='grimoire, invested, magical', db='Divination, Grimoire, Invested, Magical, Unique'"
grindlegrub-steak,F:\Obsidian\PF2e-Core-Vault\3-Rules\Character Building\Equipment\G\grindlegrub-steak.md,Alchemical_Items,"source: vault='Pathfinder Lost Omens Highhelm', db='Highhelm pg. 73'; traits: vault='alchemical, consumable', db='Alchemical, Consumable, Uncommon'"
grinning-pugwampi,F:\Obsidian\PF2e-Core-Vault\3-Rules\Character Building\Equipment\G\grinning-pugwampi.md,Consumables,"rarity: vault='uncommon', db='Common'; source: vault='Pathfinder #149: Against the Scarlet Triad', db='Treasure Vault pg. 94'; traits: vault='consumable, magical, misfortune, talisman', db='Consumable, Divination, Magical, Talisman'"
grisly-scythe,F:\Obsidian\PF2e-Core-Vault\3-Rules\Character Building\Equipment\G\grisly-scythe.md,Specific_Magic_Weapons,"source: vault='Pathfinder Kingmaker', db='Kingmaker Companion Guide pg. 93'; traits: vault='deadly-d10, magical, trip', db='Magical, Necromancy, Rare'"
grit,F:\Obsidian\PF2e-Core-Vault\3-Rules\Character Building\Equipment\G\grit.md,Alchemical_Items,"source: vault='Pathfinder Lost Omens Absalom, City of Lost Omens', db='Absalom, City of Lost Omens pg. 391'"
grounding-spike,F:\Obsidian\PF2e-Core-Vault\3-Rules\Character Building\Equipment\G\grounding-spike.md,Specific_Magic_Weapons,"source: vault='Pathfinder Treasure Vault', db='Treasure Vault pg. 34'; traits: vault='backswing, finesse, magical, reach, sweep, versatile-b', db='Evocation, Magical'"
grub-gloves-greater,F:\Obsidian\PF2e-Core-Vault\3-Rules\Character Building\Equipment\G\grub-gloves-greater.md,Worn_Items,"source: vault='Pathfinder Lost Omens Highhelm', db='Highhelm pg. 87'; traits: vault='invested, magical', db='Invested, Magical, Necromancy, Uncommon'"
grub-gloves-lesser,F:\Obsidian\PF2e-Core-Vault\3-Rules\Character Building\Equipment\G\grub-gloves-lesser.md,Worn_Items,"source: vault='Pathfinder Lost Omens Highhelm', db='Highhelm pg. 87'; traits: vault='invested, magical', db='Invested, Magical, Necromancy, Uncommon'"
grub-gloves-moderate,F:\Obsidian\PF2e-Core-Vault\3-Rules\Character Building\Equipment\G\grub-gloves-moderate.md,Worn_Items,"source: vault='Pathfinder Lost Omens Highhelm', db='Highhelm pg. 87'; traits: vault='invested, magical', db='Invested, Magical, Necromancy, Uncommon'"
grudgestone-greater,F:\Obsidian\PF2e-Core-Vault\3-Rules\Character Building\Equipment\G\grudgestone-greater.md,Consumables,"source: vault='Pathfinder Treasure Vault', db='Treasure Vault pg. 94'; traits: vault='consumable, magical, talisman', db='Auditory, Consumable, Evocation, Magical, Talisman'"
grudgestone,F:\Obsidian\PF2e-Core-Vault\3-Rules\Character Building\Equipment\G\grudgestone.md,Consumables,"level: vault='15', db='7'; source: vault='Pathfinder Treasure Vault', db='Treasure Vault pg. 94'; traits: vault='consumable, magical, talisman', db='Consumable, Magical, Talisman, Transmutation'"
guardian-aluum-charm,F:\Obsidian\PF2e-Core-Vault\3-Rules\Character Building\Equipment\G\guardian-aluum-charm.md,Worn_Items,"source: vault='Pathfinder #191: The Destiny War', db='Pathfinder #191: The Destiny War pg. 71'; traits: vault='invested, magical', db='Enchantment, Invested, Magical, Rare'"
guardian-shield,F:\Obsidian\PF2e-Core-Vault\3-Rules\Character Building\Equipment\G\guardian-shield.md,Specific_Magic_Shields,"source: vault='Pathfinder Lost Omens Knights of Lastwall', db='Knights of Lastwall pg. 90'; traits: vault='divine, magical', db='Abjuration, Divine, Magical, Uncommon'"
guardian-staff-greater,F:\Obsidian\PF2e-Core-Vault\3-Rules\Character Building\Equipment\G\guardian-staff-greater.md,Staff_Wand,"source: vault='Pathfinder Treasure Vault', db='Treasure Vault pg. 132'; traits: vault='magical, staff, two-hand-d8', db='Magical, Necromancy, Staff'"
guardian-staff-major,F:\Obsidian\PF2e-Core-Vault\3-Rules\Character Building\Equipment\G\guardian-staff-major.md,Staff_Wand,"source: vault='Pathfinder Treasure Vault', db='Treasure Vault pg. 132'; traits: vault='magical, staff, two-hand-d8', db='Magical, Necromancy, Staff'"
guardian-staff,F:\Obsidian\PF2e-Core-Vault\3-Rules\Character Building\Equipment\G\guardian-staff.md,Staff_Wand,"source: vault='Pathfinder Treasure Vault', db='Treasure Vault pg. 132'; traits: vault='magical, staff, two-hand-d8', db='Magical, Necromancy, Staff'"
guiding-cajon-drum,F:\Obsidian\PF2e-Core-Vault\3-Rules\Character Building\Equipment\G\guiding-cajon-drum.md,Held_Items,"source: vault='Celebrating Hispanic Heritage Month', db='Celebrating Hispanic Heritage Month pg. 0'; traits: vault='magical', db='Enchantment, Magical'"
guiding-chisel,F:\Obsidian\PF2e-Core-Vault\3-Rules\Character Building\Equipment\G\guiding-chisel.md,Held_Items,"source: vault='Pathfinder #148: Fires of the Haunted City', db='Pathfinder #148: Fires of the Haunted City pg. 76'; traits: vault='elf, magical', db='Conjuration, Elf, Magical, Unique'"
guiding-star,F:\Obsidian\PF2e-Core-Vault\3-Rules\Character Building\Equipment\G\guiding-star.md,Specific_Magic_Weapons,"source: vault='Pathfinder Secrets of Magic', db='Secrets of Magic pg. 185'; traits: vault='agile, deadly-d6, divine, finesse, holy, thrown-20, versatile-s', db='Chaotic, Divine, Evocation, Good'"
guisarme,F:\Obsidian\PF2e-Core-Vault\3-Rules\Character Building\Equipment\G\guisarme.md,Weapon_Basic,"source: vault='Pathfinder Player Core', db='Player Core pg. 278 2.0'"
guise-of-the-smirking-devil-(greater),F:\Obsidian\PF2e-Core-Vault\3-Rules\Character Building\Equipment\G\guise-of-the-smirking-devil-greater.md,Worn_Items,"source: vault='Pathfinder Player Core 2', db='Player Core 2 pg. 310'"
guise-of-the-smirking-devil,F:\Obsidian\PF2e-Core-Vault\3-Rules\Character Building\Equipment\G\guise-of-the-smirking-devil.md,Worn_Items,"source: vault='Pathfinder Player Core 2', db='Player Core 2 pg. 310'"
habus-cudgel,F:\Obsidian\PF2e-Core-Vault\3-Rules\Character Building\Equipment\H\habus-cudgel.md,Specific_Magic_Weapons,"source: vault='Pathfinder #170: Spoken on the Song Wind', db='Pathfinder #170: Spoken on the Song Wind pg. 76'; traits: vault='magical, thrown-10', db='Magical, Necromancy, Unique'"
hag-eye-frightful,F:\Obsidian\PF2e-Core-Vault\3-Rules\Character Building\Equipment\H\hag-eye-frightful.md,Worn_Items,"source: vault='Pathfinder #182: Graveclaw', db='Pathfinder #182: Graveclaw pg. 76'; traits: vault='invested, occult, scrying', db='Divination, Invested, Occult, Rare, Scrying'"
hag-eye,F:\Obsidian\PF2e-Core-Vault\3-Rules\Character Building\Equipment\H\hag-eye.md,Worn_Items,"source: vault='Pathfinder Monster Core', db='Bestiary 3 pg. 128'; traits: vault='invested, occult, scrying', db='Divination, Invested, Occult, Rare, Scrying'"
hail-of-arrows-snare,F:\Obsidian\PF2e-Core-Vault\3-Rules\Character Building\Equipment\H\hail-of-arrows-snare.md,Snares,"source: vault='Pathfinder Player Core 2', db='Player Core 2 pg. 298 1.1'"
hairpin-of-blooming-flowers,F:\Obsidian\PF2e-Core-Vault\3-Rules\Character Building\Equipment\H\hairpin-of-blooming-flowers.md,Held_Items,"source: vault='Pathfinder #197: Let the Leaves Fall', db='Pathfinder #197: Let the Leaves Fall pg. 73'; traits: vault='invested, magical', db='Evocation, Invested, Magical, Rare'"
halberd,F:\Obsidian\PF2e-Core-Vault\3-Rules\Character Building\Equipment\H\halberd.md,Weapon_Basic,"source: vault='Pathfinder Player Core', db='Player Core pg. 278 2.0'"
half-plate,F:\Obsidian\PF2e-Core-Vault\3-Rules\Character Building\Equipment\H\half-plate.md,Armor_Basic,"level: vault='1', db='1.0'; source: vault='Pathfinder Player Core', db='Player Core pg. 273 2.0'"
halfling-sling-staff,F:\Obsidian\PF2e-Core-Vault\3-Rules\Character Building\Equipment\H\halfling-sling-staff.md,Weapon_Basic,"source: vault='Pathfinder Player Core', db='Player Core pg. 280 2.0'; traits: vault='halfling, propulsive', db='Halfling, Propulsive, Uncommon'"
Hammer,F:\Obsidian\PF2e-Core-Vault\3-Rules\Character Building\Equipment\H\hammer.md,Mundane,"level: vault='0', db='0.0'; source: vault='Pathfinder Player Core', db='Player Core pg. 288 2.0'"
hampering-snare,F:\Obsidian\PF2e-Core-Vault\3-Rules\Character Building\Equipment\H\hampering-snare.md,Snares,"source: vault='Pathfinder Player Core 2', db='Player Core 2 pg. 298 1.1'"
hand-adze,F:\Obsidian\PF2e-Core-Vault\3-Rules\Character Building\Equipment\H\hand-adze.md,Weapon_Basic,"source: vault='Pathfinder Player Core 2', db='Player Core 2 pg. 274'; traits: vault='agile, finesse, grippli, sweep, thrown-10', db='Agile, Finesse, Sweep, Thrown 10 ft., Tripkee'"
hand-crossbow,F:\Obsidian\PF2e-Core-Vault\3-Rules\Character Building\Equipment\H\hand-crossbow.md,Weapon_Basic,"source: vault='Pathfinder Player Core', db='Player Core pg. 280 2.0'"
handcuffs-average,F:\Obsidian\PF2e-Core-Vault\3-Rules\Character Building\Equipment\H\handcuffs-average.md,Mundane,"level: vault='3', db='3.0'; source: vault='Pathfinder #157: Devil at the Dreaming Palace', db='Pathfinder #157: Devil at the Dreaming Palace pg. 77'"
handcuffs-good,F:\Obsidian\PF2e-Core-Vault\3-Rules\Character Building\Equipment\H\handcuffs-good.md,Mundane,"level: vault='9', db='9.0'; source: vault='Pathfinder #157: Devil at the Dreaming Palace', db='Pathfinder #157: Devil at the Dreaming Palace pg. 77'"
handcuffs-superior,F:\Obsidian\PF2e-Core-Vault\3-Rules\Character Building\Equipment\H\handcuffs-superior.md,Mundane,"level: vault='17', db='17.0'; source: vault='Pathfinder #157: Devil at the Dreaming Palace', db='Pathfinder #157: Devil at the Dreaming Palace pg. 77'"
handling-gloves,F:\Obsidian\PF2e-Core-Vault\3-Rules\Character Building\Equipment\H\handling-gloves.md,Mundane,"source: vault='Pathfinder Lost Omens Travel Guide', db='Travel Guide pg. 103'"
hardened-harrow-deck,F:\Obsidian\PF2e-Core-Vault\3-Rules\Character Building\Equipment\H\hardened-harrow-deck.md,Specific_Magic_Weapons,"source: vault='Pathfinder #160: Assault on Hunting Lodge Seven', db='Pathfinder #160: Assault on Hunting Lodge Seven pg. 66'; traits: vault='agile, deadly-d10, magical, thrown', db='Magical, Rare, Transmutation'"
harmonic-hauberk,F:\Obsidian\PF2e-Core-Vault\3-Rules\Character Building\Equipment\H\harmonic-hauberk.md,Specific_Magic_Armor,"source: vault='Pathfinder Lost Omens The Grand Bazaar', db='Grand Bazaar pg. 84'; traits: vault='auditory, flexible, focused, illusion, invested, magical, noisy', db='Auditory, Focused, Illusion, Invested, Magical, Uncommon'"
harness,F:\Obsidian\PF2e-Core-Vault\3-Rules\Character Building\Equipment\H\harness.md,Mundane,"source: vault='Pathfinder Lost Omens Travel Guide', db='Travel Guide pg. 103'"
harnessed-shield,F:\Obsidian\PF2e-Core-Vault\3-Rules\Character Building\Equipment\H\harnessed-shield.md,Shield_Basic,"source: vault='Pathfinder Treasure Vault', db='Treasure Vault pg. 2'"
harpoon-bolt,F:\Obsidian\PF2e-Core-Vault\3-Rules\Character Building\Equipment\H\harpoon-bolt.md,Consumables,"source: vault='Pathfinder #179: Cradle of Quartz', db='Pathfinder #179: Cradle of Quartz pg. 77'; traits: vault='consumable, magical', db='Conjuration, Consumable, Magical, Uncommon'"
harpoon,F:\Obsidian\PF2e-Core-Vault\3-Rules\Character Building\Equipment\H\harpoon.md,Weapon_Basic,"source: vault='Pathfinder Treasure Vault', db='Treasure Vault pg. 31'"
harrow-carrying-case,F:\Obsidian\PF2e-Core-Vault\3-Rules\Character Building\Equipment\H\harrow-carrying-case.md,Mundane,"source: vault='Pathfinder #160: Assault on Hunting Lodge Seven', db='Pathfinder #160: Assault on Hunting Lodge Seven pg. 66'"
harrow-deck-common,F:\Obsidian\PF2e-Core-Vault\3-Rules\Character Building\Equipment\H\harrow-deck-common.md,Mundane,"source: vault='Pathfinder #160: Assault on Hunting Lodge Seven', db='Pathfinder #160: Assault on Hunting Lodge Seven pg. 66'"
harrow-deck-fine,F:\Obsidian\PF2e-Core-Vault\3-Rules\Character Building\Equipment\H\harrow-deck-fine.md,Mundane,"source: vault='Pathfinder #160: Assault on Hunting Lodge Seven', db='Pathfinder #160: Assault on Hunting Lodge Seven pg. 66'"
harrow-mat,F:\Obsidian\PF2e-Core-Vault\3-Rules\Character Building\Equipment\H\harrow-mat.md,Mundane,"source: vault='Source: Pathfinder #160: Assault on Hunting Lodge Seven', db='Pathfinder #160: Assault on Hunting Lodge Seven pg. 66'"
harrow-spellcards,F:\Obsidian\PF2e-Core-Vault\3-Rules\Character Building\Equipment\H\harrow-spellcards.md,Grimoire,"source: vault='Pathfinder Treasure Vault', db='Treasure Vault pg. 112'; traits: vault='grimoire, magical', db='Divination, Grimoire, Magical, Uncommon'"
hat-of-many-minds,F:\Obsidian\PF2e-Core-Vault\3-Rules\Character Building\Equipment\H\hat-of-many-minds.md,Worn_Items,"source: vault='Pathfinder Secrets of Magic', db='Secrets of Magic pg. 185'; traits: vault='magical', db='Conjuration, Magical'"
hatchet,F:\Obsidian\PF2e-Core-Vault\3-Rules\Character Building\Equipment\H\hatchet.md,Weapon_Basic,"source: vault='Pathfinder Player Core', db='Player Core pg. 278 2.0'; traits: vault='agile, sweep, thrown 10', db='Agile; Sweep; Thrown 1ft'"
hauling-greater,F:\Obsidian\PF2e-Core-Vault\3-Rules\Character Building\Equipment\H\hauling-greater.md,Runes,"source: vault='Pathfinder Lost Omens The Grand Bazaar', db='Grand Bazaar pg. 80'; traits: vault='magical', db='Evocation, Magical, Uncommon'"
hauling,F:\Obsidian\PF2e-Core-Vault\3-Rules\Character Building\Equipment\H\hauling.md,Runes,"source: vault='Pathfinder Lost Omens The Grand Bazaar', db='Grand Bazaar pg. 80'; traits: vault='magical', db='Evocation, Magical, Uncommon'"
headbands-of-translocation,F:\Obsidian\PF2e-Core-Vault\3-Rules\Character Building\Equipment\H\headbands-of-translocation.md,Worn_Items,"source: vault='Pathfinder Treasure Vault', db='Treasure Vault pg. 152, Pathfinder #167: Ready? Fight! pg. 74'; traits: vault='invested, magical, teleportation', db='Conjuration, Invested, Magical, Teleportation, Uncommon'"
healers-gel-greater,F:\Obsidian\PF2e-Core-Vault\3-Rules\Character Building\Equipment\H\healers-gel-greater.md,Consumables,"source: vault='Pathfinder Secrets of Magic', db='Secrets of Magic pg. 168'"
healers-gel-lesser,F:\Obsidian\PF2e-Core-Vault\3-Rules\Character Building\Equipment\H\healers-gel-lesser.md,Consumables,"source: vault='Pathfinder Secrets of Magic', db='Secrets of Magic pg. 168'"
healers-gel-moderate,F:\Obsidian\PF2e-Core-Vault\3-Rules\Character Building\Equipment\H\healers-gel-moderate.md,Consumables,"source: vault='Pathfinder Secrets of Magic', db='Secrets of Magic pg. 168'"
healers-gloves-greater,F:\Obsidian\PF2e-Core-Vault\3-Rules\Character Building\Equipment\H\healers-gloves-greater.md,Worn_Items,"source: vault='Pathfinder GM Core', db='Core Rulebook pg. 612'; traits: vault='invested, magical', db='Invested, Magical, Necromancy'"
healers-gloves,F:\Obsidian\PF2e-Core-Vault\3-Rules\Character Building\Equipment\H\healers-gloves.md,Worn_Items,"source: vault='Pathfinder GM Core', db='Core Rulebook pg. 612'; traits: vault='invested, magical', db='Invested, Magical, Necromancy'"
healers-toolkit-expanded,F:\Obsidian\PF2e-Core-Vault\3-Rules\Character Building\Equipment\H\healers-toolkit-expanded.md,Mundane,"level: vault='3', db='3.0'; source: vault='Pathfinder Player Core', db='Player Core pg. 288 2.0'"
healers-toolkit,F:\Obsidian\PF2e-Core-Vault\3-Rules\Character Building\Equipment\H\healers-toolkit.md,Mundane,"source: vault='Pathfinder Player Core', db='Player Core pg. 288 2.0'"
healing-potion-greater,F:\Obsidian\PF2e-Core-Vault\3-Rules\Character Building\Equipment\H\healing-potion-greater.md,Consumables,"source: vault='Pathfinder GM Core', db='Core Rulebook pg. 563'; traits: vault='consumable, healing, magical, potion, vitality', db='Consumable, Healing, Magical, Necromancy, Positive, Potion'"
healing-potion-lesser,F:\Obsidian\PF2e-Core-Vault\3-Rules\Character Building\Equipment\H\healing-potion-lesser.md,Consumables,"source: vault='Pathfinder GM Core', db='Core Rulebook pg. 563'; traits: vault='consumable, healing, magical, potion, vitality', db='Consumable, Healing, Magical, Necromancy, Positive, Potion'"
healing-potion-major,F:\Obsidian\PF2e-Core-Vault\3-Rules\Character Building\Equipment\H\healing-potion-major.md,Consumables,"source: vault='Pathfinder GM Core', db='Core Rulebook pg. 563'; traits: vault='consumable, healing, magical, potion, vitality', db='Consumable, Healing, Magical, Necromancy, Positive, Potion'"
healing-potion-minor,F:\Obsidian\PF2e-Core-Vault\3-Rules\Character Building\Equipment\H\healing-potion-minor.md,Consumables,"source: vault='Pathfinder GM Core', db='Core Rulebook pg. 563'; traits: vault='consumable, healing, magical, potion, vitality', db='Consumable, Healing, Magical, Necromancy, Positive, Potion'"
healing-potion-moderate,F:\Obsidian\PF2e-Core-Vault\3-Rules\Character Building\Equipment\H\healing-potion-moderate.md,Consumables,"source: vault='Pathfinder GM Core', db='Core Rulebook pg. 563'; traits: vault='consumable, healing, magical, potion, vitality', db='Consumable, Healing, Magical, Necromancy, Positive, Potion'"
healing-vapor-greater,F:\Obsidian\PF2e-Core-Vault\3-Rules\Character Building\Equipment\H\healing-vapor-greater.md,Alchemical_Items,"source: vault='Pathfinder Treasure Vault', db='Treasure Vault pg. 54'"
healing-vapor-lesser,F:\Obsidian\PF2e-Core-Vault\3-Rules\Character Building\Equipment\H\healing-vapor-lesser.md,Alchemical_Items,"source: vault='Pathfinder Treasure Vault', db='Treasure Vault pg. 54'"
healing-vapor-major,F:\Obsidian\PF2e-Core-Vault\3-Rules\Character Building\Equipment\H\healing-vapor-major.md,Alchemical_Items,"source: vault='Pathfinder Treasure Vault', db='Treasure Vault pg. 54'"
healing-vapor-moderate,F:\Obsidian\PF2e-Core-Vault\3-Rules\Character Building\Equipment\H\healing-vapor-moderate.md,Alchemical_Items,"source: vault='Pathfinder Treasure Vault', db='Treasure Vault pg. 54'"
heartblood-ring,F:\Obsidian\PF2e-Core-Vault\3-Rules\Character Building\Equipment\H\heartblood-ring.md,Consumables,"source: vault='Pathfinder Treasure Vault', db='Treasure Vault pg. 187'; traits: vault='consumable, magical', db='Consumable, Magical, Necromancy, Rare'"
heartening-missive-bull,F:\Obsidian\PF2e-Core-Vault\3-Rules\Character Building\Equipment\H\heartening-missive-bull.md,Consumables,"source: vault='Pathfinder Treasure Vault', db='Treasure Vault pg. 85'; traits: vault='consumable, magical, missive', db='Abjuration, Consumable, Magical, Missive'"
heartening-missive-butterfly,F:\Obsidian\PF2e-Core-Vault\3-Rules\Character Building\Equipment\H\heartening-missive-butterfly.md,Consumables,"source: vault='Pathfinder Treasure Vault', db='Treasure Vault pg. 85'; traits: vault='consumable, magical, missive', db='Abjuration, Consumable, Magical, Missive'"
heartening-missive-rabbit,F:\Obsidian\PF2e-Core-Vault\3-Rules\Character Building\Equipment\H\heartening-missive-rabbit.md,Consumables,"source: vault='Pathfinder Treasure Vault', db='Treasure Vault pg. 85'; traits: vault='consumable, magical, missive', db='Abjuration, Consumable, Magical, Missive'"
heartening-missive-turtle,F:\Obsidian\PF2e-Core-Vault\3-Rules\Character Building\Equipment\H\heartening-missive-turtle.md,Consumables,"source: vault='Pathfinder Treasure Vault', db='Treasure Vault pg. 85'; traits: vault='consumable, magical, missive', db='Abjuration, Consumable, Magical, Missive'"
heartripper-blade,F:\Obsidian\PF2e-Core-Vault\3-Rules\Character Building\Equipment\H\heartripper-blade.md,Specific_Magic_Weapons,"source: vault='Pathfinder Adventure: Crown of the Kobold King', db='Crown of the Kobold King pg. 115'; traits: vault='agile, finesse, magical, thrown-10, versatile-s', db='Magical, Necromancy, Rare'"
heartstone,F:\Obsidian\PF2e-Core-Vault\3-Rules\Character Building\Equipment\H\heartstone.md,Consumables,"level: vault='9', db='10'; source: vault='Pathfinder Bestiary', db='Everything Shields pg. 16'; traits: vault='invested, occult', db='Consumable, Magical, Talisman, Transmutation'"
heartstone,F:\Obsidian\PF2e-Core-Vault\3-Rules\Character Building\Equipment\H\heartstone.md,Worn_Items,"source: vault='Pathfinder Bestiary', db='Bestiary pg. 23'; traits: vault='invested, occult', db='Abjuration, Invested, Occult'"
heated-cloak,F:\Obsidian\PF2e-Core-Vault\3-Rules\Character Building\Equipment\H\heated-cloak.md,Mundane,"level: vault='5', db='5.0'; source: vault='Pathfinder Guns & Gears', db='Guns & Gears pg. 87'"
heavenly-rolling-flames,F:\Obsidian\PF2e-Core-Vault\3-Rules\Character Building\Equipment\H\heavenly-rolling-flames.md,Specific_Magic_Weapons,"source: vault='Pathfinder Lost Omens Tian Xia Character Guide', db='Tian Xia Character Guide pg. 129'; traits: vault='agile, disarm, finesse, magical, monk, parry, twin, versatile-p', db='Magical, Uncommon'"
heavy-crossbow,F:\Obsidian\PF2e-Core-Vault\3-Rules\Character Building\Equipment\H\heavy-crossbow.md,Weapon_Basic,"source: vault='Pathfinder Player Core', db='Player Core pg. 278 2.0'"
heavy-rondache,F:\Obsidian\PF2e-Core-Vault\3-Rules\Character Building\Equipment\H\heavy-rondache.md,Shield_Basic,"level: vault='0', db='0.0'; source: vault='Pathfinder Treasure Vault', db='Treasure Vault pg. 2'"
heckling-tools,F:\Obsidian\PF2e-Core-Vault\3-Rules\Character Building\Equipment\H\heckling-tools.md,Cursed,"source: vault='Pathfinder Treasure Vault', db='Treasure Vault pg. 192'; traits: vault='cursed, intelligent, magical', db='Rare, Cursed, Enchantment, Intelligent, Magical'"
heedless-spurs,F:\Obsidian\PF2e-Core-Vault\3-Rules\Character Building\Equipment\H\heedless-spurs.md,Worn_Items,"source: vault='Pathfinder #155: Lord of the Black Sands', db='Pathfinder #155: Lord of the Black Sands pg. 76'; traits: vault='magical', db='Abjuration, Magical, Rare'"
hell-staff,F:\Obsidian\PF2e-Core-Vault\3-Rules\Character Building\Equipment\H\hell-staff.md,Staff_Wand,"source: vault='Pathfinder Treasure Vault', db='Treasure Vault pg. 132'; traits: vault='magical, staff, two-hand-d8, unholy', db='Conjuration, Evil, Magical, Staff, Uncommon'"
hellfire-boots,F:\Obsidian\PF2e-Core-Vault\3-Rules\Character Building\Equipment\H\hellfire-boots.md,Worn_Items,"source: vault='Pathfinder GM Core', db=""Advanced Player's Guide pg. 261""; traits: vault='fire, invested, occult', db='Evocation, Fire, Invested, Magical'"
hellknight-breastplate,F:\Obsidian\PF2e-Core-Vault\3-Rules\Character Building\Equipment\H\hellknight-breastplate.md,Armor_Basic,"level: vault='1', db='0.0'; rarity: vault='uncommon', db='Rare'; source: vault='Pathfinder Treasure Vault', db='Treasure Vault pg. 1'"
hellknight-half-plate,F:\Obsidian\PF2e-Core-Vault\3-Rules\Character Building\Equipment\H\hellknight-half-plate.md,Armor_Basic,"level: vault='1', db='0.0'; rarity: vault='uncommon', db='Rare'; source: vault='Pathfinder Treasure Vault', db='Treasure Vault pg. 1'"
hellknight-plate,F:\Obsidian\PF2e-Core-Vault\3-Rules\Character Building\Equipment\H\hellknight-plate.md,Armor_Basic,"level: vault='2', db='0.0'; rarity: vault='uncommon', db='Rare'; source: vault='Pathfinder Lost Omens Character Guide', db='Treasure Vault pg. 1, Character Guide pg. 8'"
helm-of-zeal-greater,F:\Obsidian\PF2e-Core-Vault\3-Rules\Character Building\Equipment\H\helm-of-zeal-greater.md,Worn_Items,"source: vault='Pathfinder Player Core 2', db='Player Core 2 pg. 310'"
helm-of-zeal,F:\Obsidian\PF2e-Core-Vault\3-Rules\Character Building\Equipment\H\helm-of-zeal.md,Worn_Items,"source: vault='Pathfinder Player Core 2', db='Player Core 2 pg. 310'"
helmsmans-recourse-greater,F:\Obsidian\PF2e-Core-Vault\3-Rules\Character Building\Equipment\H\helmsmans-recourse-greater.md,Specific_Magic_Shields,"source: vault='Pathfinder Treasure Vault', db='Treasure Vault pg. 22'; traits: vault='magical, shield-throw-30', db='Magical, Transmutation'"
helmsmans-recourse-major,F:\Obsidian\PF2e-Core-Vault\3-Rules\Character Building\Equipment\H\helmsmans-recourse-major.md,Specific_Magic_Shields,"source: vault='Pathfinder Treasure Vault', db='Treasure Vault pg. 22'; traits: vault='magical, shield-throw-30', db='Magical, Transmutation'"
helmsmans-recourse,F:\Obsidian\PF2e-Core-Vault\3-Rules\Character Building\Equipment\H\helmsmans-recourse.md,Specific_Magic_Shields,"source: vault='Pathfinder Treasure Vault', db='Treasure Vault pg. 22'; traits: vault='magical, shield-throw-30', db='Magical, Transmutation'"
hemlock,F:\Obsidian\PF2e-Core-Vault\3-Rules\Character Building\Equipment\H\hemlock.md,Alchemical_Items,"source: vault='Pathfinder Player Core 2', db='Player Core 2 pg. 293, GM Core pg. 249 2.0'; traits: vault='alchemcial, consumable, ingested, poison', db='Alchemical, Consumable, Ingested, Poison'"
herd-mask,F:\Obsidian\PF2e-Core-Vault\3-Rules\Character Building\Equipment\H\herd-mask.md,Worn_Items,"source: vault='Pathfinder Treasure Vault', db='Treasure Vault pg. 154, Pathfinder #169: Kindled Magic pg. 73'; traits: vault='invested, magical, teleportation', db='Conjuration, Invested, Magical, Teleportation, Uncommon'"
hexing-jar,F:\Obsidian\PF2e-Core-Vault\3-Rules\Character Building\Equipment\H\hexing-jar.md,Worn_Items,"source: vault='Pathfinder Treasure Vault', db='Treasure Vault pg. 148'; traits: vault='focused, invested, magical', db='Enchantment, Focused, Invested, Magical'"
hide-shield,F:\Obsidian\PF2e-Core-Vault\3-Rules\Character Building\Equipment\H\hide-shield.md,Shield_Basic,"source: vault='Pathfinder Treasure Vault', db='Treasure Vault pg. 2'"
high-contrast-goggles,F:\Obsidian\PF2e-Core-Vault\3-Rules\Character Building\Equipment\H\high-contrast-goggles.md,Mundane,"level: vault='4', db='0.0'; source: vault='Pathfinder Howl of the Wild', db='Howl of the Wild pg. 113 2.0'"
highhelm-drill-mark-i,F:\Obsidian\PF2e-Core-Vault\3-Rules\Character Building\Equipment\H\highhelm-drill-mark-i.md,Held_Items,"source: vault='Pathfinder Lost Omens Highhelm', db='Highhelm pg. 112'; traits: vault='force, magical', db='Evocation, Force, Magical, Uncommon'"
highhelm-drill-mark-ii,F:\Obsidian\PF2e-Core-Vault\3-Rules\Character Building\Equipment\H\highhelm-drill-mark-ii.md,Held_Items,"source: vault='Pathfinder Lost Omens Highhelm', db='Highhelm pg. 112'; traits: vault='force, magical', db='Evocation, Force, Magical, Uncommon'"
highhelm-drill-mark-iii,F:\Obsidian\PF2e-Core-Vault\3-Rules\Character Building\Equipment\H\highhelm-drill-mark-iii.md,Held_Items,"source: vault='Pathfinder Lost Omens Highhelm', db='Highhelm pg. 112'; traits: vault='force, magical', db='Evocation, Force, Magical, Uncommon'"
highhelm-stronghold-plate,F:\Obsidian\PF2e-Core-Vault\3-Rules\Character Building\Equipment\H\highhelm-stronghold-plate.md,Specific_Magic_Armor,"source: vault='Pathfinder Lost Omens Highhelm', db='Highhelm pg. 112'; traits: vault='bulwark, entrench-melee, hindering, invested, magical', db='Conjuration, Invested, Magical, Uncommon'"
highhelm-war-shield-greater,F:\Obsidian\PF2e-Core-Vault\3-Rules\Character Building\Equipment\H\highhelm-war-shield-greater.md,Specific_Magic_Shields,"source: vault='Pathfinder Lost Omens Highhelm', db='Highhelm pg. 112'; traits: vault='integrated-1d6-s, magical, shield-throw-20', db='Abjuration, Magical, Uncommon'"
highhelm-war-shield-lesser,F:\Obsidian\PF2e-Core-Vault\3-Rules\Character Building\Equipment\H\highhelm-war-shield-lesser.md,Specific_Magic_Shields,"source: vault='Pathfinder Lost Omens Highhelm', db='Highhelm pg. 112'; traits: vault='integrated-1d6-s, magical, shield-throw-20', db='Abjuration, Magical, Uncommon'"
highhelm-war-shield-moderate,F:\Obsidian\PF2e-Core-Vault\3-Rules\Character Building\Equipment\H\highhelm-war-shield-moderate.md,Specific_Magic_Shields,"source: vault='Pathfinder Lost Omens Highhelm', db='Highhelm pg. 112'; traits: vault='integrated-1d6-s, magical, shield-throw-20', db='Abjuration, Magical, Uncommon'"
hippogriff-feather,F:\Obsidian\PF2e-Core-Vault\3-Rules\Character Building\Equipment\H\hippogriff-feather.md,Consumables,"source: vault='Pathfinder Howl of the Wild', db='Howl of the Wild pg. 118 2.0'"
hippogriff-in-a-jar,F:\Obsidian\PF2e-Core-Vault\3-Rules\Character Building\Equipment\H\hippogriff-in-a-jar.md,Alchemical_Items,"source: vault='Pathfinder Treasure Vault', db='Treasure Vault pg. 56'"
hive-mother-bottle,F:\Obsidian\PF2e-Core-Vault\3-Rules\Character Building\Equipment\H\hive-mother-bottle.md,Alchemical_Items,"source: vault='Pathfinder Howl of the Wild', db='Howl of the Wild pg. 109 2.0'; traits: vault='alchemical, consumable, expandable', db='Alchemical, Consumable, Expandable, Uncommon'"
hoax-hunters-kit,F:\Obsidian\PF2e-Core-Vault\3-Rules\Character Building\Equipment\H\hoax-hunters-kit.md,Mundane,"level: vault='3', db='3.0'; source: vault='Pathfinder Dark Archive', db='Dark Archive pg. 63'"
hobbling-snare,F:\Obsidian\PF2e-Core-Vault\3-Rules\Character Building\Equipment\H\hobbling-snare.md,Snares,"source: vault='Pathfinder Player Core 2', db='Player Core 2 pg. 299 1.1'; traits: vault='consumable, mechanical, snare, trap', db='Consumable, Mechanical, Snare, Trap, Uncommon'"
hodag-leather,F:\Obsidian\PF2e-Core-Vault\3-Rules\Character Building\Equipment\H\hodag-leather.md,Specific_Magic_Armor,"level: vault='8', db='7'; source: vault='Pathfinder Howl of the Wild', db='Howl of the Wild pg. 100 2.0'; traits: vault='invested, magical', db='Invested, Magical, Uncommon'"
hollowed-hilt,F:\Obsidian\PF2e-Core-Vault\3-Rules\Character Building\Equipment\H\hollowed-hilt.md,Mundane,"source: vault='Pathfinder Lost Omens Knights of Lastwall', db='Knights of Lastwall pg. 86'"
holy-chain,F:\Obsidian\PF2e-Core-Vault\3-Rules\Character Building\Equipment\H\holy-chain.md,Specific_Magic_Armor,"source: vault='Pathfinder Player Core 2', db='Player Core 2 pg. 278'; traits: vault='divine, holy, invested, noisy', db='Divine, Holy, Invested'"
holy-prayer-beads-greater,F:\Obsidian\PF2e-Core-Vault\3-Rules\Character Building\Equipment\H\holy-prayer-beads-greater.md,Held_Items,"source: vault='Pathfinder Core Rulebook', db='Core Rulebook pg. 573'; traits: vault='divine, healing, vitality', db='Divine, Healing, Necromancy, Positive, Uncommon'"
holy-prayer-beads,F:\Obsidian\PF2e-Core-Vault\3-Rules\Character Building\Equipment\H\holy-prayer-beads.md,Held_Items,"rarity: vault='uncommon', db='Common'; source: vault='Pathfinder Core Rulebook', db='Core Rulebook pg. 573'; traits: vault='divine, healing, vitality', db='Divine, Healing, Necromancy, Positive, Uncommon'"
holy-steam-ball-refill,F:\Obsidian\PF2e-Core-Vault\3-Rules\Character Building\Equipment\H\holy-steam-ball-refill.md,Held_Items,"source: vault='Pathfinder Guns & Gears', db='Guns & Gears pg. 87'; traits: vault='divine, holy, mental', db='Divine, Enchantment, Good, Mental, Uncommon'"
holy-steam-ball,F:\Obsidian\PF2e-Core-Vault\3-Rules\Character Building\Equipment\H\holy-steam-ball.md,Held_Items,"source: vault='Pathfinder Guns & Gears', db='Guns & Gears pg. 87'; traits: vault='divine, holy, mental', db='Divine, Enchantment, Good, Mental, Uncommon'"
holy-water,F:\Obsidian\PF2e-Core-Vault\3-Rules\Character Building\Equipment\H\holy-water.md,Consumables,"source: vault='Pathfinder GM Core', db='Core Rulebook pg. 571'; traits: vault='consumable, divine, holy, splash, thrown', db='Consumable, Divine, Good, Splash'"
holy-water,F:\Obsidian\PF2e-Core-Vault\3-Rules\Character Building\Equipment\H\holy-water.md,Mundane,"level: vault='1', db='0.0'"
holy,F:\Obsidian\PF2e-Core-Vault\3-Rules\Character Building\Equipment\H\holy.md,Runes,"source: vault='Pathfinder GM Core', db='Core Rulebook pg. 584'; traits: vault='magical', db='Evocation, Good, Magical'"
homeward-swallow,F:\Obsidian\PF2e-Core-Vault\3-Rules\Character Building\Equipment\H\homeward-swallow.md,Tattoos,"source: vault='Pathfinder Treasure Vault', db='Treasure Vault pg. 120'; traits: vault='invested, magical, tattoo', db='Divination, Invested, Magical, Tattoo, Uncommon'"
homeward-wayfinder,F:\Obsidian\PF2e-Core-Vault\3-Rules\Character Building\Equipment\H\homeward-wayfinder.md,Worn_Items,"source: vault='Pathfinder Lost Omens Pathfinder Society Guide', db='PFS Guide pg. 122'; traits: vault='invested, magical, teleportation', db='Conjuration, Evocation, Invested, Magical, Teleportation, Uncommon'"
honeyscent,F:\Obsidian\PF2e-Core-Vault\3-Rules\Character Building\Equipment\H\honeyscent.md,Alchemical_Items,"source: vault='Pathfinder Lost Omens Legends', db='Legends pg. 86'; traits: vault='alchemical, consumable, inhaled, poison', db='Alchemical, Consumable, Inhaled, Poison, Rare'"
hongali-hornbow,F:\Obsidian\PF2e-Core-Vault\3-Rules\Character Building\Equipment\H\hongali-hornbow.md,Weapon_Basic,"rarity: vault='uncommon', db='Rare'; source: vault='Pathfinder Lost Omens The Grand Bazaar', db='Grand Bazaar pg. 105'"
hoof-stakes-snare,F:\Obsidian\PF2e-Core-Vault\3-Rules\Character Building\Equipment\H\hoof-stakes-snare.md,Snares,"source: vault='Pathfinder #175: Broken Tusk Moon', db='Pathfinder #175: Broken Tusk Moon pg. 79'; traits: vault='consumable, mechanical, snare, trap', db='Consumable, Mechanical, Snare, Trap, Uncommon'"
hook-sword,F:\Obsidian\PF2e-Core-Vault\3-Rules\Character Building\Equipment\H\hook-sword.md,Weapon_Basic,"rarity: vault='uncommon', db='Rare'; source: vault='Pathfinder #166: Despair on Danger Island', db='Treasure Vault pg. 27, Pathfinder #166: Despair on Danger Island pg. 76'"
hooked,F:\Obsidian\PF2e-Core-Vault\3-Rules\Character Building\Equipment\H\Hooked.md,Runes,"source: vault='Pathfinder Kingmaker', db='Kingmaker Companion Guide pg. 24'; traits: vault='magical', db='Conjuration, Magical, Rare'"
hopeful,F:\Obsidian\PF2e-Core-Vault\3-Rules\Character Building\Equipment\H\Hopeful.md,Runes,"source: vault='Pathfinder Lost Omens The Grand Bazaar', db='Grand Bazaar pg. 84'; traits: vault='magical', db='Enchantment, Magical, Uncommon'"
horn-of-blasting,F:\Obsidian\PF2e-Core-Vault\3-Rules\Character Building\Equipment\H\horn-of-blasting.md,Held_Items,"source: vault='Pathfinder Core Rulebook', db='Core Rulebook pg. 573'; traits: vault='sonic', db='Evocation, Sonic'"
horn-of-the-sun-aurochs,F:\Obsidian\PF2e-Core-Vault\3-Rules\Character Building\Equipment\H\horn-of-the-sun-aurochs.md,Held_Items,"source: vault='Pathfinder Adventure: Shadows at Sundown', db='Shadows at Sundown pg. 53'; traits: vault='magical', db='Evocation, Magical, Rare'"
horned-lion-amulet,F:\Obsidian\PF2e-Core-Vault\3-Rules\Character Building\Equipment\H\horned-lion-amulet.md,Consumables,"source: vault='Pathfinder Lost Omens Firebrands', db='Firebrands pg. 86'; traits: vault='consumable, magical, talisman', db='Abjuration, Consumable, Magical, Talisman, Uncommon'"
horrid-figurine,F:\Obsidian\PF2e-Core-Vault\3-Rules\Character Building\Equipment\H\horrid-figurine.md,Held_Items,"source: vault='Pathfinder Treasure Vault', db='Treasure Vault pg. 115'; traits: vault='magical', db='Magical, Necromancy'"
horsechopper,F:\Obsidian\PF2e-Core-Vault\3-Rules\Character Building\Equipment\H\Horsechopper.md,Weapon_Basic,"source: vault='Pathfinder Player Core', db='Player Core pg. 278 2.0'; traits: vault='goblin, reach, trip, versatile-p', db='Goblin, Reach, Trip, Uncommon, Versatile P'"
hosteling-statuette,F:\Obsidian\PF2e-Core-Vault\3-Rules\Character Building\Equipment\H\hosteling-statuette.md,C_C_Structure,"source: vault='Pathfinder Lost Omens The Grand Bazaar', db='Grand Bazaar pg. 55'; traits: vault='companion, invested, primal', db='Companion, Invested, Primal, Transmutation, Uncommon'"
hourglass,F:\Obsidian\PF2e-Core-Vault\3-Rules\Character Building\Equipment\H\Hourglass.md,Mundane,"source: vault='Pathfinder Player Core', db='Player Core pg. 288 2.0'"
hovering-potion,F:\Obsidian\PF2e-Core-Vault\3-Rules\Character Building\Equipment\H\hovering-potion.md,Consumables,"source: vault='Pathfinder Treasure Vault', db='Treasure Vault pg. 9'; traits: vault='consumable, magical, potion', db='Consumable, Evocation, Magical, Potion'"
hummingbird-wayfinder,F:\Obsidian\PF2e-Core-Vault\3-Rules\Character Building\Equipment\H\hummingbird-wayfinder.md,Worn_Items,"source: vault='Pathfinder Lost Omens Pathfinder Society Guide', db='PFS Guide pg. 122'; traits: vault='invested, magical', db='Evocation, Invested, Magical, Transmutation, Uncommon'"
hundred-moth-caress,F:\Obsidian\PF2e-Core-Vault\3-Rules\Character Building\Equipment\H\hundred-moth-caress.md,Specific_Magic_Weapons,"source: vault='Pathfinder Secrets of Magic', db='Secrets of Magic pg. 185'; traits: vault='deadly-d10, divine, trip, void', db='Divine, Necromancy, Negative'"
hunger-oil,F:\Obsidian\PF2e-Core-Vault\3-Rules\Character Building\Equipment\H\hunger-oil.md,Alchemical_Items,"source: vault='Pathfinder Treasure Vault', db='Treasure Vault pg. 69'; traits: vault='alchemical, consumable, contact, divine, poison', db='Alchemical, Consumable, Contact, Divine, Necromancy, Poison, Uncommon'"
hungering-maw,F:\Obsidian\PF2e-Core-Vault\3-Rules\Character Building\Equipment\H\hungering-maw.md,Consumables,"rarity: vault='uncommon', db='Common'; source: vault='Pathfinder Treasure Vault', db='Treasure Vault pg. 94'; traits: vault='consumable, magical, talisman', db='Conjuration, Consumable, Magical, Talisman, Teleportation'"
hunters-arrowhead,F:\Obsidian\PF2e-Core-Vault\3-Rules\Character Building\Equipment\H\hunters-arrowhead.md,Worn_Items,"source: vault='Pathfinder Treasure Vault', db='Treasure Vault pg. 153, Pathfinder #145: Hellknight Hill pg. 77'; traits: vault='invested, magical', db='Enchantment, Invested, Magical, Rare'"
hunters-bane,F:\Obsidian\PF2e-Core-Vault\3-Rules\Character Building\Equipment\H\hunters-bane.md,Consumables,"source: vault='Pathfinder Player Core 2', db='Player Core 2 pg. 305'"
hunters-bow,F:\Obsidian\PF2e-Core-Vault\3-Rules\Character Building\Equipment\H\hunters-bow.md,Specific_Magic_Weapons,"source: vault='Pathfinder Beginner Box', db=""Pathfinder Beginner Box: Game Master's Guide pg. 51""; traits: vault='deadly-d10, magical', db='Evocation, Magical'"
hunters-hagbook,F:\Obsidian\PF2e-Core-Vault\3-Rules\Character Building\Equipment\H\hunters-hagbook.md,Grimoire,"source: vault='Pathfinder #182: Graveclaw', db='Pathfinder #182: Graveclaw pg. 77'; traits: vault='fortune, grimoire, magical', db='Fortune, Grimoire, Magical, Unique'"
hype,F:\Obsidian\PF2e-Core-Vault\3-Rules\Character Building\Equipment\H\Hype.md,Alchemical_Items,"source: vault='Pathfinder Lost Omens Legends', db='Legends pg. 81'; traits: vault='alchemical, consumable, drug, ingested', db='Alchemical, Consumable, Drug, Ingested, Poison, Rare'"
Bandolier,F:\Obsidian\PF2e-Core-Vault\3-Rules\Character Building\Equipment\Harvest Compendium Equipment\B\Bandolier.md,Mundane,
Andvari's Gift,F:\Obsidian\PF2e-Core-Vault\3-Rules\Character Building\Equipment\Homebrew\A\andvaris-gift.md,Worn_Items,"rarity: vault='unique', db='Common'; traits: vault='cursed, invested, magical', db='Cursed, Divination, Invested, Magical'"
flask,F:\Obsidian\PF2e-Core-Vault\3-Rules\Character Building\Equipment\Homebrew\F\flask.md,Mundane,
vial,F:\Obsidian\PF2e-Core-Vault\3-Rules\Character Building\Equipment\Homebrew\V\vial.md,Mundane,
ice-forge,F:\Obsidian\PF2e-Core-Vault\3-Rules\Character Building\Equipment\I\ice-forge.md,C_C_Structure,"source: vault='Pathfinder #189: Dreamers of the Nameless Spires', db='Pathfinder #189: Dreamers of the Nameless Spires pg. 76'; traits: vault='magical, structure', db='Conjuration, Magical, Rare, Structure'"
ice-slick-snare,F:\Obsidian\PF2e-Core-Vault\3-Rules\Character Building\Equipment\I\ice-slick-snare.md,Snares,"traits: vault='cold, consumable, mechanical, snare, trap', db='Cold, Consumable, Mechanical, Snare, Trap, Uncommon'"
ichthyosis-mutagen,F:\Obsidian\PF2e-Core-Vault\3-Rules\Character Building\Equipment\I\ichthyosis-mutagen.md,Alchemical_Items,"source: vault='Pathfinder #164: Hands of the Devil', db='Pathfinder #164: Hands of the Devil pg. 72'; traits: vault='alchemical, consumable, elixir, mutagen, polymorph', db='Alchemical, Consumable, Elixir, Mutagen, Polymorph, Rare'"
ignitor,F:\Obsidian\PF2e-Core-Vault\3-Rules\Character Building\Equipment\I\ignitor.md,Mundane,"level: vault='1', db='1.0'; rarity: vault='clockwork', db='Common'; source: vault='Pathfinder Guns & Gears', db='Guns & Gears pg. 88'"
illuminated-folio,F:\Obsidian\PF2e-Core-Vault\3-Rules\Character Building\Equipment\I\illuminated-folio.md,Grimoire,"source: vault='Pathfinder Treasure Vault', db='Treasure Vault pg. 112'; traits: vault='grimoire, magical', db='Conjuration, Grimoire, Magical'"
immortal-bastion,F:\Obsidian\PF2e-Core-Vault\3-Rules\Character Building\Equipment\I\immortal-bastion.md,Specific_Magic_Armor,"source: vault='Pathfinder Treasure Vault', db='Treasure Vault pg. 15'; traits: vault='bulwark, entrench-melee, hindering, invested, magical', db='Abjuration, Invested, Magical'"
immovable-potion,F:\Obsidian\PF2e-Core-Vault\3-Rules\Character Building\Equipment\I\immovable-potion.md,Consumables,"source: vault='Pathfinder Treasure Vault', db='Treasure Vault pg. 9'; traits: vault='consumable, magical, potion', db='Consumable, Magical, Potion, Transmutation'"
immovable-rod,F:\Obsidian\PF2e-Core-Vault\3-Rules\Character Building\Equipment\I\immovable-rod.md,Held_Items,"source: vault='Pathfinder Core Rulebook', db='Core Rulebook pg. 574'; traits: vault='magical', db='Magical, Transmutation'"
immovable,F:\Obsidian\PF2e-Core-Vault\3-Rules\Character Building\Equipment\I\immovable.md,Runes,"source: vault='Pathfinder Treasure Vault', db='Treasure Vault pg. 12'; traits: vault='magical', db='Magical, Transmutation, Uncommon'"
imp-shot,F:\Obsidian\PF2e-Core-Vault\3-Rules\Character Building\Equipment\I\imp-shot.md,Consumables,"source: vault='Pathfinder Treasure Vault', db='Treasure Vault pg. 82'; traits: vault='consumable, magical', db='Conjuration, Consumable, Magical'"
impactful-greater,F:\Obsidian\PF2e-Core-Vault\3-Rules\Character Building\Equipment\I\impactful-greater.md,Runes,"source: vault='Pathfinder Secrets of Magic', db='Secrets of Magic pg. 185'; traits: vault='force, magical', db='Evocation, Force, Magical'"
impactful,F:\Obsidian\PF2e-Core-Vault\3-Rules\Character Building\Equipment\I\impactful.md,Runes,"source: vault='Pathfinder Secrets of Magic', db='Secrets of Magic pg. 185'; traits: vault='force, magical', db='Evocation, Force, Magical'"
impenetrable-scale,F:\Obsidian\PF2e-Core-Vault\3-Rules\Character Building\Equipment\I\impenetrable-scale.md,Specific_Magic_Armor,"source: vault='Pathfinder GM Core', db='Core Rulebook pg. 558'; traits: vault='invested, magical', db='Abjuration, Invested, Magical, Uncommon'"
implacable,F:\Obsidian\PF2e-Core-Vault\3-Rules\Character Building\Equipment\I\implacable.md,Runes,"source: vault='Pathfinder Lost Omens The Grand Bazaar', db='Grand Bazaar pg. 80'; traits: vault='magical', db='Magical, Transmutation, Uncommon'"
implosion-dust-greater,F:\Obsidian\PF2e-Core-Vault\3-Rules\Character Building\Equipment\I\implosion-dust-greater.md,Alchemical_Items,"source: vault='Pathfinder Treasure Vault', db='Treasure Vault pg. 54'"
implosion-dust-lesser,F:\Obsidian\PF2e-Core-Vault\3-Rules\Character Building\Equipment\I\implosion-dust-lesser.md,Alchemical_Items,"source: vault='Pathfinder Treasure Vault', db='Treasure Vault pg. 54'"
implosion-dust-moderate,F:\Obsidian\PF2e-Core-Vault\3-Rules\Character Building\Equipment\I\implosion-dust-moderate.md,Alchemical_Items,"source: vault='Pathfinder Treasure Vault', db='Treasure Vault pg. 54'"
impossible-cake-greater,F:\Obsidian\PF2e-Core-Vault\3-Rules\Character Building\Equipment\I\impossible-cake-greater.md,Alchemical_Items,"source: vault='Pathfinder Lost Omens The Grand Bazaar', db='Grand Bazaar pg. 46'; traits: vault='alchemical, consumable', db='Alchemical, Consumable, Uncommon'"
impossible-cake-major,F:\Obsidian\PF2e-Core-Vault\3-Rules\Character Building\Equipment\I\impossible-cake-major.md,Alchemical_Items,"source: vault='Pathfinder Lost Omens The Grand Bazaar', db='Grand Bazaar pg. 46'; traits: vault='alchemical, consumable', db='Alchemical, Consumable, Uncommon'"
impossible-cake,F:\Obsidian\PF2e-Core-Vault\3-Rules\Character Building\Equipment\I\impossible-cake.md,Alchemical_Items,"source: vault='Pathfinder Lost Omens The Grand Bazaar', db='Grand Bazaar pg. 46'; traits: vault='alchemical, consumable', db='Alchemical, Consumable, Uncommon'"
impossible,F:\Obsidian\PF2e-Core-Vault\3-Rules\Character Building\Equipment\I\impossible.md,Runes,"source: vault='Pathfinder Treasure Vault', db='Treasure Vault pg. 33'; traits: vault='magical', db='Conjuration, Magical'"
in-the-shadows-of-toil,F:\Obsidian\PF2e-Core-Vault\3-Rules\Character Building\Equipment\I\in-the-shadows-of-toil.md,Grimoire,"source: vault='Pathfinder Adventure: Crown of the Kobold King', db='Crown of the Kobold King pg. 116'; traits: vault='grimoire, magical', db='Grimoire, Magical, Necromancy, Unique'"
incense-of-distilled-death,F:\Obsidian\PF2e-Core-Vault\3-Rules\Character Building\Equipment\I\incense-of-distilled-death.md,Consumables,"source: vault='Pathfinder Player Core 2', db='Player Core 2 pg. 306'"
indestructible-shield,F:\Obsidian\PF2e-Core-Vault\3-Rules\Character Building\Equipment\I\indestructible-shield.md,Specific_Magic_Shields,"source: vault='Pathfinder GM Core', db='Core Rulebook pg. 588'; traits: vault='magical', db='Abjuration, Magical, Rare'"
indomitable-keepsake,F:\Obsidian\PF2e-Core-Vault\3-Rules\Character Building\Equipment\I\indomitable-keepsake.md,Consumables,"source: vault='Pathfinder Guns & Gears', db='Guns & Gears pg. 186'; traits: vault='consumable, fortune, magical, talisman', db='Abjuration, Consumable, Fortune, Magical, Talisman'"
inexplicable-apparatus,F:\Obsidian\PF2e-Core-Vault\3-Rules\Character Building\Equipment\I\inexplicable-apparatus.md,Worn_Items,"source: vault='Pathfinder GM Core', db='Core Rulebook pg. 612'; traits: vault='invested, magical', db='Invested, Magical, Transmutation'"
infiltrators-elixir,F:\Obsidian\PF2e-Core-Vault\3-Rules\Character Building\Equipment\I\infiltrators-elixir.md,Alchemical_Items,"source: vault='Pathfinder Core Rulebook', db='Core Rulebook pg. 548'"
injection-reservoir,F:\Obsidian\PF2e-Core-Vault\3-Rules\Character Building\Equipment\I\injection-reservoir.md,Alchemical_Items,"source: vault='Pathfinder Treasure Vault', db='Treasure Vault pg. 63'"
injigos-loving-embrace,F:\Obsidian\PF2e-Core-Vault\3-Rules\Character Building\Equipment\I\injigos-loving-embrace.md,Held_Items,"source: vault='Pathfinder #198: No Breath to Cry', db='Pathfinder #198: No Breath to Cry pg. 77'; traits: vault='magical', db='Magical, Transmutation, Unique'"
insight-coffee-greater,F:\Obsidian\PF2e-Core-Vault\3-Rules\Character Building\Equipment\I\insight-coffee-greater.md,Alchemical_Items,"source: vault='Pathfinder Treasure Vault', db='Treasure Vault pg. 49'"
insight-coffee-lesser,F:\Obsidian\PF2e-Core-Vault\3-Rules\Character Building\Equipment\I\insight-coffee-lesser.md,Alchemical_Items,"source: vault='Pathfinder Treasure Vault', db='Treasure Vault pg. 49'"
insight-coffee-moderate,F:\Obsidian\PF2e-Core-Vault\3-Rules\Character Building\Equipment\I\insight-coffee-moderate.md,Alchemical_Items,"source: vault='Pathfinder Treasure Vault', db='Treasure Vault pg. 49'"
insistent-door-knocker-(greater),F:\Obsidian\PF2e-Core-Vault\3-Rules\Character Building\Equipment\I\insistent-door-knocker-greater.md,Held_Items,"source: vault='Pathfinder Lost Omens Character Guide', db='Character Guide pg. 72'; traits: vault='magical', db='Conjuration, Magical'"
insistent-door-knocker-major,F:\Obsidian\PF2e-Core-Vault\3-Rules\Character Building\Equipment\I\insistent-door-knocker-major.md,Held_Items,"source: vault='Pathfinder Lost Omens Character Guide', db='Character Guide pg. 72'; traits: vault='magical', db='Conjuration, Magical'"
insistent-door-knocker,F:\Obsidian\PF2e-Core-Vault\3-Rules\Character Building\Equipment\I\insistent-door-knocker.md,Held_Items,"source: vault='Pathfinder Lost Omens Character Guide', db='Character Guide pg. 72'; traits: vault='magical', db='Conjuration, Magical'"
inspiring-spotlight,F:\Obsidian\PF2e-Core-Vault\3-Rules\Character Building\Equipment\I\inspiring-spotlight.md,Held_Items,"source: vault='Pathfinder #152: Legacy of the Lost God', db='Pathfinder #152: Legacy of the Lost God pg. 73'; traits: vault='light, magical', db='Enchantment, Light, Magical, Uncommon'"
instant-evisceration-snare,F:\Obsidian\PF2e-Core-Vault\3-Rules\Character Building\Equipment\I\instant-evisceration-snare.md,Snares,"source: vault='Pathfinder Player Core 2', db='Player Core 2 pg. 299 1.1'"
instant-fortress,F:\Obsidian\PF2e-Core-Vault\3-Rules\Character Building\Equipment\I\instant-fortress.md,C_C_Structure,"source: vault='Pathfinder Core Rulebook', db='Core Rulebook pg. 596'; traits: vault='magical, structure', db='Conjuration, Magical, Structure, Uncommon'"
instant-spy,F:\Obsidian\PF2e-Core-Vault\3-Rules\Character Building\Equipment\I\instant-spy.md,Consumables,"source: vault='Pathfinder Guns & Gears', db='Guns & Gears pg. 70'; traits: vault='clockwork, consumable, gadget', db='Clockwork, Consumable, Gadget, Uncommon'"
inubrix-armor-high-grade,F:\Obsidian\PF2e-Core-Vault\3-Rules\Character Building\Equipment\I\inubrix-armor-high-grade.md,Armor_Material,"source: vault='Pathfinder Lost Omens The Grand Bazaar', db='Grand Bazaar pg. 98'"
inubrix-armor-standard-grade,F:\Obsidian\PF2e-Core-Vault\3-Rules\Character Building\Equipment\I\inubrix-armor-standard-grade.md,Armor_Material,"source: vault='Pathfinder Lost Omens The Grand Bazaar', db='Grand Bazaar pg. 98'"
inubrix-chunk,F:\Obsidian\PF2e-Core-Vault\3-Rules\Character Building\Equipment\I\inubrix-chunk.md,Materials,"source: vault='Pathfinder Lost Omens The Grand Bazaar', db='Grand Bazaar pg. 98'; traits: vault='precious', db='Rare, Precious'"
inubrix-ingot,F:\Obsidian\PF2e-Core-Vault\3-Rules\Character Building\Equipment\I\inubrix-ingot.md,Materials,"source: vault='Pathfinder Lost Omens The Grand Bazaar', db='Grand Bazaar pg. 98'; bulk: vault='1', db='L'; traits: vault='precious', db='Rare, Precious'"
inubrix-shield-high-grade,F:\Obsidian\PF2e-Core-Vault\3-Rules\Character Building\Equipment\I\inubrix-shield-high-grade.md,Shield_Material,"source: vault='Pathfinder Lost Omens The Grand Bazaar', db='Grand Bazaar pg. 99'; bulk: vault='1', db='L'"
inubrix-shield-standard-grade,F:\Obsidian\PF2e-Core-Vault\3-Rules\Character Building\Equipment\I\inubrix-shield-standard-grade.md,Shield_Material,"source: vault='Pathfinder Lost Omens The Grand Bazaar', db='Grand Bazaar pg. 99'"
inubrix-weapon-high-grade,F:\Obsidian\PF2e-Core-Vault\3-Rules\Character Building\Equipment\I\inubrix-weapon-high-grade.md,Weapon_Material,"source: vault='Pathfinder Lost Omens The Grand Bazaar', db='Grand Bazaar pg. 99'"
inubrix-weapon-standard-grade,F:\Obsidian\PF2e-Core-Vault\3-Rules\Character Building\Equipment\I\inubrix-weapon-standard-grade.md,Weapon_Material,"source: vault='Pathfinder Lost Omens The Grand Bazaar', db='Grand Bazaar pg. 99'"
inventors-fulu,F:\Obsidian\PF2e-Core-Vault\3-Rules\Character Building\Equipment\I\inventors-fulu.md,Consumables,"source: vault='Pathfinder Treasure Vault', db='Treasure Vault pg. 78'; traits: vault='consumable, fulu, magical, talisman', db='Consumable, Fulu, Magical, Talisman, Transmutation'"
invigorating-soap,F:\Obsidian\PF2e-Core-Vault\3-Rules\Character Building\Equipment\I\invigorating-soap.md,Held_Items,"level: vault='5', db='7'; source: vault='Pathfinder #197: Let the Leaves Fall', db='Pathfinder #197: Let the Leaves Fall pg. 74'; traits: vault='alchemical, consumable, healing, processed', db='Alchemical, Consumable, Healing, Processed, Uncommon'"
invisibility-greater,F:\Obsidian\PF2e-Core-Vault\3-Rules\Character Building\Equipment\I\invisibility-greater.md,Runes,"source: vault='Pathfinder GM Core', db='Core Rulebook pg. 583'"
invisibility-potion,F:\Obsidian\PF2e-Core-Vault\3-Rules\Character Building\Equipment\I\invisibility-potion.md,Consumables,"source: vault='Pathfinder GM Core', db='Core Rulebook pg. 563'; traits: vault='consumable, illusion, magical, potion', db='Consumable, Illusion, Magical, Potion, Uncommon'"
invisibility,F:\Obsidian\PF2e-Core-Vault\3-Rules\Character Building\Equipment\I\invisibility.md,Runes,"source: vault='Pathfinder GM Core', db='Core Rulebook pg. 583'"
invisible-chain-shirt,F:\Obsidian\PF2e-Core-Vault\3-Rules\Character Building\Equipment\I\invisible-chain-shirt.md,Specific_Magic_Armor,"source: vault='Pathfinder Secrets of Magic', db='Secrets of Magic pg. 186'; traits: vault='comfort, flexible, invested, magical', db='Evocation, Magical'"
invisible-net,F:\Obsidian\PF2e-Core-Vault\3-Rules\Character Building\Equipment\I\invisible-net.md,Consumables,"source: vault='Pathfinder #152: Legacy of the Lost God', db='Pathfinder #152: Legacy of the Lost God pg. 74'; traits: vault='consumable, magical', db='Abjuration, Consumable, Magical, Uncommon'"
iron-cube,F:\Obsidian\PF2e-Core-Vault\3-Rules\Character Building\Equipment\I\iron-cube.md,Consumables,"source: vault='Pathfinder GM Core', db='Core Rulebook pg. 567'; traits: vault='consumable, magical, talisman', db='Consumable, Evocation, Magical, Talisman'"
iron-cudgel,F:\Obsidian\PF2e-Core-Vault\3-Rules\Character Building\Equipment\I\iron-cudgel.md,Consumables,"source: vault='Pathfinder Player Core 2', db='Player Core 2 pg. 305'"
iron-equalizer,F:\Obsidian\PF2e-Core-Vault\3-Rules\Character Building\Equipment\I\iron-equalizer.md,Consumables,"source: vault='Pathfinder Player Core 2', db='Player Core 2 pg. 305'"
iron-medallion,F:\Obsidian\PF2e-Core-Vault\3-Rules\Character Building\Equipment\I\iron-medallion.md,Consumables,"source: vault='Pathfinder GM Core', db='Core Rulebook pg. 568'; traits: vault='consumable, magical, talisman', db='Abjuration, Consumable, Magical, Talisman'"
iron-wine,F:\Obsidian\PF2e-Core-Vault\3-Rules\Character Building\Equipment\I\iron-wine.md,Alchemical_Items,"source: vault='Pathfinder Lost Omens Tian Xia Character Guide', db='Tian Xia Character Guide pg. 104'; traits: vault='alchemical, consumable, elixir', db='Alchemical, Consumable, Elixir, Uncommon'"
irondust-stew,F:\Obsidian\PF2e-Core-Vault\3-Rules\Character Building\Equipment\I\irondust-stew.md,Consumables,"source: vault='Pathfinder Lost Omens Highhelm', db='Highhelm pg. 73'; traits: vault='consumable, magical', db='Abjuration, Consumable, Magical, Uncommon'"
irritating-thorn-snare,F:\Obsidian\PF2e-Core-Vault\3-Rules\Character Building\Equipment\I\irritating-thorn-snare.md,Snares,"source: vault='Pathfinder #176: Lost Mammoth Valley', db='Pathfinder #176: Lost Mammoth Valley pg. 79'; traits: vault='consumable, mechanical, snare, trap', db='Consumable, Mechanical, Snare, Trap, Uncommon'"
isolation-draught,F:\Obsidian\PF2e-Core-Vault\3-Rules\Character Building\Equipment\I\isolation-draught.md,Alchemical_Items,"source: vault='Pathfinder #149: Against the Scarlet Triad', db='Pathfinder #149: Against the Scarlet Triad pg. 79'; traits: vault='alchemical, consumable, ingested, poison', db='Alchemical, Consumable, Ingested, Poison, Uncommon'"
ivory-baton-(greater),F:\Obsidian\PF2e-Core-Vault\3-Rules\Character Building\Equipment\I\ivory-baton-(greater).md,Held_Items,"source: vault='Pathfinder Lost Omens Monsters of Myth', db='Monsters of Myth pg. 125'; traits: vault='magical', db='Enchantment, Magical, Rare'"
ivory-baton,F:\Obsidian\PF2e-Core-Vault\3-Rules\Character Building\Equipment\I\ivory-baton.md,Held_Items,"source: vault='Pathfinder Lost Omens Monsters of Myth', db='Monsters of Myth pg. 125'; traits: vault='magical', db='Enchantment, Magical, Rare'"
ixamès-eye,F:\Obsidian\PF2e-Core-Vault\3-Rules\Character Building\Equipment\I\ixamès-eye.md,Consumables,"rarity: vault='rare', db='Common'; source: vault=""Pathfinder #171: Hurricane's Howl"", db=""Pathfinder #171: Hurricane's Howl pg. 76""; traits: vault='consumable, magical, talisman', db='Conjuration, Consumable, Magical, Talisman, Teleportation'"
jaathooms-scarf,F:\Obsidian\PF2e-Core-Vault\3-Rules\Character Building\Equipment\J\jaathooms-scarf.md,Worn_Items,"source: vault='Pathfinder Rage of Elements', db='Rage of Elements pg. 75'"
jacks-tattered-cape,F:\Obsidian\PF2e-Core-Vault\3-Rules\Character Building\Equipment\J\jacks-tattered-cape.md,Worn_Items,"source: vault='Pathfinder Lost Omens Monsters of Myth', db='Monsters of Myth pg. 94'; traits: vault='illusion, invested, magical', db='Illusion, Invested, Magical, Rare'"
jade-bauble,F:\Obsidian\PF2e-Core-Vault\3-Rules\Character Building\Equipment\J\jade-bauble.md,Consumables,"source: vault='Pathfinder Player Core 2', db='Player Core 2 pg. 305'"
jade-cat,F:\Obsidian\PF2e-Core-Vault\3-Rules\Character Building\Equipment\J\jade-cat.md,Consumables,"source: vault='Pathfinder GM Core', db='Core Rulebook pg. 568'; traits: vault='consumable, magical, talisman', db='Abjuration, Consumable, Magical, Talisman'"
janns-prism,F:\Obsidian\PF2e-Core-Vault\3-Rules\Character Building\Equipment\J\janns-prism.md,Held_Items,"source: vault='Pathfinder Rage of Elements', db='Rage of Elements pg. 224'"
jar-of-shifting-sands,F:\Obsidian\PF2e-Core-Vault\3-Rules\Character Building\Equipment\J\jar-of-shifting-sands.md,Held_Items,"source: vault='Pathfinder Secrets of Magic', db='Secrets of Magic pg. 186'; traits: vault='earth, magical', db='Conjuration, Earth, Magical'"
javelin,F:\Obsidian\PF2e-Core-Vault\3-Rules\Character Building\Equipment\J\javelin.md,Weapon_Basic,"source: vault='Pathfinder Player Core', db='Player Core pg. 280 2.0'"
jawbreaker-shield,F:\Obsidian\PF2e-Core-Vault\3-Rules\Character Building\Equipment\J\jawbreaker-shield.md,Specific_Magic_Shields,"source: vault='Pathfinder #154: Siege of the Dinosaurs', db='Pathfinder #154: Siege of the Dinosaurs pg. 75'; traits: vault='magical', db='Abjuration, Magical, Uncommon'"
jellyfish-lamp,F:\Obsidian\PF2e-Core-Vault\3-Rules\Character Building\Equipment\J\jellyfish-lamp.md,Mundane,"source: vault='Pathfinder Lost Omens World Guide', db='World Guide pg. 68'"
jerkin-of-liberation,F:\Obsidian\PF2e-Core-Vault\3-Rules\Character Building\Equipment\J\jerkin-of-liberation.md,Specific_Magic_Armor,"source: vault='Pathfinder #156: The Apocalypse Prophet', db='Pathfinder #156: The Apocalypse Prophet pg. 74'; traits: vault='invested, magical', db='Abjuration, Invested, Magical, Uncommon'"
jian-of-lifes-duality,F:\Obsidian\PF2e-Core-Vault\3-Rules\Character Building\Equipment\J\jian-of-lifes-duality.md,Specific_Magic_Weapons,"source: vault='Pathfinder Lost Omens Tian Xia Character Guide', db='Tian Xia Character Guide pg. 129'; traits: vault='magical, versatile-p', db='Magical, Uncommon'"
jiang-shi-bell,F:\Obsidian\PF2e-Core-Vault\3-Rules\Character Building\Equipment\J\jiang-shi-bell.md,Held_Items,"source: vault='Pathfinder #199: To Bloom Below the Web', db='Pathfinder #199: To Bloom Below the Web pg. 77'; traits: vault='magical', db='Illusion, Magical, Uncommon'"
jiu-huan-dao,F:\Obsidian\PF2e-Core-Vault\3-Rules\Character Building\Equipment\J\jiu-huan-dao.md,Weapon_Basic,"rarity: vault='uncommon', db='Rare'; source: vault='Pathfinder Treasure Vault', db='Treasure Vault pg. 27, Gods & Magic pg. 121'"
jolt-coil-greater,F:\Obsidian\PF2e-Core-Vault\3-Rules\Character Building\Equipment\J\jolt-coil-greater.md,Spellhearts,"source: vault='Pathfinder Treasure Vault', db='Treasure Vault pg. 126'; traits: vault='electricity, magical, spellheart', db='Electricity, Evocation, Magical, Spellheart'"
jolt-coil-major,F:\Obsidian\PF2e-Core-Vault\3-Rules\Character Building\Equipment\J\jolt-coil-major.md,Spellhearts,"source: vault='Pathfinder Treasure Vault', db='Treasure Vault pg. 126'; traits: vault='electricity, magical, spellheart', db='Electricity, Evocation, Magical, Spellheart'"
jolt-coil,F:\Obsidian\PF2e-Core-Vault\3-Rules\Character Building\Equipment\J\jolt-coil.md,Spellhearts,"source: vault='Pathfinder Treasure Vault', db='Treasure Vault pg. 126'; traits: vault='electricity, magical, spellheart', db='Electricity, Evocation, Magical, Spellheart'"
journeybread-power,F:\Obsidian\PF2e-Core-Vault\3-Rules\Character Building\Equipment\J\journeybread-power.md,Alchemical_Items,"source: vault='Pathfinder Treasure Vault', db='Treasure Vault pg. 49'; traits: vault='alchemical, consumable', db='Alchemical, Consumable, Uncommon'"
journeybread,F:\Obsidian\PF2e-Core-Vault\3-Rules\Character Building\Equipment\J\journeybread.md,Alchemical_Items,"source: vault='Pathfinder Treasure Vault', db='Treasure Vault pg. 49'; bulk: vault='L', db='0'; traits: vault='alchemical, consumable', db='Alchemical, Consumable, Uncommon'"
jug-of-fond-remembrance,F:\Obsidian\PF2e-Core-Vault\3-Rules\Character Building\Equipment\J\jug-of-fond-remembrance.md,Held_Items,"source: vault='Pathfinder Treasure Vault', db='Treasure Vault pg. 115'; traits: vault='magical', db='Conjuration, Magical'"
juggernaut-mutagen-greater,F:\Obsidian\PF2e-Core-Vault\3-Rules\Character Building\Equipment\J\juggernaut-mutagen-greater.md,Alchemical_Items,"source: vault='Pathfinder Player Core 2', db='Player Core 2 pg. 289'"
juggernaut-mutagen-lesser,F:\Obsidian\PF2e-Core-Vault\3-Rules\Character Building\Equipment\J\juggernaut-mutagen-lesser.md,Alchemical_Items,"source: vault='Pathfinder Player Core 2', db='Player Core 2 pg. 289'"
juggernaut-mutagen-major,F:\Obsidian\PF2e-Core-Vault\3-Rules\Character Building\Equipment\J\juggernaut-mutagen-major.md,Alchemical_Items,"source: vault='Pathfinder Player Core 2', db='Player Core 2 pg. 289'"
juggernaut-mutagen-moderate,F:\Obsidian\PF2e-Core-Vault\3-Rules\Character Building\Equipment\J\juggernaut-mutagen-moderate.md,Alchemical_Items,"source: vault='Pathfinder Player Core 2', db='Player Core 2 pg. 289'"
juggling-club,F:\Obsidian\PF2e-Core-Vault\3-Rules\Character Building\Equipment\J\juggling-club.md,Weapon_Basic,"source: vault='Pathfinder #151: The Show Must Go On', db='Pathfinder #151: The Show Must Go On pg. 77'; traits: vault='agile, nonlethal, thrown-20', db='Agile, Nonlethal, Thrown 20 ft.'"
junk-bomb-greater,F:\Obsidian\PF2e-Core-Vault\3-Rules\Character Building\Equipment\J\junk-bomb-greater.md,Alchemical_Items,"source: vault='Pathfinder Special: Fumbus!', db='Pathfinder Special: Fumbus pg. 0'; traits: vault='alchemical, bomb, consumable, splash', db='Alchemical, Bomb, Consumable, Splash, Uncommon'"
junk-bomb-lesser,F:\Obsidian\PF2e-Core-Vault\3-Rules\Character Building\Equipment\J\junk-bomb-lesser.md,Alchemical_Items,"source: vault='Pathfinder Special: Fumbus!', db='Pathfinder Special: Fumbus pg.'; traits: vault='alchemical, bomb, consumable, splash', db='Alchemical, Bomb, Consumable, Splash, Uncommon'"
junk-bomb-major,F:\Obsidian\PF2e-Core-Vault\3-Rules\Character Building\Equipment\J\junk-bomb-major.md,Alchemical_Items,"source: vault='Pathfinder Special: Fumbus!', db='Pathfinder Special: Fumbus pg.'; traits: vault='alchemical, bomb, consumable, splash', db='Alchemical, Bomb, Consumable, Splash, Uncommon'"
junk-bomb-moderate,F:\Obsidian\PF2e-Core-Vault\3-Rules\Character Building\Equipment\J\junk-bomb-moderate.md,Alchemical_Items,"source: vault='Pathfinder Special: Fumbus!', db='Pathfinder Special: Fumbus pg.'; traits: vault='alchemical, bomb, consumable, splash', db='Alchemical, Bomb, Consumable, Splash, Uncommon'"
juubuns-one-thousand-poems,F:\Obsidian\PF2e-Core-Vault\3-Rules\Character Building\Equipment\J\juubuns-one-thousand-poems.md,Grimoire,"source: vault='Pathfinder #198: No Breath to Cry', db='Pathfinder #198: No Breath to Cry pg. 77'; traits: vault='grimoire, magical', db='Enchantment, Grimoire, Magical, Unique'"
juxtaposition-ammunition,F:\Obsidian\PF2e-Core-Vault\3-Rules\Character Building\Equipment\J\juxtaposition-ammunition.md,Consumables,"source: vault='Pathfinder Lost Omens The Grand Bazaar', db='Grand Bazaar pg. 19'; traits: vault='consumable, magical', db='Conjuration, Consumable, Magical, Teleportation, Uncommon'"
jyotis-feather-greater,F:\Obsidian\PF2e-Core-Vault\3-Rules\Character Building\Equipment\J\jyotis-feather-greater.md,Spellhearts,"source: vault='Pathfinder Treasure Vault', db='Treasure Vault pg. 126'; traits: vault='healing, magical, spellheart, vitality', db='Healing, Magical, Necromancy, Positive, Spellheart'"
jyotis-feather-major,F:\Obsidian\PF2e-Core-Vault\3-Rules\Character Building\Equipment\J\jyotis-feather-major.md,Spellhearts,"source: vault='Pathfinder Treasure Vault', db='Treasure Vault pg. 126'; traits: vault='healing, magical, spellheart, vitality', db='Healing, Magical, Necromancy, Positive, Spellheart'"
jyotis-feather,F:\Obsidian\PF2e-Core-Vault\3-Rules\Character Building\Equipment\J\jyotis-feather.md,Spellhearts,"source: vault='Pathfinder Treasure Vault', db='Treasure Vault pg. 126'; traits: vault='healing, magical, spellheart, vitality', db='Healing, Magical, Necromancy, Positive, Spellheart'"
kaiju-fulu,F:\Obsidian\PF2e-Core-Vault\3-Rules\Character Building\Equipment\K\kaiju-fulu.md,Consumables,"source: vault='Pathfinder Treasure Vault', db='Treasure Vault pg. 78'; traits: vault='consumable, fulu, magical', db='Abjuration, Consumable, Fulu, Magical, Uncommon'"
kalis,F:\Obsidian\PF2e-Core-Vault\3-Rules\Character Building\Equipment\K\kalis.md,Weapon_Basic,"rarity: vault='uncommon', db='Rare'; source: vault='Pathfinder Lost Omens Impossible Lands', db='Impossible Lands pg. 220'"
kama,F:\Obsidian\PF2e-Core-Vault\3-Rules\Character Building\Equipment\K\kama.md,Weapon_Basic,"source: vault='Pathfinder Player Core', db='Player Core pg. 278 2.0, Tian Xia Character Guide pg. 127'"
karambit,F:\Obsidian\PF2e-Core-Vault\3-Rules\Character Building\Equipment\K\karambit.md,Weapon_Basic,"source: vault='Pathfinder #166: Despair on Danger Island', db='Treasure Vault pg. 27, Pathfinder #166: Despair on Danger Island pg. 76'"
katana,F:\Obsidian\PF2e-Core-Vault\3-Rules\Character Building\Equipment\K\katana.md,Weapon_Basic,"rarity: vault='uncommon', db='Rare'; source: vault='Pathfinder Player Core', db='Player Core pg. 278 2.0, Tian Xia Character Guide pg. 127'; traits: vault='deadly-d8, two-hand-d10, versatile-p', db='Deadly d8; Two-hand d1; Versatile P'"
katar,F:\Obsidian\PF2e-Core-Vault\3-Rules\Character Building\Equipment\K\katar.md,Weapon_Basic,"source: vault='Pathfinder Player Core', db='Player Core pg. 277 2.0, Tian Xia Character Guide pg. 127'"
keen,F:\Obsidian\PF2e-Core-Vault\3-Rules\Character Building\Equipment\K\keen.md,Runes,"source: vault='Pathfinder GM Core', db='Core Rulebook pg. 584'; traits: vault='magical', db='Magical, Transmutation, Uncommon'"
keep-stone-armor-high-grade,F:\Obsidian\PF2e-Core-Vault\3-Rules\Character Building\Equipment\K\keep-stone-armor-high-grade.md,Armor_Material,"source: vault='Pathfinder Lost Omens Highhelm', db='Highhelm pg. 113'"
keep-stone-shield-high-grade,F:\Obsidian\PF2e-Core-Vault\3-Rules\Character Building\Equipment\K\keep-stone-shield-high-grade.md,Shield_Material,"source: vault='Pathfinder Lost Omens Highhelm', db='Highhelm pg. 113'"
keep-stone-weapon-high-grade,F:\Obsidian\PF2e-Core-Vault\3-Rules\Character Building\Equipment\K\keep-stone-weapon-high-grade.md,Weapon_Material,"source: vault='Pathfinder Lost Omens Highhelm', db='Highhelm pg. 113'"
keymaking-tools,F:\Obsidian\PF2e-Core-Vault\3-Rules\Character Building\Equipment\K\keymaking-tools.md,Held_Items,"source: vault='Pathfinder Secrets of Magic', db='Secrets of Magic pg. 186'; traits: vault='magical', db='Conjuration, Magical'"
khopesh,F:\Obsidian\PF2e-Core-Vault\3-Rules\Character Building\Equipment\K\khopesh.md,Weapon_Basic,"source: vault='Pathfinder Player Core 2', db='Player Core 2 pg. 274'"
kin-warding,F:\Obsidian\PF2e-Core-Vault\3-Rules\Character Building\Equipment\K\kin-warding.md,Runes,"source: vault='Pathfinder #148: Fires of the Haunted City', db='Pathfinder #148: Fires of the Haunted City pg. 75'; traits: vault='dwarf, magical', db='Abjuration, Dwarf, Magical, Uncommon'"
kings-sleep,F:\Obsidian\PF2e-Core-Vault\3-Rules\Character Building\Equipment\K\kings-sleep.md,Alchemical_Items,"source: vault='Pathfinder Player Core 2', db='Player Core 2 pg. 293'"
kirin-echo-chime,F:\Obsidian\PF2e-Core-Vault\3-Rules\Character Building\Equipment\K\kirin-echo-chime.md,Consumables,"source: vault='Pathfinder Howl of the Wild', db='Howl of the Wild pg. 118 2.0'"
kizidhars-shield,F:\Obsidian\PF2e-Core-Vault\3-Rules\Character Building\Equipment\K\kizidhars-shield.md,Specific_Magic_Shields,"source: vault='Pathfinder Rage of Elements', db='Rage of Elements pg. 201'"
klar,F:\Obsidian\PF2e-Core-Vault\3-Rules\Character Building\Equipment\K\Klar.md,Shield_Basic,"source: vault='Pathfinder Treasure Vault', db='Treasure Vault pg. 2'"
knapsack-of-halflingkind-greater,F:\Obsidian\PF2e-Core-Vault\3-Rules\Character Building\Equipment\K\knapsack-of-halflingkind-greater.md,Worn_Items,"source: vault='Pathfinder Core Rulebook', db='Core Rulebook pg. 612'; traits: vault='extradimensional, healing, invested, magical', db='Conjuration, Extradimensional, Healing, Invested, Magical, Uncommon'"
knapsack-of-halflingkind,F:\Obsidian\PF2e-Core-Vault\3-Rules\Character Building\Equipment\K\knapsack-of-halflingkind.md,Worn_Items,"source: vault='Pathfinder Core Rulebook', db='Core Rulebook pg. 612'; traits: vault='extradimensional, healing, invested, magical', db='Conjuration, Extradimensional, Healing, Invested, Magical, Uncommon'"
knight-captains-lance,F:\Obsidian\PF2e-Core-Vault\3-Rules\Character Building\Equipment\K\knight-captains-lance.md,Specific_Magic_Weapons,"source: vault='Pathfinder Lost Omens Knights of Lastwall', db='Knights of Lastwall pg. 90'; traits: vault='deadly-d8, divine, jousting-d6, reach', db='Divine, Enchantment, Magical'"
knights-standard,F:\Obsidian\PF2e-Core-Vault\3-Rules\Character Building\Equipment\K\knights-standard.md,Mundane,"source: vault='Pathfinder Lost Omens Knights of Lastwall', db='Knights of Lastwall pg. 86'"
knockout-dram,F:\Obsidian\PF2e-Core-Vault\3-Rules\Character Building\Equipment\K\knockout-dram.md,Alchemical_Items,"source: vault='Pathfinder #157: Devil at the Dreaming Palace', db='Pathfinder #157: Devil at the Dreaming Palace pg. 81'; traits: vault='alchemical, consumable, ingested, poison', db='Alchemical, Consumable, Ingested, Poison, Uncommon'"
kotodama-bells,F:\Obsidian\PF2e-Core-Vault\3-Rules\Character Building\Equipment\K\kotodama-bells.md,Held_Items,"rarity: vault='uncommon', db='Rare'; source: vault='Pathfinder Lost Omens Tian Xia Character Guide', db='Tian Xia Character Guide pg. 129'; traits: vault='magical', db='Magical, Rare'"
kotodama-whistle,F:\Obsidian\PF2e-Core-Vault\3-Rules\Character Building\Equipment\K\kotodama-whistle.md,Held_Items,"rarity: vault='uncommon', db='Rare'; source: vault='Pathfinder Lost Omens Tian Xia Character Guide', db='Tian Xia Character Guide pg. 129'; traits: vault='magical', db='Magical, Rare'"
kraken-bottle,F:\Obsidian\PF2e-Core-Vault\3-Rules\Character Building\Equipment\K\kraken-bottle.md,Alchemical_Items,"source: vault='Pathfinder Treasure Vault', db='Treasure Vault pg. 56'; traits: vault='alchemical, consumable, expandable', db='Alchemical, Consumable, Expandable, Uncommon'"
kraken-figurehead-wracking,F:\Obsidian\PF2e-Core-Vault\3-Rules\Character Building\Equipment\K\kraken-figurehead-wracking.md,Figurehead_Vehicle,"source: vault='Pathfinder Rage of Elements', db='Rage of Elements pg. 177'"
kraken-figurehead,F:\Obsidian\PF2e-Core-Vault\3-Rules\Character Building\Equipment\K\kraken-figurehead.md,Figurehead_Vehicle,"source: vault='Pathfinder Rage of Elements', db='Rage of Elements pg. 177'"
krakens-guard,F:\Obsidian\PF2e-Core-Vault\3-Rules\Character Building\Equipment\K\krakens-guard.md,Specific_Magic_Shields,"source: vault='Pathfinder Lost Omens The Grand Bazaar', db='Grand Bazaar pg. 38'; traits: vault='magical', db='Conjuration, Magical, Uncommon'"
kris,F:\Obsidian\PF2e-Core-Vault\3-Rules\Character Building\Equipment\K\Kris.md,Weapon_Basic,"source: vault='Pathfinder Lost Omens Impossible Lands', db='Impossible Lands pg. 221'"
kukri,F:\Obsidian\PF2e-Core-Vault\3-Rules\Character Building\Equipment\K\Kukri.md,Weapon_Basic,"source: vault='Pathfinder Player Core', db='Player Core pg. 278 2.0, Tian Xia Character Guide pg. 127'"
kusarigama,F:\Obsidian\PF2e-Core-Vault\3-Rules\Character Building\Equipment\K\Kusarigama.md,Weapon_Basic,"rarity: vault='uncommon', db='Rare'; source: vault='Pathfinder #166: Despair on Danger Island', db='Treasure Vault pg. 27, Pathfinder #166: Despair on Danger Island pg. 76'"
kushtaka-relic,F:\Obsidian\PF2e-Core-Vault\3-Rules\Character Building\Equipment\K\kushtaka-relic.md,Consumables,"source: vault='Pathfinder Howl of the Wild', db='Howl of the Wild pg. 118 2.0'"
lacquered-waist-drum,F:\Obsidian\PF2e-Core-Vault\3-Rules\Character Building\Equipment\L\lacquered-waist-drum.md,Held_Items,"source: vault='Pathfinder #199: To Bloom Below the Web', db='Pathfinder #199: To Bloom Below the Web pg. 77'; traits: vault='magical', db='Magical, Uncommon'"
ladys-blessing-oil,F:\Obsidian\PF2e-Core-Vault\3-Rules\Character Building\Equipment\L\ladys-blessing-oil.md,Alchemical_Items,"source: vault='Pathfinder Lost Omens Travel Guide', db='Travel Guide pg. 101'"
ladys-chalice,F:\Obsidian\PF2e-Core-Vault\3-Rules\Character Building\Equipment\L\ladys-chalice.md,Held_Items,"source: vault='Pathfinder Book of the Dead', db='Book of the Dead pg. 2'; traits: vault='divine', db='Conjuration, Divine, Good, Uncommon'"
ladys-knife,F:\Obsidian\PF2e-Core-Vault\3-Rules\Character Building\Equipment\L\ladys-knife.md,Specific_Magic_Weapons,"source: vault='Pathfinder Lost Omens The Grand Bazaar', db='Grand Bazaar pg. 110'; traits: vault='agile, finesse, magical, thrown-10, versatile-s', db='Conjuration, Magical'"
ladys-spiral,F:\Obsidian\PF2e-Core-Vault\3-Rules\Character Building\Equipment\L\ladys-spiral.md,Specific_Magic_Weapons,"source: vault='Pathfinder Book of the Dead', db='Book of the Dead pg. 19'; traits: vault='disarm, finesse, magical, nonlethal, reach, trip', db='Magical, Necromancy'"
lambent-perfume,F:\Obsidian\PF2e-Core-Vault\3-Rules\Character Building\Equipment\L\lambent-perfume.md,C_C_Structure,"source: vault='Pathfinder Rage of Elements', db='Rage of Elements pg. 123'"
lambent-perfume,F:\Obsidian\PF2e-Core-Vault\3-Rules\Character Building\Equipment\L\lambent-perfume.md,Held_Items,"source: vault='Pathfinder Rage of Elements', db='Rage of Elements pg. 123'"
lamellar-breastplate,F:\Obsidian\PF2e-Core-Vault\3-Rules\Character Building\Equipment\L\lamellar-breastplate.md,Armor_Basic,"source: vault='Pathfinder Treasure Vault', db='Treasure Vault pg. 1'"
lance,F:\Obsidian\PF2e-Core-Vault\3-Rules\Character Building\Equipment\L\Lance.md,Weapon_Basic,"source: vault='Pathfinder Player Core', db='Player Core pg. 278 2.0'"
lancer,F:\Obsidian\PF2e-Core-Vault\3-Rules\Character Building\Equipment\L\Lancer.md,Weapon_Basic,"rarity: vault='uncommon', db='Common'; source: vault='Pathfinder Treasure Vault', db='Treasure Vault pg. 31'; traits: vault='combination, critical fusion, reach, capacity 2', db='Capacity 2, Combination'"
lantern-bulls-eye,F:\Obsidian\PF2e-Core-Vault\3-Rules\Character Building\Equipment\L\lantern-bulls-eye.md,Mundane,"source: vault='Pathfinder Player Core', db='Player Core pg. 288 2.0'"
lantern-hooded,F:\Obsidian\PF2e-Core-Vault\3-Rules\Character Building\Equipment\L\lantern-hooded.md,Mundane,"source: vault='Pathfinder Player Core', db='Player Core pg. 288 2.0'"
lantern-of-empty-light,F:\Obsidian\PF2e-Core-Vault\3-Rules\Character Building\Equipment\L\lantern-of-empty-light.md,Held_Items,"source: vault='Pathfinder #163: Ruins of Gauntlight', db='Pathfinder #163: Ruins of Gauntlight pg. 78'; traits: vault='magical', db='Enchantment, Magical, Rare'"
lastwall-soup,F:\Obsidian\PF2e-Core-Vault\3-Rules\Character Building\Equipment\L\lastwall-soup.md,Alchemical_Items,"source: vault='Pathfinder Lost Omens Character Guide', db='Character Guide pg. 92'; traits: vault='alchemical, consumable, elixir', db='Alchemical, Consumable, Elixir, Uncommon'"
lattice-armor,F:\Obsidian\PF2e-Core-Vault\3-Rules\Character Building\Equipment\L\lattice-armor.md,Armor_Basic,"source: vault='Pathfinder War of Immortals', db='Treasure Vault pg. 1'"
laurel-of-the-empath,F:\Obsidian\PF2e-Core-Vault\3-Rules\Character Building\Equipment\L\laurel-of-the-empath.md,Worn_Items,"source: vault='Pathfinder Treasure Vault', db='Treasure Vault pg. 13'; traits: vault='apex, fortune, invested, magical', db='Apex, Divination, Fortune, Invested, Magical'"
lawbringers-lasso,F:\Obsidian\PF2e-Core-Vault\3-Rules\Character Building\Equipment\L\lawbringers-lasso.md,Held_Items,"source: vault='Pathfinder #180: The Smoking Gun', db='Pathfinder #180: The Smoking Gun pg. 73'; traits: vault='magical', db='Evocation, Lawful, Magical, Uncommon'"
leadenleg,F:\Obsidian\PF2e-Core-Vault\3-Rules\Character Building\Equipment\L\leadenleg.md,Alchemical_Items,"source: vault='Pathfinder Player Core 2', db='Player Core 2 pg. 293'"
leaf-weave,F:\Obsidian\PF2e-Core-Vault\3-Rules\Character Building\Equipment\L\leaf-weave.md,Armor_Basic,"source: vault='Pathfinder Treasure Vault', db='Treasure Vault pg. 1'"
leapers-elixir-greater,F:\Obsidian\PF2e-Core-Vault\3-Rules\Character Building\Equipment\L\leapers-elixir-greater.md,Alchemical_Items,"source: vault='Pathfinder Core Rulebook', db='Core Rulebook pg. 549'"
leapers-elixir-lesser,F:\Obsidian\PF2e-Core-Vault\3-Rules\Character Building\Equipment\L\leapers-elixir-lesser.md,Alchemical_Items,"source: vault='Pathfinder Core Rulebook', db='Core Rulebook pg. 549'"
leash,F:\Obsidian\PF2e-Core-Vault\3-Rules\Character Building\Equipment\L\leash.md,Mundane,"source: vault='Pathfinder Lost Omens Travel Guide', db='Travel Guide pg.103'"
leather-lamellar,F:\Obsidian\PF2e-Core-Vault\3-Rules\Character Building\Equipment\L\leather-lamellar.md,Armor_Basic,"source: vault='Pathfinder Treasure Vault', db='Treasure Vault pg. 11'"
legerdemain-handkerchief,F:\Obsidian\PF2e-Core-Vault\3-Rules\Character Building\Equipment\L\legerdemain-handkerchief.md,Held_Items,"source: vault='Pathfinder Treasure Vault', db='Treasure Vault pg. 115'; traits: vault='extradimensional, magical', db='Conjuration, Extradimensional, Magical'"
leiomano,F:\Obsidian\PF2e-Core-Vault\3-Rules\Character Building\Equipment\L\leiomano.md,Weapon_Basic,"rarity: vault='uncommon', db='Rare'; source: vault='Pathfinder Treasure Vault', db='Treasure Vault pg. 27, Pathfinder #166: Despair on Danger Island pg. 76'"
leopards-armor,F:\Obsidian\PF2e-Core-Vault\3-Rules\Character Building\Equipment\L\leopards-armor.md,Specific_Magic_Armor,"source: vault='Pathfinder #170: Spoken on the Song Wind', db='Pathfinder #170: Spoken on the Song Wind pg. 76'; traits: vault='flexible, invested, magical, noisy', db='Magical, Transmutation, Uncommon'"
lethargy-poison,F:\Obsidian\PF2e-Core-Vault\3-Rules\Character Building\Equipment\L\lethargy-poison.md,Alchemical_Items,"source: vault='Pathfinder GM Core', db='Player Core 2 pg. 293, GM Core pg. 250 2.0'; traits: vault='alchemical, consumable, incapacitation, injury, poison, sleep', db='Alchemical, Consumable, Incapacitation, Injury, Poison, Sleep, Uncommon'"
liars-board,F:\Obsidian\PF2e-Core-Vault\3-Rules\Character Building\Equipment\L\liars-board.md,Mundane,"level: vault='5', db='5.0'; source: vault='Pathfinder Lost Omens Highhelm', db='Highhelm pg. 59'"
liars-demise,F:\Obsidian\PF2e-Core-Vault\3-Rules\Character Building\Equipment\L\liars-demise.md,Alchemical_Items,"source: vault='Pathfinder Treasure Vault', db='Treasure Vault pg. 69'; traits: vault='alchemical, consumable, contact, divine, poison', db='Alchemical, Consumable, Contact, Divine, Enchantment, Poison, Uncommon'"
liars-lexicon,F:\Obsidian\PF2e-Core-Vault\3-Rules\Character Building\Equipment\L\liars-lexicon.md,Grimoire,"source: vault='Pathfinder #200: Seven Dooms for Sandpoint', db='Pathfinder #200: Seven Dooms for Sandpoint pg. 184'; traits: vault='grimoire, magical', db='Enchantment, Grimoire, Magical, Rare'"
librarian-staff-greater,F:\Obsidian\PF2e-Core-Vault\3-Rules\Character Building\Equipment\L\librarian-staff-greater.md,Staff_Wand,"source: vault='Pathfinder Treasure Vault', db='Treasure Vault pg. 133'; traits: vault='extradimensional, magical, staff, two-hand-d8', db='Divination, Extradimensional, Magical, Staff'"
librarian-staff,F:\Obsidian\PF2e-Core-Vault\3-Rules\Character Building\Equipment\L\librarian-staff.md,Staff_Wand,"source: vault='Pathfinder Treasure Vault', db='Treasure Vault pg. 133'; traits: vault='extradimensional, magical, staff, two-hand-d8', db='Divination, Extradimensional, Magical, Staff'"
librarians-baton,F:\Obsidian\PF2e-Core-Vault\3-Rules\Character Building\Equipment\L\librarians-baton.md,Held_Items,"source: vault='Pathfinder Special: Fumbus!', db='Pathfinder Special: Fumbus pg.'; traits: vault='detection, magical', db='Detection, Divination, Magical, Rare'"
library-robes-greater,F:\Obsidian\PF2e-Core-Vault\3-Rules\Character Building\Equipment\L\library-robes-greater.md,Specific_Magic_Armor,"source: vault='Pathfinder Treasure Vault', db='Treasure Vault pg. 15'; traits: vault='inscribed, invested, magical', db='Invested, Magical, Transmutation'"
library-robes-major,F:\Obsidian\PF2e-Core-Vault\3-Rules\Character Building\Equipment\L\library-robes-major.md,Specific_Magic_Armor,"source: vault='Pathfinder Treasure Vault', db='Treasure Vault pg. 15'; traits: vault='inscribed, invested, magical', db='Invested, Magical, Transmutation'"
library-robes-true,F:\Obsidian\PF2e-Core-Vault\3-Rules\Character Building\Equipment\L\library-robes-true.md,Specific_Magic_Armor,"source: vault='Pathfinder Treasure Vault', db='Treasure Vault pg. 15'; traits: vault='inscribed, invested, magical', db='Invested, Magical, Transmutation'"
library-robes,F:\Obsidian\PF2e-Core-Vault\3-Rules\Character Building\Equipment\L\library-robes.md,Specific_Magic_Armor,"source: vault='Pathfinder Treasure Vault', db='Treasure Vault pg. 15'; traits: vault='inscribed, invested, magical', db='Invested, Magical, Transmutation'"
lich-soul-cage,F:\Obsidian\PF2e-Core-Vault\3-Rules\Character Building\Equipment\L\lich-soul-cage.md,Held_Items,"source: vault='Pathfinder Bestiary', db='Bestiary pg. 222'; traits: vault='arcane, void', db='Arcane, Necromancy, Negative, Rare'"
life-boosting-oil-greater,F:\Obsidian\PF2e-Core-Vault\3-Rules\Character Building\Equipment\L\life-boosting-oil-greater.md,Consumables,"source: vault='Pathfinder Treasure Vault', db='Treasure Vault pg. 86'; traits: vault='consumable, healing, magical, oil', db='Consumable, Healing, Magical, Necromancy, Oil, Uncommon'"
life-boosting-oil-lesser,F:\Obsidian\PF2e-Core-Vault\3-Rules\Character Building\Equipment\L\life-boosting-oil-lesser.md,Consumables,"source: vault='Pathfinder Treasure Vault', db='Treasure Vault pg. 86'; traits: vault='consumable, healing, magical, oil', db='Consumable, Healing, Magical, Necromancy, Oil, Uncommon'"
life-boosting-oil-major,F:\Obsidian\PF2e-Core-Vault\3-Rules\Character Building\Equipment\L\life-boosting-oil-major.md,Consumables,"source: vault='Pathfinder Treasure Vault', db='Treasure Vault pg. 86'; traits: vault='consumable, healing, magical, oil', db='Consumable, Healing, Magical, Necromancy, Oil, Uncommon'"
life-boosting-oil-(moderate),F:\Obsidian\PF2e-Core-Vault\3-Rules\Character Building\Equipment\L\life-boosting-oil-moderate.md,Consumables,"source: vault='Pathfinder Treasure Vault', db='Treasure Vault pg. 86'; traits: vault='consumable, healing, magical, oil', db='Consumable, Healing, Magical, Necromancy, Oil, Uncommon'"
life-salt,F:\Obsidian\PF2e-Core-Vault\3-Rules\Character Building\Equipment\L\life-salt.md,Consumables,"source: vault='Pathfinder Book of the Dead', db='Book of the Dead pg. 2'; traits: vault='consumable, divine, vitality', db='Consumable, Divine, Positive'"
life-shot-greater,F:\Obsidian\PF2e-Core-Vault\3-Rules\Character Building\Equipment\L\life-shot-greater.md,Alchemical_Items,"source: vault='Pathfinder Treasure Vault', db='Treasure Vault pg. 43'"
life-shot-lesser,F:\Obsidian\PF2e-Core-Vault\3-Rules\Character Building\Equipment\L\life-shot-lesser.md,Alchemical_Items,"source: vault='Pathfinder Treasure Vault', db='Treasure Vault pg. 43'"
life-shot-(major),F:\Obsidian\PF2e-Core-Vault\3-Rules\Character Building\Equipment\L\life-shot-major.md,Alchemical_Items,"source: vault='Pathfinder Treasure Vault', db='Treasure Vault pg. 43'"
life-shot-(minor),F:\Obsidian\PF2e-Core-Vault\3-Rules\Character Building\Equipment\L\life-shot-minor.md,Alchemical_Items,"source: vault='Pathfinder Treasure Vault', db='Treasure Vault pg. 43'"
life-shot-(moderate),F:\Obsidian\PF2e-Core-Vault\3-Rules\Character Building\Equipment\L\life-shot-moderate.md,Alchemical_Items,"source: vault='Pathfinder Treasure Vault', db='Treasure Vault pg. 43'"
life-shot-true,F:\Obsidian\PF2e-Core-Vault\3-Rules\Character Building\Equipment\L\life-shot-true.md,Alchemical_Items,"source: vault='Pathfinder Treasure Vault', db='Treasure Vault pg. 43'"
lifeblight-residue,F:\Obsidian\PF2e-Core-Vault\3-Rules\Character Building\Equipment\L\lifeblight-residue.md,Alchemical_Items,"source: vault='Pathfinder #160: Assault on Hunting Lodge Seven', db='Pathfinder #160: Assault on Hunting Lodge Seven pg. 77'; traits: vault='consumable, divine, injury, poison, virulent', db='Consumable, Divine, Injury, Poison, Uncommon, Virulent'"
lifes-last-breath,F:\Obsidian\PF2e-Core-Vault\3-Rules\Character Building\Equipment\L\lifes-last-breath.md,Specific_Magic_Weapons,"source: vault='Pathfinder #155: Lord of the Black Sands', db='Pathfinder #155: Lord of the Black Sands pg. 76'; traits: vault='deadly-d8, holy, magical, two-hand-d10', db='Evil, Magical, Necromancy, Unique'"
lifting-belt,F:\Obsidian\PF2e-Core-Vault\3-Rules\Character Building\Equipment\L\lifting-belt.md,Worn_Items,"source: vault='Pathfinder GM Core', db='Core Rulebook pg. 613'; traits: vault='invested, magical', db='Invested, Magical, Transmutation'"
light-hammer,F:\Obsidian\PF2e-Core-Vault\3-Rules\Character Building\Equipment\L\light-hammer.md,Weapon_Basic,"source: vault='Pathfinder Player Core', db='Player Core pg. 278 2.0'; traits: vault='agile, thrown-20', db='Agile; Thrown 2ft'"
light-mace,F:\Obsidian\PF2e-Core-Vault\3-Rules\Character Building\Equipment\L\light-mace.md,Weapon_Basic,"source: vault='Pathfinder Player Core', db='Player Core pg. 277 2.0'"
light-pick,F:\Obsidian\PF2e-Core-Vault\3-Rules\Character Building\Equipment\L\light-pick.md,Weapon_Basic,"source: vault='Pathfinder Player Core', db='Player Core pg. 278 2.0'"
light-writer,F:\Obsidian\PF2e-Core-Vault\3-Rules\Character Building\Equipment\L\light-writer.md,Held_Items,"source: vault='Pathfinder Guns & Gears', db='Guns & Gears pg. 88'; traits: vault='clockwork, light', db='Clockwork, Evocation, Light, Rare'"
lightning-rod-shot,F:\Obsidian\PF2e-Core-Vault\3-Rules\Character Building\Equipment\L\lightning-rod-shot.md,Consumables,"source: vault='Pathfinder Treasure Vault', db='Treasure Vault pg. 82'; traits: vault='consumable, magical', db='Consumable, Evocation, Magical'"
lightweave-scarf-greater,F:\Obsidian\PF2e-Core-Vault\3-Rules\Character Building\Equipment\L\lightweave-scarf-greater.md,Spellhearts,"source: vault='Pathfinder Treasure Vault', db='Treasure Vault pg. 127'; traits: vault='magical, spellheart, visual', db='Illusion, Magical, Spellheart, Visual'"
lightweave-scarf-major,F:\Obsidian\PF2e-Core-Vault\3-Rules\Character Building\Equipment\L\lightweave-scarf-major.md,Spellhearts,"source: vault='Pathfinder Treasure Vault', db='Treasure Vault pg. 127'; traits: vault='magical, spellheart, visual', db='Illusion, Magical, Spellheart, Visual'"
lightweave-scarf,F:\Obsidian\PF2e-Core-Vault\3-Rules\Character Building\Equipment\L\lightweave-scarf.md,Spellhearts,"source: vault='Pathfinder Treasure Vault', db='Treasure Vault pg. 127'; traits: vault='magical, spellheart, visual', db='Illusion, Magical, Spellheart, Visual'"
limestone-shield,F:\Obsidian\PF2e-Core-Vault\3-Rules\Character Building\Equipment\L\limestone-shield.md,Specific_Magic_Shields,"source: vault='Pathfinder Rage of Elements', db='Rage of Elements pg. 99'"
linguists-dictionary-greater,F:\Obsidian\PF2e-Core-Vault\3-Rules\Character Building\Equipment\L\linguists-dictionary-greater.md,Grimoire,"source: vault='Pathfinder Treasure Vault', db='Treasure Vault pg. 112'; traits: vault='grimoire, magical', db='Divination, Grimoire, Magical'"
linguists-dictionary,F:\Obsidian\PF2e-Core-Vault\3-Rules\Character Building\Equipment\L\linguists-dictionary.md,Grimoire,"source: vault='Pathfinder Treasure Vault', db='Treasure Vault pg. 112'; traits: vault='grimoire, magical', db='Divination, Grimoire, Magical'"
linis-leafstick,F:\Obsidian\PF2e-Core-Vault\3-Rules\Character Building\Equipment\L\linis-leafstick.md,Staff_Wand,"source: vault='Pathfinder Secrets of Magic', db='Secrets of Magic pg. 165'; traits: vault='magical, plant, staff', db='Magical, Plant, Staff, Transmutation, Unique'"
linnorms-sankeit,F:\Obsidian\PF2e-Core-Vault\3-Rules\Character Building\Equipment\L\linnorms-sankeit.md,Specific_Magic_Armor,"source: vault='Pathfinder Treasure Vault', db='Treasure Vault pg. 18'; traits: vault='invested, laminar, magical', db='Evocation, Invested, Magical, Uncommon'"
lion-badge,F:\Obsidian\PF2e-Core-Vault\3-Rules\Character Building\Equipment\L\lion-badge.md,Consumables,"rarity: vault='uncommon', db='Common'; source: vault='Pathfinder Adventure: Threshold of Knowledge', db='Threshold of Knowledge pg. 1'; traits: vault='consumable, magical, talisman', db='Consumable, Magical, Talisman, Transmutation'"
lion-scythe,F:\Obsidian\PF2e-Core-Vault\3-Rules\Character Building\Equipment\L\lion-scythe.md,Weapon_Basic,"rarity: vault='uncommon', db='Rare'; source: vault='Pathfinder Battlecry!', db='Pathfinder #172: Secrets of the Temple City pg. 78'"
lionfish-spear-greater,F:\Obsidian\PF2e-Core-Vault\3-Rules\Character Building\Equipment\L\lionfish-spear-greater.md,Specific_Magic_Weapons,"source: vault='Pathfinder Rage of Elements', db='Rage of Elements pg. 177'; traits: vault='magical, thrown-20, water', db='Magical, Water'"
lionfish-spear,F:\Obsidian\PF2e-Core-Vault\3-Rules\Character Building\Equipment\L\lionfish-spear.md,Specific_Magic_Weapons,"source: vault='Pathfinder Rage of Elements', db='Rage of Elements pg. 177'; traits: vault='magical, thrown-20, water', db='Magical, Water'"
lions-shield,F:\Obsidian\PF2e-Core-Vault\3-Rules\Character Building\Equipment\L\lions-shield.md,Specific_Magic_Shields,"source: vault='Pathfinder GM Core', db='Core Rulebook pg. 588'; traits: vault='magical', db='Conjuration, Magical'"
liquid-gold-greater,F:\Obsidian\PF2e-Core-Vault\3-Rules\Character Building\Equipment\L\liquid-gold-greater.md,Consumables,"source: vault='Pathfinder #179: Cradle of Quartz', db='Pathfinder #179: Cradle of Quartz pg. 77'; traits: vault='consumable, magical, talisman', db='Conjuration, Consumable, Magical, Talisman, Uncommon'"
liquid-gold,F:\Obsidian\PF2e-Core-Vault\3-Rules\Character Building\Equipment\L\liquid-gold.md,Consumables,"source: vault='Pathfinder #179: Cradle of Quartz', db='Pathfinder #179: Cradle of Quartz pg. 77'; traits: vault='consumable, magical, talisman', db='Conjuration, Consumable, Magical, Talisman, Uncommon'"
little-love,F:\Obsidian\PF2e-Core-Vault\3-Rules\Character Building\Equipment\L\little-love.md,Specific_Magic_Weapons,"source: vault='Pathfinder Lost Omens Monsters of Myth', db='Monsters of Myth pg. 94'; traits: vault='agile, finesse, magical, thrown-10, versatile-s', db='Magical, Rare, Transmutation'"
liuyedao,F:\Obsidian\PF2e-Core-Vault\3-Rules\Character Building\Equipment\L\liuyedao.md,Weapon_Basic,"source: vault='Pathfinder Lost Omens Tian Xia Character Guide', db='Tian Xia Character Guide pg. 127'"
living-leaf-weave,F:\Obsidian\PF2e-Core-Vault\3-Rules\Character Building\Equipment\L\living-leaf-weave.md,Alchemical_Items,"source: vault='Pathfinder Treasure Vault', db='Treasure Vault pg. 64'; traits: vault='alchemical, healing, laminar, plant', db='Alchemical, Healing, Plant'"
loaded-dice,F:\Obsidian\PF2e-Core-Vault\3-Rules\Character Building\Equipment\L\loaded-dice.md,Held_Items,"source: vault='Pathfinder Lost Omens The Grand Bazaar', db='Grand Bazaar pg. 58'"
loaded-dice,F:\Obsidian\PF2e-Core-Vault\3-Rules\Character Building\Equipment\L\loaded-dice.md,Mundane,"level: vault='1', db='1.0'; source: vault='Pathfinder Lost Omens The Grand Bazaar', db='Grand Bazaar pg. 58'"
lock-average,F:\Obsidian\PF2e-Core-Vault\3-Rules\Character Building\Equipment\L\lock-average.md,Mundane,"level: vault='3', db='3.0'; source: vault='Pathfinder Player Core', db='Player Core pg. 288 2.0'"
lock-good,F:\Obsidian\PF2e-Core-Vault\3-Rules\Character Building\Equipment\L\lock-good.md,Mundane,"level: vault='9', db='9.0'; source: vault='Pathfinder Player Core', db='Player Core pg. 288 2.0'"
lock-poor,F:\Obsidian\PF2e-Core-Vault\3-Rules\Character Building\Equipment\L\Lock-poor.md,Mundane,"level: vault='3', db='0.0'; source: vault='Pathfinder Player Core', db='Player Core pg. 288 2.0'"
lock-simple,F:\Obsidian\PF2e-Core-Vault\3-Rules\Character Building\Equipment\L\lock-simple.md,Mundane,"level: vault='1', db='1.0'; source: vault='Pathfinder Player Core', db='Player Core pg. 288 2.0'"
lock-superior,F:\Obsidian\PF2e-Core-Vault\3-Rules\Character Building\Equipment\L\lock-superior.md,Mundane,"level: vault='17', db='17.0'; source: vault='Pathfinder Player Core', db='Player Core pg. 288 2.0'"
locket-of-sealed-nightmares,F:\Obsidian\PF2e-Core-Vault\3-Rules\Character Building\Equipment\L\locket-of-sealed-nightmares.md,Worn_Items,"source: vault='Pathfinder #156: The Apocalypse Prophet', db='Pathfinder #156: The Apocalypse Prophet pg. 74'; traits: vault='illusion, invested, magical', db='Illusion, Invested, Magical, Rare'"
lodestone-bomb-greater,F:\Obsidian\PF2e-Core-Vault\3-Rules\Character Building\Equipment\L\lodestone-bomb-greater.md,Alchemical_Items,"source: vault='Pathfinder Treasure Vault', db='Treasure Vault pg. 44'"
lodestone-bomb,F:\Obsidian\PF2e-Core-Vault\3-Rules\Character Building\Equipment\L\lodestone-bomb.md,Alchemical_Items,"source: vault='Pathfinder Treasure Vault', db='Treasure Vault pg. 44'"
lodestone-pellet,F:\Obsidian\PF2e-Core-Vault\3-Rules\Character Building\Equipment\L\lodestone-pellet.md,Consumables,"source: vault='Pathfinder #179: Cradle of Quartz', db='Pathfinder #179: Cradle of Quartz pg. 78'; traits: vault='consumable, magical', db='Consumable, Magical, Transmutation, Uncommon'"
long-hammer,F:\Obsidian\PF2e-Core-Vault\3-Rules\Character Building\Equipment\L\long-hammer.md,Weapon_Basic,"source: vault='Pathfinder Treasure Vault', db='Treasure Vault pg. 27'"
longbow,F:\Obsidian\PF2e-Core-Vault\3-Rules\Character Building\Equipment\L\longbow.md,Weapon_Basic,"source: vault='Pathfinder Player Core', db='Player Core pg. 280 2.0'; traits: vault='deadly-d10, volley-30', db='Deadly d10; Volley 30ft'"
longnight-tea,F:\Obsidian\PF2e-Core-Vault\3-Rules\Character Building\Equipment\L\longnight-tea.md,Consumables,"source: vault='Pathfinder #197: Let the Leaves Fall', db='Pathfinder #197: Let the Leaves Fall pg. 77'; traits: vault='consumable, magical, potion, tea', db='Consumable, Magical, Necromancy, Potion, Tea, Uncommon'"
longspear,F:\Obsidian\PF2e-Core-Vault\3-Rules\Character Building\Equipment\L\longspear.md,Weapon_Basic,"source: vault='Pathfinder Player Core', db='Player Core pg. 277 2.0'"
longsword,F:\Obsidian\PF2e-Core-Vault\3-Rules\Character Building\Equipment\L\longsword.md,Weapon_Basic,"source: vault='Pathfinder Player Core', db='Player Core pg. 278 2.0'; traits: vault='versatile-p', db='Versatile S'"
looters-lethargy,F:\Obsidian\PF2e-Core-Vault\3-Rules\Character Building\Equipment\L\looters-lethargy.md,Alchemical_Items,"source: vault='Pathfinder Treasure Vault', db='Treasure Vault pg. 69, Pathfinder #157: Devil at the Dreaming Palace pg. 81'; traits: vault='alchemical, consumable, contact, poison', db='Alchemical, Consumable, Contact, Poison, Uncommon'"
lovers-gloves,F:\Obsidian\PF2e-Core-Vault\3-Rules\Character Building\Equipment\L\lovers-gloves.md,Worn_Items,"source: vault='Pathfinder GM Core', db=""Advanced Player's Guide pg. 261""; traits: vault='emotion, invested, magical, mental', db='Emotion, Enchantment, Invested, Magical, Mental'"
lovers-ink,F:\Obsidian\PF2e-Core-Vault\3-Rules\Character Building\Equipment\L\lovers-ink.md,Alchemical_Items,"source: vault='Pathfinder Lost Omens Legends', db='Legends pg. 24'"
lovers-knot,F:\Obsidian\PF2e-Core-Vault\3-Rules\Character Building\Equipment\L\lovers-knot.md,Consumables,"source: vault='Pathfinder Kingmaker', db='Kingmaker Adventure Path pg. 586'; traits: vault='consumable, healing, magical, talisman', db='Consumable, Magical, Talisman, Transmutation, Uncommon'"
luck-blade-(wishing),F:\Obsidian\PF2e-Core-Vault\3-Rules\Character Building\Equipment\L\luck-blade-(wishing).md,Specific_Magic_Weapons,"source: vault='Pathfinder Core Rulebook', db='Core Rulebook pg. 601'; traits: vault='agile, finesse, fortune, magical, versatile-s', db='Divination, Fortune, Magical, Rare'"
luck-blade,F:\Obsidian\PF2e-Core-Vault\3-Rules\Character Building\Equipment\L\luck-blade.md,Specific_Magic_Weapons,"source: vault='Pathfinder Core Rulebook', db='Core Rulebook pg. 601'; traits: vault='agile, divine, finesse, fortune, magical, versatile-s', db='Divination, Fortune, Magical, Rare'"
luckless-dice,F:\Obsidian\PF2e-Core-Vault\3-Rules\Character Building\Equipment\L\luckless-dice.md,Cursed,"source: vault='Pathfinder Treasure Vault', db='Treasure Vault pg. 2192'; traits: vault='cursed, magical, misfortune', db='Rare, Cursed, Magical, Misfortune, Transmutation'"
lucky-kitchen-witch,F:\Obsidian\PF2e-Core-Vault\3-Rules\Character Building\Equipment\L\lucky-kitchen-witch.md,Held_Items,"source: vault='Pathfinder #182: Graveclaw', db='Pathfinder #182: Graveclaw pg. 77'; traits: vault='fortune, magical', db='Fortune, Magical, Uncommon'"
lucky-rabbits-foot,F:\Obsidian\PF2e-Core-Vault\3-Rules\Character Building\Equipment\L\lucky-rabbits-foot.md,Consumables,"source: vault='Pathfinder Lost Omens Gods & Magic', db='Gods & Magic pg. 122'; traits: vault='consumable, fortune, magical, talisman', db='Consumable, Divination, Fortune, Magical, Talisman, Uncommon'"
lumber-lords-axe,F:\Obsidian\PF2e-Core-Vault\3-Rules\Character Building\Equipment\L\lumber-lords-axe.md,Specific_Magic_Weapons,"source: vault='Pathfinder #199: To Bloom Below the Web', db='Pathfinder #199: To Bloom Below the Web pg. 75'; traits: vault='magical, sweep', db='Magical, Transmutation, Uncommon'"
lyrakien-staff-greater,F:\Obsidian\PF2e-Core-Vault\3-Rules\Character Building\Equipment\L\lyrakien-staff-greater.md,Staff_Wand,"source: vault='Pathfinder Treasure Vault', db='Treasure Vault pg. 133'; traits: vault='magical, staff, two-hand-d8', db='Evocation, Magical, Staff'"
lyrakien-staff-major,F:\Obsidian\PF2e-Core-Vault\3-Rules\Character Building\Equipment\L\lyrakien-staff-major.md,Staff_Wand,"source: vault='Pathfinder Treasure Vault', db='Treasure Vault pg. 133'; traits: vault='magical, staff, two-hand-d8', db='Evocation, Magical, Staff'"
lyrakien-staff,F:\Obsidian\PF2e-Core-Vault\3-Rules\Character Building\Equipment\L\lyrakien-staff.md,Staff_Wand,"source: vault='Pathfinder Treasure Vault', db='Treasure Vault pg. 133'; traits: vault='magical, staff, two-hand-d8', db='Evocation, Magical, Staff'"
mace,F:\Obsidian\PF2e-Core-Vault\3-Rules\Character Building\Equipment\M\Mace.md,Weapon_Basic,"source: vault='Pathfinder Player Core', db='Player Core pg. 277 2.0'"
machete,F:\Obsidian\PF2e-Core-Vault\3-Rules\Character Building\Equipment\M\Machete.md,Weapon_Basic,"source: vault='NPC Core', db='Treasure Vault pg. 27, Gods & Magic pg. 120'"
mad-mammoths-juke,F:\Obsidian\PF2e-Core-Vault\3-Rules\Character Building\Equipment\M\mad-mammoths-juke.md,Consumables,"rarity: vault='rare', db='Uncommon'; source: vault='Pathfinder #175: Broken Tusk Moon', db='Pathfinder #175: Broken Tusk Moon pg. 76'; traits: vault='consumable, magical, talisman, teleportation', db='Abjuration, Consumable, Magical, Talisman, Uncommon'"
maestros-instrument-greater,F:\Obsidian\PF2e-Core-Vault\3-Rules\Character Building\Equipment\M\maestros-instrument-greater.md,Held_Items,"source: vault='Pathfinder GM Core', db='Core Rulebook pg. 574'; traits: vault='magical', db='Enchantment, Magical'"
maestros-instrument-lesser,F:\Obsidian\PF2e-Core-Vault\3-Rules\Character Building\Equipment\M\maestros-instrument-lesser.md,Held_Items,"source: vault='Pathfinder GM Core', db='Core Rulebook pg. 574'; traits: vault='magical', db='Enchantment, Magical'"
maestros-instrument-moderate,F:\Obsidian\PF2e-Core-Vault\3-Rules\Character Building\Equipment\M\maestros-instrument-moderate.md,Held_Items,"level: vault='10', db='1'; source: vault='Pathfinder GM Core', db='Core Rulebook pg. 574'; traits: vault='magical', db='Enchantment, Magical'"
mage-bane,F:\Obsidian\PF2e-Core-Vault\3-Rules\Character Building\Equipment\M\mage-bane.md,Alchemical_Items,"source: vault='Pathfinder #149: Against the Scarlet Triad', db='Pathfinder #149: Against the Scarlet Triad pg. 79'; traits: vault='alchemical, consumable, injury, poison', db='Alchemical, Consumable, Injury, Poison, Uncommon'"
magical-lock-fulu,F:\Obsidian\PF2e-Core-Vault\3-Rules\Character Building\Equipment\M\magical-lock-fulu.md,Consumables,"source: vault='Pathfinder Secrets of Magic', db='Secrets of Magic pg. 16'; traits: vault='consumable, fulu, magical', db='Consumable, Fulu, Magical, Transmutation'"
magnet-coin,F:\Obsidian\PF2e-Core-Vault\3-Rules\Character Building\Equipment\M\magnet-coin.md,Held_Items,"source: vault='Pathfinder Lost Omens Highhelm', db='Highhelm pg. 87'; traits: vault='magical, teleportation', db='Conjuration, Magical, Teleportation, Uncommon'"
magnetic-construction-set,F:\Obsidian\PF2e-Core-Vault\3-Rules\Character Building\Equipment\M\magnetic-construction-set.md,Mundane,"level: vault='1', db='1.0'; source: vault='Pathfinder Lost Omens The Grand Bazaar', db='Grand Bazaar pg. 58'"
magnetic-shield,F:\Obsidian\PF2e-Core-Vault\3-Rules\Character Building\Equipment\M\magnetic-shield.md,Alchemical_Items,"source: vault='Pathfinder Treasure Vault', db='Treasure Vault pg. 64'"
magnetic-shot-greater,F:\Obsidian\PF2e-Core-Vault\3-Rules\Character Building\Equipment\M\magnetic-shot-greater.md,Consumables,"source: vault='Pathfinder Treasure Vault', db='Treasure Vault pg. 82'; traits: vault='consumable, magical', db='Consumable, Evocation, Magical'"
magnetic-shot-lesser,F:\Obsidian\PF2e-Core-Vault\3-Rules\Character Building\Equipment\M\magnetic-shot-lesser.md,Consumables,"source: vault='Pathfinder Treasure Vault', db='Treasure Vault pg. 82'; traits: vault='consumable, magical', db='Consumable, Evocation, Magical'"
magnetic-shot-moderate,F:\Obsidian\PF2e-Core-Vault\3-Rules\Character Building\Equipment\M\magnetic-shot-moderate.md,Consumables,"source: vault='Pathfinder Treasure Vault', db='Treasure Vault pg. 82'; traits: vault='consumable, magical', db='Consumable, Evocation, Magical'"
magnetizing,F:\Obsidian\PF2e-Core-Vault\3-Rules\Character Building\Equipment\M\magnetizing.md,Runes,"source: vault='Pathfinder Treasure Vault', db='Treasure Vault pg. 13'; traits: vault='magical', db='Evocation, Magical'"
magnifying-glass-of-elucidation,F:\Obsidian\PF2e-Core-Vault\3-Rules\Character Building\Equipment\M\magnifying-glass-of-elucidation.md,Held_Items,"source: vault='Pathfinder Lost Omens The Grand Bazaar', db='Grand Bazaar pg. 110'; traits: vault='magical', db='Divination, Magical, Uncommon'"
magnifying-glass,F:\Obsidian\PF2e-Core-Vault\3-Rules\Character Building\Equipment\M\magnifying-glass.md,Mundane,"level: vault='3', db='3.0'; source: vault='Pathfinder Player Core', db='Player Core pg. 288 2.0'"
mail-of-luck,F:\Obsidian\PF2e-Core-Vault\3-Rules\Character Building\Equipment\M\mail-of-luck.md,Specific_Magic_Armor,"source: vault='Pathfinder Core Rulebook', db='Core Rulebook pg. 558'; traits: vault='invested, magical', db='Divination, Invested, Magical'"
main-gauche,F:\Obsidian\PF2e-Core-Vault\3-Rules\Character Building\Equipment\M\main-gauche.md,Weapon_Basic,"source: vault='Pathfinder Player Core', db='Player Core pg. 278 2.0'"
malleable-clay,F:\Obsidian\PF2e-Core-Vault\3-Rules\Character Building\Equipment\M\malleable-clay.md,Consumables,"source: vault='Pathfinder #176: Lost Mammoth Valley', db='Pathfinder #176: Lost Mammoth Valley pg. 80'; traits: vault='magical, talisman', db='Consumable, Divination, Magical, Talisman, Uncommon'"
malleable-mixture-greater,F:\Obsidian\PF2e-Core-Vault\3-Rules\Character Building\Equipment\M\malleable-mixture-greater.md,Alchemical_Items,"source: vault='Pathfinder Lost Omens The Grand Bazaar', db='Grand Bazaar pg. 19'; traits: vault='alchemical, consumable, elixir', db='Alchemical, Consumable, Elixir, Uncommon'"
malleable-mixture-lesser,F:\Obsidian\PF2e-Core-Vault\3-Rules\Character Building\Equipment\M\malleable-mixture-lesser.md,Alchemical_Items,"source: vault='Pathfinder Lost Omens The Grand Bazaar', db='Grand Bazaar pg. 19'; traits: vault='alchemical, consumable, elixir', db='Alchemical, Consumable, Elixir, Uncommon'"
malleable,F:\Obsidian\PF2e-Core-Vault\3-Rules\Character Building\Equipment\M\malleable.md,Runes,"source: vault='Pathfinder Rage of Elements', db='Rage of Elements pg. 146'"
mambele,F:\Obsidian\PF2e-Core-Vault\3-Rules\Character Building\Equipment\M\mambele.md,Weapon_Basic,"rarity: vault='uncommon', db='Rare'; source: vault='Pathfinder Player Core 2*', db='Player Core 2 pg. 274'; traits: vault='deadly d8, disarm, thrown 20', db='Deadly d8, Disarm, Thrown 20 ft.'"
mamlambo-scale,F:\Obsidian\PF2e-Core-Vault\3-Rules\Character Building\Equipment\M\mamlambo-scale.md,Specific_Magic_Armor,"source: vault='Pathfinder Howl of the Wild', db='Howl of the Wild pg. 100 2.0'; traits: vault='invested, magical', db='Invested, Magical, Rare'"
mammoth-bow,F:\Obsidian\PF2e-Core-Vault\3-Rules\Character Building\Equipment\M\mammoth-bow.md,Specific_Magic_Weapons,"source: vault='Pathfinder #177: Burning Tundra', db='Pathfinder #177: Burning Tundra pg. 74'; traits: vault='deadly-d10, magical, propulsive, volley-50', db='Evocation, Magical, Unique'"
man-feller,F:\Obsidian\PF2e-Core-Vault\3-Rules\Character Building\Equipment\M\man-feller.md,Specific_Magic_Weapons,"source: vault='Pathfinder Adventure: Crown of the Kobold King', db='Crown of the Kobold King pg. 116'; traits: vault='magical, sweep', db='Divination, Magical, Unique'"
mana-rattler-liniment,F:\Obsidian\PF2e-Core-Vault\3-Rules\Character Building\Equipment\M\mana-rattler-liniment.md,Alchemical_Items,"source: vault='Pathfinder #180: The Smoking Gun', db='Pathfinder #180: The Smoking Gun pg. 77'; traits: vault='alchemical, consumable, elixir, morph', db='Alchemical, Consumable, Elixir, Morph, Uncommon'"
manacles-average,F:\Obsidian\PF2e-Core-Vault\3-Rules\Character Building\Equipment\M\manacles-average.md,Mundane,"level: vault='3', db='3.0'; source: vault='Pathfinder Player Core', db='Player Core pg. 288 2.0'"
manacles-good,F:\Obsidian\PF2e-Core-Vault\3-Rules\Character Building\Equipment\M\manacles-good.md,Mundane,"level: vault='9', db='9.0'; source: vault='Pathfinder Player Core', db='Player Core pg. 288 2.0'"
manacles-of-persuasion,F:\Obsidian\PF2e-Core-Vault\3-Rules\Character Building\Equipment\M\manacles-of-persuasion.md,Worn_Items,"source: vault='Pathfinder Lost Omens Gods & Magic', db='Gods & Magic pg. 122'; traits: vault='magical, nonlethal', db='Magical, Necromancy, Nonlethal, Uncommon'"
manacles-poor,F:\Obsidian\PF2e-Core-Vault\3-Rules\Character Building\Equipment\M\manacles-poor.md,Mundane,"level: vault='1', db='0.0'; source: vault='Pathfinder Player Core', db='Player Core pg. 288 2.0'"
manacles-simple,F:\Obsidian\PF2e-Core-Vault\3-Rules\Character Building\Equipment\M\manacles-simple.md,Mundane,"level: vault='1', db='1.0'; source: vault='Pathfinder Player Core', db='Player Core pg. 288 2.0'"
manacles-superior,F:\Obsidian\PF2e-Core-Vault\3-Rules\Character Building\Equipment\M\manacles-superior.md,Mundane,"level: vault='17', db='17.0'; source: vault='Pathfinder Player Core', db='Player Core pg. 288 2.0'"
mantis-embrace-greater,F:\Obsidian\PF2e-Core-Vault\3-Rules\Character Building\Equipment\M\mantis-embrace-greater.md,Worn_Items,"source: vault='Pathfinder Adventure: Prey for Death', db='Prey for Death pg. 104'; traits: vault='invested, magical', db='Invested, Magical, Uncommon'"
mantis-embrace,F:\Obsidian\PF2e-Core-Vault\3-Rules\Character Building\Equipment\M\mantis-embrace.md,Worn_Items,"source: vault='Pathfinder Adventure: Prey for Death', db='Prey for Death pg. 104'; traits: vault='invested, magical', db='Invested, Magical, Uncommon'"
mantis-plate,F:\Obsidian\PF2e-Core-Vault\3-Rules\Character Building\Equipment\M\mantis-plate.md,Specific_Magic_Armor,"level: vault='13', db='12'; source: vault='Pathfinder Howl of the Wild', db='Howl of the Wild pg. 100 2.0'; traits: vault='bulwark, invested, magical', db='Invested, Magical, Rare'"
mantis-shell,F:\Obsidian\PF2e-Core-Vault\3-Rules\Character Building\Equipment\M\mantis-shell.md,Armor_Basic,"level: vault='1', db='0.0'; rarity: vault='Uncommon', db='Rare'; source: vault='Pathfinder Treasure Vault', db='Treasure Vault pg. 11'; traits: vault='adjusted', db='Adjusted Weapon Harness'"
mantle-of-the-tikbalang,F:\Obsidian\PF2e-Core-Vault\3-Rules\Character Building\Equipment\M\mantle-of-the-tikbalang.md,Worn_Items,"source: vault='Pathfinder Howl of the Wild', db='Howl of the Wild pg. 106 2.0'; traits: vault='invested, magical', db='Invested, Magical, Uncommon'"
marbles,F:\Obsidian\PF2e-Core-Vault\3-Rules\Character Building\Equipment\M\marbles.md,Mundane,"source: vault='Pathfinder Lost Omens The Grand Bazaar', db='Grand Bazaar pg. 58'"
mariners-splint,F:\Obsidian\PF2e-Core-Vault\3-Rules\Character Building\Equipment\M\mariners-splint.md,Specific_Magic_Armor,"source: vault='Pathfinder Player Core 2', db='Player Core 2 pg. 278'; traits: vault='invested, magical', db='Invested, Magical, Uncommon'"
marked-playing-cards,F:\Obsidian\PF2e-Core-Vault\3-Rules\Character Building\Equipment\M\marked-playing-cards.md,Mundane,"source: vault='Pathfinder Lost Omens Pathfinder Society Guide', db='PFS Guide pg. 115'"
marking-snare,F:\Obsidian\PF2e-Core-Vault\3-Rules\Character Building\Equipment\M\marking-snare.md,Snares,"source: vault='Pathfinder Player Core 2', db='Player Core 2 pg. 299 1.1'"
martyrs-shield,F:\Obsidian\PF2e-Core-Vault\3-Rules\Character Building\Equipment\M\martyrs-shield.md,Specific_Magic_Shields,"source: vault='Pathfinder GM Core', db='Gamemastery Guide pg. 89'; traits: vault='divine', db='Rare, LG, Abjuration, Divine, Intelligent'"
marvelous-calliope,F:\Obsidian\PF2e-Core-Vault\3-Rules\Character Building\Equipment\M\marvelous-calliope.md,C_C_Structure,"source: vault='Pathfinder #152: Legacy of the Lost God', db='Pathfinder #152: Legacy of the Lost God pg. 74'; traits: vault='magical, structure', db='Conjuration, Magical, Structure, Uncommon'"
marvelous-medicines-greater,F:\Obsidian\PF2e-Core-Vault\3-Rules\Character Building\Equipment\M\marvelous-medicines-greater.md,Held_Items,"source: vault='Pathfinder GM Core', db='Core Rulebook pg. 574'; traits: vault='magical', db='Magical, Necromancy'"
marvelous-medicines,F:\Obsidian\PF2e-Core-Vault\3-Rules\Character Building\Equipment\M\marvelous-medicines.md,Held_Items,"source: vault='Pathfinder GM Core', db='Core Rulebook pg. 574'; traits: vault='magical', db='Magical, Necromancy'"
mask-fine,F:\Obsidian\PF2e-Core-Vault\3-Rules\Character Building\Equipment\M\mask-fine.md,Mundane,"source: vault='Pathfinder Lost Omens The Grand Bazaar', db='Grand Bazaar pg. 92'"
mask-of-allure,F:\Obsidian\PF2e-Core-Vault\3-Rules\Character Building\Equipment\M\mask-of-allure.md,Worn_Items,"source: vault='Pathfinder Secrets of Magic', db='Secrets of Magic pg. 186'; traits: vault='apex, invested, magical', db='Apex, Enchantment, Invested, Magical'"
mask-of-mercy,F:\Obsidian\PF2e-Core-Vault\3-Rules\Character Building\Equipment\M\mask-of-mercy.md,Worn_Items,"source: vault='Pathfinder Treasure Vault', db='Treasure Vault pg. 154, Pathfinder #169: Kindled Magic pg. 74'; traits: vault='invested, magical', db='Invested, Magical, Necromancy'"
mask-of-the-cursed-eye,F:\Obsidian\PF2e-Core-Vault\3-Rules\Character Building\Equipment\M\mask-of-the-cursed-eye.md,Worn_Items,"source: vault='Pathfinder Treasure Vault', db='Treasure Vault pg. 155, Pathfinder #169: Kindled Magic pg. 74'; traits: vault='invested, magical', db='Invested, Magical, Necromancy, Uncommon'"
mask-of-the-mantis-(greater),F:\Obsidian\PF2e-Core-Vault\3-Rules\Character Building\Equipment\M\mask-of-the-mantis-(greater).md,Worn_Items,"source: vault='Pathfinder Adventure: Prey for Death', db='Prey for Death pg. 104'; traits: vault='invested, magical', db='Invested, Magical, Uncommon'"
mask-of-the-mantis-(major),F:\Obsidian\PF2e-Core-Vault\3-Rules\Character Building\Equipment\M\mask-of-the-mantis-(major).md,Worn_Items,"source: vault='Pathfinder Adventure: Prey for Death', db='Prey for Death pg. 104'; traits: vault='invested, magical', db='Invested, Magical, Uncommon'"
mask-of-the-mantis,F:\Obsidian\PF2e-Core-Vault\3-Rules\Character Building\Equipment\M\mask-of-the-mantis.md,Worn_Items,"source: vault='Pathfinder Adventure: Prey for Death', db='Prey for Death pg. 104'; traits: vault='invested, magical', db='Invested, Magical, Uncommon'"
mask-of-uncanny-breath,F:\Obsidian\PF2e-Core-Vault\3-Rules\Character Building\Equipment\M\mask-of-uncanny-breath.md,Worn_Items,"source: vault='Pathfinder Treasure Vault', db='Treasure Vault pg. 15'; traits: vault='focused, invested, occult', db='Focused, Invested, Necromancy, Occult'"
mask-ordinary,F:\Obsidian\PF2e-Core-Vault\3-Rules\Character Building\Equipment\M\mask-ordinary.md,Mundane,"source: vault='Pathfinder Lost Omens The Grand Bazaar', db='Grand Bazaar pg. 92'"
mask-plague,F:\Obsidian\PF2e-Core-Vault\3-Rules\Character Building\Equipment\M\mask-plague.md,Mundane,"level: vault='1', db='1.0'; rarity: vault='Uncommon', db='Common'; source: vault='Pathfinder Lost Omens The Grand Bazaar', db='Grand Bazaar pg. 92'"
mask-rubber,F:\Obsidian\PF2e-Core-Vault\3-Rules\Character Building\Equipment\M\mask-rubber.md,Mundane,"level: vault='1', db='1.0'; source: vault='Pathfinder Lost Omens The Grand Bazaar', db='Grand Bazaar pg. 92'"
master-magus-ring,F:\Obsidian\PF2e-Core-Vault\3-Rules\Character Building\Equipment\M\master-magus-ring.md,Worn_Items,"source: vault='Pathfinder Treasure Vault', db='Treasure Vault pg. 15'; traits: vault='arcane, focused, invested', db='Arcane, Conjuration, Focused, Invested'"
matchmaker-fulu,F:\Obsidian\PF2e-Core-Vault\3-Rules\Character Building\Equipment\M\matchmaker-fulu.md,Consumables,"source: vault='Pathfinder Secrets of Magic', db='Secrets of Magic pg. 16'; traits: vault='consumable, fortune, fulu, magical, talisman', db='Consumable, Enchantment, Fortune, Fulu, Magical, Talisman'"
matchstick,F:\Obsidian\PF2e-Core-Vault\3-Rules\Character Building\Equipment\M\matchstick.md,Alchemical_Items,"source: vault='Pathfinder GM Core', db='Player Core 2 pg. 295, GM Core pg. 251 2.0'"
matsukis-medicinal-wine,F:\Obsidian\PF2e-Core-Vault\3-Rules\Character Building\Equipment\M\matsukis-medicinal-wine.md,Alchemical_Items,"source: vault='Pathfinder #196: The Summer That Never Was', db='Pathfinder #196: The Summer That Never Was pg. 82'; traits: vault='alchemical, consumable, drug, ingested, poison', db='Alchemical, Consumable, Drug, Ingested, Poison, Rare'"
mattock-of-the-titans,F:\Obsidian\PF2e-Core-Vault\3-Rules\Character Building\Equipment\M\mattock-of-the-titans.md,Specific_Magic_Weapons,"source: vault='Pathfinder Core Rulebook', db='Core Rulebook pg. 601'; traits: vault='fatal-d12, magical', db='Evocation, Magical'"
maul,F:\Obsidian\PF2e-Core-Vault\3-Rules\Character Building\Equipment\M\maul.md,Weapon_Basic,"source: vault='Pathfinder Player Core', db='Player Core pg. 278 2.0'"
maw-of-hungry-shadows,F:\Obsidian\PF2e-Core-Vault\3-Rules\Character Building\Equipment\M\maw-of-hungry-shadows.md,Grimoire,"source: vault='Pathfinder Treasure Vault', db='Treasure Vault pg. 112'; traits: vault='grimoire, incapacitation, magical, shadow, teleportation', db='Conjuration, Grimoire, Incapacitation, Magical, Shadow, Teleportation'"
mechanical-torch,F:\Obsidian\PF2e-Core-Vault\3-Rules\Character Building\Equipment\M\mechanical-torch.md,Mundane,"level: vault='1', db='1.0'; source: vault='Pathfinder Guns & Gears', db='Guns & Gears pg. 88'"
Menacing,F:\Obsidian\PF2e-Core-Vault\3-Rules\Character Building\Equipment\M\Menacing.md,Runes,
Merchant's Scale,F:\Obsidian\PF2e-Core-Vault\3-Rules\Character Building\Equipment\M\Merchant's Scale.md,Mundane,
Merciful,F:\Obsidian\PF2e-Core-Vault\3-Rules\Character Building\Equipment\M\Merciful.md,Runes,
Meteor Shield,F:\Obsidian\PF2e-Core-Vault\3-Rules\Character Building\Equipment\M\Meteor Shield.md,Shield_Basic,
midnight-milk-(experimental),F:\Obsidian\PF2e-Core-Vault\3-Rules\Character Building\Equipment\M\midnight-milk-(experimental).md,Alchemical_Items,"source: vault='Pathfinder #200: Seven Dooms for Sandpoint', db='Pathfinder #200: Seven Dooms for Sandpoint pg. 184'"
midnight-milk-(pure),F:\Obsidian\PF2e-Core-Vault\3-Rules\Character Building\Equipment\M\midnight-milk-(pure).md,Alchemical_Items,"source: vault='Pathfinder #200: Seven Dooms for Sandpoint', db='Pathfinder #200: Seven Dooms for Sandpoint pg. 184'"
midnight-milk-(refined),F:\Obsidian\PF2e-Core-Vault\3-Rules\Character Building\Equipment\M\midnight-milk-(refined).md,Alchemical_Items,"source: vault='Pathfinder #200: Seven Dooms for Sandpoint', db='Pathfinder #200: Seven Dooms for Sandpoint pg. 184'"
Mikazuki,F:\Obsidian\PF2e-Core-Vault\3-Rules\Character Building\Equipment\M\Mikazuki.md,Weapon_Basic,
Mindsponge,F:\Obsidian\PF2e-Core-Vault\3-Rules\Character Building\Equipment\M\Mindsponge.md,Held_Items,
mirror-goggles-lesser,F:\Obsidian\PF2e-Core-Vault\3-Rules\Character Building\Equipment\M\mirror-goggles-lesser.md,Worn_Items,"source: vault='Pathfinder Treasure Vault', db='Treasure Vault pg. 147'; traits: vault='invested, magical', db='Abjuration, Invested, Magical'"
Mirror,F:\Obsidian\PF2e-Core-Vault\3-Rules\Character Building\Equipment\M\Mirror.md,Mundane,
Misleading,F:\Obsidian\PF2e-Core-Vault\3-Rules\Character Building\Equipment\M\Misleading.md,Runes,
monkeys-fist,F:\Obsidian\PF2e-Core-Vault\3-Rules\Character Building\Equipment\M\monkeys-fist.md,Weapon_Basic,"source: vault='Pathfinder #157: Devil at the Dreaming Palace', db='Pathfinder #157: Devil at the Dreaming Palace pg. 78'; traits: vault='finesse, monk, nonlethal, common', db='Finesse, Monk, Nonlethal'"
monkeys-paw,F:\Obsidian\PF2e-Core-Vault\3-Rules\Character Building\Equipment\M\monkeys-paw.md,Cursed,"source: vault='Pathfinder GM Core', db='Gamemastery Guide pg. 91'; traits: vault='cursed, magical, misfortune, rare', db='Rare, Cursed, Magical, Misfortune, Necromancy'"
Morningstar,F:\Obsidian\PF2e-Core-Vault\3-Rules\Character Building\Equipment\M\Morningstar.md,Weapon_Basic,
mortal-chronicle,F:\Obsidian\PF2e-Core-Vault\3-Rules\Character Building\Equipment\M\mortal-chronicle.md,Tattoos,"source: vault='Pathfinder Treasure Vault', db='Treasure Vault pg. 121'; traits: vault='invested, magical, tattoo, common', db='Invested, Magical, Tattoo, Transmutation'"
Mudlily,F:\Obsidian\PF2e-Core-Vault\3-Rules\Character Building\Equipment\M\Mudlily.md,Worn_Items,
Mug,F:\Obsidian\PF2e-Core-Vault\3-Rules\Character Building\Equipment\M\Mug.md,Mundane,
Naginata,F:\Obsidian\PF2e-Core-Vault\3-Rules\Character Building\Equipment\N\Naginata.md,Weapon_Basic,
Net,F:\Obsidian\PF2e-Core-Vault\3-Rules\Character Building\Equipment\N\Net.md,Mundane,
Nethershade,F:\Obsidian\PF2e-Core-Vault\3-Rules\Character Building\Equipment\N\Nethershade.md,Alchemical_Items,
Nevercold,F:\Obsidian\PF2e-Core-Vault\3-Rules\Character Building\Equipment\N\Nevercold.md,Consumables,
nexian-sealing-blade-(greater),F:\Obsidian\PF2e-Core-Vault\3-Rules\Character Building\Equipment\N\nexian-sealing-blade-(greater).md,Specific_Magic_Weapons,"source: vault='Pathfinder Wake the Dead #1', db='Wake the Dead #1 pg. 26'; traits: vault='arcane, magical, versatile-p, rare', db='Arcane, Evocation, Magical, Rare'"
nexian-sealing-blade,F:\Obsidian\PF2e-Core-Vault\3-Rules\Character Building\Equipment\N\nexian-sealing-blade.md,Specific_Magic_Weapons,"source: vault='Pathfinder Wake the Dead #1', db='Wake the Dead #1 pg. 26'; traits: vault='arcane, magical, versatile-p, rare', db='Arcane, Evocation, Magical, Rare'"
nightbreeze-machine,F:\Obsidian\PF2e-Core-Vault\3-Rules\Character Building\Equipment\N\nightbreeze-machine.md,Mundane,"level: vault='5', db='5.0'; source: vault='Pathfinder Guns & Gears', db='Guns & Gears pg. 88'"
Nightmare,F:\Obsidian\PF2e-Core-Vault\3-Rules\Character Building\Equipment\N\Nightmare.md,Runes,
Nightpitch,F:\Obsidian\PF2e-Core-Vault\3-Rules\Character Building\Equipment\N\Nightpitch.md,Consumables,
Nightstick,F:\Obsidian\PF2e-Core-Vault\3-Rules\Character Building\Equipment\N\Nightstick.md,Weapon_Basic,
Niyaháat,F:\Obsidian\PF2e-Core-Vault\3-Rules\Character Building\Equipment\N\Niyaháat.md,Armor_Basic,
Nodachi,F:\Obsidian\PF2e-Core-Vault\3-Rules\Character Building\Equipment\N\Nodachi.md,Weapon_Basic,
Noqual Chunk,F:\Obsidian\PF2e-Core-Vault\3-Rules\Character Building\Equipment\N\Noqual Chunk.md,Materials,
Noqual Ingot,F:\Obsidian\PF2e-Core-Vault\3-Rules\Character Building\Equipment\N\Noqual Ingot.md,Materials,
Nunchaku,F:\Obsidian\PF2e-Core-Vault\3-Rules\Character Building\Equipment\N\Nunchaku.md,Weapon_Basic,
O-Yoroi,F:\Obsidian\PF2e-Core-Vault\3-Rules\Character Building\Equipment\O\O-Yoroi.md,Armor_Basic,
Oathbow,F:\Obsidian\PF2e-Core-Vault\3-Rules\Character Building\Equipment\O\Oathbow.md,Specific_Magic_Weapons,
ogre-hook,F:\Obsidian\PF2e-Core-Vault\3-Rules\Character Building\Equipment\O\ogre-hook.md,Weapon_Basic,"source: vault='Pathfinder Lost Omens Tian Xia Character Guide', db='Bestiary pg. 253'"
oil-of-ownership-(greater),F:\Obsidian\PF2e-Core-Vault\3-Rules\Character Building\Equipment\O\oil-of-ownership-(greater).md,Consumables,"source: vault='Pathfinder Treasure Vault', db='Treasure Vault pg. 86'; traits: vault='consumable, magical, oil, common', db='Consumable, Magical, Oil, Transmutation'"
oil-of-ownership-(lesser),F:\Obsidian\PF2e-Core-Vault\3-Rules\Character Building\Equipment\O\oil-of-ownership-(lesser).md,Consumables,"source: vault='Pathfinder Treasure Vault', db='Treasure Vault pg. 86'; traits: vault='consumable, magical, oil, common', db='Consumable, Magical, Oil, Transmutation'"
oil-of-ownership-(moderate),F:\Obsidian\PF2e-Core-Vault\3-Rules\Character Building\Equipment\O\oil-of-ownership-(moderate).md,Consumables,"source: vault='Pathfinder Treasure Vault', db='Treasure Vault pg. 86'; traits: vault='consumable, magical, oil, common', db='Consumable, Magical, Oil, Transmutation'"
Oilskin Pouch,F:\Obsidian\PF2e-Core-Vault\3-Rules\Character Building\Equipment\O\Oilskin Pouch.md,Mundane,
Oozepick,F:\Obsidian\PF2e-Core-Vault\3-Rules\Character Building\Equipment\O\Oozepick.md,Alchemical_Items,
Orichalcum Chunk,F:\Obsidian\PF2e-Core-Vault\3-Rules\Character Building\Equipment\O\Orichalcum Chunk.md,Materials,
Orichalcum Ingot,F:\Obsidian\PF2e-Core-Vault\3-Rules\Character Building\Equipment\O\Orichalcum Ingot.md,Materials,
Pacifying,F:\Obsidian\PF2e-Core-Vault\3-Rules\Character Building\Equipment\P\Pacifying.md,Runes,
Paint Set,F:\Obsidian\PF2e-Core-Vault\3-Rules\Character Building\Equipment\P\Paint Set.md,Mundane,
Paired,F:\Obsidian\PF2e-Core-Vault\3-Rules\Character Building\Equipment\P\Paired.md,Runes,
Panabas,F:\Obsidian\PF2e-Core-Vault\3-Rules\Character Building\Equipment\P\Panabas.md,Weapon_Basic,
Panacea,F:\Obsidian\PF2e-Core-Vault\3-Rules\Character Building\Equipment\P\Panacea.md,Consumables,
Parrying Scabbard,F:\Obsidian\PF2e-Core-Vault\3-Rules\Character Building\Equipment\P\Parrying Scabbard.md,Mundane,
Peacemaker,F:\Obsidian\PF2e-Core-Vault\3-Rules\Character Building\Equipment\P\Peacemaker.md,Consumables,
Peachwood Branch,F:\Obsidian\PF2e-Core-Vault\3-Rules\Character Building\Equipment\P\Peachwood Branch.md,Materials,
Peachwood Lumber,F:\Obsidian\PF2e-Core-Vault\3-Rules\Character Building\Equipment\P\Peachwood Lumber.md,Materials,
Pelagic Helmet,F:\Obsidian\PF2e-Core-Vault\3-Rules\Character Building\Equipment\P\Pelagic Helmet.md,Mundane,
Periscope,F:\Obsidian\PF2e-Core-Vault\3-Rules\Character Building\Equipment\P\Periscope.md,Mundane,
phoenix-fulu-holder,F:\Obsidian\PF2e-Core-Vault\3-Rules\Character Building\Equipment\P\phoenix-fulu-holder.md,Consumables,"source: vault='Pathfinder #199: To Bloom Below the Web', db='Pathfinder #199: To Bloom Below the Web pg. 77'; traits: vault='magical, rare', db='Magical, Rare, Transmutation'"
Pick,F:\Obsidian\PF2e-Core-Vault\3-Rules\Character Building\Equipment\P\Pick.md,Weapon_Basic,
Piereta,F:\Obsidian\PF2e-Core-Vault\3-Rules\Character Building\Equipment\P\Piereta.md,Specific_Magic_Weapons,
Pinwheel,F:\Obsidian\PF2e-Core-Vault\3-Rules\Character Building\Equipment\P\Pinwheel.md,Mundane,
Piton,F:\Obsidian\PF2e-Core-Vault\3-Rules\Character Building\Equipment\P\Piton.md,Mundane,
Plated Duster,F:\Obsidian\PF2e-Core-Vault\3-Rules\Character Building\Equipment\P\Plated Duster.md,Mundane,
Playing Cards,F:\Obsidian\PF2e-Core-Vault\3-Rules\Character Building\Equipment\P\Playing Cards.md,Mundane,
Poi,F:\Obsidian\PF2e-Core-Vault\3-Rules\Character Building\Equipment\P\Poi.md,Weapon_Basic,
Polytool,F:\Obsidian\PF2e-Core-Vault\3-Rules\Character Building\Equipment\P\Polytool.md,Weapon_Basic,
Pontoon,F:\Obsidian\PF2e-Core-Vault\3-Rules\Character Building\Equipment\P\Pontoon.md,Runes,
Popdust,F:\Obsidian\PF2e-Core-Vault\3-Rules\Character Building\Equipment\P\Popdust.md,Alchemical_Items,
Portable,F:\Obsidian\PF2e-Core-Vault\3-Rules\Character Building\Equipment\P\Portable.md,Runes,
potion-of-disguise-(greater),F:\Obsidian\PF2e-Core-Vault\3-Rules\Character Building\Equipment\P\potion-of-disguise-(greater).md,Consumables,"source: vault='Pathfinder Player Core 2', db='Player Core 2 pg. 304'"
potion-of-disguise-(lesser),F:\Obsidian\PF2e-Core-Vault\3-Rules\Character Building\Equipment\P\potion-of-disguise-(lesser).md,Consumables,"source: vault='Pathfinder Player Core 2', db='Player Core 2 pg. 304'"
potion-of-disguise-(moderate),F:\Obsidian\PF2e-Core-Vault\3-Rules\Character Building\Equipment\P\potion-of-disguise-(moderate).md,Consumables,"source: vault='Pathfinder Player Core 2', db='Player Core 2 pg. 304'"
Powder,F:\Obsidian\PF2e-Core-Vault\3-Rules\Character Building\Equipment\P\Powder.md,Mundane,
Presentable,F:\Obsidian\PF2e-Core-Vault\3-Rules\Character Building\Equipment\P\Presentable.md,Runes,
Preserving,F:\Obsidian\PF2e-Core-Vault\3-Rules\Character Building\Equipment\P\Preserving.md,Runes,
Primal Symbol,F:\Obsidian\PF2e-Core-Vault\3-Rules\Character Building\Equipment\P\Primal Symbol.md,Mundane,
pummel-growth-toxin,F:\Obsidian\PF2e-Core-Vault\3-Rules\Character Building\Equipment\P\pummel-growth-toxin.md,Alchemical_Items,"source: vault='Pathfinder Treasure Vault', db='Treasure Vault pg. 70'; traits: vault='alchemical, consumable, injury, morph, poison, common', db='Alchemical, Consumable, Injury, Morph, Poison'"
Puzzle Box (Simple),F:\Obsidian\PF2e-Core-Vault\3-Rules\Character Building\Equipment\P\Puzzle Box (Simple).md,Mundane,
Pyronite,F:\Obsidian\PF2e-Core-Vault\3-Rules\Character Building\Equipment\P\Pyronite.md,Alchemical_Items,
Qat,F:\Obsidian\PF2e-Core-Vault\3-Rules\Character Building\Equipment\Q\Qat.md,Alchemical_Items,
Quenching,F:\Obsidian\PF2e-Core-Vault\3-Rules\Character Building\Equipment\Q\Quenching.md,Runes,
Ranseur,F:\Obsidian\PF2e-Core-Vault\3-Rules\Character Building\Equipment\R\Ranseur.md,Weapon_Basic,
Rapier,F:\Obsidian\PF2e-Core-Vault\3-Rules\Character Building\Equipment\R\Rapier.md,Weapon_Basic,
Razor Disc,F:\Obsidian\PF2e-Core-Vault\3-Rules\Character Building\Equipment\R\Razor Disc.md,Shield_Basic,
reading-glyphs,F:\Obsidian\PF2e-Core-Vault\3-Rules\Character Building\Equipment\R\reading-glyphs.md,Tattoos,"source: vault='Pathfinder Treasure Vault', db='Treasure Vault pg. 121'; traits: vault='invested, magical, tattoo, common', db='Divination, Invested, Magical, Tattoo'"
ready-greater,F:\Obsidian\PF2e-Core-Vault\3-Rules\Character Building\Equipment\R\ready-greater.md,Runes,"source: vault='Pathfinder GM Core', db=""Advanced Player's Guide pg. 262""; traits: vault='magical', db='Evocation, Magical'"
ready,F:\Obsidian\PF2e-Core-Vault\3-Rules\Character Building\Equipment\R\ready.md,Runes,"source: vault='Pathfinder GM Core', db=""Advanced Player's Guide pg. 262""; traits: vault='magical', db='Evocation, Magical'"
Reinforced Surcoat,F:\Obsidian\PF2e-Core-Vault\3-Rules\Character Building\Equipment\R\Reinforced Surcoat.md,Adjustments,
Religious Symbol (Silver),F:\Obsidian\PF2e-Core-Vault\3-Rules\Character Building\Equipment\R\Religious Symbol (Silver).md,Mundane,
Religious Symbol (Wooden),F:\Obsidian\PF2e-Core-Vault\3-Rules\Character Building\Equipment\R\Religious Symbol (Wooden).md,Mundane,
Religious Text,F:\Obsidian\PF2e-Core-Vault\3-Rules\Character Building\Equipment\R\Religious Text.md,Mundane,
Repair Toolkit,F:\Obsidian\PF2e-Core-Vault\3-Rules\Character Building\Equipment\R\Repair Toolkit.md,Mundane,
Resilient,F:\Obsidian\PF2e-Core-Vault\3-Rules\Character Building\Equipment\R\Resilient.md,Runes,
resurrection-tea,F:\Obsidian\PF2e-Core-Vault\3-Rules\Character Building\Equipment\R\resurrection-tea.md,Consumables,"source: vault='Pathfinder #197: Let the Leaves Fall', db='Pathfinder #197: Let the Leaves Fall pg. 78'; traits: vault='consumable, magical, potion, tea, uncommon', db='Consumable, Magical, Necromancy, Potion, Tea, Uncommon'"
Returning,F:\Obsidian\PF2e-Core-Vault\3-Rules\Character Building\Equipment\R\Returning.md,Runes,
rhyton-of-the-radiant-ifrit,F:\Obsidian\PF2e-Core-Vault\3-Rules\Character Building\Equipment\R\rhyton-of-the-radiant-ifrit.md,Held_Items,"source: vault='Pathfinder Rage of Elements', db='Rage of Elements pg. 124'; traits: vault='fire, magical, common', db='Fire, Magical'"
ring-of-sneering-charity,F:\Obsidian\PF2e-Core-Vault\3-Rules\Character Building\Equipment\R\ring-of-sneering-charity.md,Cursed,"source: vault='Pathfinder Dark Archive', db='Dark Archive pg 161'; traits: vault='cursed, invested, magical, common', db='Cursed, Enchantment, Invested, Magical'"
Rock-Braced,F:\Obsidian\PF2e-Core-Vault\3-Rules\Character Building\Equipment\R\Rock-Braced.md,Runes,
Rooting,F:\Obsidian\PF2e-Core-Vault\3-Rules\Character Building\Equipment\R\Rooting.md,Runes,
Rubbing Set,F:\Obsidian\PF2e-Core-Vault\3-Rules\Character Building\Equipment\R\Rubbing Set.md,Mundane,
Sack,F:\Obsidian\PF2e-Core-Vault\3-Rules\Character Building\Equipment\S\Sack.md,Mundane,
Saddlebags,F:\Obsidian\PF2e-Core-Vault\3-Rules\Character Building\Equipment\S\Saddlebags.md,Mundane,
sages-lash,F:\Obsidian\PF2e-Core-Vault\3-Rules\Character Building\Equipment\S\sages-lash.md,Worn_Items,"source: vault='Pathfinder Secrets of Magic', db='Secrets of Magic pg. 189'; traits: vault='apex, invested, magical, common', db='Apex, Invested, Magical, Necromancy'"
Sai,F:\Obsidian\PF2e-Core-Vault\3-Rules\Character Building\Equipment\S\Sai.md,Weapon_Basic,
Salvo Shield,F:\Obsidian\PF2e-Core-Vault\3-Rules\Character Building\Equipment\S\Salvo Shield.md,Shield_Basic,
Sandcastle,F:\Obsidian\PF2e-Core-Vault\3-Rules\Character Building\Equipment\S\Sandcastle.md,C_C_Structure,
Sankeit,F:\Obsidian\PF2e-Core-Vault\3-Rules\Character Building\Equipment\S\Sankeit.md,Armor_Basic,
Sansetsukon,F:\Obsidian\PF2e-Core-Vault\3-Rules\Character Building\Equipment\S\Sansetsukon.md,Weapon_Basic,
Sap,F:\Obsidian\PF2e-Core-Vault\3-Rules\Character Building\Equipment\S\Sap.md,Weapon_Basic,
Scale Mail,F:\Obsidian\PF2e-Core-Vault\3-Rules\Character Building\Equipment\S\Scale Mail.md,Armor_Basic,
Scimitar,F:\Obsidian\PF2e-Core-Vault\3-Rules\Character Building\Equipment\S\Scimitar.md,Weapon_Basic,
Scizore,F:\Obsidian\PF2e-Core-Vault\3-Rules\Character Building\Equipment\S\Scizore.md,Weapon_Basic,
Scour,F:\Obsidian\PF2e-Core-Vault\3-Rules\Character Building\Equipment\S\Scour.md,Alchemical_Items,
Scourge,F:\Obsidian\PF2e-Core-Vault\3-Rules\Character Building\Equipment\S\Scourge.md,Weapon_Basic,
Scroll Robes,F:\Obsidian\PF2e-Core-Vault\3-Rules\Character Building\Equipment\S\Scroll Robes.md,Armor_Basic,
Scrollstaff,F:\Obsidian\PF2e-Core-Vault\3-Rules\Character Building\Equipment\S\Scrollstaff.md,Specific_Magic_Weapons,
Scythe,F:\Obsidian\PF2e-Core-Vault\3-Rules\Character Building\Equipment\S\Scythe.md,Weapon_Basic,
senseis-parasol,F:\Obsidian\PF2e-Core-Vault\3-Rules\Character Building\Equipment\S\senseis-parasol.md,Specific_Magic_Weapons,"source: vault='Pathfinder #199: To Bloom Below the Web', db='Pathfinder #199: To Bloom Below the Web pg. 75'; traits: vault='magical, monk, parry, reach, trip, rare', db='Abjuration, Magical, Rare'"
Serrating,F:\Obsidian\PF2e-Core-Vault\3-Rules\Character Building\Equipment\S\Serrating.md,Runes,
serum-of-sex-shift,F:\Obsidian\PF2e-Core-Vault\3-Rules\Character Building\Equipment\S\serum-of-sex-shift.md,Consumables,"source: vault='Pathfinder GM Core', db='Core Rulebook pg. 564'; traits: vault='consumable, magical, potion, common', db='Consumable, Magical, Potion, Transmutation'"
Shadow,F:\Obsidian\PF2e-Core-Vault\3-Rules\Character Building\Equipment\S\Shadow.md,Runes,
Shatterstone,F:\Obsidian\PF2e-Core-Vault\3-Rules\Character Building\Equipment\S\Shatterstone.md,Alchemical_Items,
Shears,F:\Obsidian\PF2e-Core-Vault\3-Rules\Character Building\Equipment\S\Shears.md,Weapon_Basic,
Shifting,F:\Obsidian\PF2e-Core-Vault\3-Rules\Character Building\Equipment\S\Shifting.md,Runes,
Shiver,F:\Obsidian\PF2e-Core-Vault\3-Rules\Character Building\Equipment\S\Shiver.md,Alchemical_Items,
Shock,F:\Obsidian\PF2e-Core-Vault\3-Rules\Character Building\Equipment\S\Shock.md,Runes,
shoony-shovel,F:\Obsidian\PF2e-Core-Vault\3-Rules\Character Building\Equipment\S\shoony-shovel.md,Held_Items,"source: vault=""Pathfinder #153: Life's Long Shadows"", db=""Pathfinder #153: Life's Long Shadows pg. 69"""
Shootist Bandolier,F:\Obsidian\PF2e-Core-Vault\3-Rules\Character Building\Equipment\S\Shootist Bandolier.md,Mundane,
Shortbow,F:\Obsidian\PF2e-Core-Vault\3-Rules\Character Building\Equipment\S\Shortbow.md,Weapon_Basic,
Shortsword,F:\Obsidian\PF2e-Core-Vault\3-Rules\Character Building\Equipment\S\Shortsword.md,Weapon_Basic,
Shuriken,F:\Obsidian\PF2e-Core-Vault\3-Rules\Character Building\Equipment\S\Shuriken.md,Weapon_Basic,
Siccatite Chunk,F:\Obsidian\PF2e-Core-Vault\3-Rules\Character Building\Equipment\S\Siccatite Chunk.md,Materials,
Siccatite Ingot,F:\Obsidian\PF2e-Core-Vault\3-Rules\Character Building\Equipment\S\Siccatite Ingot.md,Materials,
Sickle-saber,F:\Obsidian\PF2e-Core-Vault\3-Rules\Character Building\Equipment\S\Sickle-saber.md,Weapon_Basic,
Sickle,F:\Obsidian\PF2e-Core-Vault\3-Rules\Character Building\Equipment\S\Sickle.md,Weapon_Basic,
Sifting Pan,F:\Obsidian\PF2e-Core-Vault\3-Rules\Character Building\Equipment\S\Sifting Pan.md,Mundane,
Signal Whistle,F:\Obsidian\PF2e-Core-Vault\3-Rules\Character Building\Equipment\S\Signal Whistle.md,Mundane,
Slick,F:\Obsidian\PF2e-Core-Vault\3-Rules\Character Building\Equipment\S\Slick.md,Runes,
Sling,F:\Obsidian\PF2e-Core-Vault\3-Rules\Character Building\Equipment\S\Sling.md,Weapon_Basic,
Smogger,F:\Obsidian\PF2e-Core-Vault\3-Rules\Character Building\Equipment\S\Smogger.md,Worn_Items,
Snagging,F:\Obsidian\PF2e-Core-Vault\3-Rules\Character Building\Equipment\S\Snagging.md,Runes,
Snapleaf,F:\Obsidian\PF2e-Core-Vault\3-Rules\Character Building\Equipment\S\Snapleaf.md,Consumables,
Snare Kit,F:\Obsidian\PF2e-Core-Vault\3-Rules\Character Building\Equipment\S\Snare Kit.md,Mundane,
Snowshoes,F:\Obsidian\PF2e-Core-Vault\3-Rules\Character Building\Equipment\S\Snowshoes.md,Mundane,
Soap,F:\Obsidian\PF2e-Core-Vault\3-Rules\Character Building\Equipment\S\Soap.md,Mundane,
Soaring,F:\Obsidian\PF2e-Core-Vault\3-Rules\Character Building\Equipment\S\Soaring.md,Runes,
Soft-Landing,F:\Obsidian\PF2e-Core-Vault\3-Rules\Character Building\Equipment\S\Soft-Landing.md,Runes,
Soulspeaker,F:\Obsidian\PF2e-Core-Vault\3-Rules\Character Building\Equipment\S\Soulspeaker.md,Worn_Items,
Sovereign Steel Chunk,F:\Obsidian\PF2e-Core-Vault\3-Rules\Character Building\Equipment\S\Sovereign Steel Chunk.md,Materials,
Sovereign Steel Ingot,F:\Obsidian\PF2e-Core-Vault\3-Rules\Character Building\Equipment\S\Sovereign Steel Ingot.md,Materials,
Sparkblade,F:\Obsidian\PF2e-Core-Vault\3-Rules\Character Building\Equipment\S\Sparkblade.md,Specific_Magic_Weapons,
Sparkler,F:\Obsidian\PF2e-Core-Vault\3-Rules\Character Building\Equipment\S\Sparkler.md,Alchemical_Items,
Spear,F:\Obsidian\PF2e-Core-Vault\3-Rules\Character Building\Equipment\S\Spear.md,Weapon_Basic,
Spellbook (Blank),F:\Obsidian\PF2e-Core-Vault\3-Rules\Character Building\Equipment\S\Spellbook (Blank).md,Mundane,
Spellcutter,F:\Obsidian\PF2e-Core-Vault\3-Rules\Character Building\Equipment\S\Spellcutter.md,Specific_Magic_Weapons,
Spellender,F:\Obsidian\PF2e-Core-Vault\3-Rules\Character Building\Equipment\S\Spellender.md,Specific_Magic_Weapons,
Spirit-Singer,F:\Obsidian\PF2e-Core-Vault\3-Rules\Character Building\Equipment\S\Spirit-Singer.md,Mundane,
Spraysling,F:\Obsidian\PF2e-Core-Vault\3-Rules\Character Building\Equipment\S\Spraysling.md,Weapon_Basic,
spurned-lute,F:\Obsidian\PF2e-Core-Vault\3-Rules\Character Building\Equipment\S\spurned-lute.md,Held_Items,"source: vault='Pathfinder Treasure Vault', db='Treasure Vault pg. 193'; traits: vault='cursed, magical, rare', db='Rare, Cursed, Enchantment, Magical'"
Spyglass,F:\Obsidian\PF2e-Core-Vault\3-Rules\Character Building\Equipment\S\Spyglass.md,Mundane,
Staff,F:\Obsidian\PF2e-Core-Vault\3-Rules\Character Building\Equipment\S\Staff.md,Weapon_Basic,
Stanching,F:\Obsidian\PF2e-Core-Vault\3-Rules\Character Building\Equipment\S\Stanching.md,Runes,
Stargazer,F:\Obsidian\PF2e-Core-Vault\3-Rules\Character Building\Equipment\S\Stargazer.md,Specific_Magic_Weapons,
Starknife,F:\Obsidian\PF2e-Core-Vault\3-Rules\Character Building\Equipment\S\Starknife.md,Weapon_Basic,
Steel Shield,F:\Obsidian\PF2e-Core-Vault\3-Rules\Character Building\Equipment\S\Steel Shield.md,Shield_Basic,
stone-of-encouragement-(greater),F:\Obsidian\PF2e-Core-Vault\3-Rules\Character Building\Equipment\S\stone-of-encouragement-(greater).md,Held_Items,"source: vault='Pathfinder Lost Omens Firebrands', db='Firebrands pg. 87'; traits: vault='magical, uncommon', db='Divination, Magical, Uncommon'"
stone-of-encouragement,F:\Obsidian\PF2e-Core-Vault\3-Rules\Character Building\Equipment\S\stone-of-encouragement.md,Held_Items,"source: vault='Pathfinder Lost Omens Firebrands', db='Firebrands pg. 87'; traits: vault='magical, uncommon', db='Divination, Magical, Uncommon'"
Storage,F:\Obsidian\PF2e-Core-Vault\3-Rules\Character Building\Equipment\S\Storage.md,Adjustments,
storm-herald,F:\Obsidian\PF2e-Core-Vault\3-Rules\Character Building\Equipment\S\storm-herald.md,Specific_Magic_Weapons,"source: vault='Pathfinder Howl of the Wild', db='Howl of the Wild pg. 103 2.0'; traits: vault='agile, backstabber, deadly-d6, electricity, finesse, magical, monk, sonic', db='Electricity, Magical, Sonic, Uncommon'"
Stormfeather,F:\Obsidian\PF2e-Core-Vault\3-Rules\Character Building\Equipment\S\Stormfeather.md,Consumables,
Striking,F:\Obsidian\PF2e-Core-Vault\3-Rules\Character Building\Equipment\S\Striking.md,Runes,
sturdy-shield-lesser,F:\Obsidian\PF2e-Core-Vault\3-Rules\Character Building\Equipment\S\sturdy-shield-lesser.md,Specific_Magic_Shields,"source: vault='Pathfinder GM Core', db='Core Rulebook pg. 588'; traits: vault='magical', db='Abjuration, Magical'"
Sukgung,F:\Obsidian\PF2e-Core-Vault\3-Rules\Character Building\Equipment\S\Sukgung.md,Weapon_Basic,
Swallow-Spike,F:\Obsidian\PF2e-Core-Vault\3-Rules\Character Building\Equipment\S\Swallow-Spike.md,Runes,
Swarming,F:\Obsidian\PF2e-Core-Vault\3-Rules\Character Building\Equipment\S\Swarming.md,Runes,
Swarmsuit,F:\Obsidian\PF2e-Core-Vault\3-Rules\Character Building\Equipment\S\Swarmsuit.md,Mundane,
Swim Fins,F:\Obsidian\PF2e-Core-Vault\3-Rules\Character Building\Equipment\S\Swim Fins.md,Mundane,
Switchscythe,F:\Obsidian\PF2e-Core-Vault\3-Rules\Character Building\Equipment\S\Switchscythe.md,Weapon_Basic,
Swordstealer Shield,F:\Obsidian\PF2e-Core-Vault\3-Rules\Character Building\Equipment\S\Swordstealer Shield.md,Shield_Basic,
tent-(pavilion),F:\Obsidian\PF2e-Core-Vault\3-Rules\Character Building\Equipment\T\tent-(pavilion).md,Mundane,"level: vault='2', db='2.0'; source: vault='Pathfinder Player Core', db='Player Core pg. 292 2.0'"
therapeutic-snap-peas,F:\Obsidian\PF2e-Core-Vault\3-Rules\Character Building\Equipment\T\therapeutic-snap-peas.md,Consumables,"source: vault='Pathfinder Rage of Elements', db='Rage of Elements pg. 203'; traits: vault='consumable, magical, plant, wood, uncommon', db='Consumable, Magical, Plant, Uncommon, Wood'"
Trident,F:\Obsidian\PF2e-Core-Vault\3-Rules\Character Building\Equipment\T\Trident.md,Weapon_Basic,
Unexceptional,F:\Obsidian\PF2e-Core-Vault\3-Rules\Character Building\Equipment\U\Unexceptional.md,Runes,
Unholy,F:\Obsidian\PF2e-Core-Vault\3-Rules\Character Building\Equipment\U\Unholy.md,Runes,
Urumi,F:\Obsidian\PF2e-Core-Vault\3-Rules\Character Building\Equipment\U\Urumi.md,Weapon_Basic,
Visap,F:\Obsidian\PF2e-Core-Vault\3-Rules\Character Building\Equipment\V\Visap.md,Weapon_Basic,
Vorpal,F:\Obsidian\PF2e-Core-Vault\3-Rules\Character Building\Equipment\V\Vorpal.md,Runes,
Waffle Iron,F:\Obsidian\PF2e-Core-Vault\3-Rules\Character Building\Equipment\W\Waffle Iron.md,Mundane,
Wakizashi,F:\Obsidian\PF2e-Core-Vault\3-Rules\Character Building\Equipment\W\Wakizashi.md,Weapon_Basic,
War Razor,F:\Obsidian\PF2e-Core-Vault\3-Rules\Character Building\Equipment\W\War Razor.md,Weapon_Basic,
War Saddle,F:\Obsidian\PF2e-Core-Vault\3-Rules\Character Building\Equipment\W\War Saddle.md,Mundane,
Warhammer,F:\Obsidian\PF2e-Core-Vault\3-Rules\Character Building\Equipment\W\Warhammer.md,Weapon_Basic,
Warning Snare,F:\Obsidian\PF2e-Core-Vault\3-Rules\Character Building\Equipment\W\Warning Snare.md,Snares,
Warpwobble Poison,F:\Obsidian\PF2e-Core-Vault\3-Rules\Character Building\Equipment\W\Warpwobble Poison.md,Alchemical_Items,
Warrior's Training Ring,F:\Obsidian\PF2e-Core-Vault\3-Rules\Character Building\Equipment\W\Warrior's Training Ring.md,Worn_Items,
Wasp Guard,F:\Obsidian\PF2e-Core-Vault\3-Rules\Character Building\Equipment\W\Wasp Guard.md,Specific_Magic_Armor,
Watchful Portrait,F:\Obsidian\PF2e-Core-Vault\3-Rules\Character Building\Equipment\W\Watchful Portrait.md,Consumables,
Water Bomb (Greater),F:\Obsidian\PF2e-Core-Vault\3-Rules\Character Building\Equipment\W\Water Bomb (Greater).md,Alchemical_Items,
Water Bomb (Lesser),F:\Obsidian\PF2e-Core-Vault\3-Rules\Character Building\Equipment\W\Water Bomb (Lesser).md,Alchemical_Items,
Water Bomb (Major),F:\Obsidian\PF2e-Core-Vault\3-Rules\Character Building\Equipment\W\Water Bomb (Major).md,Alchemical_Items,
Water Bomb (Moderate),F:\Obsidian\PF2e-Core-Vault\3-Rules\Character Building\Equipment\W\Water Bomb (Moderate).md,Alchemical_Items,
Water Purifier,F:\Obsidian\PF2e-Core-Vault\3-Rules\Character Building\Equipment\W\Water Purifier.md,Mundane,
Waterproof Journal,F:\Obsidian\PF2e-Core-Vault\3-Rules\Character Building\Equipment\W\Waterproof Journal.md,Mundane,
Waterproofing Wax,F:\Obsidian\PF2e-Core-Vault\3-Rules\Character Building\Equipment\W\Waterproofing Wax.md,Consumables,
Waterskin,F:\Obsidian\PF2e-Core-Vault\3-Rules\Character Building\Equipment\W\Waterskin.md,Mundane,
Waverider Barding,F:\Obsidian\PF2e-Core-Vault\3-Rules\Character Building\Equipment\W\Waverider Barding.md,C_C_Structure,
Wax Key Blank,F:\Obsidian\PF2e-Core-Vault\3-Rules\Character Building\Equipment\W\Wax Key Blank.md,Mundane,
Wayfinder of Rescue,F:\Obsidian\PF2e-Core-Vault\3-Rules\Character Building\Equipment\W\Wayfinder of Rescue.md,Worn_Items,
Wayfinder,F:\Obsidian\PF2e-Core-Vault\3-Rules\Character Building\Equipment\W\Wayfinder.md,Worn_Items,
Weapon Harness,F:\Obsidian\PF2e-Core-Vault\3-Rules\Character Building\Equipment\W\Weapon Harness.md,Adjustments,
Weapon Potency (+1),F:\Obsidian\PF2e-Core-Vault\3-Rules\Character Building\Equipment\W\Weapon Potency (+1).md,Runes,
Weapon Potency (+2),F:\Obsidian\PF2e-Core-Vault\3-Rules\Character Building\Equipment\W\Weapon Potency (+2).md,Runes,
Weapon Potency (+3),F:\Obsidian\PF2e-Core-Vault\3-Rules\Character Building\Equipment\W\Weapon Potency (+3).md,Runes,
Weapon Shot (Greater),F:\Obsidian\PF2e-Core-Vault\3-Rules\Character Building\Equipment\W\Weapon Shot (Greater).md,Consumables,
Weapon Shot (Lesser),F:\Obsidian\PF2e-Core-Vault\3-Rules\Character Building\Equipment\W\Weapon Shot (Lesser).md,Consumables,
Weapon Shot (Major),F:\Obsidian\PF2e-Core-Vault\3-Rules\Character Building\Equipment\W\Weapon Shot (Major).md,Consumables,
Weapon Shot (Moderate),F:\Obsidian\PF2e-Core-Vault\3-Rules\Character Building\Equipment\W\Weapon Shot (Moderate).md,Consumables,
Weapon Siphon,F:\Obsidian\PF2e-Core-Vault\3-Rules\Character Building\Equipment\W\Weapon Siphon.md,Alchemical_Items,
Weapon-Weird Oil,F:\Obsidian\PF2e-Core-Vault\3-Rules\Character Building\Equipment\W\Weapon-Weird Oil.md,Consumables,
Weeping Midnight,F:\Obsidian\PF2e-Core-Vault\3-Rules\Character Building\Equipment\W\Weeping Midnight.md,Alchemical_Items,
Wemmuth Trinket,F:\Obsidian\PF2e-Core-Vault\3-Rules\Character Building\Equipment\W\Wemmuth Trinket.md,Consumables,
Wet Shock Snare,F:\Obsidian\PF2e-Core-Vault\3-Rules\Character Building\Equipment\W\Wet Shock Snare.md,Snares,
Wheelbarrow,F:\Obsidian\PF2e-Core-Vault\3-Rules\Character Building\Equipment\W\Wheelbarrow.md,Mundane,
Whelming Scrimshaw,F:\Obsidian\PF2e-Core-Vault\3-Rules\Character Building\Equipment\W\Whelming Scrimshaw.md,Consumables,
Whip Claw,F:\Obsidian\PF2e-Core-Vault\3-Rules\Character Building\Equipment\W\Whip Claw.md,Weapon_Basic,
Whip of Compliance,F:\Obsidian\PF2e-Core-Vault\3-Rules\Character Building\Equipment\W\Whip of Compliance.md,Specific_Magic_Weapons,
Whip Tail,F:\Obsidian\PF2e-Core-Vault\3-Rules\Character Building\Equipment\W\Whip Tail.md,Grafts,
Whip,F:\Obsidian\PF2e-Core-Vault\3-Rules\Character Building\Equipment\W\Whip.md,Weapon_Basic,
Whipstaff,F:\Obsidian\PF2e-Core-Vault\3-Rules\Character Building\Equipment\W\Whipstaff.md,Weapon_Basic,
Whirlwind Vial,F:\Obsidian\PF2e-Core-Vault\3-Rules\Character Building\Equipment\W\Whirlwind Vial.md,Alchemical_Items,
Whisper Briolette,F:\Obsidian\PF2e-Core-Vault\3-Rules\Character Building\Equipment\W\Whisper Briolette.md,Consumables,
Whisper of the First Lie,F:\Obsidian\PF2e-Core-Vault\3-Rules\Character Building\Equipment\W\Whisper of the First Lie.md,Worn_Items,
Whispering Staff,F:\Obsidian\PF2e-Core-Vault\3-Rules\Character Building\Equipment\W\Whispering Staff.md,Staff_Wand,
Whistle of Calling,F:\Obsidian\PF2e-Core-Vault\3-Rules\Character Building\Equipment\W\Whistle of Calling.md,Held_Items,
Wig of Holding,F:\Obsidian\PF2e-Core-Vault\3-Rules\Character Building\Equipment\W\Wig of Holding.md,Worn_Items,
Wildwood Ink (Greater),F:\Obsidian\PF2e-Core-Vault\3-Rules\Character Building\Equipment\W\Wildwood Ink (Greater).md,Tattoos,
Wildwood Ink (Major),F:\Obsidian\PF2e-Core-Vault\3-Rules\Character Building\Equipment\W\Wildwood Ink (Major).md,Tattoos,
Wildwood Ink,F:\Obsidian\PF2e-Core-Vault\3-Rules\Character Building\Equipment\W\Wildwood Ink.md,Tattoos,
Wind At Your Back,F:\Obsidian\PF2e-Core-Vault\3-Rules\Character Building\Equipment\W\Wind At Your Back.md,Held_Items,
Wind Ocarina,F:\Obsidian\PF2e-Core-Vault\3-Rules\Character Building\Equipment\W\Wind Ocarina.md,Consumables,
Wind-Catcher (Greater),F:\Obsidian\PF2e-Core-Vault\3-Rules\Character Building\Equipment\W\Wind-Catcher (Greater).md,Runes,
Wind-Catcher,F:\Obsidian\PF2e-Core-Vault\3-Rules\Character Building\Equipment\W\Wind-Catcher.md,Runes,
Wind-Up Cart,F:\Obsidian\PF2e-Core-Vault\3-Rules\Character Building\Equipment\W\Wind-Up Cart.md,Consumables,
Wind-up Wings (Flutterback),F:\Obsidian\PF2e-Core-Vault\3-Rules\Character Building\Equipment\W\Wind-up Wings (Flutterback).md,Mundane,
Wind-up Wings (Homing),F:\Obsidian\PF2e-Core-Vault\3-Rules\Character Building\Equipment\W\Wind-up Wings (Homing).md,Mundane,
Winder's Ring,F:\Obsidian\PF2e-Core-Vault\3-Rules\Character Building\Equipment\W\Winder's Ring.md,Worn_Items,
Wine of the Blood,F:\Obsidian\PF2e-Core-Vault\3-Rules\Character Building\Equipment\W\Wine of the Blood.md,Consumables,
Winged (Greater),F:\Obsidian\PF2e-Core-Vault\3-Rules\Character Building\Equipment\W\Winged (Greater).md,Runes,
Winged,F:\Obsidian\PF2e-Core-Vault\3-Rules\Character Building\Equipment\W\Winged.md,Runes,
Winterstep Elixir (Greater),F:\Obsidian\PF2e-Core-Vault\3-Rules\Character Building\Equipment\W\Winterstep Elixir (Greater).md,Alchemical_Items,
Winterstep Elixir (Lesser),F:\Obsidian\PF2e-Core-Vault\3-Rules\Character Building\Equipment\W\Winterstep Elixir (Lesser).md,Alchemical_Items,
Winterstep Elixir (Minor),F:\Obsidian\PF2e-Core-Vault\3-Rules\Character Building\Equipment\W\Winterstep Elixir (Minor).md,Alchemical_Items,
Winterstep Elixir (Moderate),F:\Obsidian\PF2e-Core-Vault\3-Rules\Character Building\Equipment\W\Winterstep Elixir (Moderate).md,Alchemical_Items,
Wish Blade,F:\Obsidian\PF2e-Core-Vault\3-Rules\Character Building\Equipment\W\Wish Blade.md,Weapon_Basic,
Wish Knife,F:\Obsidian\PF2e-Core-Vault\3-Rules\Character Building\Equipment\W\Wish Knife.md,Weapon_Basic,
Wisp Chain (Greater),F:\Obsidian\PF2e-Core-Vault\3-Rules\Character Building\Equipment\W\Wisp Chain (Greater).md,Specific_Magic_Armor,
Wisp Chain (Major),F:\Obsidian\PF2e-Core-Vault\3-Rules\Character Building\Equipment\W\Wisp Chain (Major).md,Specific_Magic_Armor,
Wisp Chain (True),F:\Obsidian\PF2e-Core-Vault\3-Rules\Character Building\Equipment\W\Wisp Chain (True).md,Specific_Magic_Armor,
Wisp Chain,F:\Obsidian\PF2e-Core-Vault\3-Rules\Character Building\Equipment\W\Wisp Chain.md,Specific_Magic_Armor,
Witch's Finger,F:\Obsidian\PF2e-Core-Vault\3-Rules\Character Building\Equipment\W\Witch's Finger.md,Alchemical_Items,
Witchwarg Elixir (Lesser),F:\Obsidian\PF2e-Core-Vault\3-Rules\Character Building\Equipment\W\Witchwarg Elixir (Lesser).md,Alchemical_Items,
Witchwarg Elixir (Moderate),F:\Obsidian\PF2e-Core-Vault\3-Rules\Character Building\Equipment\W\Witchwarg Elixir (Moderate).md,Alchemical_Items,
Witchwarg Fur,F:\Obsidian\PF2e-Core-Vault\3-Rules\Character Building\Equipment\W\Witchwarg Fur.md,Consumables,
Witchwyrd Beacon,F:\Obsidian\PF2e-Core-Vault\3-Rules\Character Building\Equipment\W\Witchwyrd Beacon.md,Held_Items,
Wizard's Tower,F:\Obsidian\PF2e-Core-Vault\3-Rules\Character Building\Equipment\W\Wizard's Tower.md,C_C_Structure,
Wolf Fang,F:\Obsidian\PF2e-Core-Vault\3-Rules\Character Building\Equipment\W\Wolf Fang.md,Consumables,
Wolfjaw Armor,F:\Obsidian\PF2e-Core-Vault\3-Rules\Character Building\Equipment\W\Wolfjaw Armor.md,Specific_Magic_Armor,
Wolfsbane,F:\Obsidian\PF2e-Core-Vault\3-Rules\Character Building\Equipment\W\Wolfsbane.md,Alchemical_Items,
Wolliped Fleece,F:\Obsidian\PF2e-Core-Vault\3-Rules\Character Building\Equipment\W\Wolliped Fleece.md,Consumables,
Wondrous Figurine (Bismuth Leopards),F:\Obsidian\PF2e-Core-Vault\3-Rules\Character Building\Equipment\W\Wondrous Figurine (Bismuth Leopards).md,Held_Items,
Wondrous Figurine (Candy Constrictor),F:\Obsidian\PF2e-Core-Vault\3-Rules\Character Building\Equipment\W\Wondrous Figurine (Candy Constrictor).md,Held_Items,
Wondrous Figurine (Golden Lions),F:\Obsidian\PF2e-Core-Vault\3-Rules\Character Building\Equipment\W\Wondrous Figurine (Golden Lions).md,Held_Items,
Wondrous Figurine (Jade Serpent),F:\Obsidian\PF2e-Core-Vault\3-Rules\Character Building\Equipment\W\Wondrous Figurine (Jade Serpent).md,Held_Items,
Wondrous Figurine (Marble Elephant),F:\Obsidian\PF2e-Core-Vault\3-Rules\Character Building\Equipment\W\Wondrous Figurine (Marble Elephant).md,Held_Items,
Wondrous Figurine (Obsidian Steed),F:\Obsidian\PF2e-Core-Vault\3-Rules\Character Building\Equipment\W\Wondrous Figurine (Obsidian Steed).md,Held_Items,
Wondrous Figurine (Onyx Dog),F:\Obsidian\PF2e-Core-Vault\3-Rules\Character Building\Equipment\W\Wondrous Figurine (Onyx Dog).md,Held_Items,
Wondrous Figurine (Rubber Bear),F:\Obsidian\PF2e-Core-Vault\3-Rules\Character Building\Equipment\W\Wondrous Figurine (Rubber Bear).md,Held_Items,
Wondrous Figurine (Ruby Hippopotamus),F:\Obsidian\PF2e-Core-Vault\3-Rules\Character Building\Equipment\W\Wondrous Figurine (Ruby Hippopotamus).md,Held_Items,
"Wondrous Figurine, Stuffed Fox","F:\Obsidian\PF2e-Core-Vault\3-Rules\Character Building\Equipment\W\Wondrous Figurine, Stuffed Fox.md",Held_Items,
Wooden Breastplate,F:\Obsidian\PF2e-Core-Vault\3-Rules\Character Building\Equipment\W\Wooden Breastplate.md,Armor_Basic,
Wooden Shield,F:\Obsidian\PF2e-Core-Vault\3-Rules\Character Building\Equipment\W\Wooden Shield.md,Shield_Basic,
Wordreaper,F:\Obsidian\PF2e-Core-Vault\3-Rules\Character Building\Equipment\W\Wordreaper.md,Specific_Magic_Weapons,
Words of Wisdom (Greater),F:\Obsidian\PF2e-Core-Vault\3-Rules\Character Building\Equipment\W\Words of Wisdom (Greater).md,Tattoos,
Words of Wisdom (Lesser),F:\Obsidian\PF2e-Core-Vault\3-Rules\Character Building\Equipment\W\Words of Wisdom (Lesser).md,Tattoos,
Words of Wisdom (Moderate),F:\Obsidian\PF2e-Core-Vault\3-Rules\Character Building\Equipment\W\Words of Wisdom (Moderate).md,Tattoos,
Worldringer (Greater),F:\Obsidian\PF2e-Core-Vault\3-Rules\Character Building\Equipment\W\Worldringer (Greater).md,Specific_Magic_Weapons,
Worldringer,F:\Obsidian\PF2e-Core-Vault\3-Rules\Character Building\Equipment\W\Worldringer.md,Specific_Magic_Weapons,
Worm Vial,F:\Obsidian\PF2e-Core-Vault\3-Rules\Character Building\Equipment\W\Worm Vial.md,Alchemical_Items,
Wounding Oil,F:\Obsidian\PF2e-Core-Vault\3-Rules\Character Building\Equipment\W\Wounding Oil.md,Consumables,
Wounding,F:\Obsidian\PF2e-Core-Vault\3-Rules\Character Building\Equipment\W\Wounding.md,Runes,
Wovenwood Shield (Greater),F:\Obsidian\PF2e-Core-Vault\3-Rules\Character Building\Equipment\W\Wovenwood Shield (Greater).md,Specific_Magic_Shields,
Wovenwood Shield (Lesser),F:\Obsidian\PF2e-Core-Vault\3-Rules\Character Building\Equipment\W\Wovenwood Shield (Lesser).md,Specific_Magic_Shields,
Wovenwood Shield (Major),F:\Obsidian\PF2e-Core-Vault\3-Rules\Character Building\Equipment\W\Wovenwood Shield (Major).md,Specific_Magic_Shields,
Wovenwood Shield (Minor),F:\Obsidian\PF2e-Core-Vault\3-Rules\Character Building\Equipment\W\Wovenwood Shield (Minor).md,Specific_Magic_Shields,
Wovenwood Shield (Moderate),F:\Obsidian\PF2e-Core-Vault\3-Rules\Character Building\Equipment\W\Wovenwood Shield (Moderate).md,Specific_Magic_Shields,
Wovenwood Shield (True),F:\Obsidian\PF2e-Core-Vault\3-Rules\Character Building\Equipment\W\Wovenwood Shield (True).md,Specific_Magic_Shields,
Wraithweave Patch (Type I),F:\Obsidian\PF2e-Core-Vault\3-Rules\Character Building\Equipment\W\Wraithweave Patch (Type I).md,Held_Items,
Wraithweave Patch (Type II),F:\Obsidian\PF2e-Core-Vault\3-Rules\Character Building\Equipment\W\Wraithweave Patch (Type II).md,Held_Items,
Wraithweave Patch (Type III),F:\Obsidian\PF2e-Core-Vault\3-Rules\Character Building\Equipment\W\Wraithweave Patch (Type III).md,Held_Items,
Wrecker,F:\Obsidian\PF2e-Core-Vault\3-Rules\Character Building\Equipment\W\Wrecker.md,Weapon_Basic,
Wrenchgear,F:\Obsidian\PF2e-Core-Vault\3-Rules\Character Building\Equipment\W\Wrenchgear.md,Mundane,
Wrist Grappler (Clockwork),F:\Obsidian\PF2e-Core-Vault\3-Rules\Character Building\Equipment\W\Wrist Grappler (Clockwork).md,Mundane,
Wrist Grappler,F:\Obsidian\PF2e-Core-Vault\3-Rules\Character Building\Equipment\W\Wrist Grappler.md,Mundane,
Wrist Launcher,F:\Obsidian\PF2e-Core-Vault\3-Rules\Character Building\Equipment\W\Wrist Launcher.md,Weapon_Basic,
Writ of Authenticity,F:\Obsidian\PF2e-Core-Vault\3-Rules\Character Building\Equipment\W\Writ of Authenticity.md,Mundane,
Writing Set (Extra Ink and Paper),F:\Obsidian\PF2e-Core-Vault\3-Rules\Character Building\Equipment\W\Writing Set (Extra Ink and Paper).md,Mundane,
Writing Set,F:\Obsidian\PF2e-Core-Vault\3-Rules\Character Building\Equipment\W\Writing Set.md,Mundane,
Wyrm Claw (Greater),F:\Obsidian\PF2e-Core-Vault\3-Rules\Character Building\Equipment\W\Wyrm Claw (Greater).md,Spellhearts,
Wyrm Claw (Major),F:\Obsidian\PF2e-Core-Vault\3-Rules\Character Building\Equipment\W\Wyrm Claw (Major).md,Spellhearts,
Wyrm Claw,F:\Obsidian\PF2e-Core-Vault\3-Rules\Character Building\Equipment\W\Wyrm Claw.md,Spellhearts,
Wyrm Drinker,F:\Obsidian\PF2e-Core-Vault\3-Rules\Character Building\Equipment\W\Wyrm Drinker.md,Staff_Wand,
Wyrm on the Wing (Greater),F:\Obsidian\PF2e-Core-Vault\3-Rules\Character Building\Equipment\W\Wyrm on the Wing (Greater).md,Tattoos,
Wyrm on the Wing (Major),F:\Obsidian\PF2e-Core-Vault\3-Rules\Character Building\Equipment\W\Wyrm on the Wing (Major).md,Tattoos,
Wyrm on the Wing,F:\Obsidian\PF2e-Core-Vault\3-Rules\Character Building\Equipment\W\Wyrm on the Wing.md,Tattoos,
Wyvern Poison,F:\Obsidian\PF2e-Core-Vault\3-Rules\Character Building\Equipment\W\Wyvern Poison.md,Alchemical_Items,
Zerk,F:\Obsidian\PF2e-Core-Vault\3-Rules\Character Building\Equipment\Z\Zerk.md,Alchemical_Items,
Zulfikar,F:\Obsidian\PF2e-Core-Vault\3-Rules\Character Building\Equipment\Z\Zulfikar.md,Weapon_Basic,
