path,reason
F:\Obsidian\PF2e-Core-Vault\3-Rules\Character Building\Equipment\A\abysium.md,"Invalid YAML: Unsupported frontmatter at line 34: ""  A blue-green metal with an eerie green luminescence, abysium radiates power that's inimical to life. Careless exposure to the material can lead to long-term damage to the immune system; as such, mining abysium is hazardous, as large quantities of the metal in an area cause all nearby creatures to become sick. A creature carrying an abysium object is\xa0[[Sickened|sickened 1]]\xa0for a standard-grade object of light Bulk, [[Sickened|sickened 2]] for a standard-grade object of 1 Bulk or more or a high-grade object of light Bulk, or [[Sickened|sickened 3]] for a high-grade object of 1 Bulk or more. This and all other sickening effects of abysium are\xa0[[poison]]\xa0effects. Crafters can use 1 abysium chunk to create up to 6 doses of poisonous\xa0[[abysium powder]]. Unscrupulous smiths have harnessed abysium's toxic properties to create noxious weapons and deadly substances. All objects crafted from abysium shed dim light in a 10-foot radius."""
F:\Obsidian\PF2e-Core-Vault\3-Rules\Character Building\Equipment\A\adamantine.md,"Invalid YAML: Unsupported frontmatter at line 34: '  Mined from rocks that fell from the heavens, adamantine is one of the hardest metals known. It has a shiny, black appearance, and it is prized for its amazing resiliency and ability to hold an incredibly sharp edge.'"
F:\Obsidian\PF2e-Core-Vault\3-Rules\Character Building\Equipment\A\aeon-stone-pale-orange-rhomboid.md,Invalid YAML: Unsupported frontmatter at line 34: '  hoarded by mystics and fanatics hoping to discover their secrets. Despite their'
F:\Obsidian\PF2e-Core-Vault\3-Rules\Character Building\Equipment\A\alchemists-fire-moderate.md,"Invalid YAML: Unsupported frontmatter at line 34: '  exposed to air. ""'"
F:\Obsidian\PF2e-Core-Vault\3-Rules\Character Building\Equipment\A\armor-polishing-kit.md,Invalid YAML: Unsupported frontmatter at line 35: '  that has been maintained by this kit gain a +1 circumstance bonus on Diplomacy checks'
F:\Obsidian\PF2e-Core-Vault\3-Rules\Character Building\Equipment\A\ash-gown.md,"Invalid YAML: Unsupported frontmatter at line 34: ""  from the Plane of Fire. Typically, they're voluminous floor-length dresses or three-piece"""
F:\Obsidian\PF2e-Core-Vault\3-Rules\Character Building\Equipment\A\assassins-skin.md,"Invalid YAML: Unsupported frontmatter at line 35: '  [[leather armor]]_ was made from the flayed hide of an Elysian pegasus, then dyed'"
F:\Obsidian\PF2e-Core-Vault\3-Rules\Character Building\Equipment\A\autumns-embrace.md,"Invalid YAML: Unsupported frontmatter at line 35: ""  leaves continually changing colors in autumnal hues comprise _autumn's embrace_,"""
F:\Obsidian\PF2e-Core-Vault\3-Rules\Character Building\Equipment\B\bewildering-spellgun.md,"Invalid YAML: Unsupported frontmatter at line 34: '  it, creating a mind-bending sensation. Whispers of gibberish arise from it, making'"
F:\Obsidian\PF2e-Core-Vault\3-Rules\Character Building\Equipment\B\bloodletting-kukri.md,"Invalid YAML: Unsupported frontmatter at line 36: ""  1d8` 1d8 persistent bleed damage. If the target didn't already have persistent bleed"""
F:\Obsidian\PF2e-Core-Vault\3-Rules\Character Building\Equipment\B\bomb-launcher.md,"Invalid YAML: Unsupported frontmatter at line 34: '  Inside, it contains a small metal basket sized to hold alchemical bombs. A chute'"
F:\Obsidian\PF2e-Core-Vault\3-Rules\Character Building\Equipment\C\camouflage-dye-greater.md,Invalid YAML: Unsupported frontmatter at line 35: '  crystals to make the user particularly hard to distinguish from their surroundings.'
F:\Obsidian\PF2e-Core-Vault\3-Rules\Character Building\Equipment\C\charm-of-resistance-major.md,"Invalid YAML: Unsupported frontmatter at line 35: '  or sonic. Each charm is crafted to protect against a particular type of energy damage,'"
F:\Obsidian\PF2e-Core-Vault\3-Rules\Character Building\Equipment\C\chronomancer-staff.md,"Invalid YAML: Unsupported frontmatter at line 35: '  staff_, the hands of the clocks continually ticking or winding backward. Used as'"
F:\Obsidian\PF2e-Core-Vault\3-Rules\Character Building\Equipment\C\climbing-bolt.md,"Invalid YAML: Unsupported frontmatter at line 34: '  a solid surface, the twine unwinds and enlarges into a 50-foot-long rope, securely'"
F:\Obsidian\PF2e-Core-Vault\3-Rules\Character Building\Equipment\C\clockwork-bookshelf.md,"Invalid YAML: Unsupported frontmatter at line 34: ""  they wanted to access than available wall space to store them. Each of the bookshelf's"""
F:\Obsidian\PF2e-Core-Vault\3-Rules\Character Building\Equipment\C\clockwork-box-packer.md,"Invalid YAML: Unsupported frontmatter at line 34: '  shipping docks to make use of it, but some nobles have purchased the item for their'"
F:\Obsidian\PF2e-Core-Vault\3-Rules\Character Building\Equipment\C\clockwork-chirper.md,Invalid YAML: Unsupported frontmatter at line 34: '  be wound up and perched on a tree branch or ledge. The Tiny clockwork remains immobile'
F:\Obsidian\PF2e-Core-Vault\3-Rules\Character Building\Equipment\C\clockwork-cloak.md,"Invalid YAML: Unsupported frontmatter at line 35: ""  You're struck by a melee attack with a held weapon  * * *  **Effect** The folds"""
F:\Obsidian\PF2e-Core-Vault\3-Rules\Character Building\Equipment\C\cold-iron.md,"Invalid YAML: Unsupported frontmatter at line 34: '  Weapons made from cold iron are deadly to demons and fey alike. Cold iron looks like normal iron but is mined from particularly pure sources and shaped with little or no heat. This process is extremely difficult, especially for high-grade cold iron items.'"
F:\Obsidian\PF2e-Core-Vault\3-Rules\Character Building\Equipment\C\cube-of-force.md,"Invalid YAML: Unsupported frontmatter at line 40: ""  You hold the cube aloft and depress one of its six faces for several seconds. The cube creates six walls around you, creating a cube 10 feet on each side centered on you (typically centered on the top of your space if you're a Medium creature). If a creature or object overlaps any of these walls, that face of the cube doesn't appear; this also means if you're Huge or larger, the activation has no effect, as your space is larger than the cube would be. The duration and effect of the six walls depends on which face of the cube you press when you Activate the cube, as seen on the Cube Effects table (below). Pressing the sixth cube face with a simple Interact action Dismisses the effect; doing so isn't an activation and thus doesn't count against the cube's frequency. The walls have the AC, Hit Points, and Hardness of a [[Wall of Force]]."""
F:\Obsidian\PF2e-Core-Vault\3-Rules\Character Building\Equipment\C\cube-of-nex.md,"Invalid YAML: Unsupported frontmatter at line 40: ""  You hold the cube aloft and depress one of its six faces for several seconds. The cube creates six walls around you, creating a cube 10 feet on each side centered on you (typically centered on the top of your space if you're a Medium creature). If a creature or object overlaps any of these walls, that face of the cube doesn't appear; this also means if you're Huge or larger, the activation has no effect, as your space is larger than the cube would be. The effect of the six walls depends on which face of the cube you press when you Activate the cube, as seen on the Cube Effects table (below). Pressing the sixth cube face with a simple Interact action Dismisses the effect; doing so isn't an activation and thus doesn't count against the cube's frequency. The walls have the AC, Hit Points, and Hardness of a [[Wall of Force]] You must first Dismiss any previous activation before you use it again A cube of force or Lesser Cube of Nex within 60 feet of you becomes inert. It can't be Activated, any current activation ends, and any constant abilities it has cease to function."""
F:\Obsidian\PF2e-Core-Vault\3-Rules\Character Building\Equipment\C\cursebreak-bulwark.md,"Invalid YAML: Unsupported frontmatter at line 34: '  lined with metal. The tiles are painted a verdant green, and each is marked with'"
F:\Obsidian\PF2e-Core-Vault\3-Rules\Character Building\Equipment\D\dawnsilver.md,Invalid YAML: Unsupported frontmatter at line 36: '  | **Dawnsilver Items** | **Hardness** | **HP** | **BT** |'
F:\Obsidian\PF2e-Core-Vault\3-Rules\Character Building\Equipment\D\depth-charge-i.md,Invalid YAML: Unsupported frontmatter at line 33: '<<<<<<< Updated upstream'
F:\Obsidian\PF2e-Core-Vault\3-Rules\Character Building\Equipment\D\depth-gauge.md,Invalid YAML: Unsupported frontmatter at line 10: '<<<<<<< Updated upstream'
F:\Obsidian\PF2e-Core-Vault\3-Rules\Character Building\Equipment\D\druids-crown.md,Invalid YAML: Unsupported frontmatter at line 40: '  The crown casts its spell at 2nd level (DC 20).'
F:\Obsidian\PF2e-Core-Vault\3-Rules\Character Building\Equipment\D\duskwood.md,"Invalid YAML: Unsupported frontmatter at line 34: ""  Duskwood is a very lightweight wood found primarily in old-growth forests in south-central Avistan; it is dark as ebony but has a slight purple tint. A duskwood item's Bulk is reduced by 1 (or to light Bulk if its normal Bulk is 1, with no effect on an item that normally has light Bulk). The Price of an item made of duskwood is based on the item's normal Bulk, not its reduced Bulk for being made of duskwood, but reduce the Bulk before making any further Bulk adjustments for the size of the item."""
F:\Obsidian\PF2e-Core-Vault\3-Rules\Character Building\Equipment\D\dust-of-appearance.md,"Invalid YAML: Unsupported frontmatter at line 35: '  When you fling it in the air, it coats all creatures in a 10-foot burst centered'"
F:\Obsidian\PF2e-Core-Vault\3-Rules\Character Building\Equipment\D\dwarven-waraxe.md,"Invalid YAML: Unsupported frontmatter at line 35: '  on a thick handle. This powerful axe can be wielded with one hand or two.""'"
F:\Obsidian\PF2e-Core-Vault\3-Rules\Character Building\Equipment\E\energizing-lattice.md,Invalid YAML: Unsupported frontmatter at line 35: '  [[lattice armor]]_ has latticework of fine golden wire. After negating a critical'
F:\Obsidian\PF2e-Core-Vault\3-Rules\Character Building\Equipment\E\energy-breath-potion-greater.md,"Invalid YAML: Unsupported frontmatter at line 34: ""  Distilled from the energy of dangerous spells, an\xa0_energy breath potion_\xa0grants you the Energy Breath action for 1 hour after you imbibe the concoction. The potency of the breath depends on the potion's type, based on how long the distilled ingredients were aged. This potion has the trait matching the damage type."""
F:\Obsidian\PF2e-Core-Vault\3-Rules\Character Building\Equipment\E\energy-breath-potion-lesser.md,"Invalid YAML: Unsupported frontmatter at line 34: ""  Distilled from the energy of dangerous spells, an\xa0_energy breath potion_\xa0grants you the Energy Breath action for 1 hour after you imbibe the concoction. The potency of the breath depends on the potion's type, based on how long the distilled ingredients were aged. This potion has the trait matching the damage type."""
F:\Obsidian\PF2e-Core-Vault\3-Rules\Character Building\Equipment\E\energy-breath-potion-moderate.md,"Invalid YAML: Unsupported frontmatter at line 34: ""  Distilled from the energy of dangerous spells, an\xa0_energy breath potion_\xa0grants you the Energy Breath action for 1 hour after you imbibe the concoction. The potency of the breath depends on the potion's type, based on how long the distilled ingredients were aged. This potion has the trait matching the damage type."""
F:\Obsidian\PF2e-Core-Vault\3-Rules\Character Building\Equipment\E\erraticannon.md,Invalid YAML: Unsupported frontmatter at line 36: '  | d8  | Damage Type | '
F:\Obsidian\PF2e-Core-Vault\3-Rules\Character Building\Equipment\E\explosive-ammunition-greater.md,"Invalid YAML: Unsupported frontmatter at line 35: '  _greater explosive ammunition_ hits a target, the missile explodes in a 10-foot'"
F:\Obsidian\PF2e-Core-Vault\3-Rules\Character Building\Equipment\F\fiendish-teleportation.md,Invalid YAML: Unsupported frontmatter at line 34: '  you gain a +3 item bonus to Armor Class against reactions triggered by your movement.'
F:\Obsidian\PF2e-Core-Vault\3-Rules\Character Building\Equipment\F\flying-broomstick.md,"Invalid YAML: Unsupported frontmatter at line 34: '  even while stowed. You can ride on the broom using one hand to guide it, and the'"
F:\Obsidian\PF2e-Core-Vault\3-Rules\Character Building\Equipment\F\folding-boat-(greater).md,"Invalid YAML: Unsupported frontmatter at line 35: ""  boat can take two shapes. The first is a wooden box that's 12 inches long, 6 inches"""
F:\Obsidian\PF2e-Core-Vault\3-Rules\Character Building\Equipment\F\folding-boat.md,"Invalid YAML: Unsupported frontmatter at line 35: ""  boat can take two shapes. The first is a wooden box that's 12 inches long, 6 inches"""
F:\Obsidian\PF2e-Core-Vault\3-Rules\Character Building\Equipment\F\folding-drums.md,"Invalid YAML: Unsupported frontmatter at line 34: '  percussion instrument]] into a hand drum (1 Bulk), a marching drum set with a shoulder'"
F:\Obsidian\PF2e-Core-Vault\3-Rules\Character Building\Equipment\F\fortification-greater.md,"Invalid YAML: Unsupported frontmatter at line 34: ""  Each time you're critically hit while wearing the etched armor, attempt a DC 14"""
F:\Obsidian\PF2e-Core-Vault\3-Rules\Character Building\Equipment\F\frost-brand.md,Invalid YAML: Unsupported frontmatter at line 34: '  (Greater)]] greatsword_ appears to be nothing but icy shards. The _frost brand_'
F:\Obsidian\PF2e-Core-Vault\3-Rules\Character Building\Equipment\F\frost-breath.md,"Invalid YAML: Unsupported frontmatter at line 34: '  crown of the world. After inhaling frost breath, you gain resistance 5 to cold.'"
F:\Obsidian\PF2e-Core-Vault\3-Rules\Character Building\Equipment\F\frost-fair-yanyuedao.md,Invalid YAML: Unsupported frontmatter at line 34: '  statistics for glaive) once wielded by a legendary military general from Goka. This'
F:\Obsidian\PF2e-Core-Vault\3-Rules\Character Building\Equipment\F\fu-water.md,"Invalid YAML: Unsupported frontmatter at line 34: '  and imparting it with a variety of purifying effects. Unlike many fulu items, fu'"
F:\Obsidian\PF2e-Core-Vault\3-Rules\Character Building\Equipment\G\ganjay-book-(1-bulk-book).md,Invalid YAML: Unsupported frontmatter at line 34: '  creased-possibly by Princess Ganjay herself-to fold up into an impossibly small'
F:\Obsidian\PF2e-Core-Vault\3-Rules\Character Building\Equipment\G\ganjay-book-(light-bulk-book).md,Invalid YAML: Unsupported frontmatter at line 34: '  creased-possibly by Princess Ganjay herself-to fold up into an impossibly small'
F:\Obsidian\PF2e-Core-Vault\3-Rules\Character Building\Equipment\G\ghost-ammunition.md,Invalid YAML: Unsupported frontmatter at line 34: '  has the benefits of the _[[Equipment/Ghost Touch|Ghost Touch]]_ property rune and'
F:\Obsidian\PF2e-Core-Vault\3-Rules\Character Building\Equipment\G\ghost-charge-(greater).md,Invalid YAML: Unsupported frontmatter at line 34: '  contain a mixture of chemicals and salts that drain and disintegrate nearby undead'
F:\Obsidian\PF2e-Core-Vault\3-Rules\Character Building\Equipment\G\ghost-charge-(lesser).md,Invalid YAML: Unsupported frontmatter at line 34: '  contain a mixture of chemicals and salts that drain and disintegrate nearby undead'
F:\Obsidian\PF2e-Core-Vault\3-Rules\Character Building\Equipment\G\ghost-charge-(major).md,Invalid YAML: Unsupported frontmatter at line 34: '  contain a mixture of chemicals and salts that drain and disintegrate nearby undead'
F:\Obsidian\PF2e-Core-Vault\3-Rules\Character Building\Equipment\G\ghost-charge-(moderate).md,Invalid YAML: Unsupported frontmatter at line 34: '  contain a mixture of chemicals and salts that drain and disintegrate nearby undead'
F:\Obsidian\PF2e-Core-Vault\3-Rules\Character Building\Equipment\G\ghost-courier-fulu.md,"Invalid YAML: Unsupported frontmatter at line 34: '  courier fulu_ leaves space for a message, and a prominent red stamp indicates which'"
F:\Obsidian\PF2e-Core-Vault\3-Rules\Character Building\Equipment\G\ghost-delivery-fulu.md,"Invalid YAML: Unsupported frontmatter at line 34: '  dovecote with spirits around it, and it has a prominent stamp in red wax. This fulu'"
F:\Obsidian\PF2e-Core-Vault\3-Rules\Character Building\Equipment\G\ghost-dust.md,Invalid YAML: Unsupported frontmatter at line 34: '  in Stealth  * * *  This small vial is filled with a grayish-green dust rendered'
F:\Obsidian\PF2e-Core-Vault\3-Rules\Character Building\Equipment\G\ghost-fowl-porridge.md,"Invalid YAML: Unsupported frontmatter at line 34: '  \\  This robust porridge—made from a cockatrice distilled into a broth, hot peppers'"
F:\Obsidian\PF2e-Core-Vault\3-Rules\Character Building\Equipment\G\ghost-ink.md,"Invalid YAML: Unsupported frontmatter at line 34: '  rapidly, becoming fully transparent 1 minute after application. The ink glows red'"
F:\Obsidian\PF2e-Core-Vault\3-Rules\Character Building\Equipment\G\ghost-lantern.md,Invalid YAML: Unsupported frontmatter at line 34: '  lenses that emit a pale gray light when the lantern is lit. Anything this light'
F:\Obsidian\PF2e-Core-Vault\3-Rules\Character Building\Equipment\G\ghost-oil.md,"Invalid YAML: Unsupported frontmatter at line 34: ""  cold to the touch. Applying _ghost oil_ to a melee weapon you're wielding or carrying"""
F:\Obsidian\PF2e-Core-Vault\3-Rules\Character Building\Equipment\G\ghost-scarf.md,"Invalid YAML: Unsupported frontmatter at line 34: '  of Souls while worn, providing illumination equivalent to that of a candle. You'"
F:\Obsidian\PF2e-Core-Vault\3-Rules\Character Building\Equipment\G\ghost-touch.md,"Invalid YAML: Unsupported frontmatter at line 34: '  A _ghost touch_ weapon is particularly effective against incorporeal creatures,'"
F:\Obsidian\PF2e-Core-Vault\3-Rules\Character Building\Equipment\G\ghostbane-fulu.md,Invalid YAML: Unsupported frontmatter at line 34: '  You successfully Strike an incorporeal creature with the weapon to which the fulu'
F:\Obsidian\PF2e-Core-Vault\3-Rules\Character Building\Equipment\G\ghostcallers-planchette-(greater).md,"Invalid YAML: Unsupported frontmatter at line 34: '  attract spirits. When affixed, the symbols begin to glow, and the planchette turns'"
F:\Obsidian\PF2e-Core-Vault\3-Rules\Character Building\Equipment\G\ghostcallers-planchette.md,"Invalid YAML: Unsupported frontmatter at line 34: '  attract spirits. When affixed, the symbols begin to glow, and the planchette turns'"
F:\Obsidian\PF2e-Core-Vault\3-Rules\Character Building\Equipment\G\ghosthands-comet.md,"Invalid YAML: Unsupported frontmatter at line 34: ""  pattern along the metal, and its stock is formed of crimson wood. _Ghosthand's Comet_"""
F:\Obsidian\PF2e-Core-Vault\3-Rules\Character Building\Equipment\G\giant-squid-lash.md,Invalid YAML: Unsupported frontmatter at line 35: '  have been twisted together to form this robust _[[Weapon Potency (+1)|+1]] [[Wounding]]'
F:\Obsidian\PF2e-Core-Vault\3-Rules\Character Building\Equipment\G\glaive-of-the-artist.md,"Invalid YAML: Unsupported frontmatter at line 35: '  striking]] [[glaive]]_ has a long, multi-tailed rainbow-colored banner affixed to'"
F:\Obsidian\PF2e-Core-Vault\3-Rules\Character Building\Equipment\G\grappling-gun-(clockwork).md,Invalid YAML: Unsupported frontmatter at line 34: '  feet of thin metal cord and can fire a grappling hook up to 100 feet. To reload'
F:\Obsidian\PF2e-Core-Vault\3-Rules\Character Building\Equipment\H\harrow-deck-simple.md,"Invalid YAML: Unsupported frontmatter at line 34: '""'"
F:\Obsidian\PF2e-Core-Vault\3-Rules\Character Building\Equipment\H\hydra-mutagen.md,Invalid YAML: Unsupported frontmatter at line 35: '  cognitive ability but also causing your physical capabilities to be impaired as'
F:\Obsidian\PF2e-Core-Vault\3-Rules\Character Building\Equipment\I\indomitable-keepsake-greater.md,"Invalid YAML: Unsupported frontmatter at line 34: '  in a pocket or attached to the inside of a piece of armor. ""'"
F:\Obsidian\PF2e-Core-Vault\3-Rules\Character Building\Equipment\I\indomitable-keepsake-major.md,"Invalid YAML: Unsupported frontmatter at line 34: '  in a pocket or attached to the inside of a piece of armor. ""'"
F:\Obsidian\PF2e-Core-Vault\3-Rules\Character Building\Equipment\I\infiltrators-accessory.md,Invalid YAML: Unsupported frontmatter at line 35: '  serves equally well as a fashionable accessory and hidden weapon suitable for high-society'
F:\Obsidian\PF2e-Core-Vault\3-Rules\Character Building\Equipment\I\instinct-crown-animal.md,Invalid YAML: Unsupported frontmatter at line 34: '  instincts that barbarians draw upon in combat. Each crown is fashioned to represent'
F:\Obsidian\PF2e-Core-Vault\3-Rules\Character Building\Equipment\I\instinct-crown-dragon.md,Invalid YAML: Unsupported frontmatter at line 34: '  instincts that barbarians draw upon in combat. Each crown is fashioned to represent'
F:\Obsidian\PF2e-Core-Vault\3-Rules\Character Building\Equipment\I\instinct-crown-fury.md,Invalid YAML: Unsupported frontmatter at line 34: '  instincts that barbarians draw upon in combat. Each crown is fashioned to represent'
F:\Obsidian\PF2e-Core-Vault\3-Rules\Character Building\Equipment\I\instinct-crown-giant.md,Invalid YAML: Unsupported frontmatter at line 34: '  instincts that barbarians draw upon in combat. Each crown is fashioned to represent'
F:\Obsidian\PF2e-Core-Vault\3-Rules\Character Building\Equipment\I\instinct-crown-spirit.md,Invalid YAML: Unsupported frontmatter at line 34: '  instincts that barbarians draw upon in combat. Each crown is fashioned to represent'
F:\Obsidian\PF2e-Core-Vault\3-Rules\Character Building\Equipment\I\instinct-crown-superstition.md,Invalid YAML: Unsupported frontmatter at line 34: '  instincts that barbarians draw upon in combat. Each crown is fashioned to represent'
F:\Obsidian\PF2e-Core-Vault\3-Rules\Character Building\Equipment\I\inubrix.md,"Invalid YAML: Unsupported frontmatter at line 34: ""  This pale, malleable metal's unusual molecular structure allows it to partially pass through iron and steel without touching them. While this property is useful for making weapons that bypass metal armor, inubrix is barely sturdier than lead. Even in an alloyed state, this skymetal is so fragile that it's difficult to use in crafting reliable shields and less than ideal for crafting armor."""
F:\Obsidian\PF2e-Core-Vault\3-Rules\Character Building\Equipment\J\jabalis-dice.md,Invalid YAML: Unsupported frontmatter at line 43: '  | **Roll**  | **Result**                                                                                                                                                     |'
F:\Obsidian\PF2e-Core-Vault\3-Rules\Character Building\Equipment\J\judgment-thurible-major.md,Invalid YAML: Unsupported frontmatter at line 31: '  The golden religious symbol on the top of this spherical incense holder shifts its form to match the faith of its bearer. You gain no benefit from a judgment thurible if you don’t worship a deity. The spell DC of any spell cast by activating this item is 43.'
F:\Obsidian\PF2e-Core-Vault\3-Rules\Character Building\Equipment\K\keep-stone-chunk.md,"Invalid YAML: Unsupported frontmatter at line 34: ""  The crowning achievement of Highhelm's millennia of metallurgical advancements and engineering is the beautiful alloy called keep stone. Despite its name, no stone is used in the production of keep stone. Through the use of a highly guarded process that smelts together adamantine and lead, Highhelm's greatest crafters were able to develop a material with an appearance that more closely resembles marble than metal. Keep stone is only slightly weaker than [[adamantine|Adamantine]] alone, but with the incredible ability to disrupt magic. Any spell or magical effect targeting raw keep stone must succeed at a DC 5 flat check or the effect is lost. Keep stone's use in the construction of Torag's Shield is not only to stretch Highhelm's [[adamantine|Adamantine]] reserves further and protect the walls from magical assault, but also because of its protective effects on divination magic on both Highhelm itself and its immediate vicinity. If the target of a divination spell is in the presence of a large quantity of keep stone, including a structure, the caster must also succeed at a DC 5 flat check or the spell is lost."""
F:\Obsidian\PF2e-Core-Vault\3-Rules\Character Building\Equipment\K\keep-stone-ingot.md,"Invalid YAML: Unsupported frontmatter at line 34: ""  The crowning achievement of Highhelm's millennia of metallurgical advancements and engineering is the beautiful alloy called keep stone. Despite its name, no stone is used in the production of keep stone. Through the use of a highly guarded process that smelts together adamantine and lead, Highhelm's greatest crafters were able to develop a material with an appearance that more closely resembles marble than metal. Keep stone is only slightly weaker than [[adamantine|Adamantine]] alone, but with the incredible ability to disrupt magic. Any spell or magical effect targeting raw keep stone must succeed at a DC 5 flat check or the effect is lost. Keep stone's use in the construction of Torag's Shield is not only to stretch Highhelm's [[adamantine|Adamantine]] reserves further and protect the walls from magical assault, but also because of its protective effects on divination magic on both Highhelm itself and its immediate vicinity. If the target of a divination spell is in the presence of a large quantity of keep stone, including a structure, the caster must also succeed at a DC 5 flat check or the spell is lost."""
F:\Obsidian\PF2e-Core-Vault\3-Rules\Character Building\Equipment\K\keep-stone.md,"Invalid YAML: Unsupported frontmatter at line 34: ""  The crowning achievement of Highhelm's millennia of metallurgical advancements and engineering is the beautiful alloy called keep stone. Despite its name, no stone is used in the production of keep stone. Through the use of a highly guarded process that smelts together adamantine and lead, Highhelm's greatest crafters were able to develop a material with an appearance that more closely resembles marble than metal. Keep stone is only slightly weaker than [[adamantine|Adamantine]] alone, but with the incredible ability to disrupt magic. Any spell or magical effect targeting raw keep stone must succeed at a DC 5 flat check or the effect is lost. Keep stone's use in the construction of Torag's Shield is not only to stretch Highhelm's [[adamantine|Adamantine]] reserves further and protect the walls from magical assault, but also because of its protective effects on divination magic on both Highhelm itself and its immediate vicinity. If the target of a divination spell is in the presence of a large quantity of keep stone, including a structure, the caster must also succeed at a DC 5 flat check or the spell is lost."""
F:\Obsidian\PF2e-Core-Vault\3-Rules\Character Building\Equipment\K\knights-maintenance-kit.md,"Invalid YAML: Unsupported frontmatter at line 34: '  equipment, and specialized mixtures developed by the Knights of Lastwall to clean'"
F:\Obsidian\PF2e-Core-Vault\3-Rules\Character Building\Equipment\K\knights-tabard.md,"Invalid YAML: Unsupported frontmatter at line 34: '  an entity (such as a deity, kingdom, or organization). Knights typically wear it'"
F:\Obsidian\PF2e-Core-Vault\3-Rules\Character Building\Equipment\L\lesser-cube-of-nex.md,"Invalid YAML: Unsupported frontmatter at line 40: ""  You hold the cube aloft and depress one of its six faces for several seconds. The cube creates six walls around you, creating a cube 10 feet on each side centered on you (typically centered on the top of your space if you're a Medium creature). If a creature or object overlaps any of these walls, that face of the cube doesn't appear; this also means if you're Huge or larger, the activation has no effect, as your space is larger than the cube would be. The duration and effect of the six walls depends on which face of the cube you press when you Activate the cube, as seen on the Cube Effects table (below). Pressing the sixth cube face with a simple Interact action Dismisses the effect; doing so isn't an activation and thus doesn't count against the cube's frequency. The walls have the AC, Hit Points, and Hardness of a [[Wall of Force]]."""
F:\Obsidian\PF2e-Core-Vault\3-Rules\Character Building\Equipment\L\lion-claw.md,"Invalid YAML: Unsupported frontmatter at line 34: '  a predator.""'"
F:\Obsidian\PF2e-Core-Vault\3-Rules\Character Building\Equipment\L\lucky-draw-bandolier-greater.md,Invalid YAML: Unsupported frontmatter at line 42: '  | d6 | Ability (Suit) | Ammunition |'
F:\Obsidian\PF2e-Core-Vault\3-Rules\Character Building\Equipment\L\lucky-draw-bandolier.md,Invalid YAML: Unsupported frontmatter at line 42: '  | d6 | Ability (Suit) | Ammunition |'
F:\Obsidian\PF2e-Core-Vault\3-Rules\Character Building\Equipment\M\madcap-top.md,"Invalid YAML: Unsupported frontmatter at line 40: ""  Choose a creature within 60 feet to target and roll a d20 on the table below to determine the top's effect. You make any decisions for a spell cast by the top unless otherwise indicated, except that it must target the creature you chose, or the creature you chose must be the center of the spell's area, if it has an area but no targets. If the spell's range is less than 60 feet, increase the range to 60 feet.  Any spell DC required is DC 27, and any spell attack roll required is +17. If the top casts a spell on you, you don't get a saving throw or other defense against it.  The top can't be activated again for 1d4 hours."""
F:\Obsidian\PF2e-Core-Vault\3-Rules\Character Building\Equipment\M\marvelous-miniature-boat.md,"Invalid YAML: Unsupported frontmatter at line 35: '  is an exceptionally small replica of a real creature or object. The miniature is made from wood, pewter, or other simple materials, and features a rune etched into the underside of the replica\'s base. _Marvelous miniatures_ sometimes come packaged together; for example, the camping set features the boat, campfire, and horse miniatures. Activating a _marvelous miniature_ causes it to transform into another creature or object, which then can be used as normal for that object. Each miniature can be activated only once, with most of them permanently becoming the item in their description.\\n\\nThis miniature can be activated only when tossed into a large body of water, such as a lake or broad river. It transforms into a [[Cutter]]. The cutter lasts 1 day.""'"
F:\Obsidian\PF2e-Core-Vault\3-Rules\Character Building\Equipment\M\medusas-scream-(greater).md,"Invalid YAML: Unsupported frontmatter at line 34: '  shield (Hardness 15, HP 60, BT 30). The shield comes with a thick leather cover'"
F:\Obsidian\PF2e-Core-Vault\3-Rules\Character Building\Equipment\M\medusas-scream.md,"Invalid YAML: Unsupported frontmatter at line 34: '  shield (Hardness 13, HP 52, BT 26). The shield comes with a thick leather cover'"
F:\Obsidian\PF2e-Core-Vault\3-Rules\Character Building\Equipment\M\memoir-map.md,"Invalid YAML: Unsupported frontmatter at line 34: '  obtain this tattoo appear on it, your life story traced upon your skin. Each time'"
F:\Obsidian\PF2e-Core-Vault\3-Rules\Character Building\Equipment\M\memory-guitar.md,"Invalid YAML: Unsupported frontmatter at line 34: ""  observation, the damage seems to be intentional. From the correct angle, the guitar's"""
F:\Obsidian\PF2e-Core-Vault\3-Rules\Character Building\Equipment\M\memory-palace.md,Invalid YAML: Unsupported frontmatter at line 34: '  memories for easy access. It appears to be a miniature Taldan villa small enough'
F:\Obsidian\PF2e-Core-Vault\3-Rules\Character Building\Equipment\M\menacing-(greater).md,"Invalid YAML: Unsupported frontmatter at line 34: '  menacing runes lend you a formidable appearance, granting you a +2 item bonus to'"
F:\Obsidian\PF2e-Core-Vault\3-Rules\Character Building\Equipment\M\menders-soup.md,"Invalid YAML: Unsupported frontmatter at line 34: '  contains tubers, leeks, zesty spices, reagents, and if desired, the meat of livestock.'"
F:\Obsidian\PF2e-Core-Vault\3-Rules\Character Building\Equipment\M\mending-lattice.md,Invalid YAML: Unsupported frontmatter at line 34: '  take damage  **Requirements** You are trained in Crafting  * * *  This lattice of'
F:\Obsidian\PF2e-Core-Vault\3-Rules\Character Building\Equipment\M\mentalists-staff-(greater).md,"Invalid YAML: Unsupported frontmatter at line 34: '  folds of a brain. While wielding the staff, you gain a +2 circumstance bonus to'"
F:\Obsidian\PF2e-Core-Vault\3-Rules\Character Building\Equipment\M\mentalists-staff-(major).md,"Invalid YAML: Unsupported frontmatter at line 34: '  folds of a brain. While wielding the staff, you gain a +2 circumstance bonus to'"
F:\Obsidian\PF2e-Core-Vault\3-Rules\Character Building\Equipment\M\mentalists-staff.md,"Invalid YAML: Unsupported frontmatter at line 34: '  folds of a brain. While wielding the staff, you gain a +2 circumstance bonus to'"
F:\Obsidian\PF2e-Core-Vault\3-Rules\Character Building\Equipment\M\merchants-guile.md,Invalid YAML: Unsupported frontmatter at line 34: '  decorative protrusions on each side of the red-stone inlay. It feels quite heavy'
F:\Obsidian\PF2e-Core-Vault\3-Rules\Character Building\Equipment\M\merciful-balm.md,"Invalid YAML: Unsupported frontmatter at line 34: '  _merciful balm_ is a thick, sticky paste that can be used to anoint a weapon, granting'"
F:\Obsidian\PF2e-Core-Vault\3-Rules\Character Building\Equipment\M\merciful-charm.md,"Invalid YAML: Unsupported frontmatter at line 34: ""  weapon  **Requirements** You're trained in the affixed weapon.  * * *  This small"""
F:\Obsidian\PF2e-Core-Vault\3-Rules\Character Building\Equipment\M\mercurial-mantle.md,"Invalid YAML: Unsupported frontmatter at line 34: '  perpetually twitch slightly, as though caught in a breeze. The cloth feels smoother'"
F:\Obsidian\PF2e-Core-Vault\3-Rules\Character Building\Equipment\M\mesmerizing-opal.md,"Invalid YAML: Unsupported frontmatter at line 34: '  is afire with iridescence. When you activate it, attempt a Deception check to [[Actions/Feint|Feint]].'"
F:\Obsidian\PF2e-Core-Vault\3-Rules\Character Building\Equipment\M\messenger-missive-(multiple).md,"Invalid YAML: Unsupported frontmatter at line 34: '  When composing the missive, you write a location upon it. You can also include an'"
F:\Obsidian\PF2e-Core-Vault\3-Rules\Character Building\Equipment\M\messenger-missive.md,"Invalid YAML: Unsupported frontmatter at line 34: '  When composing the missive, you write a location upon it. You can also include an'"
F:\Obsidian\PF2e-Core-Vault\3-Rules\Character Building\Equipment\M\messengers-ring-(greater).md,"Invalid YAML: Unsupported frontmatter at line 34: '  you serve (or your own face, if you serve no one else). It grants you a +3 item'"
F:\Obsidian\PF2e-Core-Vault\3-Rules\Character Building\Equipment\M\messengers-ring.md,"Invalid YAML: Unsupported frontmatter at line 34: '  you serve (or your own face, if you serve no one else). It grants you a +2 item'"
F:\Obsidian\PF2e-Core-Vault\3-Rules\Character Building\Equipment\M\metalmist-sphere-(greater).md,Invalid YAML: Unsupported frontmatter at line 34: '  of thunderstones within a colloidal suspension of a precious metal. When you twist'
F:\Obsidian\PF2e-Core-Vault\3-Rules\Character Building\Equipment\M\metalmist-sphere-(lesser).md,Invalid YAML: Unsupported frontmatter at line 34: '  of thunderstones within a colloidal suspension of a precious metal. When you twist'
F:\Obsidian\PF2e-Core-Vault\3-Rules\Character Building\Equipment\M\metalmist-sphere-(moderate).md,Invalid YAML: Unsupported frontmatter at line 34: '  of thunderstones within a colloidal suspension of a precious metal. When you twist'
F:\Obsidian\PF2e-Core-Vault\3-Rules\Character Building\Equipment\M\meteor-hammer.md,"Invalid YAML: Unsupported frontmatter at line 34: '  one end. When a wielder swings the weight by the chain, it builds momentum and can'"
F:\Obsidian\PF2e-Core-Vault\3-Rules\Character Building\Equipment\M\meteor-shot-(greater).md,Invalid YAML: Unsupported frontmatter at line 34: '  craggy stone ammunition is warm to the touch. When you fire an activated meteor'
F:\Obsidian\PF2e-Core-Vault\3-Rules\Character Building\Equipment\M\meteor-shot-(major).md,Invalid YAML: Unsupported frontmatter at line 34: '  craggy stone ammunition is warm to the touch. When you fire an activated meteor'
F:\Obsidian\PF2e-Core-Vault\3-Rules\Character Building\Equipment\M\meteor-shot.md,Invalid YAML: Unsupported frontmatter at line 34: '  craggy stone ammunition is warm to the touch. When you fire an activated meteor'
F:\Obsidian\PF2e-Core-Vault\3-Rules\Character Building\Equipment\M\metronomic-hammer.md,Invalid YAML: Unsupported frontmatter at line 34: '  _+1 striking gnome hooked hammer_. Gnome adherents of Brigh often attempt to reproduce'
F:\Obsidian\PF2e-Core-Vault\3-Rules\Character Building\Equipment\M\metuaks-pendant.md,Invalid YAML: Unsupported frontmatter at line 34: '  hangs from a leather cord worn around the neck. Once worn by Metuak of the Burning'
F:\Obsidian\PF2e-Core-Vault\3-Rules\Character Building\Equipment\M\midday-lantern-(greater).md,"Invalid YAML: Unsupported frontmatter at line 34: '  with the image of the sun high in the sky. The lantern uses oil, as a standard lantern,'"
F:\Obsidian\PF2e-Core-Vault\3-Rules\Character Building\Equipment\M\midday-lantern-(lesser).md,"Invalid YAML: Unsupported frontmatter at line 34: '  with the image of the sun high in the sky. The lantern uses oil, as a standard lantern,'"
F:\Obsidian\PF2e-Core-Vault\3-Rules\Character Building\Equipment\M\midday-lantern-(major).md,"Invalid YAML: Unsupported frontmatter at line 34: '  with the image of the sun high in the sky. The lantern uses oil, as a standard lantern,'"
F:\Obsidian\PF2e-Core-Vault\3-Rules\Character Building\Equipment\M\midday-lantern-(moderate).md,"Invalid YAML: Unsupported frontmatter at line 34: '  with the image of the sun high in the sky. The lantern uses oil, as a standard lantern,'"
F:\Obsidian\PF2e-Core-Vault\3-Rules\Character Building\Equipment\M\mind-swap-potion.md,Invalid YAML: Unsupported frontmatter at line 34: '  flicker through the cloudy mind-swap potion. The potion often comes in a double-chambered'
F:\Obsidian\PF2e-Core-Vault\3-Rules\Character Building\Equipment\M\mindfog-mist.md,Invalid YAML: Unsupported frontmatter at line 35: '  (manipulate)  **Saving Throw** DC 35 Fortitude check  **Onset** 1 round  **Maximum'
F:\Obsidian\PF2e-Core-Vault\3-Rules\Character Building\Equipment\M\mindlock-shot.md,Invalid YAML: Unsupported frontmatter at line 34: '  shot_ is made of luminous ectoplasm in a crystalline form. When you command this'
F:\Obsidian\PF2e-Core-Vault\3-Rules\Character Building\Equipment\M\mindmurk-oil.md,"Invalid YAML: Unsupported frontmatter at line 34: ""  oil dulls the mind, creating a pleasant and euphoric stupor that inhibits the imbiber's"""
F:\Obsidian\PF2e-Core-Vault\3-Rules\Character Building\Equipment\M\minds-light-circlet.md,"Invalid YAML: Unsupported frontmatter at line 34: ""  When you're charged with mental power, the jewels scintillate with light, with different"""
F:\Obsidian\PF2e-Core-Vault\3-Rules\Character Building\Equipment\M\minotaur-chair.md,"Invalid YAML: Unsupported frontmatter at line 34: '  control_, and _+1 striking wounding wheel spikes_. The wheel spikes can have runes'"
F:\Obsidian\PF2e-Core-Vault\3-Rules\Character Building\Equipment\M\miogimos-mask.md,"Invalid YAML: Unsupported frontmatter at line 34: '  crafted with a piece of his soul.  It has two forms. In its first form, the mask'"
F:\Obsidian\PF2e-Core-Vault\3-Rules\Character Building\Equipment\M\mirror-ball-snare.md,"Invalid YAML: Unsupported frontmatter at line 34: '  sphere ignites when disturbed, causing the ball to flash and spin. When a creature'"
F:\Obsidian\PF2e-Core-Vault\3-Rules\Character Building\Equipment\M\mirror-goggles-(greater).md,Invalid YAML: Unsupported frontmatter at line 34: '  you gain a +3 item bonus to visual Perception checks and to saving throws against'
F:\Obsidian\PF2e-Core-Vault\3-Rules\Character Building\Equipment\M\mirror-goggles-(moderate).md,Invalid YAML: Unsupported frontmatter at line 34: '  you gain a +2 item bonus to visual Perception checks and to saving throws against'
F:\Obsidian\PF2e-Core-Vault\3-Rules\Character Building\Equipment\M\mirror-of-sleeping-vigil.md,"Invalid YAML: Unsupported frontmatter at line 34: '  self. While invested, you can watch over your sleeping body from the Dreamlands,'"
F:\Obsidian\PF2e-Core-Vault\3-Rules\Character Building\Equipment\M\mirror-of-sorshen.md,Invalid YAML: Unsupported frontmatter at line 34: '  dark wooden frame is studded with small green gems and is carved with a pair of'
F:\Obsidian\PF2e-Core-Vault\3-Rules\Character Building\Equipment\M\mirror-robe.md,"Invalid YAML: Unsupported frontmatter at line 35: ""  The mirror robe was last activated to draw attention toward you, or you haven't"""
F:\Obsidian\PF2e-Core-Vault\3-Rules\Character Building\Equipment\M\misdirecting-haversack.md,Invalid YAML: Unsupported frontmatter at line 34: '  The satchel is large enough to hold up to 1 Bulk worth of items.  * * *  **Activate**'
F:\Obsidian\PF2e-Core-Vault\3-Rules\Character Building\Equipment\M\missive-mint.md,Invalid YAML: Unsupported frontmatter at line 34: '  appears to be a normal candy unless someone examining it succeeds at a DC 15 Crafting'
F:\Obsidian\PF2e-Core-Vault\3-Rules\Character Building\Equipment\M\mistform-elixir-(greater).md,"Invalid YAML: Unsupported frontmatter at line 34: '  your skin, making you [[Conditions/Concealed|Concealed]] for 5 minutes.  As usual'"
F:\Obsidian\PF2e-Core-Vault\3-Rules\Character Building\Equipment\M\mistform-elixir-(lesser).md,"Invalid YAML: Unsupported frontmatter at line 34: '  your skin, making you [[Conditions/Concealed|Concealed]] for 3 rounds.  As usual'"
F:\Obsidian\PF2e-Core-Vault\3-Rules\Character Building\Equipment\M\mistform-elixir-(moderate).md,"Invalid YAML: Unsupported frontmatter at line 34: '  your skin, making you [[Conditions/Concealed|Concealed]] for 1 minute.  As usual'"
F:\Obsidian\PF2e-Core-Vault\3-Rules\Character Building\Equipment\M\mistranslators-draft.md,"Invalid YAML: Unsupported frontmatter at line 34: '  a knot, floats in this oily potion. When you drink it, you can speak and understand'"
F:\Obsidian\PF2e-Core-Vault\3-Rules\Character Building\Equipment\M\miter-of-communion.md,Invalid YAML: Unsupported frontmatter at line 34: '  most are elaborately decorated with motifs of the deity whose honor in which it'
F:\Obsidian\PF2e-Core-Vault\3-Rules\Character Building\Equipment\M\mnemonic-acid.md,"Invalid YAML: Unsupported frontmatter at line 34: ""  liquid has a sharp, tangy odor and an oily sheen. It's mildly acidic and can cause"""
F:\Obsidian\PF2e-Core-Vault\3-Rules\Character Building\Equipment\M\mockers-swazzle.md,"Invalid YAML: Unsupported frontmatter at line 34: ""  around a reed that, when held to the mouth, causes the user's voice to take on a"""
F:\Obsidian\PF2e-Core-Vault\3-Rules\Character Building\Equipment\M\monkey-pin.md,"Invalid YAML: Unsupported frontmatter at line 34: '  like a monkey climbing a tree. When you activate this talisman, use a [[Actions/Climb|Climb]]'"
F:\Obsidian\PF2e-Core-Vault\3-Rules\Character Building\Equipment\M\monster-suit.md,Invalid YAML: Unsupported frontmatter at line 34: '  actors portray monstrous creatures. These shows tend to feature gratuitous special'
F:\Obsidian\PF2e-Core-Vault\3-Rules\Character Building\Equipment\M\moon-blossom-tea.md,Invalid YAML: Unsupported frontmatter at line 34: '  \\  * * *  This bright and citrusy tea is traditionally made with green tea combined'
F:\Obsidian\PF2e-Core-Vault\3-Rules\Character Building\Equipment\M\moon-radish-soup.md,"Invalid YAML: Unsupported frontmatter at line 34: ""  spicy-sweet flavor, Svetlana Leveton's creamy moon radish soup is amazingly comforting,"""
F:\Obsidian\PF2e-Core-Vault\3-Rules\Character Building\Equipment\M\moonkeep-hyacinth.md,"Invalid YAML: Unsupported frontmatter at line 34: '  of the werecreature. Intentionally growing these flowers is nearly impossible, as'"
F:\Obsidian\PF2e-Core-Vault\3-Rules\Character Building\Equipment\M\moonkeep-lily.md,"Invalid YAML: Unsupported frontmatter at line 34: '  of the werecreature. Intentionally growing these flowers is nearly impossible, as'"
F:\Obsidian\PF2e-Core-Vault\3-Rules\Character Building\Equipment\M\moonkeep-orchid.md,"Invalid YAML: Unsupported frontmatter at line 34: '  of the werecreature. Intentionally growing these flowers is nearly impossible, as'"
F:\Obsidian\PF2e-Core-Vault\3-Rules\Character Building\Equipment\M\moonlit-chain.md,Invalid YAML: Unsupported frontmatter at line 34: '  of the phases of the moon. You can see in moonlight as though you had low-light'
F:\Obsidian\PF2e-Core-Vault\3-Rules\Character Building\Equipment\M\moonlit-ink.md,"Invalid YAML: Unsupported frontmatter at line 34: '  \\  * * *  This alchemical ink is applied to a stamping device, typically a wooden'"
F:\Obsidian\PF2e-Core-Vault\3-Rules\Character Building\Equipment\M\moonlit-spellgun-(greater).md,"Invalid YAML: Unsupported frontmatter at line 34: '  contains the body of this ephemeral item, which is made of solid light. Its shape'"
F:\Obsidian\PF2e-Core-Vault\3-Rules\Character Building\Equipment\M\moonlit-spellgun-(lesser).md,"Invalid YAML: Unsupported frontmatter at line 34: '  contains the body of this ephemeral item, which is made of solid light. Its shape'"
F:\Obsidian\PF2e-Core-Vault\3-Rules\Character Building\Equipment\M\moonlit-spellgun-(major).md,"Invalid YAML: Unsupported frontmatter at line 34: '  contains the body of this ephemeral item, which is made of solid light. Its shape'"
F:\Obsidian\PF2e-Core-Vault\3-Rules\Character Building\Equipment\M\moonlit-spellgun-(minor).md,"Invalid YAML: Unsupported frontmatter at line 34: '  contains the body of this ephemeral item, which is made of solid light. Its shape'"
F:\Obsidian\PF2e-Core-Vault\3-Rules\Character Building\Equipment\M\moonlit-spellgun-(moderate).md,"Invalid YAML: Unsupported frontmatter at line 34: '  contains the body of this ephemeral item, which is made of solid light. Its shape'"
F:\Obsidian\PF2e-Core-Vault\3-Rules\Character Building\Equipment\M\moonsilver-necklace.md,"Invalid YAML: Unsupported frontmatter at line 34: '  life and the migration of souls. Just as the moon waxes and wanes, so too are the'"
F:\Obsidian\PF2e-Core-Vault\3-Rules\Character Building\Equipment\M\moonstone-diadem.md,Invalid YAML: Unsupported frontmatter at line 34: '  set with three tear-shaped pearlescent moonstones. You gain a +1 item bonus to Religion'
F:\Obsidian\PF2e-Core-Vault\3-Rules\Character Building\Equipment\M\moritype-(greater).md,"Invalid YAML: Unsupported frontmatter at line 34: ""  is a variation on Dr. Krasovna Gerenevich's krasovnatype that is imprinted with"""
F:\Obsidian\PF2e-Core-Vault\3-Rules\Character Building\Equipment\M\morning-glow.md,"Invalid YAML: Unsupported frontmatter at line 34: ""  elven curve blade_ shines with a pale fire that illuminates the wielder's face in"""
F:\Obsidian\PF2e-Core-Vault\3-Rules\Character Building\Equipment\M\morphing-weapon.md,Invalid YAML: Unsupported frontmatter at line 34: '  metal shaped like a horseshoe. Its ability to adjust to any battle situation makes'
F:\Obsidian\PF2e-Core-Vault\3-Rules\Character Building\Equipment\M\mortalis-coin.md,Invalid YAML: Unsupported frontmatter at line 34: '  Points by damage but not immediately killed  **Requirements** You are an expert'
F:\Obsidian\PF2e-Core-Vault\3-Rules\Character Building\Equipment\M\mortar-of-hidden-meaning.md,Invalid YAML: Unsupported frontmatter at line 34: '  looks nearly olive in the right light.  **Activate** 1 minute (Interact)  **Frequency**'
F:\Obsidian\PF2e-Core-Vault\3-Rules\Character Building\Equipment\M\mother-maw.md,Invalid YAML: Unsupported frontmatter at line 34: '  actually the maw of an alien extradimensional creature akin to and older than a'
F:\Obsidian\PF2e-Core-Vault\3-Rules\Character Building\Equipment\M\motivating-treat-bag.md,Invalid YAML: Unsupported frontmatter at line 34: '  pets. When you perform your daily preparations in the presence of your creature'
F:\Obsidian\PF2e-Core-Vault\3-Rules\Character Building\Equipment\M\mountain-to-the-sky.md,Invalid YAML: Unsupported frontmatter at line 34: '  a sacred mountain within. You can only activate _mountain to the sky_ on an unoccupied'
F:\Obsidian\PF2e-Core-Vault\3-Rules\Character Building\Equipment\M\mountebanks-passage.md,"Invalid YAML: Unsupported frontmatter at line 34: '  of possessing two triggers, one of soapstone and one of onyx, clearly separated'"
F:\Obsidian\PF2e-Core-Vault\3-Rules\Character Building\Equipment\M\mourners-dawnlight-fulu.md,"Invalid YAML: Unsupported frontmatter at line 34: '  fulu_ is a stack of pages that resembles joss paper, used to locate the remains'"
F:\Obsidian\PF2e-Core-Vault\3-Rules\Character Building\Equipment\M\mud-bomb-(greater).md,Invalid YAML: Unsupported frontmatter at line 34: '  clinging mud and grit. You gain a +2 item bonus to attack rolls. The bomb deals'
F:\Obsidian\PF2e-Core-Vault\3-Rules\Character Building\Equipment\M\mud-bomb-(lesser).md,Invalid YAML: Unsupported frontmatter at line 34: '  clinging mud and grit. The bomb deals 1d6 bludgeoning damage and 1 bludgeoning splash'
F:\Obsidian\PF2e-Core-Vault\3-Rules\Character Building\Equipment\M\mud-bomb-(major).md,Invalid YAML: Unsupported frontmatter at line 34: '  clinging mud and grit. You gain a +3 item bonus to attack rolls. The bomb deals'
F:\Obsidian\PF2e-Core-Vault\3-Rules\Character Building\Equipment\M\mud-bomb-(moderate).md,Invalid YAML: Unsupported frontmatter at line 34: '  clinging mud and grit. You gain a +1 item bonus to attack rolls. The bomb deals'
F:\Obsidian\PF2e-Core-Vault\3-Rules\Character Building\Equipment\M\mudrock-snare.md,Invalid YAML: Unsupported frontmatter at line 34: '  vials of a quick-drying agent. The first creature to step into the square breaks'
F:\Obsidian\PF2e-Core-Vault\3-Rules\Character Building\Equipment\M\mukradi-jar.md,"Invalid YAML: Unsupported frontmatter at line 34: '  and pale, is coiled within this jar. Its hollow form grows to a Gargantuan shell'"
F:\Obsidian\PF2e-Core-Vault\3-Rules\Character Building\Equipment\M\mummified-bat.md,"Invalid YAML: Unsupported frontmatter at line 34: '  treated corpse of a tiny bat bound in papyrus. When activated, the affixed weapon'"
F:\Obsidian\PF2e-Core-Vault\3-Rules\Character Building\Equipment\M\murderers-knot.md,Invalid YAML: Unsupported frontmatter at line 34: '  creature with a Strike using the affixed weapon  * * *  This black strand of leather'
F:\Obsidian\PF2e-Core-Vault\3-Rules\Character Building\Equipment\M\musical-instrument-(virtuoso-handheld).md,"Invalid YAML: Unsupported frontmatter at line 34: '  drums, fiddles and viols, flutes and recorders, small harps, lutes, trumpets, and'"
F:\Obsidian\PF2e-Core-Vault\3-Rules\Character Building\Equipment\M\musical-instrument-(virtuoso-heavy).md,"Invalid YAML: Unsupported frontmatter at line 34: '  drums, fiddles and viols, flutes and recorders, small harps, lutes, trumpets, and'"
F:\Obsidian\PF2e-Core-Vault\3-Rules\Character Building\Equipment\M\musket-staff-of-force.md,Invalid YAML: Unsupported frontmatter at line 34: '  a magic weapon used by a gunwitch as both a powerful firearm and magical staff.'
F:\Obsidian\PF2e-Core-Vault\3-Rules\Character Building\Equipment\M\musket-staff-of-void.md,Invalid YAML: Unsupported frontmatter at line 34: '  a magic weapon used by a gunwitch as both a powerful firearm and magical staff.'
F:\Obsidian\PF2e-Core-Vault\3-Rules\Character Building\Equipment\M\mustard-powder.md,"Invalid YAML: Unsupported frontmatter at line 34: '  by otherworldly refugees to Irrisen, mustard powder is rumored to be devastating'"
F:\Obsidian\PF2e-Core-Vault\3-Rules\Character Building\Equipment\M\mutagenic-renovator.md,"Invalid YAML: Unsupported frontmatter at line 34: '  to be derived from liquefied mutant scales. For 1 hour after you imbibe the potion,'"
F:\Obsidian\PF2e-Core-Vault\3-Rules\Character Building\Equipment\M\mutator-onyx.md,Invalid YAML: Unsupported frontmatter at line 34: '  alien mineral first found within the walls of the Onyx Citadel but is now used primarily'
F:\Obsidian\PF2e-Core-Vault\3-Rules\Character Building\Equipment\M\mycoweave-shield-(greater).md,"Invalid YAML: Unsupported frontmatter at line 34: '  the appearance of a frilly disc. The shield has Hardness 4, HP 64, and BT 32.  When'"
F:\Obsidian\PF2e-Core-Vault\3-Rules\Character Building\Equipment\M\mycoweave-shield-(lesser).md,"Invalid YAML: Unsupported frontmatter at line 34: '  the appearance of a frilly disc. The shield has Hardness 2, HP 12, and BT 6.  When'"
F:\Obsidian\PF2e-Core-Vault\3-Rules\Character Building\Equipment\M\mycoweave-shield-(major).md,"Invalid YAML: Unsupported frontmatter at line 34: '  the appearance of a frilly disc. The shield has Hardness 6, HP 110, and BT 55. \\'"
F:\Obsidian\PF2e-Core-Vault\3-Rules\Character Building\Equipment\M\mythic-armor-potency.md,"Invalid YAML: Unsupported frontmatter at line 34: ""  Increase the armor's item bonus to AC by 4, and the armor can be etched with four"""
F:\Obsidian\PF2e-Core-Vault\3-Rules\Character Building\Equipment\M\mythic-resilient.md,Invalid YAML: Unsupported frontmatter at line 34: '  a wide array of effects. The armor grants a +4 item bonus to saving throws to the'
F:\Obsidian\PF2e-Core-Vault\3-Rules\Character Building\Equipment\M\mythic-striking.md,Invalid YAML: Unsupported frontmatter at line 35: '  \\  **Trigger** You roll the weapon damage dice for a Strike with this weapon and'
F:\Obsidian\PF2e-Core-Vault\3-Rules\Character Building\Equipment\M\mythic-weapon-potency.md,"Invalid YAML: Unsupported frontmatter at line 34: '  the mightiest monstrosities. Attack rolls with this weapon gain a +4 item bonus,'"
F:\Obsidian\PF2e-Core-Vault\3-Rules\Character Building\Equipment\N\nail-bomb-(greater).md,"Invalid YAML: Unsupported frontmatter at line 34: '  open when struck, releasing cold iron shrapnel. You gain a +2 item bonus to attack'"
F:\Obsidian\PF2e-Core-Vault\3-Rules\Character Building\Equipment\N\nail-bomb-(lesser).md,"Invalid YAML: Unsupported frontmatter at line 34: '  open when struck, releasing cold iron shrapnel. The bomb deals 2d4 piercing damage'"
F:\Obsidian\PF2e-Core-Vault\3-Rules\Character Building\Equipment\N\nail-bomb-(major).md,"Invalid YAML: Unsupported frontmatter at line 34: '  open when struck, releasing cold iron shrapnel. You gain a +3 item bonus to attack'"
F:\Obsidian\PF2e-Core-Vault\3-Rules\Character Building\Equipment\N\nail-bomb-(moderate).md,"Invalid YAML: Unsupported frontmatter at line 34: '  open when struck, releasing cold iron shrapnel. You gain a +1 item bonus to attack'"
F:\Obsidian\PF2e-Core-Vault\3-Rules\Character Building\Equipment\N\nauseating-snare.md,Invalid YAML: Unsupported frontmatter at line 34: '  The first creature to enter the square must attempt a DC 24 Fortitude check saving'
F:\Obsidian\PF2e-Core-Vault\3-Rules\Character Building\Equipment\N\navaratna-of-the-solar-ruby.md,"Invalid YAML: Unsupported frontmatter at line 34: '  a holy ruby pulled from the center of a sun. So long as you are wearing the navaratna,'"
F:\Obsidian\PF2e-Core-Vault\3-Rules\Character Building\Equipment\N\navigators-feather.md,Invalid YAML: Unsupported frontmatter at line 34: '  a Survival check to [[Actions/Sense Direction|Sense Direction]] or [[Actions/Track|Track]]'
F:\Obsidian\PF2e-Core-Vault\3-Rules\Character Building\Equipment\N\navigators-star.md,"Invalid YAML: Unsupported frontmatter at line 35: '  \\  * * *  **Effect** As you hold up your hand and align the star in view, you learn'"
F:\Obsidian\PF2e-Core-Vault\3-Rules\Character Building\Equipment\N\necklace-of-allure.md,Invalid YAML: Unsupported frontmatter at line 34: '  necklace. The necklace features an intricately carved pendant in the shape of a'
F:\Obsidian\PF2e-Core-Vault\3-Rules\Character Building\Equipment\N\necklace-of-fireballs-i.md,"Invalid YAML: Unsupported frontmatter at line 34: '  of various sizes hanging from it. When activated, it briefly appears in its true'"
F:\Obsidian\PF2e-Core-Vault\3-Rules\Character Building\Equipment\N\necklace-of-fireballs-ii.md,"Invalid YAML: Unsupported frontmatter at line 34: '  of various sizes hanging from it. When activated, it briefly appears in its true'"
F:\Obsidian\PF2e-Core-Vault\3-Rules\Character Building\Equipment\N\necklace-of-fireballs-iii.md,"Invalid YAML: Unsupported frontmatter at line 34: '  of various sizes hanging from it. When activated, it briefly appears in its true'"
F:\Obsidian\PF2e-Core-Vault\3-Rules\Character Building\Equipment\N\necklace-of-fireballs-iv.md,"Invalid YAML: Unsupported frontmatter at line 34: '  of various sizes hanging from it. When activated, it briefly appears in its true'"
F:\Obsidian\PF2e-Core-Vault\3-Rules\Character Building\Equipment\N\necklace-of-fireballs-v.md,"Invalid YAML: Unsupported frontmatter at line 34: '  of various sizes hanging from it. When activated, it briefly appears in its true'"
F:\Obsidian\PF2e-Core-Vault\3-Rules\Character Building\Equipment\N\necklace-of-fireballs-vi.md,"Invalid YAML: Unsupported frontmatter at line 34: '  of various sizes hanging from it. When activated, it briefly appears in its true'"
F:\Obsidian\PF2e-Core-Vault\3-Rules\Character Building\Equipment\N\necklace-of-fireballs-vii.md,"Invalid YAML: Unsupported frontmatter at line 34: '  of various sizes hanging from it. When activated, it briefly appears in its true'"
F:\Obsidian\PF2e-Core-Vault\3-Rules\Character Building\Equipment\N\necklace-of-knives.md,"Invalid YAML: Unsupported frontmatter at line 34: '  you wear it, you are never without a weapon, a crude surgical tool, or stake for'"
F:\Obsidian\PF2e-Core-Vault\3-Rules\Character Building\Equipment\N\necklace-of-strangulation.md,"Invalid YAML: Unsupported frontmatter at line 34: '  of fireballs or a pendant of the occult. When invested, it magically locks in place,'"
F:\Obsidian\PF2e-Core-Vault\3-Rules\Character Building\Equipment\N\necrobinding-serum.md,Invalid YAML: Unsupported frontmatter at line 34: '  is distilled from the body of an intelligent corporeal undead who seeks to establish'
F:\Obsidian\PF2e-Core-Vault\3-Rules\Character Building\Equipment\N\necrotic-bomb-(greater).md,"Invalid YAML: Unsupported frontmatter at line 34: '  most people consider disgusting at best and unholy at worst, creating a life-sucking'"
F:\Obsidian\PF2e-Core-Vault\3-Rules\Character Building\Equipment\N\necrotic-bomb-(lesser).md,"Invalid YAML: Unsupported frontmatter at line 34: '  most people consider disgusting at best and unholy at worst, creating a life-sucking'"
F:\Obsidian\PF2e-Core-Vault\3-Rules\Character Building\Equipment\N\necrotic-bomb-(major).md,"Invalid YAML: Unsupported frontmatter at line 34: '  most people consider disgusting at best and unholy at worst, creating a life-sucking'"
F:\Obsidian\PF2e-Core-Vault\3-Rules\Character Building\Equipment\N\necrotic-bomb-(moderate).md,"Invalid YAML: Unsupported frontmatter at line 34: '  most people consider disgusting at best and unholy at worst, creating a life-sucking'"
F:\Obsidian\PF2e-Core-Vault\3-Rules\Character Building\Equipment\N\necrotic-cap-(greater).md,Invalid YAML: Unsupported frontmatter at line 34: '  rotting mushroom as a spell catalyst when you cast an [[Spells/Acid Grip|Acid Grip]]'
F:\Obsidian\PF2e-Core-Vault\3-Rules\Character Building\Equipment\N\necrotic-cap-(lesser).md,Invalid YAML: Unsupported frontmatter at line 34: '  rotting mushroom as a spell catalyst when you cast an [[Spells/Acid Grip|Acid Grip]]'
F:\Obsidian\PF2e-Core-Vault\3-Rules\Character Building\Equipment\N\necrotic-cap-(major).md,Invalid YAML: Unsupported frontmatter at line 34: '  rotting mushroom as a spell catalyst when you cast an [[Spells/Acid Grip|Acid Grip]]'
F:\Obsidian\PF2e-Core-Vault\3-Rules\Character Building\Equipment\N\necrotic-cap-(moderate).md,Invalid YAML: Unsupported frontmatter at line 34: '  rotting mushroom as a spell catalyst when you cast an [[Spells/Acid Grip|Acid Grip]]'
F:\Obsidian\PF2e-Core-Vault\3-Rules\Character Building\Equipment\N\nectar-of-purification.md,Invalid YAML: Unsupported frontmatter at line 34: '  of purification_ is often stored in bottles similar to those used for vinegar. This'
F:\Obsidian\PF2e-Core-Vault\3-Rules\Character Building\Equipment\N\needle-of-undeath.md,"Invalid YAML: Unsupported frontmatter at line 34: '  depictions of battle. While holding the _needle of undeath_, mindless undead creatures'"
F:\Obsidian\PF2e-Core-Vault\3-Rules\Character Building\Equipment\N\nemesis-name.md,Invalid YAML: Unsupported frontmatter at line 34: '  a place you can easily see to remember your vow to settle the score. Anyone who'
F:\Obsidian\PF2e-Core-Vault\3-Rules\Character Building\Equipment\N\neophytes-fipple.md,"Invalid YAML: Unsupported frontmatter at line 34: ""  are untrained in Performance.  * * *  Made of polished wood, a neophyte's fipple"""
F:\Obsidian\PF2e-Core-Vault\3-Rules\Character Building\Equipment\N\net-launcher.md,Invalid YAML: Unsupported frontmatter at line 34: '  net at much greater range than one can be thrown. A net launcher can be wielded'
F:\Obsidian\PF2e-Core-Vault\3-Rules\Character Building\Equipment\N\netherwalk-incense.md,"Invalid YAML: Unsupported frontmatter at line 34: ""  dark-gray incense carries a faint, strange odor that's different for any creature"""
F:\Obsidian\PF2e-Core-Vault\3-Rules\Character Building\Equipment\N\nethysian-bulwark.md,Invalid YAML: Unsupported frontmatter at line 34: '  of its dual-natured namesake. A _Nethysian bulwark_ is a high-grade cold iron shield'
F:\Obsidian\PF2e-Core-Vault\3-Rules\Character Building\Equipment\N\nettleweed-residue.md,Invalid YAML: Unsupported frontmatter at line 34: '  weeds makes an effective toxin.  **Saving Throw** DC 27 Fortitude check  **Onset**'
F:\Obsidian\PF2e-Core-Vault\3-Rules\Character Building\Equipment\N\nevercold-(compressed).md,"Invalid YAML: Unsupported frontmatter at line 34: '  referred to as nevercoal, is the charcoal left after wildfires in the First World.'"
F:\Obsidian\PF2e-Core-Vault\3-Rules\Character Building\Equipment\N\nevercold-(refined).md,"Invalid YAML: Unsupported frontmatter at line 34: '  referred to as nevercoal, is the charcoal left after wildfires in the First World.'"
F:\Obsidian\PF2e-Core-Vault\3-Rules\Character Building\Equipment\N\nightmare-cudgel.md,Invalid YAML: Unsupported frontmatter at line 34: '  comes with a red leather strap near the handle. The mere sight of the cudgel in'
F:\Obsidian\PF2e-Core-Vault\3-Rules\Character Building\Equipment\N\nightmare-salt.md,Invalid YAML: Unsupported frontmatter at line 35: '  nightmares that overload the senses and eventually result in death through a combination'
F:\Obsidian\PF2e-Core-Vault\3-Rules\Character Building\Equipment\N\nightmare-vapor.md,Invalid YAML: Unsupported frontmatter at line 34: '  vapor is most often created by boiling the sweat collected from humanoids caught'
F:\Obsidian\PF2e-Core-Vault\3-Rules\Character Building\Equipment\N\nightmares-lament.md,Invalid YAML: Unsupported frontmatter at line 34: '  is a _+1 striking rapier pistol_. Thin wisps of dark smoke continually surround'
F:\Obsidian\PF2e-Core-Vault\3-Rules\Character Building\Equipment\N\nimbus-breath.md,"Invalid YAML: Unsupported frontmatter at line 34: ""  Citadel in Golarion's Mwangi Expanse create bottles of _nimbus breath_ by capturing"""
F:\Obsidian\PF2e-Core-Vault\3-Rules\Character Building\Equipment\N\noisemaker-snare.md,"Invalid YAML: Unsupported frontmatter at line 34: '  loud clockwork device, which explodes with a bang that can be heard from 200 feet'"
F:\Obsidian\PF2e-Core-Vault\3-Rules\Character Building\Equipment\N\nomads-shawl.md,"Invalid YAML: Unsupported frontmatter at line 34: '  the shawl, you always know which direction is north and gain a +1 item bonus to'"
F:\Obsidian\PF2e-Core-Vault\3-Rules\Character Building\Equipment\N\noppera-bo-hood.md,Invalid YAML: Unsupported frontmatter at line 34: '  sack of skin that feels uncannily warm to the touch. When you wear this hood and'
F:\Obsidian\PF2e-Core-Vault\3-Rules\Character Building\Equipment\N\north-winds-night-verse.md,"Invalid YAML: Unsupported frontmatter at line 34: '  uncomfortably so. Unadorned and with no tsuba, its honed blade is carved from a'"
F:\Obsidian\PF2e-Core-Vault\3-Rules\Character Building\Equipment\N\nosoi-charm-(greater).md,"Invalid YAML: Unsupported frontmatter at line 34: ""  outside of the Boneyard, so it's common for psychopomps venturing to other planes"""
F:\Obsidian\PF2e-Core-Vault\3-Rules\Character Building\Equipment\N\nosoi-charm.md,"Invalid YAML: Unsupported frontmatter at line 34: ""  outside of the Boneyard, so it's common for psychopomps venturing to other planes"""
F:\Obsidian\PF2e-Core-Vault\3-Rules\Character Building\Equipment\N\nostalgic-pot.md,"Invalid YAML: Unsupported frontmatter at line 34: '  owner. While this pot is on your person, you get a +1 item bonus to saves against'"
F:\Obsidian\PF2e-Core-Vault\3-Rules\Character Building\Equipment\N\noxious-incense-(greater).md,Invalid YAML: Unsupported frontmatter at line 34: '  incense comes coated with a bevy of alchemical smoke that activates in the presence'
F:\Obsidian\PF2e-Core-Vault\3-Rules\Character Building\Equipment\N\noxious-incense.md,Invalid YAML: Unsupported frontmatter at line 34: '  incense comes coated with a bevy of alchemical smoke that activates in the presence'
F:\Obsidian\PF2e-Core-Vault\3-Rules\Character Building\Equipment\N\noxious-jerkin.md,"Invalid YAML: Unsupported frontmatter at line 34: '  strung with dried organs and preserved xulgath scent glands. When worn, it infuses'"
F:\Obsidian\PF2e-Core-Vault\3-Rules\Character Building\Equipment\N\numbing-tonic-(greater).md,Invalid YAML: Unsupported frontmatter at line 34: '  through the pain of battle and shrug off otherwise debilitating blows. You gain'
F:\Obsidian\PF2e-Core-Vault\3-Rules\Character Building\Equipment\N\numbing-tonic-(lesser).md,Invalid YAML: Unsupported frontmatter at line 34: '  through the pain of battle and shrug off otherwise debilitating blows. You gain'
F:\Obsidian\PF2e-Core-Vault\3-Rules\Character Building\Equipment\N\numbing-tonic-(major).md,Invalid YAML: Unsupported frontmatter at line 34: '  through the pain of battle and shrug off otherwise debilitating blows. You gain'
F:\Obsidian\PF2e-Core-Vault\3-Rules\Character Building\Equipment\N\numbing-tonic-(minor).md,Invalid YAML: Unsupported frontmatter at line 34: '  through the pain of battle and shrug off otherwise debilitating blows. You gain'
F:\Obsidian\PF2e-Core-Vault\3-Rules\Character Building\Equipment\N\numbing-tonic-(moderate).md,Invalid YAML: Unsupported frontmatter at line 34: '  through the pain of battle and shrug off otherwise debilitating blows. You gain'
F:\Obsidian\PF2e-Core-Vault\3-Rules\Character Building\Equipment\N\numbing-tonic-(true).md,Invalid YAML: Unsupported frontmatter at line 34: '  through the pain of battle and shrug off otherwise debilitating blows. You gain'
F:\Obsidian\PF2e-Core-Vault\3-Rules\Character Building\Equipment\N\numerian-steel-breastplate.md,"Invalid YAML: Unsupported frontmatter at line 34: ""  plating of one of Numeria's large robots. It protects the wearer from harsh elements"""
F:\Obsidian\PF2e-Core-Vault\3-Rules\Character Building\Equipment\N\nyctessas-staff.md,"Invalid YAML: Unsupported frontmatter at line 34: ""  spiraling out of its base with a skull swinging from the spine's tip. It was handcrafted"""
F:\Obsidian\PF2e-Core-Vault\3-Rules\Character Building\Equipment\O\oak-potion.md,"Invalid YAML: Unsupported frontmatter at line 34: '  draft, your skin thickens like bark. You gain the effects of a 2nd-rank [[Spells/Oaken'"
F:\Obsidian\PF2e-Core-Vault\3-Rules\Character Building\Equipment\O\oath-of-the-devoted.md,"Invalid YAML: Unsupported frontmatter at line 34: '  undead creature with the zombie trait on the next round; if you are a PC, you become'"
F:\Obsidian\PF2e-Core-Vault\3-Rules\Character Building\Equipment\O\oathlamp-of-accord.md,"Invalid YAML: Unsupported frontmatter at line 34: ""  as a normal [[Equipment/Lantern (Hooded)|Hooded Lantern]], except that it isn't"""
F:\Obsidian\PF2e-Core-Vault\3-Rules\Character Building\Equipment\O\obfuscation-oil.md,Invalid YAML: Unsupported frontmatter at line 34: '  gel on a single item with a Bulk of 3 or less to ward it against magical detection.'
F:\Obsidian\PF2e-Core-Vault\3-Rules\Character Building\Equipment\O\oblivion-essence.md,"Invalid YAML: Unsupported frontmatter at line 34: ""  of Abaddon's rivers, oblivion essence causes victims to rapidly age and decay. \\"""
F:\Obsidian\PF2e-Core-Vault\3-Rules\Character Building\Equipment\O\obsidian-edge-(greater).md,"Invalid YAML: Unsupported frontmatter at line 34: '  seeps along its many cracks and crags, and the handle is hot but not scalding to'"
F:\Obsidian\PF2e-Core-Vault\3-Rules\Character Building\Equipment\O\obsidian-edge-(major).md,"Invalid YAML: Unsupported frontmatter at line 34: '  seeps along its many cracks and crags, and the handle is hot but not scalding to'"
F:\Obsidian\PF2e-Core-Vault\3-Rules\Character Building\Equipment\O\obsidian-edge-(true).md,"Invalid YAML: Unsupported frontmatter at line 34: '  gun sword_. Magma seeps along its many cracks and crags, and the handle is hot but'"
F:\Obsidian\PF2e-Core-Vault\3-Rules\Character Building\Equipment\O\obsidian-edge.md,"Invalid YAML: Unsupported frontmatter at line 34: '  along its many cracks and crags, and the handle is hot but not scalding to the touch.'"
F:\Obsidian\PF2e-Core-Vault\3-Rules\Character Building\Equipment\O\obsidian-goggles-(greater).md,"Invalid YAML: Unsupported frontmatter at line 34: '  more brightly lit. While wearing the goggles, you gain a +2 item bonus to Perception'"
F:\Obsidian\PF2e-Core-Vault\3-Rules\Character Building\Equipment\O\obsidian-goggles-(major).md,"Invalid YAML: Unsupported frontmatter at line 34: '  more brightly lit. While wearing the goggles, you gain a +3 item bonus to Perception'"
F:\Obsidian\PF2e-Core-Vault\3-Rules\Character Building\Equipment\O\obsidian-goggles.md,"Invalid YAML: Unsupported frontmatter at line 34: '  more brightly lit. While wearing the goggles, you gain a +1 item bonus to Perception'"
F:\Obsidian\PF2e-Core-Vault\3-Rules\Character Building\Equipment\O\occult-scroll-case-of-simplicity.md,"Invalid YAML: Unsupported frontmatter at line 34: '  adornments appropriate to their magical tradition, such as angelic wings or otherworldly'"
F:\Obsidian\PF2e-Core-Vault\3-Rules\Character Building\Equipment\O\ochre-fulcrum-lens.md,"Invalid YAML: Unsupported frontmatter at line 34: ""  of how often it's polished, though it doesn't impede light shining through it. \\"""
F:\Obsidian\PF2e-Core-Vault\3-Rules\Character Building\Equipment\O\octopus-bottle.md,"Invalid YAML: Unsupported frontmatter at line 34: '  against the sides of this bottle, obscuring the rest of its contents. When opened,'"
F:\Obsidian\PF2e-Core-Vault\3-Rules\Character Building\Equipment\O\octopus-potion-(greater).md,Invalid YAML: Unsupported frontmatter at line 34: '  in suckers pop out from the sides of your body when you imbibe this potion. The'
F:\Obsidian\PF2e-Core-Vault\3-Rules\Character Building\Equipment\O\octopus-potion-(lesser).md,Invalid YAML: Unsupported frontmatter at line 34: '  in suckers pop out from the sides of your body when you imbibe this potion. The'
F:\Obsidian\PF2e-Core-Vault\3-Rules\Character Building\Equipment\O\octopus-potion-(moderate).md,Invalid YAML: Unsupported frontmatter at line 34: '  in suckers pop out from the sides of your body when you imbibe this potion. The'
F:\Obsidian\PF2e-Core-Vault\3-Rules\Character Building\Equipment\O\oculus-of-abaddon.md,Invalid YAML: Unsupported frontmatter at line 34: '  by one of the Four Horsemen of the Apocalypse as a way to reward those who work'
F:\Obsidian\PF2e-Core-Vault\3-Rules\Character Building\Equipment\O\ogre-spider-filament.md,"Invalid YAML: Unsupported frontmatter at line 34: '  sticks to the target of a [[Spells/Spider Sting|Spider Sting]] spell, hampering'"
F:\Obsidian\PF2e-Core-Vault\3-Rules\Character Building\Equipment\O\oil-of-animation.md,Invalid YAML: Unsupported frontmatter at line 34: '  oil onto a melee weapon to grant it the _[[Equipment/Animated|Animated]]_ rune.'
F:\Obsidian\PF2e-Core-Vault\3-Rules\Character Building\Equipment\O\oil-of-corpse-restoration.md,Invalid YAML: Unsupported frontmatter at line 34: '  thick purple gel so that the dead can temporarily assume their appearance in life'
F:\Obsidian\PF2e-Core-Vault\3-Rules\Character Building\Equipment\O\oil-of-dynamism-(greater).md,Invalid YAML: Unsupported frontmatter at line 34: '  in a small blue canister. Carefully spreading the oil over an object turns it into'
F:\Obsidian\PF2e-Core-Vault\3-Rules\Character Building\Equipment\O\oil-of-dynamism.md,Invalid YAML: Unsupported frontmatter at line 34: '  in a small blue canister. Carefully spreading the oil over an object turns it into'
F:\Obsidian\PF2e-Core-Vault\3-Rules\Character Building\Equipment\O\oil-of-keen-edges.md,"Invalid YAML: Unsupported frontmatter at line 34: '  applied to a melee weapon that deals piercing or slashing damage, the weapon grows'"
F:\Obsidian\PF2e-Core-Vault\3-Rules\Character Building\Equipment\O\oil-of-mending.md,Invalid YAML: Unsupported frontmatter at line 34: '  appears to have countless translucent threads swirling within. Applying this oil'
F:\Obsidian\PF2e-Core-Vault\3-Rules\Character Building\Equipment\O\oil-of-potency-(greater).md,"Invalid YAML: Unsupported frontmatter at line 34: '  viscous oil to a weapon or suit of armor, that item immediately becomes magically'"
F:\Obsidian\PF2e-Core-Vault\3-Rules\Character Building\Equipment\O\oil-of-potency-(major).md,"Invalid YAML: Unsupported frontmatter at line 34: '  viscous oil to a weapon or suit of armor, that item immediately becomes magically'"
F:\Obsidian\PF2e-Core-Vault\3-Rules\Character Building\Equipment\O\oil-of-potency.md,"Invalid YAML: Unsupported frontmatter at line 34: '  viscous oil to a weapon or suit of armor, that item immediately becomes magically'"
F:\Obsidian\PF2e-Core-Vault\3-Rules\Character Building\Equipment\O\oil-of-repulsion.md,Invalid YAML: Unsupported frontmatter at line 34: '  charged iron filings repelled into opposite ends of the vial. For 1 minute after'
F:\Obsidian\PF2e-Core-Vault\3-Rules\Character Building\Equipment\O\oil-of-revelation.md,"Invalid YAML: Unsupported frontmatter at line 34: '  by humans as a tool to help them fight in darkness, holds flecks of tiny gemstones'"
F:\Obsidian\PF2e-Core-Vault\3-Rules\Character Building\Equipment\O\oil-of-skating.md,Invalid YAML: Unsupported frontmatter at line 34: '  a golden hue. Coating your shoes or feet with oil of skating enables you to skate'
F:\Obsidian\PF2e-Core-Vault\3-Rules\Character Building\Equipment\O\oil-of-swiftness.md,"Invalid YAML: Unsupported frontmatter at line 34: '  which hisses upon application, to give it the benefits of the [[Equipment/Quickstrike|Speed]]'"
F:\Obsidian\PF2e-Core-Vault\3-Rules\Character Building\Equipment\O\oil-of-unlife-(greater).md,"Invalid YAML: Unsupported frontmatter at line 34: ""  a bone-deep chill while rapidly repairing an undead creature's physical or spiritual"""
F:\Obsidian\PF2e-Core-Vault\3-Rules\Character Building\Equipment\O\oil-of-unlife-(lesser).md,"Invalid YAML: Unsupported frontmatter at line 34: ""  a bone-deep chill while rapidly repairing an undead creature's physical or spiritual"""
F:\Obsidian\PF2e-Core-Vault\3-Rules\Character Building\Equipment\O\oil-of-unlife-(major).md,"Invalid YAML: Unsupported frontmatter at line 34: ""  a bone-deep chill while rapidly repairing an undead creature's physical or spiritual"""
F:\Obsidian\PF2e-Core-Vault\3-Rules\Character Building\Equipment\O\oil-of-unlife-(minor).md,"Invalid YAML: Unsupported frontmatter at line 34: ""  a bone-deep chill while rapidly repairing an undead creature's physical or spiritual"""
F:\Obsidian\PF2e-Core-Vault\3-Rules\Character Building\Equipment\O\oil-of-unlife-(moderate).md,"Invalid YAML: Unsupported frontmatter at line 34: ""  a bone-deep chill while rapidly repairing an undead creature's physical or spiritual"""
F:\Obsidian\PF2e-Core-Vault\3-Rules\Character Building\Equipment\O\oil-of-weightlessness-(greater).md,Invalid YAML: Unsupported frontmatter at line 34: '  oil on an item of 2 Bulk or less to make it feel weightless. It has negligible Bulk'
F:\Obsidian\PF2e-Core-Vault\3-Rules\Character Building\Equipment\O\oil-of-weightlessness.md,Invalid YAML: Unsupported frontmatter at line 34: '  oil on an item of 1 Bulk or less to make it feel weightless. It has negligible Bulk'
F:\Obsidian\PF2e-Core-Vault\3-Rules\Character Building\Equipment\O\oily-button.md,Invalid YAML: Unsupported frontmatter at line 34: '  You succeed at an Athletics check to Disarm  **Requirements** You are an expert'
F:\Obsidian\PF2e-Core-Vault\3-Rules\Character Building\Equipment\O\old-tillimaquin.md,Invalid YAML: Unsupported frontmatter at line 34: '  an immense slab of ironwood. The beast is roughly the size and shape of a wolverine'
F:\Obsidian\PF2e-Core-Vault\3-Rules\Character Building\Equipment\O\olfactory-obfuscator-(greater).md,"Invalid YAML: Unsupported frontmatter at line 34: ""  drinker's body to exude trace odor absorbing oils. For 8 hours after drinking this"""
F:\Obsidian\PF2e-Core-Vault\3-Rules\Character Building\Equipment\O\olfactory-obfuscator-(lesser).md,"Invalid YAML: Unsupported frontmatter at line 34: ""  drinker's body to exude trace odor absorbing oils. For 10 minutes after drinking"""
F:\Obsidian\PF2e-Core-Vault\3-Rules\Character Building\Equipment\O\olfactory-stimulators-bloodhound.md,Invalid YAML: Unsupported frontmatter at line 35: '  Your olfactory stimulators twitch as they gather even more information. You gain'
F:\Obsidian\PF2e-Core-Vault\3-Rules\Character Building\Equipment\O\olfactory-stimulators.md,Invalid YAML: Unsupported frontmatter at line 34: '  to provide sensory information as it reacts to nearby odors and other scents. A'
F:\Obsidian\PF2e-Core-Vault\3-Rules\Character Building\Equipment\O\ommatophoric-mutagen.md,"Invalid YAML: Unsupported frontmatter at line 34: '  sockets and extend upwards from your head on long, prehensile stalks, greatly enhancing'"
F:\Obsidian\PF2e-Core-Vault\3-Rules\Character Building\Equipment\O\omnidirectional-spear-snare.md,"Invalid YAML: Unsupported frontmatter at line 34: '  wickedly powerful spears at the creature from all directions, dealing 15d8 piercing'"
F:\Obsidian\PF2e-Core-Vault\3-Rules\Character Building\Equipment\O\one-hour-flower.md,"Invalid YAML: Unsupported frontmatter at line 34: '  and sports fans, the seeds of these ephemeral plants grow and bloom immediately'"
F:\Obsidian\PF2e-Core-Vault\3-Rules\Character Building\Equipment\O\one-hundred-victories.md,Invalid YAML: Unsupported frontmatter at line 34: '  to withstand the attacks of your enemies. Orc warriors covet these scar patterns'
F:\Obsidian\PF2e-Core-Vault\3-Rules\Character Building\Equipment\O\onslaught-hide.md,Invalid YAML: Unsupported frontmatter at line 34: '  beasts. It has an armor check penalty of –1 instead of –2. When you use the [[Feats/Sudden'
F:\Obsidian\PF2e-Core-Vault\3-Rules\Character Building\Equipment\O\onyx-panther.md,"Invalid YAML: Unsupported frontmatter at line 34: '  is sculpted into a stylized panther shape. When you activate it, use a [[Actions/Sneak|Sneak]]'"
F:\Obsidian\PF2e-Core-Vault\3-Rules\Character Building\Equipment\O\ooze-ammunition-(greater).md,Invalid YAML: Unsupported frontmatter at line 34: '  is a capsule containing a sticky substance. If you hit a creature with activated'
F:\Obsidian\PF2e-Core-Vault\3-Rules\Character Building\Equipment\O\ooze-ammunition-(lesser).md,Invalid YAML: Unsupported frontmatter at line 34: '  is a capsule containing a sticky substance. If you hit a creature with activated'
F:\Obsidian\PF2e-Core-Vault\3-Rules\Character Building\Equipment\O\ooze-ammunition-(major).md,Invalid YAML: Unsupported frontmatter at line 34: '  is a capsule containing a sticky substance. If you hit a creature with activated'
F:\Obsidian\PF2e-Core-Vault\3-Rules\Character Building\Equipment\O\ooze-ammunition-(moderate).md,Invalid YAML: Unsupported frontmatter at line 34: '  is a capsule containing a sticky substance. If you hit a creature with activated'
F:\Obsidian\PF2e-Core-Vault\3-Rules\Character Building\Equipment\O\ooze-skin.md,"Invalid YAML: Unsupported frontmatter at line 34: '  extract from oozes, which can be reactivated in the presence of a strong acid. A'"
F:\Obsidian\PF2e-Core-Vault\3-Rules\Character Building\Equipment\O\oozepick-(greater).md,Invalid YAML: Unsupported frontmatter at line 34: '  lock or similar mechanism to create a set of malleable lockpicks and tools that'
F:\Obsidian\PF2e-Core-Vault\3-Rules\Character Building\Equipment\O\open-mind.md,Invalid YAML: Unsupported frontmatter at line 35: '  envision  **Frequency** once per hour  * * *  **Effect** Abraxas opens your inner'
F:\Obsidian\PF2e-Core-Vault\3-Rules\Character Building\Equipment\O\oracular-crown.md,"Invalid YAML: Unsupported frontmatter at line 34: '  worsens, the appearance of the crown changes, introducing extreme angles, stronger'"
F:\Obsidian\PF2e-Core-Vault\3-Rules\Character Building\Equipment\O\oracular-hag-eye.md,"Invalid YAML: Unsupported frontmatter at line 34: '  mounted on a brooch or ring, but the stone is, in fact, an eyeball. This illusion'"
F:\Obsidian\PF2e-Core-Vault\3-Rules\Character Building\Equipment\O\orb-shard.md,Invalid YAML: Unsupported frontmatter at line 34: '  crystal about the size and shape of a shortsword without a hilt. It functions as'
F:\Obsidian\PF2e-Core-Vault\3-Rules\Character Building\Equipment\O\orc-knuckle-dagger.md,"Invalid YAML: Unsupported frontmatter at line 34: '  blades jutting from each end, or sometimes one blade like that of a katar.""'"
F:\Obsidian\PF2e-Core-Vault\3-Rules\Character Building\Equipment\O\orc-necksplitter.md,"Invalid YAML: Unsupported frontmatter at line 34: '  separating bone from tendon and cartilage.""'"
F:\Obsidian\PF2e-Core-Vault\3-Rules\Character Building\Equipment\O\orc-skewermaul.md,"Invalid YAML: Unsupported frontmatter at line 34: ""  the orcs driven before them adapted to their tactics—including dwarves' heavily"""
F:\Obsidian\PF2e-Core-Vault\3-Rules\Character Building\Equipment\O\orchestral-brooch.md,"Invalid YAML: Unsupported frontmatter at line 34: ""  You attempt a Performance check, but you haven't rolled yet  **Requirements** You're"""
F:\Obsidian\PF2e-Core-Vault\3-Rules\Character Building\Equipment\O\origin-unguent.md,Invalid YAML: Unsupported frontmatter at line 34: '  mild chemical bonds between objects with a matching composition. You apply the adhesive'
F:\Obsidian\PF2e-Core-Vault\3-Rules\Character Building\Equipment\O\orm-choker.md,"Invalid YAML: Unsupported frontmatter at line 34: ""  orm. Its interior is lined with the creature's silky hair. While wearing an _orm"""
F:\Obsidian\PF2e-Core-Vault\3-Rules\Character Building\Equipment\O\osteomancers-pouch.md,"Invalid YAML: Unsupported frontmatter at line 34: '  knucklebones. When rolled, the dice grant you a vision of a distant location, though'"
F:\Obsidian\PF2e-Core-Vault\3-Rules\Character Building\Equipment\O\ouroboros-buckles.md,"Invalid YAML: Unsupported frontmatter at line 34: '  armor_ is deep red in color, favored by assassins who worship Norgorber or Asmodeus,'"
F:\Obsidian\PF2e-Core-Vault\3-Rules\Character Building\Equipment\O\ouroboros-flail-(greater).md,Invalid YAML: Unsupported frontmatter at line 34: '  greater extending war flail_. It magically grows new links when extended and loses'
F:\Obsidian\PF2e-Core-Vault\3-Rules\Character Building\Equipment\O\ouroboros-flail-(major).md,Invalid YAML: Unsupported frontmatter at line 34: '  greater extending war flail_. It magically grows new links when extended and loses'
F:\Obsidian\PF2e-Core-Vault\3-Rules\Character Building\Equipment\O\ouroboros-flail.md,Invalid YAML: Unsupported frontmatter at line 34: '  extending war flail_. It magically grows new links when extended and loses them'
F:\Obsidian\PF2e-Core-Vault\3-Rules\Character Building\Equipment\O\overloaded-brain-grenade.md,Invalid YAML: Unsupported frontmatter at line 34: '  alchemist to rig the brain container of a defeated alchemical golem to create a'
F:\Obsidian\PF2e-Core-Vault\3-Rules\Character Building\Equipment\O\owlbear-egg.md,"Invalid YAML: Unsupported frontmatter at line 34: '  boiled, but when infused with a mix of alchemical reagents, they also make you emit'"
F:\Obsidian\PF2e-Core-Vault\3-Rules\Character Building\Equipment\O\oxygen-ooze.md,Invalid YAML: Unsupported frontmatter at line 34: '  ooze to cause it to expand into a bubble of slime that envelops your mouth and nose.'
F:\Obsidian\PF2e-Core-Vault\3-Rules\Character Building\Equipment\P\pact-bound-pistol.md,"Invalid YAML: Unsupported frontmatter at line 34: '  Tasya Iserav, this _+1 striking fearsome dueling pistol_ is a work of master craftsmanship,'"
F:\Obsidian\PF2e-Core-Vault\3-Rules\Character Building\Equipment\P\pactmasters-grace.md,"Invalid YAML: Unsupported frontmatter at line 34: ""  Zephyr Guards, and favorite retainers, a pactmaster's grace is a crystal-studded"""
F:\Obsidian\PF2e-Core-Vault\3-Rules\Character Building\Equipment\P\paired-(greater).md,"Invalid YAML: Unsupported frontmatter at line 35: '  The paired items are both invested, typically by two different characters, and are'"
F:\Obsidian\PF2e-Core-Vault\3-Rules\Character Building\Equipment\P\paired-(major).md,"Invalid YAML: Unsupported frontmatter at line 35: '  The paired items are both invested, typically by two different characters, and are'"
F:\Obsidian\PF2e-Core-Vault\3-Rules\Character Building\Equipment\P\palanquin-of-night.md,"Invalid YAML: Unsupported frontmatter at line 34: '  of the night sky, shifting each day to match the sky above Geb the previous night.\\'"
F:\Obsidian\PF2e-Core-Vault\3-Rules\Character Building\Equipment\P\pale-fade.md,"Invalid YAML: Unsupported frontmatter at line 34: '  sharp, earthy scent. The poison rapidly desiccates flesh, which then crumbles and'"
F:\Obsidian\PF2e-Core-Vault\3-Rules\Character Building\Equipment\P\palette-of-masterstrokes.md,"Invalid YAML: Unsupported frontmatter at line 35: '  produce a wide range of colorful pigments, granting you a +2 item bonus to Crafting'"
F:\Obsidian\PF2e-Core-Vault\3-Rules\Character Building\Equipment\P\pallesthetic-mutagen.md,Invalid YAML: Unsupported frontmatter at line 34: '  to the tiniest of vibrations through solid surfaces and even the very air around'
F:\Obsidian\PF2e-Core-Vault\3-Rules\Character Building\Equipment\P\palm-crossbow.md,Invalid YAML: Unsupported frontmatter at line 34: '  that can hold a single blowgun dart. You can fire the dart normally from the bracelet.'
F:\Obsidian\PF2e-Core-Vault\3-Rules\Character Building\Equipment\P\panacea-fruit.md,"Invalid YAML: Unsupported frontmatter at line 34: '  fruit into another, but always appearing at the peak of ripeness.  When you consume'"
F:\Obsidian\PF2e-Core-Vault\3-Rules\Character Building\Equipment\P\panaceatic-salve.md,"Invalid YAML: Unsupported frontmatter at line 34: '  originally only intended for use as an analgesic. That being said, popular folklore'"
F:\Obsidian\PF2e-Core-Vault\3-Rules\Character Building\Equipment\P\pantograph-gauntlet.md,"Invalid YAML: Unsupported frontmatter at line 34: ""  frame and attached to your outer arm with a series of leather straps. The frame's"""
F:\Obsidian\PF2e-Core-Vault\3-Rules\Character Building\Equipment\P\paper-shredder.md,"Invalid YAML: Unsupported frontmatter at line 34: '  symbols inscribed upon it, incriminating legal documents, or just simply paper waste,'"
F:\Obsidian\PF2e-Core-Vault\3-Rules\Character Building\Equipment\P\parade-armor.md,Invalid YAML: Unsupported frontmatter at line 34: '  armor to wear during noncombat functions. Any medium or heavy armor can be fashioned'
F:\Obsidian\PF2e-Core-Vault\3-Rules\Character Building\Equipment\P\paradise-light.md,Invalid YAML: Unsupported frontmatter at line 34: '  of the plane of Nirvana which is trapped within Gloaming Arbor. A _paradise light_'
F:\Obsidian\PF2e-Core-Vault\3-Rules\Character Building\Equipment\P\parchment-of-direct-message.md,"Invalid YAML: Unsupported frontmatter at line 34: '  burned into the corner. The two sheets are magically linked, though if either of'"
F:\Obsidian\PF2e-Core-Vault\3-Rules\Character Building\Equipment\P\parchment-of-secrets.md,"Invalid YAML: Unsupported frontmatter at line 34: '  with illusion magic, allowing for the transfer of secret messages. You can fill'"
F:\Obsidian\PF2e-Core-Vault\3-Rules\Character Building\Equipment\P\passage-charm.md,Invalid YAML: Unsupported frontmatter at line 34: '  given by Avathrael Realmshaper to their allies to allow them to navigate the heart'
F:\Obsidian\PF2e-Core-Vault\3-Rules\Character Building\Equipment\P\passage-pane.md,"Invalid YAML: Unsupported frontmatter at line 34: '  a gray cast. The mirror reflects its surroundings in muted colors, and any living'"
F:\Obsidian\PF2e-Core-Vault\3-Rules\Character Building\Equipment\P\pathfinder-chronicle.md,Invalid YAML: Unsupported frontmatter at line 34: '  cataloging different adventures. Pathfinder Chronicles are a type of scholarly journal'
F:\Obsidian\PF2e-Core-Vault\3-Rules\Character Building\Equipment\P\pathfinders-coin.md,Invalid YAML: Unsupported frontmatter at line 34: '  gold and platinum wires inside the coin causes it to float an inch in the air and'
F:\Obsidian\PF2e-Core-Vault\3-Rules\Character Building\Equipment\P\pathfinders-mentor.md,Invalid YAML: Unsupported frontmatter at line 34: '  \\  **Communication** telepathy (Common and two other common languages)  **Skills**'
F:\Obsidian\PF2e-Core-Vault\3-Rules\Character Building\Equipment\P\pathfinders-pouch.md,Invalid YAML: Unsupported frontmatter at line 34: '  in places where the Society is not welcome. It is constantly under the effects of'
F:\Obsidian\PF2e-Core-Vault\3-Rules\Character Building\Equipment\P\peace-in-dreams-tea.md,"Invalid YAML: Unsupported frontmatter at line 34: '  \\  * * *  This creamy tea is made from warm soy milk steeped with whole, dried chrysanthemum'"
F:\Obsidian\PF2e-Core-Vault\3-Rules\Character Building\Equipment\P\peachwood-talisman.md,"Invalid YAML: Unsupported frontmatter at line 34: '  *  Symbols of good fortune and luck are carved on this thin, square wooden plaque.'"
F:\Obsidian\PF2e-Core-Vault\3-Rules\Character Building\Equipment\P\pendant-of-the-occult-(greater).md,"Invalid YAML: Unsupported frontmatter at line 34: '  cavity typically holds some fragment of occult text. While wearing the pendant,'"
F:\Obsidian\PF2e-Core-Vault\3-Rules\Character Building\Equipment\P\pendant-of-the-occult.md,"Invalid YAML: Unsupported frontmatter at line 34: '  cavity typically holds some fragment of occult text. While wearing the pendant,'"
F:\Obsidian\PF2e-Core-Vault\3-Rules\Character Building\Equipment\P\penetrating-ammunition.md,Invalid YAML: Unsupported frontmatter at line 34: '  \\  This ammunition has a slender shape and a viciously pointed tip. When you activate'
F:\Obsidian\PF2e-Core-Vault\3-Rules\Character Building\Equipment\P\pepper-poultice.md,Invalid YAML: Unsupported frontmatter at line 34: '  has been fermented into a potent poultice to expel toxins from the body. When you'
F:\Obsidian\PF2e-Core-Vault\3-Rules\Character Building\Equipment\P\perfect-droplet-(greater).md,Invalid YAML: Unsupported frontmatter at line 34: '  DC of any spell cast by Activating this item is 24.  *   **Armor** You gain resistance'
F:\Obsidian\PF2e-Core-Vault\3-Rules\Character Building\Equipment\P\perfect-droplet-(major).md,Invalid YAML: Unsupported frontmatter at line 34: '  DC of any spell cast by Activating this item is 29.  *   **Armor** You gain resistance'
F:\Obsidian\PF2e-Core-Vault\3-Rules\Character Building\Equipment\P\perfect-droplet.md,Invalid YAML: Unsupported frontmatter at line 34: '  DC of any spell cast by Activating this item is 17.  *   **Armor** You gain resistance'
F:\Obsidian\PF2e-Core-Vault\3-Rules\Character Building\Equipment\P\perfected-robes.md,"Invalid YAML: Unsupported frontmatter at line 34: ""  shape of a human hand, can't be soiled or blemished. While wearing _perfected robes_,"""
F:\Obsidian\PF2e-Core-Vault\3-Rules\Character Building\Equipment\P\perfections-first-step.md,"Invalid YAML: Unsupported frontmatter at line 34: '  contains an incomplete philosophical treatise about perfection, which you must complete'"
F:\Obsidian\PF2e-Core-Vault\3-Rules\Character Building\Equipment\P\periscopic-viewfinder.md,Invalid YAML: Unsupported frontmatter at line 34: '  slowly rotates around a cluster of angled mirrors and a light-filled orb. When you'
F:\Obsidian\PF2e-Core-Vault\3-Rules\Character Building\Equipment\P\pernicious-spore-bomb-(greater).md,"Invalid YAML: Unsupported frontmatter at line 34: '  mold spores, which quickly take root but just as quickly rot away. You gain a +2'"
F:\Obsidian\PF2e-Core-Vault\3-Rules\Character Building\Equipment\P\pernicious-spore-bomb-(lesser).md,"Invalid YAML: Unsupported frontmatter at line 34: '  mold spores, which quickly take root but just as quickly rot away. The bomb deals'"
F:\Obsidian\PF2e-Core-Vault\3-Rules\Character Building\Equipment\P\pernicious-spore-bomb-(major).md,"Invalid YAML: Unsupported frontmatter at line 34: '  mold spores, which quickly take root but just as quickly rot away. You gain a +3'"
F:\Obsidian\PF2e-Core-Vault\3-Rules\Character Building\Equipment\P\pernicious-spore-bomb-(moderate).md,"Invalid YAML: Unsupported frontmatter at line 34: '  mold spores, which quickly take root but just as quickly rot away. You gain a +1'"
F:\Obsidian\PF2e-Core-Vault\3-Rules\Character Building\Equipment\P\persistent-lodestone.md,Invalid YAML: Unsupported frontmatter at line 34: '  (concentrate)  **Trigger** You miss on a ranged Strike with the affixed weapon using'
F:\Obsidian\PF2e-Core-Vault\3-Rules\Character Building\Equipment\P\persona-mask-(greater).md,Invalid YAML: Unsupported frontmatter at line 34: '  vision or other senses. Wearing the mask grants a +2 item bonus to Performance checks'
F:\Obsidian\PF2e-Core-Vault\3-Rules\Character Building\Equipment\P\persona-mask.md,Invalid YAML: Unsupported frontmatter at line 34: '  vision or other senses. Wearing the mask grants a +1 item bonus to Performance checks'
F:\Obsidian\PF2e-Core-Vault\3-Rules\Character Building\Equipment\P\peshpine-grenade-(greater).md,Invalid YAML: Unsupported frontmatter at line 34: '  bombs packed with alchemically treated needles from the pesh cactus. A peshspine'
F:\Obsidian\PF2e-Core-Vault\3-Rules\Character Building\Equipment\P\peshpine-grenade-(lesser).md,Invalid YAML: Unsupported frontmatter at line 34: '  bombs packed with alchemically treated needles from the pesh cactus. A peshspine'
F:\Obsidian\PF2e-Core-Vault\3-Rules\Character Building\Equipment\P\peshpine-grenade-(major).md,Invalid YAML: Unsupported frontmatter at line 34: '  bombs packed with alchemically treated needles from the pesh cactus. A peshspine'
F:\Obsidian\PF2e-Core-Vault\3-Rules\Character Building\Equipment\P\peshpine-grenade-(moderate).md,Invalid YAML: Unsupported frontmatter at line 34: '  bombs packed with alchemically treated needles from the pesh cactus. A peshspine'
F:\Obsidian\PF2e-Core-Vault\3-Rules\Character Building\Equipment\P\petrification-cannon.md,Invalid YAML: Unsupported frontmatter at line 34: '  functions as a _+2 greater striking double-barreled musket_. A _petrification cannon_'
F:\Obsidian\PF2e-Core-Vault\3-Rules\Character Building\Equipment\P\phalanx-piercer.md,Invalid YAML: Unsupported frontmatter at line 34: '  metal strips and strung with reinforced cord. Designed by hobgoblin engineers to'
F:\Obsidian\PF2e-Core-Vault\3-Rules\Character Building\Equipment\P\phantasmal-doorknob-(greater).md,Invalid YAML: Unsupported frontmatter at line 34: '  revealing dreams and nightmares. The spell DC of any spell cast by activating this'
F:\Obsidian\PF2e-Core-Vault\3-Rules\Character Building\Equipment\P\phantasmal-doorknob-(major).md,Invalid YAML: Unsupported frontmatter at line 34: '  revealing dreams and nightmares. The spell DC of any spell cast by activating this'
F:\Obsidian\PF2e-Core-Vault\3-Rules\Character Building\Equipment\P\phantasmal-doorknob.md,Invalid YAML: Unsupported frontmatter at line 34: '  revealing dreams and nightmares. The spell DC of any spell cast by activating this'
F:\Obsidian\PF2e-Core-Vault\3-Rules\Character Building\Equipment\P\phantom-piano.md,Invalid YAML: Unsupported frontmatter at line 34: '  \\  **Communication** telepathy (any languages the possessing spirit knew in life)\\'
F:\Obsidian\PF2e-Core-Vault\3-Rules\Character Building\Equipment\P\phantom-roll.md,"Invalid YAML: Unsupported frontmatter at line 34: '  greens, and fine, clear noodles, all wrapped in transparent, edible starch paper'"
F:\Obsidian\PF2e-Core-Vault\3-Rules\Character Building\Equipment\P\phantom-shroud.md,"Invalid YAML: Unsupported frontmatter at line 34: '  the cloak turns your hands pale and translucent, imbuing you with the dangerous'"
F:\Obsidian\PF2e-Core-Vault\3-Rules\Character Building\Equipment\P\pharasmin-visor.md,"Invalid YAML: Unsupported frontmatter at line 34: ""  visor_ is a valuable part of any fashionable noble's armory when attending events"""
F:\Obsidian\PF2e-Core-Vault\3-Rules\Character Building\Equipment\P\pheromone-flare-(greater).md,"Invalid YAML: Unsupported frontmatter at line 34: '  attached to a tall pole and grounding stake. When the flare is lit, it sprays a'"
F:\Obsidian\PF2e-Core-Vault\3-Rules\Character Building\Equipment\P\pheromone-flare-(lesser).md,"Invalid YAML: Unsupported frontmatter at line 34: '  attached to a tall pole and grounding stake. When the flare is lit, it sprays a'"
F:\Obsidian\PF2e-Core-Vault\3-Rules\Character Building\Equipment\P\pheromone-flare-(moderate).md,"Invalid YAML: Unsupported frontmatter at line 34: '  attached to a tall pole and grounding stake. When the flare is lit, it sprays a'"
F:\Obsidian\PF2e-Core-Vault\3-Rules\Character Building\Equipment\P\philosophers-extractor.md,"Invalid YAML: Unsupported frontmatter at line 34: ""  other alchemical equipment. The _philosopher's extractor_ is designed to create"""
F:\Obsidian\PF2e-Core-Vault\3-Rules\Character Building\Equipment\P\philosophers-stone.md,"Invalid YAML: Unsupported frontmatter at line 34: ""  *  An alchemist with the [[Feats/Craft Philosopher's Stone|Craft Philosopher's Stone]]"""
F:\Obsidian\PF2e-Core-Vault\3-Rules\Character Building\Equipment\P\philter-of-empty-dreams.md,Invalid YAML: Unsupported frontmatter at line 34: '  is a dose of glowing blue liquid that prevents dreams. When you drink a _philter'
F:\Obsidian\PF2e-Core-Vault\3-Rules\Character Building\Equipment\P\phoenix-cinder.md,"Invalid YAML: Unsupported frontmatter at line 34: '  the color of dying fire, a phoenix cinder gives off pleasant warmth and a sense'"
F:\Obsidian\PF2e-Core-Vault\3-Rules\Character Building\Equipment\P\phoenix-fighting-fan.md,"Invalid YAML: Unsupported frontmatter at line 34: '  foes with the blades along its outer edge. If used in performances, it might be'"
F:\Obsidian\PF2e-Core-Vault\3-Rules\Character Building\Equipment\P\phoenix-flask.md,"Invalid YAML: Unsupported frontmatter at line 34: '  spiced, glowing red potion, blazing wings of a phoenix sprout from your back and'"
F:\Obsidian\PF2e-Core-Vault\3-Rules\Character Building\Equipment\P\phoenix-necklace.md,Invalid YAML: Unsupported frontmatter at line 34: '  malleable form of ruby that causes the necklace to glimmer like a flickering fire.'
F:\Obsidian\PF2e-Core-Vault\3-Rules\Character Building\Equipment\P\phylactery-of-faithfulness-(greater).md,Invalid YAML: Unsupported frontmatter at line 34: '  deity. The box is worn by affixing it to a leather cord and tying it around your'
F:\Obsidian\PF2e-Core-Vault\3-Rules\Character Building\Equipment\P\phylactery-of-faithfulness.md,Invalid YAML: Unsupported frontmatter at line 34: '  deity. The box is worn by affixing it to a leather cord and tying it around your'
F:\Obsidian\PF2e-Core-Vault\3-Rules\Character Building\Equipment\P\pickled-demon-tongue-(greater).md,Invalid YAML: Unsupported frontmatter at line 34: '  preserved in brine. The spell attack roll of any spell cast by Activating this item'
F:\Obsidian\PF2e-Core-Vault\3-Rules\Character Building\Equipment\P\pickled-demon-tongue-(major).md,Invalid YAML: Unsupported frontmatter at line 34: '  preserved in brine. The spell attack roll of any spell cast by Activating this item'
F:\Obsidian\PF2e-Core-Vault\3-Rules\Character Building\Equipment\P\pickled-demon-tongue.md,Invalid YAML: Unsupported frontmatter at line 34: '  preserved in brine. The spell attack roll of any spell cast by Activating this item'
F:\Obsidian\PF2e-Core-Vault\3-Rules\Character Building\Equipment\P\pickpockets-tailoring.md,Invalid YAML: Unsupported frontmatter at line 34: '  interior pockets and strategically opened seams for hiding small objects inside'
F:\Obsidian\PF2e-Core-Vault\3-Rules\Character Building\Equipment\P\piercing-horn.md,Invalid YAML: Unsupported frontmatter at line 34: '  a horn unarmed attack that deals 1d8 piercing damage. This horn is in the brawling'
F:\Obsidian\PF2e-Core-Vault\3-Rules\Character Building\Equipment\P\piercing-whistle-snare.md,Invalid YAML: Unsupported frontmatter at line 34: '  or reeds. The shrill noise can be heard clearly up to 2 miles away but is most intense'
F:\Obsidian\PF2e-Core-Vault\3-Rules\Character Building\Equipment\P\piercing-wind.md,"Invalid YAML: Unsupported frontmatter at line 34: '  is similar to a [[Equipment/Jezail|Jezail]], in that you can carry it in one hand'"
F:\Obsidian\PF2e-Core-Vault\3-Rules\Character Building\Equipment\P\pilferers-gloves.md,"Invalid YAML: Unsupported frontmatter at line 34: ""  aren't uncomfortable and don't impede your sense of touch. As long as you're trained"""
F:\Obsidian\PF2e-Core-Vault\3-Rules\Character Building\Equipment\P\pillow-shield.md,"Invalid YAML: Unsupported frontmatter at line 34: ""  moon's current phase at night. When you lay your head on the reverse side of this"""
F:\Obsidian\PF2e-Core-Vault\3-Rules\Character Building\Equipment\P\pipe-of-dancing-smoke.md,"Invalid YAML: Unsupported frontmatter at line 34: '  accents. When in use, the pipe gives off a vibrant red smoke that floats lazily'"
F:\Obsidian\PF2e-Core-Vault\3-Rules\Character Building\Equipment\P\pipes-of-compulsion-(greater).md,"Invalid YAML: Unsupported frontmatter at line 34: ""  leather and look like they shouldn't function at all, but in skilled hands they"""
F:\Obsidian\PF2e-Core-Vault\3-Rules\Character Building\Equipment\P\pipes-of-compulsion-(major).md,"Invalid YAML: Unsupported frontmatter at line 34: ""  leather and look like they shouldn't function at all, but in skilled hands they"""
F:\Obsidian\PF2e-Core-Vault\3-Rules\Character Building\Equipment\P\pipes-of-compulsion.md,"Invalid YAML: Unsupported frontmatter at line 34: ""  leather and look like they shouldn't function at all, but in skilled hands they"""
F:\Obsidian\PF2e-Core-Vault\3-Rules\Character Building\Equipment\P\piranha-kiss.md,"Invalid YAML: Unsupported frontmatter at line 34: '  hilt, these weapons are particularly effective at disarming opponents. Piranha kisses'"
F:\Obsidian\PF2e-Core-Vault\3-Rules\Character Building\Equipment\P\pirate-staff.md,Invalid YAML: Unsupported frontmatter at line 34: '  staff_ has jewels and gold pieces embedded in the wood. A skull and crossbones sit'
F:\Obsidian\PF2e-Core-Vault\3-Rules\Character Building\Equipment\P\pistol-wand.md,Invalid YAML: Unsupported frontmatter at line 34: '  is a firearm that also contains an [[Spells/Enfeeble|Enfeeble]] spell that can be'
F:\Obsidian\PF2e-Core-Vault\3-Rules\Character Building\Equipment\P\piston-gauntlets.md,Invalid YAML: Unsupported frontmatter at line 34: '  gauntlet_ releases a puff of fire each time it reaches the end of its linkage. \\'
F:\Obsidian\PF2e-Core-Vault\3-Rules\Character Building\Equipment\P\planar-ribbon.md,"Invalid YAML: Unsupported frontmatter at line 34: '  temporarily bend a rift in space.  * * *  **Activate** 1 minute (command, envision,'"
F:\Obsidian\PF2e-Core-Vault\3-Rules\Character Building\Equipment\P\plasma-hype.md,Invalid YAML: Unsupported frontmatter at line 34: '  increases awareness and reaction time. Plasma hype has been infused with a specific'
F:\Obsidian\PF2e-Core-Vault\3-Rules\Character Building\Equipment\P\plate-armor-of-the-deep.md,"Invalid YAML: Unsupported frontmatter at line 34: '  ornate motifs of waves and fish scales.  While wearing it, you take no Speed reduction'"
F:\Obsidian\PF2e-Core-Vault\3-Rules\Character Building\Equipment\P\plate-of-yled-(greater).md,"Invalid YAML: Unsupported frontmatter at line 34: ""  to bolster the graveknights of Yled's undead armies, creating unstoppable legions.\\"""
F:\Obsidian\PF2e-Core-Vault\3-Rules\Character Building\Equipment\P\plate-of-yled-(major).md,"Invalid YAML: Unsupported frontmatter at line 34: ""  to bolster the graveknights of Yled's undead armies, creating unstoppable legions.\\"""
F:\Obsidian\PF2e-Core-Vault\3-Rules\Character Building\Equipment\P\plate-of-yled-(true).md,"Invalid YAML: Unsupported frontmatter at line 34: ""  designed to bolster the graveknights of Yled's undead armies, creating unstoppable"""
F:\Obsidian\PF2e-Core-Vault\3-Rules\Character Building\Equipment\P\plate-of-yled.md,"Invalid YAML: Unsupported frontmatter at line 34: ""  the graveknights of Yled's undead armies, creating unstoppable legions.  The armor"""
F:\Obsidian\PF2e-Core-Vault\3-Rules\Character Building\Equipment\P\pocket-gala.md,"Invalid YAML: Unsupported frontmatter at line 34: '  home or a simple castle.  * * *  **Activate** (10 minutes) command, envision, Interact\\'"
F:\Obsidian\PF2e-Core-Vault\3-Rules\Character Building\Equipment\P\pocket-stage.md,Invalid YAML: Unsupported frontmatter at line 34: '  a small pocket full of minute set dressing and costumed paper dolls.  **Activate—Play'
F:\Obsidian\PF2e-Core-Vault\3-Rules\Character Building\Equipment\P\pocket-watch.md,"Invalid YAML: Unsupported frontmatter at line 34: '  arbor, and mainspring are immaculately crafted and tuned to maximize precision and'"
F:\Obsidian\PF2e-Core-Vault\3-Rules\Character Building\Equipment\P\poison-barbs-snare.md,Invalid YAML: Unsupported frontmatter at line 34: '  each tipped with poison from a venomous animal or toxic plant. The snare deals 1d4'
F:\Obsidian\PF2e-Core-Vault\3-Rules\Character Building\Equipment\P\poison-concentrator-(greater).md,"Invalid YAML: Unsupported frontmatter at line 34: '  dose. As a 10-minute activity that has the manipulate trait, you can use a poison'"
F:\Obsidian\PF2e-Core-Vault\3-Rules\Character Building\Equipment\P\poison-concentrator-(lesser).md,"Invalid YAML: Unsupported frontmatter at line 34: '  dose. As a 10-minute activity that has the manipulate trait, you can use a poison'"
F:\Obsidian\PF2e-Core-Vault\3-Rules\Character Building\Equipment\P\poison-concentrator-(major).md,"Invalid YAML: Unsupported frontmatter at line 34: '  dose. As a 10-minute activity that has the manipulate trait, you can use a poison'"
F:\Obsidian\PF2e-Core-Vault\3-Rules\Character Building\Equipment\P\poison-concentrator-(moderate).md,"Invalid YAML: Unsupported frontmatter at line 34: '  dose. As a 10-minute activity that has the manipulate trait, you can use a poison'"
F:\Obsidian\PF2e-Core-Vault\3-Rules\Character Building\Equipment\P\poison-fizz-(greater).md,"Invalid YAML: Unsupported frontmatter at line 34: '  and alchemical reagents, poison fizz is a zesty, sweet rock candy that pops and'"
F:\Obsidian\PF2e-Core-Vault\3-Rules\Character Building\Equipment\P\poison-fizz-(lesser).md,"Invalid YAML: Unsupported frontmatter at line 34: '  and alchemical reagents, poison fizz is a zesty, sweet rock candy that pops and'"
F:\Obsidian\PF2e-Core-Vault\3-Rules\Character Building\Equipment\P\poison-fizz-(moderate).md,"Invalid YAML: Unsupported frontmatter at line 34: '  and alchemical reagents, poison fizz is a zesty, sweet rock candy that pops and'"
F:\Obsidian\PF2e-Core-Vault\3-Rules\Character Building\Equipment\P\poison-ring.md,"Invalid YAML: Unsupported frontmatter at line 34: ""  a small amount of poison. You can determine the ring's true purpose with a successful"""
F:\Obsidian\PF2e-Core-Vault\3-Rules\Character Building\Equipment\P\poisoners-staff-(greater).md,"Invalid YAML: Unsupported frontmatter at line 34: ""  lacquer that acts as a minor irritant. While holding the staff, you aren't affected"""
F:\Obsidian\PF2e-Core-Vault\3-Rules\Character Building\Equipment\P\poisoners-staff-(major).md,"Invalid YAML: Unsupported frontmatter at line 34: ""  lacquer that acts as a minor irritant. While holding the staff, you aren't affected"""
F:\Obsidian\PF2e-Core-Vault\3-Rules\Character Building\Equipment\P\poisoners-staff.md,"Invalid YAML: Unsupported frontmatter at line 34: ""  lacquer that acts as a minor irritant. While holding the staff, you aren't affected"""
F:\Obsidian\PF2e-Core-Vault\3-Rules\Character Building\Equipment\P\poisonous-cloak-type-i.md,"Invalid YAML: Unsupported frontmatter at line 34: ""  at the cloak's creation. It often appears as a clandestine cloak or a cloak of the"""
F:\Obsidian\PF2e-Core-Vault\3-Rules\Character Building\Equipment\P\poisonous-cloak-type-ii.md,"Invalid YAML: Unsupported frontmatter at line 34: ""  at the cloak's creation. It often appears as a clandestine cloak or a cloak of the"""
F:\Obsidian\PF2e-Core-Vault\3-Rules\Character Building\Equipment\P\poisonous-cloak-type-iii.md,"Invalid YAML: Unsupported frontmatter at line 34: ""  at the cloak's creation. It often appears as a clandestine cloak or a cloak of the"""
F:\Obsidian\PF2e-Core-Vault\3-Rules\Character Building\Equipment\P\poisonous-cloak-type-iv.md,"Invalid YAML: Unsupported frontmatter at line 34: ""  at the cloak's creation. It often appears as a clandestine cloak or a cloak of the"""
F:\Obsidian\PF2e-Core-Vault\3-Rules\Character Building\Equipment\P\poisonous-dagger.md,"Invalid YAML: Unsupported frontmatter at line 34: '  When you critically succeed at an attack roll with the dagger, magical fangs emerge'"
F:\Obsidian\PF2e-Core-Vault\3-Rules\Character Building\Equipment\P\polarizing-mace.md,Invalid YAML: Unsupported frontmatter at line 35: '  once per day  **Requirements** The wielder of a _grounding spike_ is within 30 feet\\'
F:\Obsidian\PF2e-Core-Vault\3-Rules\Character Building\Equipment\P\polished-demon-horn-(greater).md,Invalid YAML: Unsupported frontmatter at line 34: '  polished until smooth and shiny. The spell DC of any spell cast by Activating this'
F:\Obsidian\PF2e-Core-Vault\3-Rules\Character Building\Equipment\P\polished-demon-horn-(major).md,Invalid YAML: Unsupported frontmatter at line 34: '  polished until smooth and shiny. The spell DC of any spell cast by Activating this'
F:\Obsidian\PF2e-Core-Vault\3-Rules\Character Building\Equipment\P\polished-demon-horn.md,Invalid YAML: Unsupported frontmatter at line 34: '  polished until smooth and shiny. The spell DC of any spell cast by Activating this'
F:\Obsidian\PF2e-Core-Vault\3-Rules\Character Building\Equipment\P\poracha-fulu.md,"Invalid YAML: Unsupported frontmatter at line 34: '  _poracha fulu_. Once, a traveler saved an eight-legged feline who turned out to'"
F:\Obsidian\PF2e-Core-Vault\3-Rules\Character Building\Equipment\P\portable-altar.md,"Invalid YAML: Unsupported frontmatter at line 34: ""  The altar's top can be lifted to reveal a compartment for materials of no more than"""
F:\Obsidian\PF2e-Core-Vault\3-Rules\Character Building\Equipment\P\portable-animal-blind.md,Invalid YAML: Unsupported frontmatter at line 34: '  The cloth covering is styled to represent the natural surroundings such as green'
F:\Obsidian\PF2e-Core-Vault\3-Rules\Character Building\Equipment\P\portable-gaming-hall.md,"Invalid YAML: Unsupported frontmatter at line 34: ""  it's marked with indecipherable runes, not numbers.  * * *  **Activate** (1 minute)"""
F:\Obsidian\PF2e-Core-Vault\3-Rules\Character Building\Equipment\P\portable-hole.md,"Invalid YAML: Unsupported frontmatter at line 34: ""  of a portable hole, which sparkles with captive beams of starlight. It's linked"""
F:\Obsidian\PF2e-Core-Vault\3-Rules\Character Building\Equipment\P\portable-ram-(reinforced).md,"Invalid YAML: Unsupported frontmatter at line 34: '  open doors, gates, and other similar obstacles. You gain a +2 item bonus to checks'"
F:\Obsidian\PF2e-Core-Vault\3-Rules\Character Building\Equipment\P\portable-ram.md,"Invalid YAML: Unsupported frontmatter at line 34: '  open doors, gates, and other similar obstacles. You gain a +1 item bonus to checks'"
F:\Obsidian\PF2e-Core-Vault\3-Rules\Character Building\Equipment\P\portable-seal-(lesser).md,"Invalid YAML: Unsupported frontmatter at line 34: '  framework of copper wires and strategically placed hinges, so that when the device'"
F:\Obsidian\PF2e-Core-Vault\3-Rules\Character Building\Equipment\P\portable-seal-(major).md,"Invalid YAML: Unsupported frontmatter at line 34: '  framework of copper wires and strategically placed hinges, so that when the device'"
F:\Obsidian\PF2e-Core-Vault\3-Rules\Character Building\Equipment\P\portable-seal-(moderate).md,"Invalid YAML: Unsupported frontmatter at line 34: '  framework of copper wires and strategically placed hinges, so that when the device'"
F:\Obsidian\PF2e-Core-Vault\3-Rules\Character Building\Equipment\P\portable-weapon-mount-(monopod).md,"Invalid YAML: Unsupported frontmatter at line 34: '  or ships, mounted on casements or pintles to steady their aim and offset their recoil.'"
F:\Obsidian\PF2e-Core-Vault\3-Rules\Character Building\Equipment\P\portable-weapon-mount-(shielded-tripod).md,"Invalid YAML: Unsupported frontmatter at line 34: '  or ships, mounted on casements or pintles to steady their aim and offset their recoil.'"
F:\Obsidian\PF2e-Core-Vault\3-Rules\Character Building\Equipment\P\possibility-tome.md,"Invalid YAML: Unsupported frontmatter at line 34: ""  copper cover of this thick and weighty tome. If you open the book before it's been"""
F:\Obsidian\PF2e-Core-Vault\3-Rules\Character Building\Equipment\P\potency-crystal-(greater).md,"Invalid YAML: Unsupported frontmatter at line 34: ""  the affixed weapon, but you haven't rolled yet  * * *  This fluorite crystal glows"""
F:\Obsidian\PF2e-Core-Vault\3-Rules\Character Building\Equipment\P\potency-crystal-(major).md,"Invalid YAML: Unsupported frontmatter at line 34: ""  the affixed weapon, but you haven't rolled yet  * * *  This fluorite crystal glows"""
F:\Obsidian\PF2e-Core-Vault\3-Rules\Character Building\Equipment\P\potency-crystal.md,"Invalid YAML: Unsupported frontmatter at line 34: ""  the affixed weapon, but you haven't rolled yet  * * *  This fluorite crystal glows"""
F:\Obsidian\PF2e-Core-Vault\3-Rules\Character Building\Equipment\P\potion-of-acid-resistance-(greater).md,Invalid YAML: Unsupported frontmatter at line 34: '  potion grants resistance 15 against acid damage for 1 hour.  [[Equipment Effects/Effect_'
F:\Obsidian\PF2e-Core-Vault\3-Rules\Character Building\Equipment\P\potion-of-acid-resistance-(lesser).md,Invalid YAML: Unsupported frontmatter at line 34: '  potion grants resistance 5 against acid damage for 1 hour.  [[Equipment Effects/Effect_'
F:\Obsidian\PF2e-Core-Vault\3-Rules\Character Building\Equipment\P\potion-of-acid-resistance-(moderate).md,Invalid YAML: Unsupported frontmatter at line 34: '  potion grants resistance 10 against acid damage for 1 hour.  [[Equipment Effects/Effect_'
F:\Obsidian\PF2e-Core-Vault\3-Rules\Character Building\Equipment\P\potion-of-acid-retaliation-(greater).md,"Invalid YAML: Unsupported frontmatter at line 34: '  a potion of acid retaliation, you glow with a faint aura of acid energy, and a creature'"
F:\Obsidian\PF2e-Core-Vault\3-Rules\Character Building\Equipment\P\potion-of-acid-retaliation-(lesser).md,"Invalid YAML: Unsupported frontmatter at line 34: '  a potion of acid retaliation, you glow with a faint aura of acid energy, and a creature'"
F:\Obsidian\PF2e-Core-Vault\3-Rules\Character Building\Equipment\P\potion-of-acid-retaliation-(major).md,"Invalid YAML: Unsupported frontmatter at line 34: '  a potion of acid retaliation, you glow with a faint aura of acid energy, and a creature'"
F:\Obsidian\PF2e-Core-Vault\3-Rules\Character Building\Equipment\P\potion-of-acid-retaliation-(minor).md,"Invalid YAML: Unsupported frontmatter at line 34: '  a potion of acid retaliation, you glow with a faint aura of acid energy, and a creature'"
F:\Obsidian\PF2e-Core-Vault\3-Rules\Character Building\Equipment\P\potion-of-acid-retaliation-(moderate).md,"Invalid YAML: Unsupported frontmatter at line 34: '  a potion of acid retaliation, you glow with a faint aura of acid energy, and a creature'"
F:\Obsidian\PF2e-Core-Vault\3-Rules\Character Building\Equipment\P\potion-of-annulment-(greater).md,"Invalid YAML: Unsupported frontmatter at line 34: ""  breaks a supernatural deal you have made, such as an infernal contract, a sea hag's"""
F:\Obsidian\PF2e-Core-Vault\3-Rules\Character Building\Equipment\P\potion-of-annulment-(lesser).md,"Invalid YAML: Unsupported frontmatter at line 34: ""  breaks a supernatural deal you have made, such as an infernal contract, a sea hag's"""
F:\Obsidian\PF2e-Core-Vault\3-Rules\Character Building\Equipment\P\potion-of-annulment-(moderate).md,"Invalid YAML: Unsupported frontmatter at line 34: ""  breaks a supernatural deal you have made, such as an infernal contract, a sea hag's"""
F:\Obsidian\PF2e-Core-Vault\3-Rules\Character Building\Equipment\P\potion-of-cold-resistance-(greater).md,Invalid YAML: Unsupported frontmatter at line 34: '  potion grants resistance 15 against cold damage for 1 hour.  [[Equipment Effects/Effect_'
F:\Obsidian\PF2e-Core-Vault\3-Rules\Character Building\Equipment\P\potion-of-cold-resistance-(lesser).md,Invalid YAML: Unsupported frontmatter at line 34: '  potion grants resistance 5 against cold damage for 1 hour.  [[Equipment Effects/Effect_'
F:\Obsidian\PF2e-Core-Vault\3-Rules\Character Building\Equipment\P\potion-of-cold-resistance-(moderate).md,Invalid YAML: Unsupported frontmatter at line 34: '  potion grants resistance 10 against cold damage for 1 hour.  [[Equipment Effects/Effect_'
F:\Obsidian\PF2e-Core-Vault\3-Rules\Character Building\Equipment\P\potion-of-cold-retaliation-(greater).md,"Invalid YAML: Unsupported frontmatter at line 34: '  a potion of cold retaliation, you glow with a faint aura of cold energy, and a creature'"
F:\Obsidian\PF2e-Core-Vault\3-Rules\Character Building\Equipment\P\potion-of-cold-retaliation-(lesser).md,"Invalid YAML: Unsupported frontmatter at line 34: '  a potion of cold retaliation, you glow with a faint aura of cold energy, and a creature'"
F:\Obsidian\PF2e-Core-Vault\3-Rules\Character Building\Equipment\P\potion-of-cold-retaliation-(major).md,"Invalid YAML: Unsupported frontmatter at line 34: '  a potion of cold retaliation, you glow with a faint aura of cold energy, and a creature'"
F:\Obsidian\PF2e-Core-Vault\3-Rules\Character Building\Equipment\P\potion-of-cold-retaliation-(minor).md,"Invalid YAML: Unsupported frontmatter at line 34: '  a potion of cold retaliation, you glow with a faint aura of cold energy, and a creature'"
F:\Obsidian\PF2e-Core-Vault\3-Rules\Character Building\Equipment\P\potion-of-cold-retaliation-(moderate).md,"Invalid YAML: Unsupported frontmatter at line 34: '  a potion of cold retaliation, you glow with a faint aura of cold energy, and a creature'"
F:\Obsidian\PF2e-Core-Vault\3-Rules\Character Building\Equipment\P\potion-of-electricity-resistance-(greater).md,Invalid YAML: Unsupported frontmatter at line 34: '  potion grants resistance 15 against electrical damage for 1 hour.  [[Equipment Effects/Effect_'
F:\Obsidian\PF2e-Core-Vault\3-Rules\Character Building\Equipment\P\potion-of-electricity-resistance-(lesser).md,Invalid YAML: Unsupported frontmatter at line 34: '  potion grants resistance 5 against electrical damage for 1 hour.  [[Equipment Effects/Effect_'
F:\Obsidian\PF2e-Core-Vault\3-Rules\Character Building\Equipment\P\potion-of-electricity-resistance-(moderate).md,Invalid YAML: Unsupported frontmatter at line 34: '  potion grants resistance 10 against electrical damage for 1 hour.  [[Equipment Effects/Effect_'
F:\Obsidian\PF2e-Core-Vault\3-Rules\Character Building\Equipment\P\potion-of-electricity-retaliation-(greater).md,"Invalid YAML: Unsupported frontmatter at line 34: '  a potion of electricity retaliation, you glow with a faint aura of electrical energy,'"
F:\Obsidian\PF2e-Core-Vault\3-Rules\Character Building\Equipment\P\potion-of-electricity-retaliation-(lesser).md,"Invalid YAML: Unsupported frontmatter at line 34: '  a potion of electricity retaliation, you glow with a faint aura of electrical energy,'"
F:\Obsidian\PF2e-Core-Vault\3-Rules\Character Building\Equipment\P\potion-of-electricity-retaliation-(major).md,"Invalid YAML: Unsupported frontmatter at line 34: '  a potion of electricity retaliation, you glow with a faint aura of electrical energy,'"
F:\Obsidian\PF2e-Core-Vault\3-Rules\Character Building\Equipment\P\potion-of-electricity-retaliation-(minor).md,"Invalid YAML: Unsupported frontmatter at line 34: '  a potion of electricity retaliation, you glow with a faint aura of electrical energy,'"
F:\Obsidian\PF2e-Core-Vault\3-Rules\Character Building\Equipment\P\potion-of-electricity-retaliation-(moderate).md,"Invalid YAML: Unsupported frontmatter at line 34: '  a potion of electricity retaliation, you glow with a faint aura of electrical energy,'"
F:\Obsidian\PF2e-Core-Vault\3-Rules\Character Building\Equipment\P\potion-of-emergency-escape.md,Invalid YAML: Unsupported frontmatter at line 34: '  of emergency escape_ is crafted to easily snap open in dire circumstances. When'
F:\Obsidian\PF2e-Core-Vault\3-Rules\Character Building\Equipment\P\potion-of-fire-resistance-(greater).md,Invalid YAML: Unsupported frontmatter at line 34: '  potion grants resistance 15 against fire damage for 1 hour.  [[Equipment Effects/Effect_'
F:\Obsidian\PF2e-Core-Vault\3-Rules\Character Building\Equipment\P\potion-of-fire-resistance-(lesser).md,Invalid YAML: Unsupported frontmatter at line 34: '  potion grants resistance 5 against fire damage for 1 hour.  [[Equipment Effects/Effect_'
F:\Obsidian\PF2e-Core-Vault\3-Rules\Character Building\Equipment\P\potion-of-fire-resistance-(moderate).md,Invalid YAML: Unsupported frontmatter at line 34: '  potion grants resistance 10 against fire damage for 1 hour.  [[Equipment Effects/Effect_'
F:\Obsidian\PF2e-Core-Vault\3-Rules\Character Building\Equipment\P\potion-of-fire-retaliation-(greater).md,"Invalid YAML: Unsupported frontmatter at line 34: '  a potion of fire retaliation, you glow with a faint aura of fire energy, and a creature'"
F:\Obsidian\PF2e-Core-Vault\3-Rules\Character Building\Equipment\P\potion-of-fire-retaliation-(lesser).md,"Invalid YAML: Unsupported frontmatter at line 34: '  a potion of fire retaliation, you glow with a faint aura of fire energy, and a creature'"
F:\Obsidian\PF2e-Core-Vault\3-Rules\Character Building\Equipment\P\potion-of-fire-retaliation-(major).md,"Invalid YAML: Unsupported frontmatter at line 34: '  a potion of fire retaliation, you glow with a faint aura of fire energy, and a creature'"
F:\Obsidian\PF2e-Core-Vault\3-Rules\Character Building\Equipment\P\potion-of-fire-retaliation-(minor).md,"Invalid YAML: Unsupported frontmatter at line 34: '  a potion of fire retaliation, you glow with a faint aura of fire energy, and a creature'"
F:\Obsidian\PF2e-Core-Vault\3-Rules\Character Building\Equipment\P\potion-of-fire-retaliation-(moderate).md,"Invalid YAML: Unsupported frontmatter at line 34: '  a potion of fire retaliation, you glow with a faint aura of fire energy, and a creature'"
F:\Obsidian\PF2e-Core-Vault\3-Rules\Character Building\Equipment\P\potion-of-flying-(greater).md,"Invalid YAML: Unsupported frontmatter at line 34: '  concoction, you gain a fly Speed of 40 feet for 1 hour.  [[Equipment Effects/Effect_'"
F:\Obsidian\PF2e-Core-Vault\3-Rules\Character Building\Equipment\P\potion-of-flying-(standard).md,"Invalid YAML: Unsupported frontmatter at line 34: '  concoction, you gain a fly Speed of 40 feet for 1 minute.  [[Equipment Effects/Effect_'"
F:\Obsidian\PF2e-Core-Vault\3-Rules\Character Building\Equipment\P\potion-of-grounding.md,"Invalid YAML: Unsupported frontmatter at line 34: '  syrup. Drinking this potion turns you into a living lightning rod for 1 minute,'"
F:\Obsidian\PF2e-Core-Vault\3-Rules\Character Building\Equipment\P\potion-of-leaping.md,"Invalid YAML: Unsupported frontmatter at line 34: '  this fizzy potion, whenever you Leap, you gain the effect of the 1st-rank [[Spells/Jump|Jump]]'"
F:\Obsidian\PF2e-Core-Vault\3-Rules\Character Building\Equipment\P\potion-of-minute-echoes.md,"Invalid YAML: Unsupported frontmatter at line 34: '  this bottle, it always lets out an audible, echoing pop. For 1 minute after drinking'"
F:\Obsidian\PF2e-Core-Vault\3-Rules\Character Building\Equipment\P\potion-of-quickness.md,"Invalid YAML: Unsupported frontmatter at line 34: '  grants you the effects of [[Spells/Haste|Haste]] for 1 minute.""'"
F:\Obsidian\PF2e-Core-Vault\3-Rules\Character Building\Equipment\P\potion-of-resistance-(greater).md,Invalid YAML: Unsupported frontmatter at line 34: '  potion grants 15 resistance against a single damage type for 1 hour. Each _potion'
F:\Obsidian\PF2e-Core-Vault\3-Rules\Character Building\Equipment\P\potion-of-resistance-(lesser).md,Invalid YAML: Unsupported frontmatter at line 34: '  potion grants 5 resistance against a single damage type for 1 hour. Each _potion'
F:\Obsidian\PF2e-Core-Vault\3-Rules\Character Building\Equipment\P\potion-of-resistance-(moderate).md,Invalid YAML: Unsupported frontmatter at line 34: '  potion grants 10 resistance against a single damage type for 1 hour. Each _potion'
F:\Obsidian\PF2e-Core-Vault\3-Rules\Character Building\Equipment\P\potion-of-shared-life.md,"Invalid YAML: Unsupported frontmatter at line 34: '  flask, each slightly distinct in color and brightness from the other. When you drink'"
F:\Obsidian\PF2e-Core-Vault\3-Rules\Character Building\Equipment\P\potion-of-shared-memories.md,Invalid YAML: Unsupported frontmatter at line 34: '  can transfer recollections from one creature to another. To place a memory in the'
F:\Obsidian\PF2e-Core-Vault\3-Rules\Character Building\Equipment\P\potion-of-sonic-resistance-(greater).md,Invalid YAML: Unsupported frontmatter at line 34: '  potion grants resistance 15 against sonic damage for 1 hour.  [[Equipment Effects/Effect_'
F:\Obsidian\PF2e-Core-Vault\3-Rules\Character Building\Equipment\P\potion-of-sonic-resistance-(lesser).md,Invalid YAML: Unsupported frontmatter at line 34: '  potion grants resistance 5 against sonic damage for 1 hour.  [[Equipment Effects/Effect_'
F:\Obsidian\PF2e-Core-Vault\3-Rules\Character Building\Equipment\P\potion-of-sonic-resistance-(moderate).md,Invalid YAML: Unsupported frontmatter at line 34: '  potion grants resistance 10 against sonic damage for 1 hour.  [[Equipment Effects/Effect_'
F:\Obsidian\PF2e-Core-Vault\3-Rules\Character Building\Equipment\P\potion-of-stable-form-(greater).md,"Invalid YAML: Unsupported frontmatter at line 34: '  of the magical herb moly. When you drink this potion, it immediately attempts to'"
F:\Obsidian\PF2e-Core-Vault\3-Rules\Character Building\Equipment\P\potion-of-stable-form.md,"Invalid YAML: Unsupported frontmatter at line 34: '  of the magical herb moly. When you drink this potion, it immediately attempts to'"
F:\Obsidian\PF2e-Core-Vault\3-Rules\Character Building\Equipment\P\potion-of-swimming-(greater).md,"Invalid YAML: Unsupported frontmatter at line 34: '  water, and sandy grit settles to the bottom of its container. When you drink it,'"
F:\Obsidian\PF2e-Core-Vault\3-Rules\Character Building\Equipment\P\potion-of-swimming.md,"Invalid YAML: Unsupported frontmatter at line 34: '  water, and sandy grit settles to the bottom of its container. When you drink it,'"
F:\Obsidian\PF2e-Core-Vault\3-Rules\Character Building\Equipment\P\potion-of-truespeech.md,"Invalid YAML: Unsupported frontmatter at line 34: '  your tongue with unusual flavors and uncommon eloquence, allowing you to speak and'"
F:\Obsidian\PF2e-Core-Vault\3-Rules\Character Building\Equipment\P\potion-of-undetectability.md,Invalid YAML: Unsupported frontmatter at line 34: '  makes you undetectable to detection effects.  This grants the same effects as [[Spells/Hidden'
F:\Obsidian\PF2e-Core-Vault\3-Rules\Character Building\Equipment\P\potion-of-water-breathing.md,"Invalid YAML: Unsupported frontmatter at line 34: '  of an old fish midden and tastes even worse. After drinking this potion, you gain'"
F:\Obsidian\PF2e-Core-Vault\3-Rules\Character Building\Equipment\P\potion-patch-(greater).md,"Invalid YAML: Unsupported frontmatter at line 34: '  patch affixed to your skin.  * * *  A potion patch is a sticky, bandage-like pad'"
F:\Obsidian\PF2e-Core-Vault\3-Rules\Character Building\Equipment\P\potion-patch-(lesser).md,"Invalid YAML: Unsupported frontmatter at line 34: '  patch affixed to your skin.  * * *  A potion patch is a sticky, bandage-like pad'"
F:\Obsidian\PF2e-Core-Vault\3-Rules\Character Building\Equipment\P\potion-patch-(moderate).md,"Invalid YAML: Unsupported frontmatter at line 34: '  patch affixed to your skin.  * * *  A potion patch is a sticky, bandage-like pad'"
F:\Obsidian\PF2e-Core-Vault\3-Rules\Character Building\Equipment\P\powered-full-plate.md,"Invalid YAML: Unsupported frontmatter at line 34: ""  full plate move of their own accord, as long as they're supplied with power. A chamber"""
F:\Obsidian\PF2e-Core-Vault\3-Rules\Character Building\Equipment\P\pranksters-perpetual-pieplate.md,"Invalid YAML: Unsupported frontmatter at line 34: ""  edible, they don't last long enough to sate hunger or provide any real nutritive"""
F:\Obsidian\PF2e-Core-Vault\3-Rules\Character Building\Equipment\P\predators-claw.md,Invalid YAML: Unsupported frontmatter at line 34: '  at an attack roll with the affixed weapon  * * *  This claw set in an iron clasp'
F:\Obsidian\PF2e-Core-Vault\3-Rules\Character Building\Equipment\P\predictable-silver-piece.md,Invalid YAML: Unsupported frontmatter at line 34: '  an unnamed monarch on the face and a majestic bird on the tail. You can toss the'
F:\Obsidian\PF2e-Core-Vault\3-Rules\Character Building\Equipment\P\presentable-(greater).md,Invalid YAML: Unsupported frontmatter at line 34: '  affected by [[Spells/Prestidigitation|Prestidigitation]]. You gain a +2 item bonus'
F:\Obsidian\PF2e-Core-Vault\3-Rules\Character Building\Equipment\P\preserved-moonflower.md,"Invalid YAML: Unsupported frontmatter at line 34: ""  \\  Though these preserved vegetables aren't actual moonflowers, they're made using"""
F:\Obsidian\PF2e-Core-Vault\3-Rules\Character Building\Equipment\P\preserving-(greater).md,Invalid YAML: Unsupported frontmatter at line 34: '  are on the road for weeks or months at a time. Any non-magical food and drink inside'
F:\Obsidian\PF2e-Core-Vault\3-Rules\Character Building\Equipment\P\pressure-bomb-(greater).md,Invalid YAML: Unsupported frontmatter at line 34: '  is filled with highly pressurized gas that can explode to release a powerful shockwave.'
F:\Obsidian\PF2e-Core-Vault\3-Rules\Character Building\Equipment\P\pressure-bomb-(lesser).md,Invalid YAML: Unsupported frontmatter at line 34: '  is filled with highly pressurized gas that can explode to release a powerful shockwave.'
F:\Obsidian\PF2e-Core-Vault\3-Rules\Character Building\Equipment\P\pressure-bomb-(major).md,Invalid YAML: Unsupported frontmatter at line 34: '  is filled with highly pressurized gas that can explode to release a powerful shockwave.'
F:\Obsidian\PF2e-Core-Vault\3-Rules\Character Building\Equipment\P\pressure-bomb-(moderate).md,Invalid YAML: Unsupported frontmatter at line 34: '  is filled with highly pressurized gas that can explode to release a powerful shockwave.'
F:\Obsidian\PF2e-Core-Vault\3-Rules\Character Building\Equipment\P\prey-mutagen-(greater).md,Invalid YAML: Unsupported frontmatter at line 34: '  ingredients give you incredible speed but also cause you to become particularly'
F:\Obsidian\PF2e-Core-Vault\3-Rules\Character Building\Equipment\P\prey-mutagen-(lesser).md,Invalid YAML: Unsupported frontmatter at line 34: '  ingredients give you incredible speed but also cause you to become particularly'
F:\Obsidian\PF2e-Core-Vault\3-Rules\Character Building\Equipment\P\prey-mutagen-(major).md,Invalid YAML: Unsupported frontmatter at line 34: '  ingredients give you incredible speed but also cause you to become particularly'
F:\Obsidian\PF2e-Core-Vault\3-Rules\Character Building\Equipment\P\prey-mutagen-(moderate).md,Invalid YAML: Unsupported frontmatter at line 34: '  ingredients give you incredible speed but also cause you to become particularly'
F:\Obsidian\PF2e-Core-Vault\3-Rules\Character Building\Equipment\P\primal-pollen.md,"Invalid YAML: Unsupported frontmatter at line 34: '  and blooms when planted, showering the area with intoxicating pollen. Insects take'"
F:\Obsidian\PF2e-Core-Vault\3-Rules\Character Building\Equipment\P\primal-scroll-case-of-simplicity.md,"Invalid YAML: Unsupported frontmatter at line 34: '  adornments appropriate to their magical tradition, such as angelic wings or otherworldly'"
F:\Obsidian\PF2e-Core-Vault\3-Rules\Character Building\Equipment\P\primeval-mistletoe-(greater).md,"Invalid YAML: Unsupported frontmatter at line 34: '  It can be used as a primal locus, and it grants a +2 item bonus to Nature checks'"
F:\Obsidian\PF2e-Core-Vault\3-Rules\Character Building\Equipment\P\primeval-mistletoe.md,"Invalid YAML: Unsupported frontmatter at line 34: '  It can be used as a primal locus, and it grants a +1 item bonus to Nature checks'"
F:\Obsidian\PF2e-Core-Vault\3-Rules\Character Building\Equipment\P\primordial-flame.md,"Invalid YAML: Unsupported frontmatter at line 34: '  of the Age of Darkness, this hand-held lamp is constructed from animal bone, hide,'"
F:\Obsidian\PF2e-Core-Vault\3-Rules\Character Building\Equipment\P\printing-press.md,"Invalid YAML: Unsupported frontmatter at line 34: '  type with a mechanical inking system and screw press, allowing for the mass production'"
F:\Obsidian\PF2e-Core-Vault\3-Rules\Character Building\Equipment\P\prismatic-dust.md,Invalid YAML: Unsupported frontmatter at line 34: '  used to add color to the lights of a performance. Prismatic dust can be activated'
F:\Obsidian\PF2e-Core-Vault\3-Rules\Character Building\Equipment\P\prismatic-plate.md,Invalid YAML: Unsupported frontmatter at line 34: '  _+2 resilient glamered dawnsilver breastplate_ features the religious symbols of'
F:\Obsidian\PF2e-Core-Vault\3-Rules\Character Building\Equipment\P\privacy-ward-fulu-(chamber).md,"Invalid YAML: Unsupported frontmatter at line 34: '  from a room. A depiction of a lock appears in the center of this fulu, which is'"
F:\Obsidian\PF2e-Core-Vault\3-Rules\Character Building\Equipment\P\privacy-ward-fulu-(hallway).md,"Invalid YAML: Unsupported frontmatter at line 34: '  from a room. A depiction of a lock appears in the center of this fulu, which is'"
F:\Obsidian\PF2e-Core-Vault\3-Rules\Character Building\Equipment\P\privacy-ward-fulu-(room).md,"Invalid YAML: Unsupported frontmatter at line 34: '  from a room. A depiction of a lock appears in the center of this fulu, which is'"
F:\Obsidian\PF2e-Core-Vault\3-Rules\Character Building\Equipment\P\private-workshop.md,"Invalid YAML: Unsupported frontmatter at line 34: '  that resembles a smithy, tannery, alchemy lab, or other crafting facility.  [[Equipment'"
F:\Obsidian\PF2e-Core-Vault\3-Rules\Character Building\Equipment\P\probing-cane.md,"Invalid YAML: Unsupported frontmatter at line 34: ""  this cane in front of you, you indicate to those around that you're partially sighted,"""
F:\Obsidian\PF2e-Core-Vault\3-Rules\Character Building\Equipment\P\prognostic-veil-(greater).md,"Invalid YAML: Unsupported frontmatter at line 34: '  As your curse worsens, the veil ripples in an ever-increasing unseen wind. You gain'"
F:\Obsidian\PF2e-Core-Vault\3-Rules\Character Building\Equipment\P\prognostic-veil.md,"Invalid YAML: Unsupported frontmatter at line 34: '  As your curse worsens, the veil ripples in an ever-increasing unseen wind. You gain'"
F:\Obsidian\PF2e-Core-Vault\3-Rules\Character Building\Equipment\P\propulsive-boots.md,Invalid YAML: Unsupported frontmatter at line 34: '  energy. You gain a +5-foot item bonus to your land Speed and to any climb or swim'
F:\Obsidian\PF2e-Core-Vault\3-Rules\Character Building\Equipment\P\psyche-salts-(greater).md,"Invalid YAML: Unsupported frontmatter at line 34: '  kept in a small, corked vial. When you activate psyche salts, you uncork and pass'"
F:\Obsidian\PF2e-Core-Vault\3-Rules\Character Building\Equipment\P\psyche-salts-(lesser).md,"Invalid YAML: Unsupported frontmatter at line 34: '  kept in a small, corked vial. When you activate psyche salts, you uncork and pass'"
F:\Obsidian\PF2e-Core-Vault\3-Rules\Character Building\Equipment\P\psyche-salts-(moderate).md,"Invalid YAML: Unsupported frontmatter at line 34: '  kept in a small, corked vial. When you activate psyche salts, you uncork and pass'"
F:\Obsidian\PF2e-Core-Vault\3-Rules\Character Building\Equipment\P\psychic-brigandine.md,Invalid YAML: Unsupported frontmatter at line 34: '  on this suit of +2 greater invisibility splint mail. Also known as a coat of a thousand'
F:\Obsidian\PF2e-Core-Vault\3-Rules\Character Building\Equipment\P\psychic-colors-elixir.md,"Invalid YAML: Unsupported frontmatter at line 34: '  the psychic energies that enable telekinesis and telepathy. For the next minute,'"
F:\Obsidian\PF2e-Core-Vault\3-Rules\Character Building\Equipment\P\psychic-warding-bracelet.md,"Invalid YAML: Unsupported frontmatter at line 34: ""  along the wrist's energy meridians, then repels attempts at mental manipulation."""
F:\Obsidian\PF2e-Core-Vault\3-Rules\Character Building\Equipment\P\psychopomp-mask.md,"Invalid YAML: Unsupported frontmatter at line 34: '  depiction thereof, to encourage the ushers of death to take the mask in your place.'"
F:\Obsidian\PF2e-Core-Vault\3-Rules\Character Building\Equipment\P\pucker-pickle.md,Invalid YAML: Unsupported frontmatter at line 34: '  pickles were created by goblin alchemists working to avoid being eaten by larger'
F:\Obsidian\PF2e-Core-Vault\3-Rules\Character Building\Equipment\P\puff-dragon.md,Invalid YAML: Unsupported frontmatter at line 34: '  into its square. It then unleashes a rapid burst of toxic gas in a 10-foot emanation.'
F:\Obsidian\PF2e-Core-Vault\3-Rules\Character Building\Equipment\P\pummeling-snare.md,"Invalid YAML: Unsupported frontmatter at line 34: '  entering the snare\'s square, dealing 6d8 bludgeoning damage (DC 21 Reflex check).""'"
F:\Obsidian\PF2e-Core-Vault\3-Rules\Character Building\Equipment\P\puppetmaster-extract.md,"Invalid YAML: Unsupported frontmatter at line 34: '  fluids, this gummy, ooze-like toxin springs to life when it makes contact with flesh.'"
F:\Obsidian\PF2e-Core-Vault\3-Rules\Character Building\Equipment\P\purgatory-emissarys-staff.md,Invalid YAML: Unsupported frontmatter at line 34: '  Historically carried by the most important of court officials throughout various'
F:\Obsidian\PF2e-Core-Vault\3-Rules\Character Building\Equipment\P\purifying-spoon-(ladle).md,"Invalid YAML: Unsupported frontmatter at line 34: '  a variety of other cutlery with similar properties exists, a spoon is often the'"
F:\Obsidian\PF2e-Core-Vault\3-Rules\Character Building\Equipment\P\purifying-spoon-(tablespoon).md,"Invalid YAML: Unsupported frontmatter at line 34: '  While a variety of other cutlery with similar properties exists, a spoon is often'"
F:\Obsidian\PF2e-Core-Vault\3-Rules\Character Building\Equipment\P\purifying-spoon-(teaspoon).md,"Invalid YAML: Unsupported frontmatter at line 34: '  While a variety of other cutlery with similar properties exists, a spoon is often'"
F:\Obsidian\PF2e-Core-Vault\3-Rules\Character Building\Equipment\P\purloining-cloak.md,"Invalid YAML: Unsupported frontmatter at line 34: '  \\  **Communication** speech (Common and two other languages, usually regional and'"
F:\Obsidian\PF2e-Core-Vault\3-Rules\Character Building\Equipment\P\purple-pepper-powder.md,Invalid YAML: Unsupported frontmatter at line 34: '  kiss pepper and is a favorite among the Sklar-Quah. When you eat a meal flavored'
F:\Obsidian\PF2e-Core-Vault\3-Rules\Character Building\Equipment\P\purple-worm-repellent.md,"Invalid YAML: Unsupported frontmatter at line 34: '  creature or sprinkled in a circle around a 10-foot-radius area. In either case,'"
F:\Obsidian\PF2e-Core-Vault\3-Rules\Character Building\Equipment\P\putrescent-glob.md,Invalid YAML: Unsupported frontmatter at line 34: '  You damage a creature that is [[Conditions/Sickened|Sickened 1]] with a Strike using'
F:\Obsidian\PF2e-Core-Vault\3-Rules\Character Building\Equipment\P\putrid-sack-of-rotting-fruit.md,"Invalid YAML: Unsupported frontmatter at line 34: ""  enough rotting fruit to provide a fungus leshy with 1 week's worth of rations, along"""
F:\Obsidian\PF2e-Core-Vault\3-Rules\Character Building\Equipment\P\puzzle-box-(challenging)-(hollow).md,Invalid YAML: Unsupported frontmatter at line 34: '  designed to confound the user. Solving a puzzle box typically requires three successful'
F:\Obsidian\PF2e-Core-Vault\3-Rules\Character Building\Equipment\P\puzzle-box-(challenging).md,Invalid YAML: Unsupported frontmatter at line 34: '  designed to confound the user. Solving a puzzle box typically requires three successful'
F:\Obsidian\PF2e-Core-Vault\3-Rules\Character Building\Equipment\P\puzzle-box-(complex)-(hollow).md,Invalid YAML: Unsupported frontmatter at line 34: '  designed to confound the user. Solving a puzzle box typically requires three successful'
F:\Obsidian\PF2e-Core-Vault\3-Rules\Character Building\Equipment\P\puzzle-box-(complex).md,Invalid YAML: Unsupported frontmatter at line 34: '  designed to confound the user. Solving a puzzle box typically requires three successful'
F:\Obsidian\PF2e-Core-Vault\3-Rules\Character Building\Equipment\P\pyrite-rat.md,Invalid YAML: Unsupported frontmatter at line 34: '  the statuette transforms into a flesh-and-blood giant rat. You can use the following'
F:\Obsidian\PF2e-Core-Vault\3-Rules\Character Building\Equipment\Q\quartz-coil-rail-transport-(greater).md,Invalid YAML: Unsupported frontmatter at line 34: '  misinterpreted as a mechanical wand of some kind. Any gadgeteer or mage will be'
F:\Obsidian\PF2e-Core-Vault\3-Rules\Character Building\Equipment\Q\quartz-coil-rail-transport-(lesser).md,Invalid YAML: Unsupported frontmatter at line 34: '  misinterpreted as a mechanical wand of some kind. Any gadgeteer or mage will be'
F:\Obsidian\PF2e-Core-Vault\3-Rules\Character Building\Equipment\Q\quartz-coil-rail-transport-(major).md,Invalid YAML: Unsupported frontmatter at line 34: '  misinterpreted as a mechanical wand of some kind. Any gadgeteer or mage will be'
F:\Obsidian\PF2e-Core-Vault\3-Rules\Character Building\Equipment\Q\quartz-coil-rail-transport-(moderate).md,Invalid YAML: Unsupported frontmatter at line 34: '  misinterpreted as a mechanical wand of some kind. Any gadgeteer or mage will be'
F:\Obsidian\PF2e-Core-Vault\3-Rules\Character Building\Equipment\Q\queasy-lantern-(greater).md,Invalid YAML: Unsupported frontmatter at line 34: '  in decrepit leather skin. It constantly emits light in a 60-foot cone (and dim light'
F:\Obsidian\PF2e-Core-Vault\3-Rules\Character Building\Equipment\Q\queasy-lantern-(lesser).md,Invalid YAML: Unsupported frontmatter at line 34: '  in decrepit leather skin. It constantly emits light in a 60-foot cone (and dim light'
F:\Obsidian\PF2e-Core-Vault\3-Rules\Character Building\Equipment\Q\queasy-lantern-(moderate).md,Invalid YAML: Unsupported frontmatter at line 34: '  in decrepit leather skin. It constantly emits light in a 60-foot cone (and dim light'
F:\Obsidian\PF2e-Core-Vault\3-Rules\Character Building\Equipment\Q\quenching-(greater).md,Invalid YAML: Unsupported frontmatter at line 34: '  reduces the DC of the flat check to end persistent acid or fire damage affecting'
F:\Obsidian\PF2e-Core-Vault\3-Rules\Character Building\Equipment\Q\quenching-(major).md,Invalid YAML: Unsupported frontmatter at line 34: '  reduces the DC of the flat check to end persistent acid or fire damage affecting'
F:\Obsidian\PF2e-Core-Vault\3-Rules\Character Building\Equipment\Q\quenching-(true).md,Invalid YAML: Unsupported frontmatter at line 34: '  reduces the DC of the flat check to end persistent acid or fire damage affecting'
F:\Obsidian\PF2e-Core-Vault\3-Rules\Character Building\Equipment\Q\quenching-potion.md,"Invalid YAML: Unsupported frontmatter at line 34: '  tastes like fresh, cool spring water. Drinking this potion or pouring it over yourself'"
F:\Obsidian\PF2e-Core-Vault\3-Rules\Character Building\Equipment\Q\quick-change-outfit.md,Invalid YAML: Unsupported frontmatter at line 34: '  The specialized sewing technique allows you to switch quickly between the two outfits.'
F:\Obsidian\PF2e-Core-Vault\3-Rules\Character Building\Equipment\Q\quick-runners-shirt-(greater).md,"Invalid YAML: Unsupported frontmatter at line 35: '  \\  * * *  **Effect** Your feet feel lighter, allowing you to move with greater speed.'"
F:\Obsidian\PF2e-Core-Vault\3-Rules\Character Building\Equipment\Q\quick-runners-shirt.md,"Invalid YAML: Unsupported frontmatter at line 35: '  \\  * * *  **Effect** Your feet feel lighter, allowing you to move with greater speed.'"
F:\Obsidian\PF2e-Core-Vault\3-Rules\Character Building\Equipment\Q\quick-wig.md,"Invalid YAML: Unsupported frontmatter at line 34: '  the need to braid or pin your hair beneath it. In addition, your facial hair and'"
F:\Obsidian\PF2e-Core-Vault\3-Rules\Character Building\Equipment\Q\quickmelt-slick-(greater).md,Invalid YAML: Unsupported frontmatter at line 34: '  oil and natural fire retardants. You can pour the fluid in an empty area adjacent'
F:\Obsidian\PF2e-Core-Vault\3-Rules\Character Building\Equipment\Q\quickmelt-slick-(lesser).md,Invalid YAML: Unsupported frontmatter at line 34: '  oil and natural fire retardants. You can pour the fluid in an empty area adjacent'
F:\Obsidian\PF2e-Core-Vault\3-Rules\Character Building\Equipment\Q\quickmelt-slick-(moderate).md,Invalid YAML: Unsupported frontmatter at line 34: '  oil and natural fire retardants. You can pour the fluid in an empty area adjacent'
F:\Obsidian\PF2e-Core-Vault\3-Rules\Character Building\Equipment\Q\quickpatch-glue.md,"Invalid YAML: Unsupported frontmatter at line 34: '  adhesive designed for rapid but temporary repairs.  When applied to a broken item,'"
F:\Obsidian\PF2e-Core-Vault\3-Rules\Character Building\Equipment\Q\quicksilver-mutagen-(greater).md,"Invalid YAML: Unsupported frontmatter at line 34: '  but also fragile.  **Benefit** You gain a +3 item bonus to Acrobatics checks, Stealth'"
F:\Obsidian\PF2e-Core-Vault\3-Rules\Character Building\Equipment\Q\quicksilver-mutagen-(lesser).md,"Invalid YAML: Unsupported frontmatter at line 34: '  but also fragile.  **Benefit** You gain a +1 item bonus to Acrobatics checks, Stealth'"
F:\Obsidian\PF2e-Core-Vault\3-Rules\Character Building\Equipment\Q\quicksilver-mutagen-(major).md,"Invalid YAML: Unsupported frontmatter at line 34: '  but also fragile.  **Benefit** You gain a +4 item bonus to Acrobatics checks, Stealth'"
F:\Obsidian\PF2e-Core-Vault\3-Rules\Character Building\Equipment\Q\quicksilver-mutagen-(moderate).md,"Invalid YAML: Unsupported frontmatter at line 34: '  but also fragile.  **Benefit** You gain a +2 item bonus to Acrobatics checks, Stealth'"
F:\Obsidian\PF2e-Core-Vault\3-Rules\Character Building\Equipment\Q\quill-of-passage.md,"Invalid YAML: Unsupported frontmatter at line 35: '  once per day  * * *  **Effect** Placing the tip of the quill against a wall of wood,'"
F:\Obsidian\PF2e-Core-Vault\3-Rules\Character Building\Equipment\R\radiant-lance.md,Invalid YAML: Unsupported frontmatter at line 34: '  lance_ is a _+2 greater striking [[Equipment/Holy|Holy]] [[Equipment/Flaming|Flaming]]'
F:\Obsidian\PF2e-Core-Vault\3-Rules\Character Building\Equipment\R\radiant-prism-(greater).md,Invalid YAML: Unsupported frontmatter at line 34: '  shifting colored lights. The spell DC of any spell cast by activating this item'
F:\Obsidian\PF2e-Core-Vault\3-Rules\Character Building\Equipment\R\radiant-prism-(major).md,Invalid YAML: Unsupported frontmatter at line 34: '  shifting colored lights. The spell DC of any spell cast by activating this item'
F:\Obsidian\PF2e-Core-Vault\3-Rules\Character Building\Equipment\R\radiant-prism.md,Invalid YAML: Unsupported frontmatter at line 34: '  shifting colored lights. The spell DC of any spell cast by activating this item'
F:\Obsidian\PF2e-Core-Vault\3-Rules\Character Building\Equipment\R\radiant-spark.md,Invalid YAML: Unsupported frontmatter at line 34: '  the artifact is the gleaming essence of celestials bound within it in ancient times.'
F:\Obsidian\PF2e-Core-Vault\3-Rules\Character Building\Equipment\R\rainbow-vinegar-(greater).md,Invalid YAML: Unsupported frontmatter at line 34: '  \\  Black swill with multicolored ribbons makes this vinegar look like an oil spill.\\'
F:\Obsidian\PF2e-Core-Vault\3-Rules\Character Building\Equipment\R\rainbow-vinegar-(moderate).md,Invalid YAML: Unsupported frontmatter at line 34: '  \\  Black swill with multicolored ribbons makes this vinegar look like an oil spill.\\'
F:\Obsidian\PF2e-Core-Vault\3-Rules\Character Building\Equipment\R\raining-knives-snare.md,"Invalid YAML: Unsupported frontmatter at line 34: '  of knives at the creature from all directions, dealing 11d8 piercing damage (DC'"
F:\Obsidian\PF2e-Core-Vault\3-Rules\Character Building\Equipment\R\rampart-shield.md,"Invalid YAML: Unsupported frontmatter at line 34: ""  with an image of Absalom's mother-sphinx emerging from a cresting wave.      | Hardness"""
F:\Obsidian\PF2e-Core-Vault\3-Rules\Character Building\Equipment\R\ranging-shot.md,"Invalid YAML: Unsupported frontmatter at line 34: '  and pits mark the head of a ranging shot. When the activated ammunition is fired,'"
F:\Obsidian\PF2e-Core-Vault\3-Rules\Character Building\Equipment\R\rapier-pistol.md,"Invalid YAML: Unsupported frontmatter at line 34: '  the length of the blade.""'"
F:\Obsidian\PF2e-Core-Vault\3-Rules\Character Building\Equipment\R\rappelling-kit.md,"Invalid YAML: Unsupported frontmatter at line 34: '  plus the specialized equipment—including a harness, belay device, and locking clips—needed'"
F:\Obsidian\PF2e-Core-Vault\3-Rules\Character Building\Equipment\R\rat-catcher-trident.md,"Invalid YAML: Unsupported frontmatter at line 34: '  of swarming rodents sacred to Hanspur, the drowned god of the Sellen River.  When'"
F:\Obsidian\PF2e-Core-Vault\3-Rules\Character Building\Equipment\R\ration-tonic-(greater).md,"Invalid YAML: Unsupported frontmatter at line 34: '  to hold clean, clear water with a faintly fruity scent. Drinking a ration tonic'"
F:\Obsidian\PF2e-Core-Vault\3-Rules\Character Building\Equipment\R\ration-tonic.md,"Invalid YAML: Unsupported frontmatter at line 34: '  to hold clean, clear water with a faintly fruity scent. Drinking a _ration tonic_'"
F:\Obsidian\PF2e-Core-Vault\3-Rules\Character Building\Equipment\R\rattling-bolt-(greater).md,"Invalid YAML: Unsupported frontmatter at line 34: '  when dealing with undead incursions, a more subtle approach is called for. Paradoxically,'"
F:\Obsidian\PF2e-Core-Vault\3-Rules\Character Building\Equipment\R\rattling-bolt.md,"Invalid YAML: Unsupported frontmatter at line 34: '  when dealing with undead incursions, a more subtle approach is called for. Paradoxically,'"
F:\Obsidian\PF2e-Core-Vault\3-Rules\Character Building\Equipment\R\raven-band.md,"Invalid YAML: Unsupported frontmatter at line 34: '  large feather from a kadlaka. As long as you wear it, you understand what ravens'"
F:\Obsidian\PF2e-Core-Vault\3-Rules\Character Building\Equipment\R\razmiri-wayfinder.md,Invalid YAML: Unsupported frontmatter at line 34: '  compass and provides its wearer a +1 item bonus to Deception checks to Lie or Impersonate.'
F:\Obsidian\PF2e-Core-Vault\3-Rules\Character Building\Equipment\R\reading-ring-(greater).md,Invalid YAML: Unsupported frontmatter at line 34: '  reading any written language and enable the wearer to comprehend what it reads.'
F:\Obsidian\PF2e-Core-Vault\3-Rules\Character Building\Equipment\R\reading-ring.md,"Invalid YAML: Unsupported frontmatter at line 34: ""  only languages in which the user is fluent. Each ring is unique and can't be used"""
F:\Obsidian\PF2e-Core-Vault\3-Rules\Character Building\Equipment\R\reapers-crescent.md,"Invalid YAML: Unsupported frontmatter at line 34: '  as the moon waxes, and it thins to a sharp sliver as the moon wanes. Moonlight also'"
F:\Obsidian\PF2e-Core-Vault\3-Rules\Character Building\Equipment\R\reapers-grasp.md,"Invalid YAML: Unsupported frontmatter at line 34: '  silver, featuring a mosaic of agonized skulls carved into the metal. The mere mention'"
F:\Obsidian\PF2e-Core-Vault\3-Rules\Character Building\Equipment\R\reapers-lancet.md,Invalid YAML: Unsupported frontmatter at line 34: '  exquisite sword cane and had it gilded in high-quality gold. Its first victim was'
F:\Obsidian\PF2e-Core-Vault\3-Rules\Character Building\Equipment\R\reapers-shadow.md,"Invalid YAML: Unsupported frontmatter at line 34: '  tapped during the winter solstice, this toxin erodes the connection between body'"
F:\Obsidian\PF2e-Core-Vault\3-Rules\Character Building\Equipment\R\reapers-spellgun.md,"Invalid YAML: Unsupported frontmatter at line 34: ""  with a bulb at one end comprises a _reaper's spellgun_, which feels heavier than"""
F:\Obsidian\PF2e-Core-Vault\3-Rules\Character Building\Equipment\R\rebirth-potion.md,"Invalid YAML: Unsupported frontmatter at line 34: '  hair, scale, or feather—steeps in the clear liquid of a rebirth potion. When the'"
F:\Obsidian\PF2e-Core-Vault\3-Rules\Character Building\Equipment\R\rebound-fulu.md,Invalid YAML: Unsupported frontmatter at line 34: '  You use the Shield Block reaction with the shield to which this fulu is affixed.\\'
F:\Obsidian\PF2e-Core-Vault\3-Rules\Character Building\Equipment\R\rebounding-breastplate.md,"Invalid YAML: Unsupported frontmatter at line 34: '  impacts for later release. While wearing the armor, you gain resistance 5 to bludgeoning,'"
F:\Obsidian\PF2e-Core-Vault\3-Rules\Character Building\Equipment\R\recording-rod-(basic).md,Invalid YAML: Unsupported frontmatter at line 34: '  inset gemstone buttons on one end and a small lens on the other. Popular with law'
F:\Obsidian\PF2e-Core-Vault\3-Rules\Character Building\Equipment\R\recording-rod-(reusable).md,Invalid YAML: Unsupported frontmatter at line 34: '  inset gemstone buttons on one end and a small lens on the other. Popular with law'
F:\Obsidian\PF2e-Core-Vault\3-Rules\Character Building\Equipment\R\recovery-bladder.md,"Invalid YAML: Unsupported frontmatter at line 34: ""  developed this tether-covered bladder to help divers in Anuli's Crater Lake recover"""
F:\Obsidian\PF2e-Core-Vault\3-Rules\Character Building\Equipment\R\red-dragons-breath-potion-(adult).md,"Invalid YAML: Unsupported frontmatter at line 34: ""  the concoction, you can unleash a red dragon's breath weapon. The potency of the"""
F:\Obsidian\PF2e-Core-Vault\3-Rules\Character Building\Equipment\R\red-dragons-breath-potion-(wyrm).md,"Invalid YAML: Unsupported frontmatter at line 34: ""  the concoction, you can unleash a red dragon's breath weapon. The potency of the"""
F:\Obsidian\PF2e-Core-Vault\3-Rules\Character Building\Equipment\R\red-dragons-breath-potion-(young).md,"Invalid YAML: Unsupported frontmatter at line 34: ""  the concoction, you can unleash a red dragon's breath weapon. The potency of the"""
F:\Obsidian\PF2e-Core-Vault\3-Rules\Character Building\Equipment\R\red-handed-missive.md,"Invalid YAML: Unsupported frontmatter at line 34: '  document, a red-handed missive is a trap used by those who suspect someone has been'"
F:\Obsidian\PF2e-Core-Vault\3-Rules\Character Building\Equipment\R\red-hands-satchel.md,Invalid YAML: Unsupported frontmatter at line 34: '  The main section contains an extradimensional space equivalent to a [[Equipment/Spacious'
F:\Obsidian\PF2e-Core-Vault\3-Rules\Character Building\Equipment\R\red-rib-gill-mask-(greater).md,"Invalid YAML: Unsupported frontmatter at line 34: '  of the red-rib salamander, an amphibious creature unique to Terwa Lake.  Once activated,'"
F:\Obsidian\PF2e-Core-Vault\3-Rules\Character Building\Equipment\R\red-rib-gill-mask-(lesser).md,"Invalid YAML: Unsupported frontmatter at line 34: '  of the red-rib salamander, an amphibious creature unique to Terwa Lake.  Once activated,'"
F:\Obsidian\PF2e-Core-Vault\3-Rules\Character Building\Equipment\R\red-rib-gill-mask-(moderate).md,"Invalid YAML: Unsupported frontmatter at line 34: '  of the red-rib salamander, an amphibious creature unique to Terwa Lake.  Once activated,'"
F:\Obsidian\PF2e-Core-Vault\3-Rules\Character Building\Equipment\R\red-thread-knot.md,"Invalid YAML: Unsupported frontmatter at line 34: '  each end so it can either be worn as a bracelet or anklet, or hung from a strap.\\'"
F:\Obsidian\PF2e-Core-Vault\3-Rules\Character Building\Equipment\R\redeemers-pistol.md,Invalid YAML: Unsupported frontmatter at line 34: '  glistens with a radiant light. You can choose to make a nonlethal attack with the'
F:\Obsidian\PF2e-Core-Vault\3-Rules\Character Building\Equipment\R\redpitch-bomb-(greater).md,"Invalid YAML: Unsupported frontmatter at line 34: '  distilled into a gummy, incendiary mass, ignites when exposed to the air. A redpitch'"
F:\Obsidian\PF2e-Core-Vault\3-Rules\Character Building\Equipment\R\redpitch-bomb-(lesser).md,"Invalid YAML: Unsupported frontmatter at line 34: '  distilled into a gummy, incendiary mass, ignites when exposed to the air. A redpitch'"
F:\Obsidian\PF2e-Core-Vault\3-Rules\Character Building\Equipment\R\redpitch-bomb-(major).md,"Invalid YAML: Unsupported frontmatter at line 34: '  distilled into a gummy, incendiary mass, ignites when exposed to the air. A redpitch'"
F:\Obsidian\PF2e-Core-Vault\3-Rules\Character Building\Equipment\R\redpitch-bomb-(moderate).md,"Invalid YAML: Unsupported frontmatter at line 34: '  into a gummy, incendiary mass, ignites when exposed to the air. A redpitch bomb'"
F:\Obsidian\PF2e-Core-Vault\3-Rules\Character Building\Equipment\R\redsand-hourglass.md,"Invalid YAML: Unsupported frontmatter at line 34: '  of roses and whippoorwills with tiny black onyx eyes, and has the ability to manipulate'"
F:\Obsidian\PF2e-Core-Vault\3-Rules\Character Building\Equipment\R\reducer-round.md,Invalid YAML: Unsupported frontmatter at line 34: '  fashioned from a rubbery substance and stamped with the image of a diminutive ant'
F:\Obsidian\PF2e-Core-Vault\3-Rules\Character Building\Equipment\R\reef-heart-(greater).md,"Invalid YAML: Unsupported frontmatter at line 34: '  merfolk and aquatic elves, is made of living coral carefully harvested from the'"
F:\Obsidian\PF2e-Core-Vault\3-Rules\Character Building\Equipment\R\reef-heart.md,"Invalid YAML: Unsupported frontmatter at line 34: '  and aquatic elves, is made of living coral carefully harvested from the ocean depths.'"
F:\Obsidian\PF2e-Core-Vault\3-Rules\Character Building\Equipment\R\refined-pesh.md,"Invalid YAML: Unsupported frontmatter at line 35: '  (Ingested, Inhaled)  **Saving Throw** DC 12 Fortitude check  **Onset** 1 minute\\'"
F:\Obsidian\PF2e-Core-Vault\3-Rules\Character Building\Equipment\R\reflected-moonlight-fulu.md,Invalid YAML: Unsupported frontmatter at line 34: '  a void or death effect.  An acolyte accidentally left fulu paper outdoors overnight'
F:\Obsidian\PF2e-Core-Vault\3-Rules\Character Building\Equipment\R\reflecting-shard-(greater).md,"Invalid YAML: Unsupported frontmatter at line 34: ""  \\  **Requirements** You're a master in Athletics, and you have the affixed shield"""
F:\Obsidian\PF2e-Core-Vault\3-Rules\Character Building\Equipment\R\reflecting-shard.md,"Invalid YAML: Unsupported frontmatter at line 34: ""  of 5th level or lower  **Requirements** You're a master in Athletics, and you have"""
F:\Obsidian\PF2e-Core-Vault\3-Rules\Character Building\Equipment\R\reflecting-shield.md,Invalid YAML: Unsupported frontmatter at line 34: '  to a mirrorlike sheen. The shield functions as a _spellguard shield_ that can also'
F:\Obsidian\PF2e-Core-Vault\3-Rules\Character Building\Equipment\R\reflexive-tattoo.md,"Invalid YAML: Unsupported frontmatter at line 34: ""  to make out, as it's a near match for the wearer's skin tone. Serving as a barrier"""
F:\Obsidian\PF2e-Core-Vault\3-Rules\Character Building\Equipment\R\reforging-shield.md,"Invalid YAML: Unsupported frontmatter at line 34: ""  Whenever the reforging shield's current Hit Points are below its Break Threshold,"""
F:\Obsidian\PF2e-Core-Vault\3-Rules\Character Building\Equipment\R\reinforced-stock.md,"Invalid YAML: Unsupported frontmatter at line 34: '  for striking in melee.""'"
F:\Obsidian\PF2e-Core-Vault\3-Rules\Character Building\Equipment\R\reinforcing-rune-(greater).md,"Invalid YAML: Unsupported frontmatter at line 34: ""  it to effectively block more powerful attacks.  * * *  The shield's Hardness increases"""
F:\Obsidian\PF2e-Core-Vault\3-Rules\Character Building\Equipment\R\reinforcing-rune-(lesser).md,"Invalid YAML: Unsupported frontmatter at line 34: ""  it to effectively block more powerful attacks.  * * *  The shield's Hardness increases"""
F:\Obsidian\PF2e-Core-Vault\3-Rules\Character Building\Equipment\R\reinforcing-rune-(major).md,"Invalid YAML: Unsupported frontmatter at line 34: ""  it to effectively block more powerful attacks.  * * *  The shield's Hardness increases"""
F:\Obsidian\PF2e-Core-Vault\3-Rules\Character Building\Equipment\R\reinforcing-rune-(minor).md,"Invalid YAML: Unsupported frontmatter at line 34: ""  it to effectively block more powerful attacks.  * * *  The shield's Hardness increases"""
F:\Obsidian\PF2e-Core-Vault\3-Rules\Character Building\Equipment\R\reinforcing-rune-(moderate).md,"Invalid YAML: Unsupported frontmatter at line 34: ""  it to effectively block more powerful attacks.  * * *  The shield's Hardness increases"""
F:\Obsidian\PF2e-Core-Vault\3-Rules\Character Building\Equipment\R\reinforcing-rune-(supreme).md,"Invalid YAML: Unsupported frontmatter at line 34: ""  it to effectively block more powerful attacks.  * * *  The shield's Hardness increases"""
F:\Obsidian\PF2e-Core-Vault\3-Rules\Character Building\Equipment\R\remorhaz-armor.md,"Invalid YAML: Unsupported frontmatter at line 34: '  the passage of an Erutaki warrior into adulthood, formed from the chitinous plates'"
F:\Obsidian\PF2e-Core-Vault\3-Rules\Character Building\Equipment\R\remote-trigger.md,Invalid YAML: Unsupported frontmatter at line 34: '  and crystals to remotely detonate alchemical bombs through harmonic vibrations.'
F:\Obsidian\PF2e-Core-Vault\3-Rules\Character Building\Equipment\R\rending-gauntlets-(greater).md,Invalid YAML: Unsupported frontmatter at line 35: '  per hour  **Requirements** You hit the same creature with two unarmed Strikes in'
F:\Obsidian\PF2e-Core-Vault\3-Rules\Character Building\Equipment\R\rending-gauntlets-(lesser).md,Invalid YAML: Unsupported frontmatter at line 35: '  per hour  **Requirements** You hit the same creature with two unarmed Strikes in'
F:\Obsidian\PF2e-Core-Vault\3-Rules\Character Building\Equipment\R\rending-gauntlets-(moderate).md,Invalid YAML: Unsupported frontmatter at line 35: '  per hour  **Requirements** You hit the same creature with two unarmed Strikes in'
F:\Obsidian\PF2e-Core-Vault\3-Rules\Character Building\Equipment\R\rending-snare.md,"Invalid YAML: Unsupported frontmatter at line 34: '  snare. When triggered, the jaws clamp shut and spin, damaging limbs in the process.'"
F:\Obsidian\PF2e-Core-Vault\3-Rules\Character Building\Equipment\R\repair-toolkit-(superb).md,"Invalid YAML: Unsupported frontmatter at line 34: '  contains a portable anvil, tongs, woodworking tools, a whetstone, and oils for conditioning'"
F:\Obsidian\PF2e-Core-Vault\3-Rules\Character Building\Equipment\R\repeating-crossbow.md,"Invalid YAML: Unsupported frontmatter at line 34: '  five bolts. An automated catch mechanism at the top of the flight groove, just in'"
F:\Obsidian\PF2e-Core-Vault\3-Rules\Character Building\Equipment\R\repeating-hand-crossbow.md,"Invalid YAML: Unsupported frontmatter at line 34: '  at the top of the flight groove, just in front of the latch, which automatically'"
F:\Obsidian\PF2e-Core-Vault\3-Rules\Character Building\Equipment\R\repeating-heavy-crossbow.md,Invalid YAML: Unsupported frontmatter at line 34: '  up to five bolts. While it uses the same automated catch mechanism as other repeating'
F:\Obsidian\PF2e-Core-Vault\3-Rules\Character Building\Equipment\R\replacement-filter-(level-1).md,"Invalid YAML: Unsupported frontmatter at line 34: '  The counteract modifier using this filter is +5.""'"
F:\Obsidian\PF2e-Core-Vault\3-Rules\Character Building\Equipment\R\replacement-filter-(level-10).md,"Invalid YAML: Unsupported frontmatter at line 34: '  The counteract modifier using this filter is +17.""'"
F:\Obsidian\PF2e-Core-Vault\3-Rules\Character Building\Equipment\R\replacement-filter-(level-5).md,"Invalid YAML: Unsupported frontmatter at line 34: '  The counteract modifier using this filter is +9.""'"
F:\Obsidian\PF2e-Core-Vault\3-Rules\Character Building\Equipment\R\repulsion-resin.md,Invalid YAML: Unsupported frontmatter at line 34: '  victim to emit waves of harmful mental energy that repel other creatures. Desperate'
F:\Obsidian\PF2e-Core-Vault\3-Rules\Character Building\Equipment\R\resilient-(greater).md,Invalid YAML: Unsupported frontmatter at line 34: '  grants the wearer a +2 item bonus to saving throws.  You can upgrade the _resilient_'
F:\Obsidian\PF2e-Core-Vault\3-Rules\Character Building\Equipment\R\resilient-(major).md,Invalid YAML: Unsupported frontmatter at line 34: '  grants the wearer a +3 item bonus to saving throws.  You can upgrade the _resilient_'
F:\Obsidian\PF2e-Core-Vault\3-Rules\Character Building\Equipment\R\resolute-mind-wrap.md,Invalid YAML: Unsupported frontmatter at line 34: '  the mind from the intrusion of violence and anger and infused this strip of striped'
F:\Obsidian\PF2e-Core-Vault\3-Rules\Character Building\Equipment\R\resonant-guitar.md,"Invalid YAML: Unsupported frontmatter at line 34: '  is constructed of metal. When the strings are strummed, the gilding on the guitar'"
F:\Obsidian\PF2e-Core-Vault\3-Rules\Character Building\Equipment\R\resonating-ammunition.md,Invalid YAML: Unsupported frontmatter at line 34: '  end of this ammunition is a metallic tuning fork with magical etchings. When an'
F:\Obsidian\PF2e-Core-Vault\3-Rules\Character Building\Equipment\R\resonating-fork-(greater).md,Invalid YAML: Unsupported frontmatter at line 34: '  when touched. The spell attack roll of any spell cast by activating this item is'
F:\Obsidian\PF2e-Core-Vault\3-Rules\Character Building\Equipment\R\resonating-fork-(major).md,Invalid YAML: Unsupported frontmatter at line 34: '  when touched. The spell attack roll of any spell cast by activating this item is'
F:\Obsidian\PF2e-Core-Vault\3-Rules\Character Building\Equipment\R\resonating-fork.md,Invalid YAML: Unsupported frontmatter at line 34: '  when touched. The spell attack roll of any spell cast by activating this item is'
F:\Obsidian\PF2e-Core-Vault\3-Rules\Character Building\Equipment\R\restful-sleep-fulu.md,"Invalid YAML: Unsupported frontmatter at line 34: '  1 hour  * * *  This fulu depicts the five-spoke wheel of Qi Zhong, god of magic'"
F:\Obsidian\PF2e-Core-Vault\3-Rules\Character Building\Equipment\R\restful-tent.md,Invalid YAML: Unsupported frontmatter at line 34: '  The climate inside the tent is comfortable and allows creatures inside it to withstand'
F:\Obsidian\PF2e-Core-Vault\3-Rules\Character Building\Equipment\R\retaliation-(greater).md,Invalid YAML: Unsupported frontmatter at line 35: '  \\  **Frequency** once per hour  **Trigger** You Shield Block a melee Strike  * *'
F:\Obsidian\PF2e-Core-Vault\3-Rules\Character Building\Equipment\R\retaliation-(lesser).md,Invalid YAML: Unsupported frontmatter at line 35: '  \\  **Frequency** once per hour  **Trigger** You Shield Block a melee Strike  * *'
F:\Obsidian\PF2e-Core-Vault\3-Rules\Character Building\Equipment\R\retaliation-(major).md,Invalid YAML: Unsupported frontmatter at line 35: '  \\  **Frequency** once per hour  **Trigger** You Shield Block a melee Strike  * *'
F:\Obsidian\PF2e-Core-Vault\3-Rules\Character Building\Equipment\R\retaliation-(moderate).md,Invalid YAML: Unsupported frontmatter at line 35: '  \\  **Frequency** once per hour  **Trigger** You Shield Block a melee Strike  * *'
F:\Obsidian\PF2e-Core-Vault\3-Rules\Character Building\Equipment\R\retribution-axe.md,"Invalid YAML: Unsupported frontmatter at line 34: '  a creature damages you with an attack, the skull changes its appearance to look'"
F:\Obsidian\PF2e-Core-Vault\3-Rules\Character Building\Equipment\R\retrieval-belt-(greater).md,Invalid YAML: Unsupported frontmatter at line 34: '  carved stone. The belt is tied to an extradimensional space that can hold up to'
F:\Obsidian\PF2e-Core-Vault\3-Rules\Character Building\Equipment\R\retrieval-belt-(major).md,Invalid YAML: Unsupported frontmatter at line 34: '  carved stone. The belt is tied to an extradimensional space that can hold up to'
F:\Obsidian\PF2e-Core-Vault\3-Rules\Character Building\Equipment\R\retrieval-belt.md,Invalid YAML: Unsupported frontmatter at line 34: '  carved stone. The belt is tied to an extradimensional space that can hold one item'
F:\Obsidian\PF2e-Core-Vault\3-Rules\Character Building\Equipment\R\retrieval-prism-(greater).md,Invalid YAML: Unsupported frontmatter at line 34: '  You have a free hand.  * * *  This triangular prism showing swirling black patterns'
F:\Obsidian\PF2e-Core-Vault\3-Rules\Character Building\Equipment\R\retrieval-prism.md,Invalid YAML: Unsupported frontmatter at line 34: '  You have a free hand.  * * *  This triangular prism showing swirling black patterns'
F:\Obsidian\PF2e-Core-Vault\3-Rules\Character Building\Equipment\R\returning-starknife.md,Invalid YAML: Unsupported frontmatter at line 35: '  \\  **Frequency** once per hour  **Trigger** You deal damage to a target with the'
F:\Obsidian\PF2e-Core-Vault\3-Rules\Character Building\Equipment\R\revealing-mist-(greater).md,Invalid YAML: Unsupported frontmatter at line 34: '  mist is an alchemical concoction that creates a sticky and clinging mist of chemicals'
F:\Obsidian\PF2e-Core-Vault\3-Rules\Character Building\Equipment\R\revealing-mist-(lesser).md,Invalid YAML: Unsupported frontmatter at line 34: '  mist is an alchemical concoction that creates a sticky and clinging mist of chemicals'
F:\Obsidian\PF2e-Core-Vault\3-Rules\Character Building\Equipment\R\reverberating-stone-(greater).md,"Invalid YAML: Unsupported frontmatter at line 34: ""  to Shield Block a melee attack  **Requirements** You're a master in Athletics, and"""
F:\Obsidian\PF2e-Core-Vault\3-Rules\Character Building\Equipment\R\reverberating-stone.md,"Invalid YAML: Unsupported frontmatter at line 34: ""  to Shield Block a melee attack  **Requirements** You're a master in Athletics, and"""
F:\Obsidian\PF2e-Core-Vault\3-Rules\Character Building\Equipment\R\rhino-hide-brooch.md,Invalid YAML: Unsupported frontmatter at line 34: '  You would take physical damage.  * * *  This thick brooch is carved from a single'
F:\Obsidian\PF2e-Core-Vault\3-Rules\Character Building\Equipment\R\rhino-shot.md,"Invalid YAML: Unsupported frontmatter at line 34: '  is made of polished animal horn, with the head of a rhinoceros carved in place of'"
F:\Obsidian\PF2e-Core-Vault\3-Rules\Character Building\Equipment\R\rhinoceros-mask-(greater).md,"Invalid YAML: Unsupported frontmatter at line 34: '  grants you increased momentum. If you Stride at least 10 feet, your next melee Strike'"
F:\Obsidian\PF2e-Core-Vault\3-Rules\Character Building\Equipment\R\rhinoceros-mask.md,"Invalid YAML: Unsupported frontmatter at line 34: '  grants you increased momentum. If you Stride at least 10 feet, your next melee Strike'"
F:\Obsidian\PF2e-Core-Vault\3-Rules\Character Building\Equipment\R\rhoka-sword.md,"Invalid YAML: Unsupported frontmatter at line 34: '  all urdefhans know how to wield these instruments of war.""'"
F:\Obsidian\PF2e-Core-Vault\3-Rules\Character Building\Equipment\R\rhythm-bone-(greater).md,"Invalid YAML: Unsupported frontmatter at line 34: ""  metal at its ends. It's activated by striking it against a hard surface.  * * *\\"""
F:\Obsidian\PF2e-Core-Vault\3-Rules\Character Building\Equipment\R\rhythm-bone.md,"Invalid YAML: Unsupported frontmatter at line 34: ""  metal at its ends. It's activated by striking it against a hard surface.  * * *\\"""
F:\Obsidian\PF2e-Core-Vault\3-Rules\Character Building\Equipment\R\right-of-retribution.md,Invalid YAML: Unsupported frontmatter at line 34: '  Religion  * * *  Profane powers of vengeance are yours to inflict.  **Benefit**'
F:\Obsidian\PF2e-Core-Vault\3-Rules\Character Building\Equipment\R\rime-crystal-(greater).md,Invalid YAML: Unsupported frontmatter at line 34: '  and its surface remains lightly covered in frost no matter how hot the weather is'
F:\Obsidian\PF2e-Core-Vault\3-Rules\Character Building\Equipment\R\rime-crystal-(major).md,Invalid YAML: Unsupported frontmatter at line 34: '  and its surface remains lightly covered in frost no matter how hot the weather is'
F:\Obsidian\PF2e-Core-Vault\3-Rules\Character Building\Equipment\R\rime-crystal.md,Invalid YAML: Unsupported frontmatter at line 34: '  and its surface remains lightly covered in frost no matter how hot the weather is'
F:\Obsidian\PF2e-Core-Vault\3-Rules\Character Building\Equipment\R\rime-foil.md,"Invalid YAML: Unsupported frontmatter at line 34: ""  a hilt wrapped in thick leather and trimmed in fur to protect the wielder's hand.\\"""
F:\Obsidian\PF2e-Core-Vault\3-Rules\Character Building\Equipment\R\rime-jar.md,"Invalid YAML: Unsupported frontmatter at line 34: '  of a human head. Despite appearing to be rimed in hoarfrost, the jar is warm to'"
F:\Obsidian\PF2e-Core-Vault\3-Rules\Character Building\Equipment\R\ring-of-bestial-friendship.md,Invalid YAML: Unsupported frontmatter at line 35: '  You cast [[Spells/Charm|Charm]] (heightened to 4th level) on an animal or beast'
F:\Obsidian\PF2e-Core-Vault\3-Rules\Character Building\Equipment\R\ring-of-climbing.md,Invalid YAML: Unsupported frontmatter at line 34: '  sheer surfaces when you are Climbing. This ring grants you a climb Speed equal to'
F:\Obsidian\PF2e-Core-Vault\3-Rules\Character Building\Equipment\R\ring-of-counterspells.md,Invalid YAML: Unsupported frontmatter at line 34: '  colored and wildly clashing inlaid gemstones. A spellcaster can cast a single spell'
F:\Obsidian\PF2e-Core-Vault\3-Rules\Character Building\Equipment\R\ring-of-discretion.md,"Invalid YAML: Unsupported frontmatter at line 34: ""  you're wearing by either turning them invisible or creating the illusion of ordinary"""
F:\Obsidian\PF2e-Core-Vault\3-Rules\Character Building\Equipment\R\ring-of-lies.md,Invalid YAML: Unsupported frontmatter at line 35: '  (manipulate)  **Frequency** once per day  * * *  **Effect** Snapping your fingers'
F:\Obsidian\PF2e-Core-Vault\3-Rules\Character Building\Equipment\R\ring-of-maniacal-devices-(greater).md,Invalid YAML: Unsupported frontmatter at line 34: '  curiosity about traps and devices of all kinds.  You can use an Interact action'
F:\Obsidian\PF2e-Core-Vault\3-Rules\Character Building\Equipment\R\ring-of-maniacal-devices.md,Invalid YAML: Unsupported frontmatter at line 34: '  curiosity about traps and devices of all kinds.  You can use an Interact action'
F:\Obsidian\PF2e-Core-Vault\3-Rules\Character Building\Equipment\R\ring-of-minor-arcana.md,Invalid YAML: Unsupported frontmatter at line 34: '  horned skull. This ring gives you the power to cast the following innate arcane'
F:\Obsidian\PF2e-Core-Vault\3-Rules\Character Building\Equipment\R\ring-of-observation-(greater).md,"Invalid YAML: Unsupported frontmatter at line 34: ""  amber-colored cat-eye gemstone. While the gemstone itself isn't magical, it gives"""
F:\Obsidian\PF2e-Core-Vault\3-Rules\Character Building\Equipment\R\ring-of-observation-(lesser).md,"Invalid YAML: Unsupported frontmatter at line 34: ""  amber-colored cat-eye gemstone. While the gemstone itself isn't magical, it gives"""
F:\Obsidian\PF2e-Core-Vault\3-Rules\Character Building\Equipment\R\ring-of-observation-(moderate).md,"Invalid YAML: Unsupported frontmatter at line 34: ""  amber-colored cat-eye gemstone. While the gemstone itself isn't magical, it gives"""
F:\Obsidian\PF2e-Core-Vault\3-Rules\Character Building\Equipment\R\ring-of-ravenousness.md,Invalid YAML: Unsupported frontmatter at line 34: '  pattern. The ring appears to be a _[[Equipment/Ring of Sustenance|Ring of Sustenance]]_.'
F:\Obsidian\PF2e-Core-Vault\3-Rules\Character Building\Equipment\R\ring-of-recalcitrant-wishes.md,"Invalid YAML: Unsupported frontmatter at line 34: '  topped with a gleaming, luminescent opal gently bleeding wisps of shadowstuff. \\'"
F:\Obsidian\PF2e-Core-Vault\3-Rules\Character Building\Equipment\R\ring-of-sigils-(greater).md,Invalid YAML: Unsupported frontmatter at line 34: '  adding one to represent you when you invest it. The ring allows you to cast [[Spells/Sigil|Sigil]]'
F:\Obsidian\PF2e-Core-Vault\3-Rules\Character Building\Equipment\R\ring-of-sigils.md,Invalid YAML: Unsupported frontmatter at line 34: '  adding one to represent you when you invest it. The ring allows you to cast [[Spells/Sigil|Sigil]]'
F:\Obsidian\PF2e-Core-Vault\3-Rules\Character Building\Equipment\R\ring-of-spell-turning.md,Invalid YAML: Unsupported frontmatter at line 35: '  ring replicates the effects of an 8th-rank [[Spells/Spell Turning|Spell Turning]]'
F:\Obsidian\PF2e-Core-Vault\3-Rules\Character Building\Equipment\R\ring-of-stoneshifting.md,Invalid YAML: Unsupported frontmatter at line 34: '  purple crystals. A _ring of stoneshifting_ grants you the ability to ignore difficult'
F:\Obsidian\PF2e-Core-Vault\3-Rules\Character Building\Equipment\R\ring-of-sustenance.md,"Invalid YAML: Unsupported frontmatter at line 34: ""  don't need to eat or drink while wearing it, and you need only 2 hours of sleep"""
F:\Obsidian\PF2e-Core-Vault\3-Rules\Character Building\Equipment\R\ring-of-swimming.md,"Invalid YAML: Unsupported frontmatter at line 34: '  Speed. Penalties to your Speed (including from your armor) apply before halving.""'"
F:\Obsidian\PF2e-Core-Vault\3-Rules\Character Building\Equipment\R\ring-of-the-ram-(greater).md,Invalid YAML: Unsupported frontmatter at line 35: '  minute  * * *  **Effect** A ram-shaped blast of force slams into one foe that you'
F:\Obsidian\PF2e-Core-Vault\3-Rules\Character Building\Equipment\R\ring-of-the-ram.md,Invalid YAML: Unsupported frontmatter at line 35: '  minute  * * *  **Effect** A ram-shaped blast of force slams into one foe that you'
F:\Obsidian\PF2e-Core-Vault\3-Rules\Character Building\Equipment\R\ring-of-the-tiger-(greater).md,Invalid YAML: Unsupported frontmatter at line 34: '  each other through grasslands and forests. _Rings of the tiger_ are traditionally'
F:\Obsidian\PF2e-Core-Vault\3-Rules\Character Building\Equipment\R\ring-of-the-tiger.md,Invalid YAML: Unsupported frontmatter at line 34: '  each other through grasslands and forests. _Rings of the tiger_ are traditionally'
F:\Obsidian\PF2e-Core-Vault\3-Rules\Character Building\Equipment\R\ring-of-the-weary-traveler.md,"Invalid YAML: Unsupported frontmatter at line 34: '  decorations and is inlaid with three bright-green emeralds. While wearing this ring,'"
F:\Obsidian\PF2e-Core-Vault\3-Rules\Character Building\Equipment\R\ring-of-torag.md,"Invalid YAML: Unsupported frontmatter at line 35: ""  round  **Requirements** You're taking persistent fire damage  **Effect** You call"""
F:\Obsidian\PF2e-Core-Vault\3-Rules\Character Building\Equipment\R\ring-of-truth.md,Invalid YAML: Unsupported frontmatter at line 34: '  reveals angelic wings and divine creatures hidden on the face of the ring. When'
F:\Obsidian\PF2e-Core-Vault\3-Rules\Character Building\Equipment\R\ring-of-wizardry-(type-i).md,Invalid YAML: Unsupported frontmatter at line 34: '  arcane symbols. It does nothing unless you have a spellcasting class feature with'
F:\Obsidian\PF2e-Core-Vault\3-Rules\Character Building\Equipment\R\ring-of-wizardry-(type-ii).md,Invalid YAML: Unsupported frontmatter at line 34: '  arcane symbols. It does nothing unless you have a spellcasting class feature with'
F:\Obsidian\PF2e-Core-Vault\3-Rules\Character Building\Equipment\R\ring-of-wizardry-(type-iii).md,Invalid YAML: Unsupported frontmatter at line 34: '  arcane symbols. It does nothing unless you have a spellcasting class feature with'
F:\Obsidian\PF2e-Core-Vault\3-Rules\Character Building\Equipment\R\ring-of-wizardry-(type-iv).md,Invalid YAML: Unsupported frontmatter at line 34: '  arcane symbols. It does nothing unless you have a spellcasting class feature with'
F:\Obsidian\PF2e-Core-Vault\3-Rules\Character Building\Equipment\R\ringmasters-staff-(greater).md,"Invalid YAML: Unsupported frontmatter at line 34: '  walking cane, complete with a silver head shaped like a large circus animal such'"
F:\Obsidian\PF2e-Core-Vault\3-Rules\Character Building\Equipment\R\ringmasters-staff.md,"Invalid YAML: Unsupported frontmatter at line 34: '  walking cane, complete with a silver head shaped like a large circus animal such'"
F:\Obsidian\PF2e-Core-Vault\3-Rules\Character Building\Equipment\R\rite-of-reinforcement-exoskeleton.md,Invalid YAML: Unsupported frontmatter at line 34: '  exoskeleton rivals the hardest armors that can be found. Your exoskeleton is medium'
F:\Obsidian\PF2e-Core-Vault\3-Rules\Character Building\Equipment\R\roaring-potion-(greater).md,"Invalid YAML: Unsupported frontmatter at line 34: '  potion, a cloudy liquid that growls when you open its container. Drinking it gives'"
F:\Obsidian\PF2e-Core-Vault\3-Rules\Character Building\Equipment\R\roaring-potion-(lesser).md,"Invalid YAML: Unsupported frontmatter at line 34: '  potion, a cloudy liquid that growls when you open its container. Drinking it gives'"
F:\Obsidian\PF2e-Core-Vault\3-Rules\Character Building\Equipment\R\roaring-potion-(moderate).md,"Invalid YAML: Unsupported frontmatter at line 34: '  potion, a cloudy liquid that growls when you open its container. Drinking it gives'"
F:\Obsidian\PF2e-Core-Vault\3-Rules\Character Building\Equipment\R\robe-of-eyes.md,Invalid YAML: Unsupported frontmatter at line 34: '  numerous strange and alien eyes of varied shapes and colors open and blink across'
F:\Obsidian\PF2e-Core-Vault\3-Rules\Character Building\Equipment\R\robe-of-feathers-fall.md,Invalid YAML: Unsupported frontmatter at line 34: '  of magic experimentation gone awry. Dared to create a robe that would continually'
F:\Obsidian\PF2e-Core-Vault\3-Rules\Character Building\Equipment\R\robe-of-stone.md,"Invalid YAML: Unsupported frontmatter at line 34: '  constantly sheds tiny amounts of dust. While wearing it, you gain imprecise tremorsense'"
F:\Obsidian\PF2e-Core-Vault\3-Rules\Character Building\Equipment\R\robe-of-the-archmagi-(greater).md,Invalid YAML: Unsupported frontmatter at line 34: '  robes come in one of three colors depending on their attuned alignment. Good robes'
F:\Obsidian\PF2e-Core-Vault\3-Rules\Character Building\Equipment\R\robe-of-the-archmagi.md,Invalid YAML: Unsupported frontmatter at line 34: '  robes come in one of three colors depending on their attuned alignment. Good robes'
F:\Obsidian\PF2e-Core-Vault\3-Rules\Character Building\Equipment\R\roc-shaft-arrow-(greater).md,"Invalid YAML: Unsupported frontmatter at line 34: ""  these arrows is made from an immense roc's flight feather, most of whose vanes have"""
F:\Obsidian\PF2e-Core-Vault\3-Rules\Character Building\Equipment\R\roc-shaft-arrow-(lesser).md,"Invalid YAML: Unsupported frontmatter at line 34: ""  these arrows is made from an immense roc's flight feather, most of whose vanes have"""
F:\Obsidian\PF2e-Core-Vault\3-Rules\Character Building\Equipment\R\roc-shaft-arrow-(moderate).md,"Invalid YAML: Unsupported frontmatter at line 34: ""  these arrows is made from an immense roc's flight feather, most of whose vanes have"""
F:\Obsidian\PF2e-Core-Vault\3-Rules\Character Building\Equipment\R\rock-ripper-snare.md,"Invalid YAML: Unsupported frontmatter at line 34: ""  ceiling overhead. When a creature enters the square, the snare's square and each"""
F:\Obsidian\PF2e-Core-Vault\3-Rules\Character Building\Equipment\R\rod-of-cancellation.md,"Invalid YAML: Unsupported frontmatter at line 35: '  item and attempt to counteract the effect or item. Regardless of the result, the'"
F:\Obsidian\PF2e-Core-Vault\3-Rules\Character Building\Equipment\R\rod-of-negation.md,"Invalid YAML: Unsupported frontmatter at line 34: '  Interact  * * *  **Effect** This rod emits a thin, gray beam that negates a spell'"
F:\Obsidian\PF2e-Core-Vault\3-Rules\Character Building\Equipment\R\rod-of-razors.md,"Invalid YAML: Unsupported frontmatter at line 34: ""  and a strange scepter of alien design. The rod's blades are edged in adamantine,"""
F:\Obsidian\PF2e-Core-Vault\3-Rules\Character Building\Equipment\R\rod-of-wonder.md,Invalid YAML: Unsupported frontmatter at line 35: '  Interact  * * *  **Effect** Choose a creature within 60 feet and roll d% on the'
F:\Obsidian\PF2e-Core-Vault\3-Rules\Character Building\Equipment\R\root-boots.md,Invalid YAML: Unsupported frontmatter at line 34: '  roots. The boots allow for full-foot flexibility despite their sturdy make and smell'
F:\Obsidian\PF2e-Core-Vault\3-Rules\Character Building\Equipment\R\rooting-(greater).md,"Invalid YAML: Unsupported frontmatter at line 34: ""  its contours. On a critical hit with the weapon, roots grow from the target. It's"""
F:\Obsidian\PF2e-Core-Vault\3-Rules\Character Building\Equipment\R\rooting-(major).md,"Invalid YAML: Unsupported frontmatter at line 34: ""  its contours. On a critical hit with the weapon, roots grow from the target. It's"""
F:\Obsidian\PF2e-Core-Vault\3-Rules\Character Building\Equipment\R\rooting-(true).md,"Invalid YAML: Unsupported frontmatter at line 34: ""  its contours. On a critical hit with the weapon, roots grow from the target. It's"""
F:\Obsidian\PF2e-Core-Vault\3-Rules\Character Building\Equipment\R\rope-dart.md,"Invalid YAML: Unsupported frontmatter at line 34: '  weighted, conical metal spike. A rope dart can be whirled and manipulated at great'"
F:\Obsidian\PF2e-Core-Vault\3-Rules\Character Building\Equipment\R\rope-of-climbing-(greater).md,"Invalid YAML: Unsupported frontmatter at line 34: '  3,000 pounds. If the rope is ever cut, only the longest remaining portion retains'"
F:\Obsidian\PF2e-Core-Vault\3-Rules\Character Building\Equipment\R\rope-of-climbing-(lesser).md,"Invalid YAML: Unsupported frontmatter at line 34: '  3,000 pounds. If the rope is ever cut, only the longest remaining portion retains'"
F:\Obsidian\PF2e-Core-Vault\3-Rules\Character Building\Equipment\R\rope-of-climbing-(moderate).md,"Invalid YAML: Unsupported frontmatter at line 34: '  3,000 pounds. If the rope is ever cut, only the longest remaining portion retains'"
F:\Obsidian\PF2e-Core-Vault\3-Rules\Character Building\Equipment\R\rose-of-loves-lost.md,"Invalid YAML: Unsupported frontmatter at line 34: '  crystal rose, which seems to grant a boon to a loved one, but it draws three beads'"
F:\Obsidian\PF2e-Core-Vault\3-Rules\Character Building\Equipment\R\rotary-bow.md,Invalid YAML: Unsupported frontmatter at line 34: '  chambers that can be pre-loaded with bolts for more efficient firing. The chamber'
F:\Obsidian\PF2e-Core-Vault\3-Rules\Character Building\Equipment\R\rovagugs-mud-(greater).md,"Invalid YAML: Unsupported frontmatter at line 34: '  wet, sour earth. For 1 hour after you drink it, you have a +2 item bonus to saving'"
F:\Obsidian\PF2e-Core-Vault\3-Rules\Character Building\Equipment\R\rovagugs-mud.md,"Invalid YAML: Unsupported frontmatter at line 34: '  wet, sour earth. For 1 hour after you drink it, you have a +2 item bonus to saving'"
F:\Obsidian\PF2e-Core-Vault\3-Rules\Character Building\Equipment\R\rowan-rifle.md,"Invalid YAML: Unsupported frontmatter at line 34: '  ago, even before Earthfall. While this metal was poisonous to most of the plant'"
F:\Obsidian\PF2e-Core-Vault\3-Rules\Character Building\Equipment\R\ruby-capacitor-(greater).md,Invalid YAML: Unsupported frontmatter at line 34: '  \\  * * *  This cluster of unworked ruby is bound to the top of a staff by silver'
F:\Obsidian\PF2e-Core-Vault\3-Rules\Character Building\Equipment\R\ruby-capacitor-(major).md,Invalid YAML: Unsupported frontmatter at line 34: '  \\  * * *  This cluster of unworked ruby is bound to the top of a staff by silver'
F:\Obsidian\PF2e-Core-Vault\3-Rules\Character Building\Equipment\R\ruby-capacitor.md,Invalid YAML: Unsupported frontmatter at line 34: '  \\  * * *  This cluster of unworked ruby is bound to the top of a staff by silver'
F:\Obsidian\PF2e-Core-Vault\3-Rules\Character Building\Equipment\R\ruby-string.md,"Invalid YAML: Unsupported frontmatter at line 34: ""  contain traces of the Ruby Phoenix's magic. Hao Jin has collected most of these"""
F:\Obsidian\PF2e-Core-Vault\3-Rules\Character Building\Equipment\R\rune-of-sin-(envy).md,"Invalid YAML: Unsupported frontmatter at line 34: '  magic. When you Cast an abjuration Spell, you gain resistance 5 to damage from spells'"
F:\Obsidian\PF2e-Core-Vault\3-Rules\Character Building\Equipment\R\rune-of-sin-(gluttony).md,"Invalid YAML: Unsupported frontmatter at line 34: '  necromancy magic. When you Cast a necromancy Spell, you gain resistance 5 to damage'"
F:\Obsidian\PF2e-Core-Vault\3-Rules\Character Building\Equipment\R\rune-of-sin-(greed).md,"Invalid YAML: Unsupported frontmatter at line 34: '  magic. When you Cast a transmutation Spell, you gain resistance 5 to damage from'"
F:\Obsidian\PF2e-Core-Vault\3-Rules\Character Building\Equipment\R\rune-of-sin-(lust).md,"Invalid YAML: Unsupported frontmatter at line 34: '  magic. When you Cast an enchantment Spell, you gain resistance 5 to damage from'"
F:\Obsidian\PF2e-Core-Vault\3-Rules\Character Building\Equipment\R\rune-of-sin-(pride).md,"Invalid YAML: Unsupported frontmatter at line 34: '  magic. When you Cast an illusion Spell, you gain resistance 5 to damage from spells'"
F:\Obsidian\PF2e-Core-Vault\3-Rules\Character Building\Equipment\R\rune-of-sin-(sloth).md,"Invalid YAML: Unsupported frontmatter at line 34: '  magic. When you Cast a conjuration Spell, you gain resistance 5 to damage from spells'"
F:\Obsidian\PF2e-Core-Vault\3-Rules\Character Building\Equipment\R\rune-of-sin-(wrath).md,"Invalid YAML: Unsupported frontmatter at line 34: '  magic. When you Cast an evocation Spell, you gain resistance 5 to damage from spells'"
F:\Obsidian\PF2e-Core-Vault\3-Rules\Character Building\Equipment\R\rune-of-sin.md,"Invalid YAML: Unsupported frontmatter at line 34: ""  of a particular school (there's no rune for divination, as it was considered lesser"""
F:\Obsidian\PF2e-Core-Vault\3-Rules\Character Building\Equipment\R\runescribed-disk.md,"Invalid YAML: Unsupported frontmatter at line 34: ""  move trait  **Requirements** You're an expert in Acrobatics.  * * *  This decorative"""
F:\Obsidian\PF2e-Core-Vault\3-Rules\Character Building\Equipment\R\rust-scrub.md,Invalid YAML: Unsupported frontmatter at line 34: '  with citron juice and alchemical ingredients that allow it to fight rust on metallic'
F:\Obsidian\PF2e-Core-Vault\3-Rules\Character Building\Equipment\R\rusting-ammunition-(greater).md,"Invalid YAML: Unsupported frontmatter at line 34: ""  is made using a rust monster's saliva and, when activated, deals damage to objects"""
F:\Obsidian\PF2e-Core-Vault\3-Rules\Character Building\Equipment\R\rusting-ammunition-(moderate).md,"Invalid YAML: Unsupported frontmatter at line 34: ""  is made using a rust monster's saliva and, when activated, deals damage to objects"""
F:\Obsidian\PF2e-Core-Vault\3-Rules\Character Building\Equipment\R\rusting-carapace.md,"Invalid YAML: Unsupported frontmatter at line 34: ""  hide, woven together with the creature's own antennae and sinew into a functional"""
F:\Obsidian\PF2e-Core-Vault\3-Rules\Character Building\Equipment\R\rusting-snare.md,Invalid YAML: Unsupported frontmatter at line 34: '  items; skymetals and most precious metals are immune. The chemicals affect a non-magical'
F:\Obsidian\PF2e-Core-Vault\3-Rules\Character Building\Equipment\S\saboteurs-friend.md,"Invalid YAML: Unsupported frontmatter at line 34: '  friend looks, smells, and tastes like an appetizing chocolate square. You lace the'"
F:\Obsidian\PF2e-Core-Vault\3-Rules\Character Building\Equipment\S\sack-of-rotten-fruit.md,"Invalid YAML: Unsupported frontmatter at line 34: ""  enough rotting fruit to provide a fungus leshy with 1 week's worth of rations, along"""
F:\Obsidian\PF2e-Core-Vault\3-Rules\Character Building\Equipment\S\sacred-valkyrie-helm.md,Invalid YAML: Unsupported frontmatter at line 34: '  with images of valkyries in the service of benevolent deities. You gain a +3 item'
F:\Obsidian\PF2e-Core-Vault\3-Rules\Character Building\Equipment\S\sages-bloom.md,"Invalid YAML: Unsupported frontmatter at line 34: ""  check to [[Actions/Recall Knowledge|Recall Knowledge]] but haven't rolled  **Requirements**"""
F:\Obsidian\PF2e-Core-Vault\3-Rules\Character Building\Equipment\S\saints-balm.md,"Invalid YAML: Unsupported frontmatter at line 34: '  powdered bones of a long-forgotten saint, mixed with herbs and blessed by a priest.'"
F:\Obsidian\PF2e-Core-Vault\3-Rules\Character Building\Equipment\S\sairazul-blue.md,Invalid YAML: Unsupported frontmatter at line 34: '  a rich navy blue in color. Subjects of the Crystalline Queen produced the potion'
F:\Obsidian\PF2e-Core-Vault\3-Rules\Character Building\Equipment\S\sakuras-sprig.md,"Invalid YAML: Unsupported frontmatter at line 34: ""  target with the affixed weapon  **Requirements** You're trained in the affixed weapon.\\"""
F:\Obsidian\PF2e-Core-Vault\3-Rules\Character Building\Equipment\S\salve-of-antiparalysis-(greater).md,"Invalid YAML: Unsupported frontmatter at line 34: '  to a creature helps it overcome magical paralysis. If the creature is petrified,'"
F:\Obsidian\PF2e-Core-Vault\3-Rules\Character Building\Equipment\S\salve-of-antiparalysis.md,Invalid YAML: Unsupported frontmatter at line 34: '  to a creature helps it overcome magical paralysis. The salve attempts to counteract'
F:\Obsidian\PF2e-Core-Vault\3-Rules\Character Building\Equipment\S\sampling-ammunition.md,"Invalid YAML: Unsupported frontmatter at line 34: '  a pointed glass cylinder with a hollow core. Upon hitting a corporeal creature,'"
F:\Obsidian\PF2e-Core-Vault\3-Rules\Character Building\Equipment\S\sanctified-beans.md,Invalid YAML: Unsupported frontmatter at line 34: '  by a priest to ward against all various forms of otherworldly influence but are'
F:\Obsidian\PF2e-Core-Vault\3-Rules\Character Building\Equipment\S\sandals-of-the-stag.md,Invalid YAML: Unsupported frontmatter at line 34: '  Etched in the leather are intricate patterns of stags leaping through the forest.'
F:\Obsidian\PF2e-Core-Vault\3-Rules\Character Building\Equipment\S\sandalwood-fan.md,"Invalid YAML: Unsupported frontmatter at line 34: '  of Wood, often of the site where the fan was created. Fanning it through the air'"
F:\Obsidian\PF2e-Core-Vault\3-Rules\Character Building\Equipment\S\sandstorm-top.md,Invalid YAML: Unsupported frontmatter at line 34: '  by playing with magical tops. Though the paint on this wooden top has long since'
F:\Obsidian\PF2e-Core-Vault\3-Rules\Character Building\Equipment\S\sanguine-fang-(greater).md,Invalid YAML: Unsupported frontmatter at line 34: '  crimson with slowly dripping blood. The spell DC of any spell cast by activating'
F:\Obsidian\PF2e-Core-Vault\3-Rules\Character Building\Equipment\S\sanguine-fang-(major).md,Invalid YAML: Unsupported frontmatter at line 34: '  crimson with slowly dripping blood. The spell DC of any spell cast by activating'
F:\Obsidian\PF2e-Core-Vault\3-Rules\Character Building\Equipment\S\sanguine-fang.md,Invalid YAML: Unsupported frontmatter at line 34: '  crimson with slowly dripping blood. The spell DC of any spell cast by activating'
F:\Obsidian\PF2e-Core-Vault\3-Rules\Character Building\Equipment\S\sanguine-klar-(greater).md,Invalid YAML: Unsupported frontmatter at line 35: '  once per round  **Trigger** You or a creature within 30 feet of you suffers bleed'
F:\Obsidian\PF2e-Core-Vault\3-Rules\Character Building\Equipment\S\sanguine-klar.md,Invalid YAML: Unsupported frontmatter at line 35: '  once per round  **Trigger** You or a creature within 5 feet of you suffers bleed'
F:\Obsidian\PF2e-Core-Vault\3-Rules\Character Building\Equipment\S\sanguine-mutagen-(greater).md,"Invalid YAML: Unsupported frontmatter at line 34: '  blood production, filtering out contagions and boosting your endurance but causing'"
F:\Obsidian\PF2e-Core-Vault\3-Rules\Character Building\Equipment\S\sanguine-mutagen-(lesser).md,"Invalid YAML: Unsupported frontmatter at line 34: '  blood production, filtering out contagions and boosting your endurance but causing'"
F:\Obsidian\PF2e-Core-Vault\3-Rules\Character Building\Equipment\S\sanguine-mutagen-(major).md,"Invalid YAML: Unsupported frontmatter at line 34: '  blood production, filtering out contagions and boosting your endurance but causing'"
F:\Obsidian\PF2e-Core-Vault\3-Rules\Character Building\Equipment\S\sanguine-mutagen-(moderate).md,"Invalid YAML: Unsupported frontmatter at line 34: '  blood production, filtering out contagions and boosting your endurance but causing'"
F:\Obsidian\PF2e-Core-Vault\3-Rules\Character Building\Equipment\S\sanguine-pendant-(greater).md,Invalid YAML: Unsupported frontmatter at line 34: '  that expands and contracts as you cast spells. A sanguine pendant is associated'
F:\Obsidian\PF2e-Core-Vault\3-Rules\Character Building\Equipment\S\sanguine-pendant.md,Invalid YAML: Unsupported frontmatter at line 34: '  that expands and contracts as you cast spells. A sanguine pendant is associated'
F:\Obsidian\PF2e-Core-Vault\3-Rules\Character Building\Equipment\S\sanitizing-pin.md,Invalid YAML: Unsupported frontmatter at line 34: '  against a disease or poison.  * * *  This pin includes a piece of gauze wrapped'
F:\Obsidian\PF2e-Core-Vault\3-Rules\Character Building\Equipment\S\sapling-shield-(greater).md,"Invalid YAML: Unsupported frontmatter at line 34: '  11, HP 88, and BT 44) is emblazoned with the image of a sapling. The sapling withers'"
F:\Obsidian\PF2e-Core-Vault\3-Rules\Character Building\Equipment\S\sapling-shield-(lesser).md,"Invalid YAML: Unsupported frontmatter at line 34: '  6, HP 48, and BT 24) is emblazoned with the image of a sapling. The sapling withers'"
F:\Obsidian\PF2e-Core-Vault\3-Rules\Character Building\Equipment\S\sapling-shield-(major).md,"Invalid YAML: Unsupported frontmatter at line 34: '  13, HP 104, and BT 52) is emblazoned with the image of a sapling. The sapling withers'"
F:\Obsidian\PF2e-Core-Vault\3-Rules\Character Building\Equipment\S\sapling-shield-(minor).md,"Invalid YAML: Unsupported frontmatter at line 34: '  3, HP 24, and BT 12) is emblazoned with the image of a sapling. The sapling withers'"
F:\Obsidian\PF2e-Core-Vault\3-Rules\Character Building\Equipment\S\sapling-shield-(moderate).md,"Invalid YAML: Unsupported frontmatter at line 34: '  8, HP 64, and BT 32) is emblazoned with the image of a sapling. The sapling withers'"
F:\Obsidian\PF2e-Core-Vault\3-Rules\Character Building\Equipment\S\sapling-shield-(true).md,"Invalid YAML: Unsupported frontmatter at line 34: '  15, HP 120, and BT 60) is emblazoned with the image of a sapling. The sapling withers'"
F:\Obsidian\PF2e-Core-Vault\3-Rules\Character Building\Equipment\S\sargassum-phial.md,"Invalid YAML: Unsupported frontmatter at line 34: '  below the surface of this glass container holding a large, dried heap of fungal-encrusted'"
F:\Obsidian\PF2e-Core-Vault\3-Rules\Character Building\Equipment\S\sarkorian-god-caller-garb.md,"Invalid YAML: Unsupported frontmatter at line 34: '  a particular Sarkorian deity and adorned with symbols sacred to Sarkorian god callers,'"
F:\Obsidian\PF2e-Core-Vault\3-Rules\Character Building\Equipment\S\sash-of-books.md,"Invalid YAML: Unsupported frontmatter at line 34: '  at either end and a set of simple tassels. While wearing the sash, you feel as if'"
F:\Obsidian\PF2e-Core-Vault\3-Rules\Character Building\Equipment\S\sash-of-prowess-(greater).md,Invalid YAML: Unsupported frontmatter at line 34: '  sash of prowess often bears a coloration or a pattern that represents the monastery'
F:\Obsidian\PF2e-Core-Vault\3-Rules\Character Building\Equipment\S\sash-of-prowess.md,Invalid YAML: Unsupported frontmatter at line 34: '  sash of prowess often bears a coloration or a pattern that represents the monastery'
F:\Obsidian\PF2e-Core-Vault\3-Rules\Character Building\Equipment\S\saurian-spike-(greater).md,Invalid YAML: Unsupported frontmatter at line 34: '  from some former battle scar its surface. The bearer of a _saurian spike_ often'
F:\Obsidian\PF2e-Core-Vault\3-Rules\Character Building\Equipment\S\saurian-spike-(major).md,Invalid YAML: Unsupported frontmatter at line 34: '  from some former battle scar its surface. The bearer of a _saurian spike_ often'
F:\Obsidian\PF2e-Core-Vault\3-Rules\Character Building\Equipment\S\saurian-spike.md,Invalid YAML: Unsupported frontmatter at line 34: '  from some former battle scar its surface. The bearer of a _saurian spike_ often'
F:\Obsidian\PF2e-Core-Vault\3-Rules\Character Building\Equipment\S\savior-spike.md,"Invalid YAML: Unsupported frontmatter at line 34: ""  an Edge|Grab an Edge]] but haven't rolled  * * *  This pyramid-shaped spike is attached"""
F:\Obsidian\PF2e-Core-Vault\3-Rules\Character Building\Equipment\S\sawtooth-saber.md,"Invalid YAML: Unsupported frontmatter at line 34: '  is serrated like a saw, hence the name.""'"
F:\Obsidian\PF2e-Core-Vault\3-Rules\Character Building\Equipment\S\scalding-gauntlets-(greater).md,Invalid YAML: Unsupported frontmatter at line 34: '  scalding gauntlets_ are a pair of _+2 greater striking flaming spiked gauntlets_.'
F:\Obsidian\PF2e-Core-Vault\3-Rules\Character Building\Equipment\S\scalding-gauntlets-(major).md,Invalid YAML: Unsupported frontmatter at line 34: '  scalding gauntlets_ are a pair of _+2 greater striking flaming spiked gauntlets_.'
F:\Obsidian\PF2e-Core-Vault\3-Rules\Character Building\Equipment\S\scalding-gauntlets-(true).md,Invalid YAML: Unsupported frontmatter at line 34: '  scalding gauntlets_ are a pair of _+3 greater striking greater flaming spiked gauntlets_.'
F:\Obsidian\PF2e-Core-Vault\3-Rules\Character Building\Equipment\S\scalding-gauntlets.md,Invalid YAML: Unsupported frontmatter at line 34: '  gauntlets_ are a pair of _+2 striking spiked gauntlets_. The intricate golden gauntlets'
F:\Obsidian\PF2e-Core-Vault\3-Rules\Character Building\Equipment\S\scale-of-igroon.md,"Invalid YAML: Unsupported frontmatter at line 34: '  light around it in a shimmering haze. A scale of Igroon (Hardness 20, HP 160, BT'"
F:\Obsidian\PF2e-Core-Vault\3-Rules\Character Building\Equipment\S\scapular-of-shields.md,"Invalid YAML: Unsupported frontmatter at line 34: '  the cloak, you feel protected and capable of withstanding even the deadliest blows.'"
F:\Obsidian\PF2e-Core-Vault\3-Rules\Character Building\Equipment\S\scarab-cuirass.md,"Invalid YAML: Unsupported frontmatter at line 34: '  to resemble an Osiriani scarab beetle, feels strangely chitinous. You gain resistance'"
F:\Obsidian\PF2e-Core-Vault\3-Rules\Character Building\Equipment\S\scarlet-mist.md,"Invalid YAML: Unsupported frontmatter at line 34: '  and an agitating agent, scarlet mist causes bleeding that turns into a foaming mist.'"
F:\Obsidian\PF2e-Core-Vault\3-Rules\Character Building\Equipment\S\scarlet-queen.md,"Invalid YAML: Unsupported frontmatter at line 34: ""  awkward and complex nature of combination weapons, it's by far the least popular"""
F:\Obsidian\PF2e-Core-Vault\3-Rules\Character Building\Equipment\S\scene-stealers-tunic.md,Invalid YAML: Unsupported frontmatter at line 34: '  adorned with a gold pattern and narrow bands of white fur trim on a deep blue background'
F:\Obsidian\PF2e-Core-Vault\3-Rules\Character Building\Equipment\S\scholarly-journal-compendium.md,"Invalid YAML: Unsupported frontmatter at line 34: '  a very specific topic, such as vampires or the history of a single town or neighborhood'"
F:\Obsidian\PF2e-Core-Vault\3-Rules\Character Building\Equipment\S\scholarly-journal.md,"Invalid YAML: Unsupported frontmatter at line 34: '  a very specific topic, such as vampires or the history of a single town or neighborhood'"
F:\Obsidian\PF2e-Core-Vault\3-Rules\Character Building\Equipment\S\scholars-drop.md,"Invalid YAML: Unsupported frontmatter at line 34: '  an edge over their academic rivals, but the candy has since spread across Golarion.'"
F:\Obsidian\PF2e-Core-Vault\3-Rules\Character Building\Equipment\S\scizore-of-the-crab.md,"Invalid YAML: Unsupported frontmatter at line 35: '  Your last action was a successful Strike with this weapon, or you have a creature'"
F:\Obsidian\PF2e-Core-Vault\3-Rules\Character Building\Equipment\S\scope-of-limning.md,Invalid YAML: Unsupported frontmatter at line 34: '  to help them clear out vermin in underground areas. This scope captures the sound'
F:\Obsidian\PF2e-Core-Vault\3-Rules\Character Building\Equipment\S\scope-of-truth.md,"Invalid YAML: Unsupported frontmatter at line 34: '  lenses, which have been magically prepared with tiny shards from crystal balls to'"
F:\Obsidian\PF2e-Core-Vault\3-Rules\Character Building\Equipment\S\scorpion-whip.md,"Invalid YAML: Unsupported frontmatter at line 34: ""  Unlike ordinary whips, a scorpion whip doesn't have the nonlethal trait, making"""
F:\Obsidian\PF2e-Core-Vault\3-Rules\Character Building\Equipment\S\screech-shooter-(greater).md,"Invalid YAML: Unsupported frontmatter at line 34: '  a frightening screech or similar special ability, a _greater screech shooter_ is'"
F:\Obsidian\PF2e-Core-Vault\3-Rules\Character Building\Equipment\S\screech-shooter-(major).md,"Invalid YAML: Unsupported frontmatter at line 34: '  a frightening screech or similar special ability, a _major screech shooter_ is a'"
F:\Obsidian\PF2e-Core-Vault\3-Rules\Character Building\Equipment\S\screech-shooter.md,"Invalid YAML: Unsupported frontmatter at line 34: '  a frightening screech or similar special ability, a _screech shooter_ is a special'"
F:\Obsidian\PF2e-Core-Vault\3-Rules\Character Building\Equipment\S\scroll-belt.md,"Invalid YAML: Unsupported frontmatter at line 34: '  surface. You can scribe a spell to a scroll belt, Crafting the scroll as normal.'"
F:\Obsidian\PF2e-Core-Vault\3-Rules\Character Building\Equipment\S\scroll-of-10th-rank-spell.md,Invalid YAML: Unsupported frontmatter at line 34: '  and activating it with a Cast a Spell activity using the normal number of actions'
F:\Obsidian\PF2e-Core-Vault\3-Rules\Character Building\Equipment\S\scroll-of-1st-rank-spell.md,Invalid YAML: Unsupported frontmatter at line 34: '  and activating it with a Cast a Spell activity using the normal number of actions'
F:\Obsidian\PF2e-Core-Vault\3-Rules\Character Building\Equipment\S\scroll-of-2nd-rank-spell.md,Invalid YAML: Unsupported frontmatter at line 34: '  and activating it with a Cast a Spell activity using the normal number of actions'
F:\Obsidian\PF2e-Core-Vault\3-Rules\Character Building\Equipment\S\scroll-of-3rd-rank-spell.md,Invalid YAML: Unsupported frontmatter at line 34: '  and activating it with a Cast a Spell activity using the normal number of actions'
F:\Obsidian\PF2e-Core-Vault\3-Rules\Character Building\Equipment\S\scroll-of-4th-rank-spell.md,Invalid YAML: Unsupported frontmatter at line 34: '  and activating it with a Cast a Spell activity using the normal number of actions'
F:\Obsidian\PF2e-Core-Vault\3-Rules\Character Building\Equipment\S\scroll-of-5th-rank-spell.md,Invalid YAML: Unsupported frontmatter at line 34: '  and activating it with a Cast a Spell activity using the normal number of actions'
F:\Obsidian\PF2e-Core-Vault\3-Rules\Character Building\Equipment\S\scroll-of-6th-rank-spell.md,Invalid YAML: Unsupported frontmatter at line 34: '  and activating it with a Cast a Spell activity using the normal number of actions'
F:\Obsidian\PF2e-Core-Vault\3-Rules\Character Building\Equipment\S\scroll-of-7th-rank-spell.md,Invalid YAML: Unsupported frontmatter at line 34: '  and activating it with a Cast a Spell activity using the normal number of actions'
F:\Obsidian\PF2e-Core-Vault\3-Rules\Character Building\Equipment\S\scroll-of-8th-rank-spell.md,Invalid YAML: Unsupported frontmatter at line 34: '  and activating it with a Cast a Spell activity using the normal number of actions'
F:\Obsidian\PF2e-Core-Vault\3-Rules\Character Building\Equipment\S\scroll-of-9th-rank-spell.md,Invalid YAML: Unsupported frontmatter at line 34: '  and activating it with a Cast a Spell activity using the normal number of actions'
F:\Obsidian\PF2e-Core-Vault\3-Rules\Character Building\Equipment\S\scything-blade-snare.md,"Invalid YAML: Unsupported frontmatter at line 34: ""  a creature entering the snare's square, dealing 10d8 slashing damage (DC 32 Reflex"""
F:\Obsidian\PF2e-Core-Vault\3-Rules\Character Building\Equipment\S\sea-touch-elixir-(greater).md,Invalid YAML: Unsupported frontmatter at line 34: '  the skin on your hands and feet. The spaces between your fingers and toes become'
F:\Obsidian\PF2e-Core-Vault\3-Rules\Character Building\Equipment\S\sea-touch-elixir-(lesser).md,Invalid YAML: Unsupported frontmatter at line 34: '  the skin on your hands and feet. The spaces between your fingers and toes become'
F:\Obsidian\PF2e-Core-Vault\3-Rules\Character Building\Equipment\S\sea-touch-elixir-(moderate).md,Invalid YAML: Unsupported frontmatter at line 34: '  the skin on your hands and feet. The spaces between your fingers and toes become'
F:\Obsidian\PF2e-Core-Vault\3-Rules\Character Building\Equipment\S\sealing-chest-(greater).md,"Invalid YAML: Unsupported frontmatter at line 34: '  and relics.  The containers are soundproof, airtight, and studded with lead sheets,'"
F:\Obsidian\PF2e-Core-Vault\3-Rules\Character Building\Equipment\S\sealing-chest-(lesser).md,"Invalid YAML: Unsupported frontmatter at line 34: '  and relics.  The containers are soundproof, airtight, and studded with lead sheets,'"
F:\Obsidian\PF2e-Core-Vault\3-Rules\Character Building\Equipment\S\sealing-chest-(major).md,"Invalid YAML: Unsupported frontmatter at line 34: '  and relics.  The containers are soundproof, airtight, and studded with lead sheets,'"
F:\Obsidian\PF2e-Core-Vault\3-Rules\Character Building\Equipment\S\sealing-chest-(moderate).md,"Invalid YAML: Unsupported frontmatter at line 34: '  and relics.  The containers are soundproof, airtight, and studded with lead sheets,'"
F:\Obsidian\PF2e-Core-Vault\3-Rules\Character Building\Equipment\S\searing-blade-(greater).md,Invalid YAML: Unsupported frontmatter at line 34: '  longsword_ has an ornate brass hilt and a blade shaped like stylized flames. When'
F:\Obsidian\PF2e-Core-Vault\3-Rules\Character Building\Equipment\S\searing-blade.md,"Invalid YAML: Unsupported frontmatter at line 34: '  an ornate brass hilt and a blade shaped like stylized flames. When wielded, the'"
F:\Obsidian\PF2e-Core-Vault\3-Rules\Character Building\Equipment\S\searing-suture-(greater).md,Invalid YAML: Unsupported frontmatter at line 34: '  alchemical bandage cauterizes wounds. You can apply a searing suture to yourself'
F:\Obsidian\PF2e-Core-Vault\3-Rules\Character Building\Equipment\S\searing-suture-(lesser).md,Invalid YAML: Unsupported frontmatter at line 34: '  alchemical bandage cauterizes wounds. You can apply a searing suture to yourself'
F:\Obsidian\PF2e-Core-Vault\3-Rules\Character Building\Equipment\S\secret-keepers-mask-(blackfingers).md,"Invalid YAML: Unsupported frontmatter at line 34: '  humanoid skin—and has a single, bulbous eye. While wearing the mask, you gain a'"
F:\Obsidian\PF2e-Core-Vault\3-Rules\Character Building\Equipment\S\secret-keepers-mask-(father-skinsaw).md,"Invalid YAML: Unsupported frontmatter at line 34: '  humanoid skin—and has a single, bulbous eye. While wearing the mask, you gain a'"
F:\Obsidian\PF2e-Core-Vault\3-Rules\Character Building\Equipment\S\secret-keepers-mask-(gray-master).md,"Invalid YAML: Unsupported frontmatter at line 34: '  humanoid skin—and has a single, bulbous eye. While wearing the mask, you gain a'"
F:\Obsidian\PF2e-Core-Vault\3-Rules\Character Building\Equipment\S\secret-keepers-mask-(reaper-of-reputation).md,"Invalid YAML: Unsupported frontmatter at line 34: '  humanoid skin—and has a single, bulbous eye. While wearing the mask, you gain a'"
F:\Obsidian\PF2e-Core-Vault\3-Rules\Character Building\Equipment\S\seed-pod-of-rooted-wisdom.md,Invalid YAML: Unsupported frontmatter at line 34: '  like a ripe brown fruit from a kapok tree. Inside the fruit are three seeds. Each'
F:\Obsidian\PF2e-Core-Vault\3-Rules\Character Building\Equipment\S\seeking-bracelets.md,Invalid YAML: Unsupported frontmatter at line 34: '  in this pair have an even larger bead in their center. The bracelets are magically'
F:\Obsidian\PF2e-Core-Vault\3-Rules\Character Building\Equipment\S\seers-flute-(greater).md,Invalid YAML: Unsupported frontmatter at line 34: '  pupils and a semiprecious stone as its iris. The eyes flutter open and closed when'
F:\Obsidian\PF2e-Core-Vault\3-Rules\Character Building\Equipment\S\seers-flute-(major).md,Invalid YAML: Unsupported frontmatter at line 34: '  pupils and a semiprecious stone as its iris. The eyes flutter open and closed when'
F:\Obsidian\PF2e-Core-Vault\3-Rules\Character Building\Equipment\S\seers-flute.md,Invalid YAML: Unsupported frontmatter at line 34: '  pupils and a semiprecious stone as its iris. The eyes flutter open and closed when'
F:\Obsidian\PF2e-Core-Vault\3-Rules\Character Building\Equipment\S\self-emptying-pocket.md,"Invalid YAML: Unsupported frontmatter at line 34: '  phantom in a playhouse, sealed by holes that appear in your pockets. By meeting'"
F:\Obsidian\PF2e-Core-Vault\3-Rules\Character Building\Equipment\S\self-immolating-note.md,"Invalid YAML: Unsupported frontmatter at line 34: '  \\  * * *  This paper is crafted with an unusual formula, causing it to catch fire'"
F:\Obsidian\PF2e-Core-Vault\3-Rules\Character Building\Equipment\S\sense-dulling-hood-(greater).md,Invalid YAML: Unsupported frontmatter at line 34: '  ability makes relatively standard sensory capabilities a liability. From otyugh'
F:\Obsidian\PF2e-Core-Vault\3-Rules\Character Building\Equipment\S\sense-dulling-hood-(lesser).md,Invalid YAML: Unsupported frontmatter at line 34: '  ability makes relatively standard sensory capabilities a liability. From otyugh'
F:\Obsidian\PF2e-Core-Vault\3-Rules\Character Building\Equipment\S\sentinel-horn.md,"Invalid YAML: Unsupported frontmatter at line 34: '  deep tone, etched with images of interlocking lines and swirls. Sentinel horns come'"
F:\Obsidian\PF2e-Core-Vault\3-Rules\Character Building\Equipment\S\sentry-fulu.md,"Invalid YAML: Unsupported frontmatter at line 34: '  an armed guard. When you activate the fulu, it takes the shape of a Tiny humanoid'"
F:\Obsidian\PF2e-Core-Vault\3-Rules\Character Building\Equipment\S\serene-mutagen-(greater).md,Invalid YAML: Unsupported frontmatter at line 34: '  you find violence off-putting.  **Benefit** You gain a +3 item bonus to Will saves'
F:\Obsidian\PF2e-Core-Vault\3-Rules\Character Building\Equipment\S\serene-mutagen-(lesser).md,Invalid YAML: Unsupported frontmatter at line 34: '  you find violence off-putting.  **Benefit** You gain a +1 item bonus to Will saves'
F:\Obsidian\PF2e-Core-Vault\3-Rules\Character Building\Equipment\S\serene-mutagen-(major).md,Invalid YAML: Unsupported frontmatter at line 34: '  you find violence off-putting.  **Benefit** You gain a +4 item bonus to Will saves'
F:\Obsidian\PF2e-Core-Vault\3-Rules\Character Building\Equipment\S\serene-mutagen-(moderate).md,Invalid YAML: Unsupported frontmatter at line 34: '  you find violence off-putting.  **Benefit** You gain a +2 item bonus to Will saves'
F:\Obsidian\PF2e-Core-Vault\3-Rules\Character Building\Equipment\S\serpent-dagger.md,Invalid YAML: Unsupported frontmatter at line 34: '  and the hilt is sculpted to look like the head of a serpent about to strike.  When'
F:\Obsidian\PF2e-Core-Vault\3-Rules\Character Building\Equipment\S\serpent-oil-(greater).md,Invalid YAML: Unsupported frontmatter at line 34: '  tiny snake scales floating within. If you slather serpent oil on a Medium object'
F:\Obsidian\PF2e-Core-Vault\3-Rules\Character Building\Equipment\S\serpent-oil-(lesser).md,Invalid YAML: Unsupported frontmatter at line 34: '  tiny snake scales floating within. If you slather serpent oil on a Tiny object that'
F:\Obsidian\PF2e-Core-Vault\3-Rules\Character Building\Equipment\S\serpent-oil-(major).md,Invalid YAML: Unsupported frontmatter at line 34: '  tiny snake scales floating within. If you slather serpent oil on a Large object'
F:\Obsidian\PF2e-Core-Vault\3-Rules\Character Building\Equipment\S\serpent-oil-(moderate).md,"Invalid YAML: Unsupported frontmatter at line 34: '  tiny snake scales floating within. If you slather serpent oil on an object, the'"
F:\Obsidian\PF2e-Core-Vault\3-Rules\Character Building\Equipment\S\serpent-oil-(true).md,Invalid YAML: Unsupported frontmatter at line 34: '  tiny snake scales floating within. If you slather serpent oil on a Huge object that'
F:\Obsidian\PF2e-Core-Vault\3-Rules\Character Building\Equipment\S\servers-stew.md,"Invalid YAML: Unsupported frontmatter at line 34: ""  in this tomato-based stew shifts from region to region, but it's always cooked with"""
F:\Obsidian\PF2e-Core-Vault\3-Rules\Character Building\Equipment\S\setup-snare.md,Invalid YAML: Unsupported frontmatter at line 34: '  snare or hazard. You may choose to have the target attempt a Will saving throw instead'
F:\Obsidian\PF2e-Core-Vault\3-Rules\Character Building\Equipment\S\seven-color-raw-fish-salad.md,"Invalid YAML: Unsupported frontmatter at line 34: '  yusheng) is both fun and tasty to eat. This large platter of salad of raw fish,'"
F:\Obsidian\PF2e-Core-Vault\3-Rules\Character Building\Equipment\S\seventh-prism-(pentagonal).md,"Invalid YAML: Unsupported frontmatter at line 34: '  a _seventh prism_ is a crystal that disperses its internal light, casting an aurora'"
F:\Obsidian\PF2e-Core-Vault\3-Rules\Character Building\Equipment\S\seventh-prism-(triangular).md,"Invalid YAML: Unsupported frontmatter at line 34: '  a _seventh prism_ is a crystal that disperses its internal light, casting an aurora'"
F:\Obsidian\PF2e-Core-Vault\3-Rules\Character Building\Equipment\S\sextant-of-the-night.md,Invalid YAML: Unsupported frontmatter at line 34: '  and shades made from thin sets of crystal glass. A fine spyglass made of silver'
F:\Obsidian\PF2e-Core-Vault\3-Rules\Character Building\Equipment\S\shade-hat.md,"Invalid YAML: Unsupported frontmatter at line 34: ""  from the worst of the heat in hot areas, even when the heat doesn't come from the"""
F:\Obsidian\PF2e-Core-Vault\3-Rules\Character Building\Equipment\S\shadefield-knife.md,Invalid YAML: Unsupported frontmatter at line 34: '  earth of the Shadefields and carries the grudge of the Shoanti who perished on that'
F:\Obsidian\PF2e-Core-Vault\3-Rules\Character Building\Equipment\S\shadewither-key.md,"Invalid YAML: Unsupported frontmatter at line 34: '  resembles a leaf from some unknown tree similar to oak, carved from jade and then'"
F:\Obsidian\PF2e-Core-Vault\3-Rules\Character Building\Equipment\S\shadow-(greater).md,"Invalid YAML: Unsupported frontmatter at line 34: '  a +2 item bonus to Stealth checks while wearing the armor.""'"
F:\Obsidian\PF2e-Core-Vault\3-Rules\Character Building\Equipment\S\shadow-(major).md,"Invalid YAML: Unsupported frontmatter at line 34: '  a +3 item bonus to Stealth checks while wearing the armor.""'"
F:\Obsidian\PF2e-Core-Vault\3-Rules\Character Building\Equipment\S\shadow-ash.md,Invalid YAML: Unsupported frontmatter at line 34: '  or secondary caster  * * *  This small pile of ash glows with strange blue embers'
F:\Obsidian\PF2e-Core-Vault\3-Rules\Character Building\Equipment\S\shadow-manse.md,Invalid YAML: Unsupported frontmatter at line 34: '  windows. Close inspection through the open windows reveals the inside to be elaborately'
F:\Obsidian\PF2e-Core-Vault\3-Rules\Character Building\Equipment\S\shadow-signet.md,"Invalid YAML: Unsupported frontmatter at line 34: ""  the Netherworld, allowing them to strike directly at a target's body.  **Activate**"""
F:\Obsidian\PF2e-Core-Vault\3-Rules\Character Building\Equipment\S\shadowed-scale-the-jungle-secret.md,"Invalid YAML: Unsupported frontmatter at line 34: ""  a jungle predator seen by the Mwangi as embodiments of nature's strength and majesty."""
F:\Obsidian\PF2e-Core-Vault\3-Rules\Character Building\Equipment\S\shadowmist-cape.md,"Invalid YAML: Unsupported frontmatter at line 34: '  grants you a +3 item bonus to Stealth checks. When you invest the cape, you either'"
F:\Obsidian\PF2e-Core-Vault\3-Rules\Character Building\Equipment\S\shadows-heart.md,"Invalid YAML: Unsupported frontmatter at line 35: ""  per day  * * *  **Effect** You make a melee Strike with shadow's heart and teleport"""
F:\Obsidian\PF2e-Core-Vault\3-Rules\Character Building\Equipment\S\shapespeak-mask.md,"Invalid YAML: Unsupported frontmatter at line 34: '  to a species of beast that the user favors. While wearing this mask, you can speak'"
F:\Obsidian\PF2e-Core-Vault\3-Rules\Character Building\Equipment\S\shaping-sweet.md,"Invalid YAML: Unsupported frontmatter at line 34: '  them; weaker creatures can only make minor changes, while powerful entities such'"
F:\Obsidian\PF2e-Core-Vault\3-Rules\Character Building\Equipment\S\shard-of-self-destruction.md,Invalid YAML: Unsupported frontmatter at line 34: '  dagger_ with a sharp edge that is perpetually stained with blood. Whenever you critically'
F:\Obsidian\PF2e-Core-Vault\3-Rules\Character Building\Equipment\S\shard-of-the-third-seal.md,"Invalid YAML: Unsupported frontmatter at line 34: ""  legendary item's power. The shard sheds light constantly, with the effects of a"""
F:\Obsidian\PF2e-Core-Vault\3-Rules\Character Building\Equipment\S\shared-pain-sankeit.md,"Invalid YAML: Unsupported frontmatter at line 34: '  fortification duskwood sankeit_ shaped to resemble a mighty linnorm. However, it'"
F:\Obsidian\PF2e-Core-Vault\3-Rules\Character Building\Equipment\S\shark-tooth-charm.md,"Invalid YAML: Unsupported frontmatter at line 34: '  is lined with charms shaped like small shark teeth. When you activate the bracelet,'"
F:\Obsidian\PF2e-Core-Vault\3-Rules\Character Building\Equipment\S\sharkskin-robe.md,"Invalid YAML: Unsupported frontmatter at line 34: ""  It's believed to have been developed by frustrated alchemists from the Universe"""
F:\Obsidian\PF2e-Core-Vault\3-Rules\Character Building\Equipment\S\sharpened-canines.md,Invalid YAML: Unsupported frontmatter at line 34: '  predator. You gain a jaws unarmed attack that deals 1d6 piercing damage. These jaws'
F:\Obsidian\PF2e-Core-Vault\3-Rules\Character Building\Equipment\S\shattered-plan.md,"Invalid YAML: Unsupported frontmatter at line 34: '  with glowing hairline cracks, the weapon feels reassuringly solid in the hand. If'"
F:\Obsidian\PF2e-Core-Vault\3-Rules\Character Building\Equipment\S\shatterstone-(greater).md,"Invalid YAML: Unsupported frontmatter at line 34: '  orb, much like a thunderstone. Inside are reactive agents that set up an intense'"
F:\Obsidian\PF2e-Core-Vault\3-Rules\Character Building\Equipment\S\shauth-blade.md,Invalid YAML: Unsupported frontmatter at line 34: '  the alchemically strengthened teeth of dead urdefhans. Each weapon is typically'
F:\Obsidian\PF2e-Core-Vault\3-Rules\Character Building\Equipment\S\shauth-lash.md,Invalid YAML: Unsupported frontmatter at line 34: '  urdefhan teeth. Magical shauth lashes have the same ability to channel an urdefhan'
F:\Obsidian\PF2e-Core-Vault\3-Rules\Character Building\Equipment\S\shell-of-easy-breathing-(greater).md,Invalid YAML: Unsupported frontmatter at line 34: '  images of deep sea creatures carved around its edge.  * * *  **Activate—Fill the'
F:\Obsidian\PF2e-Core-Vault\3-Rules\Character Building\Equipment\S\shell-of-easy-breathing.md,Invalid YAML: Unsupported frontmatter at line 34: '  images of deep sea creatures carved around its edge.  * * *  **Activate—Fill the'
F:\Obsidian\PF2e-Core-Vault\3-Rules\Character Building\Equipment\S\shield-boss.md,"Invalid YAML: Unsupported frontmatter at line 34: '  to the center of a shield, a shield boss increases the bludgeoning damage of a shield'"
F:\Obsidian\PF2e-Core-Vault\3-Rules\Character Building\Equipment\S\shield-bow.md,"Invalid YAML: Unsupported frontmatter at line 34: ""  surface. While versatile and effective, a shield bow's architecture limits its flexibility"""
F:\Obsidian\PF2e-Core-Vault\3-Rules\Character Building\Equipment\S\shield-of-the-unified-legion.md,Invalid YAML: Unsupported frontmatter at line 34: '  a +3 major striking shield boss that cannot be removed.  It gleams brightly in any'
F:\Obsidian\PF2e-Core-Vault\3-Rules\Character Building\Equipment\S\shield-pistol.md,Invalid YAML: Unsupported frontmatter at line 34: '  firing normally. Shield pistols are popular among Firebrands in the Shackles as'
F:\Obsidian\PF2e-Core-Vault\3-Rules\Character Building\Equipment\S\shield-spikes.md,"Invalid YAML: Unsupported frontmatter at line 34: '  the shield to deal piercing damage with a shield bash.""'"
F:\Obsidian\PF2e-Core-Vault\3-Rules\Character Building\Equipment\S\shielding-salve.md,"Invalid YAML: Unsupported frontmatter at line 34: '  of a [[Spells/Shield|Shield]] spell. When you slather it onto a creature or object,'"
F:\Obsidian\PF2e-Core-Vault\3-Rules\Character Building\Equipment\S\shifter-prosthesis.md,Invalid YAML: Unsupported frontmatter at line 35: '  You are holding a one-handed weapon  * * *  **Effect** The prosthesis engulfs the'
F:\Obsidian\PF2e-Core-Vault\3-Rules\Character Building\Equipment\S\shimmering-dust.md,Invalid YAML: Unsupported frontmatter at line 34: '  for a short time after being exposed to significant amounts of magical energy. When'
F:\Obsidian\PF2e-Core-Vault\3-Rules\Character Building\Equipment\S\shining-ammunition.md,Invalid YAML: Unsupported frontmatter at line 34: '  light in a 20-foot radius (and dim light to the next 20 feet) for 10 minutes. If'
F:\Obsidian\PF2e-Core-Vault\3-Rules\Character Building\Equipment\S\shining-shield.md,"Invalid YAML: Unsupported frontmatter at line 34: ""  become some of the Shining Sentinels' most valued equipment, replicated among these"""
F:\Obsidian\PF2e-Core-Vault\3-Rules\Character Building\Equipment\S\shining-symbol-(greater).md,Invalid YAML: Unsupported frontmatter at line 34: '  religious symbol when you invest it. You gain a +2 item bonus to Religion. The symbol'
F:\Obsidian\PF2e-Core-Vault\3-Rules\Character Building\Equipment\S\shining-symbol-(major).md,Invalid YAML: Unsupported frontmatter at line 34: '  religious symbol when you invest it. You gain a +3 item bonus to Religion. The symbol'
F:\Obsidian\PF2e-Core-Vault\3-Rules\Character Building\Equipment\S\shining-symbol.md,Invalid YAML: Unsupported frontmatter at line 34: '  religious symbol when you invest it. You gain a +1 item bonus to Religion. The symbol'
F:\Obsidian\PF2e-Core-Vault\3-Rules\Character Building\Equipment\S\shining-wayfinder.md,"Invalid YAML: Unsupported frontmatter at line 34: '  of benevolent deities. It has the usual functions of a [[Equipment/Wayfinder|Wayfinder]],'"
F:\Obsidian\PF2e-Core-Vault\3-Rules\Character Building\Equipment\S\shobhad-longrifle.md,Invalid YAML: Unsupported frontmatter at line 34: '  mounted with a multi-lensed scope for targeting at an array of ranges and a chambering'
F:\Obsidian\PF2e-Core-Vault\3-Rules\Character Building\Equipment\S\shock-(greater).md,"Invalid YAML: Unsupported frontmatter at line 34: '  damage on a hit. On a critical hit, electricity arcs out to deal an equal amount'"
F:\Obsidian\PF2e-Core-Vault\3-Rules\Character Building\Equipment\S\shockguard-coil.md,"Invalid YAML: Unsupported frontmatter at line 34: ""  You Shield Block a foe's melee attack with the affixed shield.  * * *  This miniature"""
F:\Obsidian\PF2e-Core-Vault\3-Rules\Character Building\Equipment\S\shortbread-spy.md,"Invalid YAML: Unsupported frontmatter at line 34: '  a simple cookie in the shape of a humanoid, it springs to life once decorated with'"
F:\Obsidian\PF2e-Core-Vault\3-Rules\Character Building\Equipment\S\shot-of-the-first-vault.md,"Invalid YAML: Unsupported frontmatter at line 34: ""  of _shots of the First Vault_ from Abadar's repository. Since then, individual pieces"""
F:\Obsidian\PF2e-Core-Vault\3-Rules\Character Building\Equipment\S\shrapnel-snare.md,"Invalid YAML: Unsupported frontmatter at line 34: ""  devastating damage. When a creature enters the snare's square, the trap releases,"""
F:\Obsidian\PF2e-Core-Vault\3-Rules\Character Building\Equipment\S\shrieking-key.md,"Invalid YAML: Unsupported frontmatter at line 34: ""  Key|Skeleton Key]]_, useful in place of _[[Equipment/Thieves' Toolkit|Thieves' Tools]]_"""
F:\Obsidian\PF2e-Core-Vault\3-Rules\Character Building\Equipment\S\shrieking-skull.md,"Invalid YAML: Unsupported frontmatter at line 34: ""  \\  **Requirements** You're an expert in Intimidation and the affixed weapon is loaded.\\"""
F:\Obsidian\PF2e-Core-Vault\3-Rules\Character Building\Equipment\S\shrine-inarizushi.md,Invalid YAML: Unsupported frontmatter at line 34: '  vinegar used to prepare this sushi makes it a suitable offering to the goddess Daikitsu'
F:\Obsidian\PF2e-Core-Vault\3-Rules\Character Building\Equipment\S\shrinking-potion-(greater).md,Invalid YAML: Unsupported frontmatter at line 34: '  conveys the effects of the [[Spells/Shrink|Shrink]] spell to make you and all your'
F:\Obsidian\PF2e-Core-Vault\3-Rules\Character Building\Equipment\S\shrinking-potion.md,Invalid YAML: Unsupported frontmatter at line 34: '  conveys the effects of the [[Spells/Shrink|Shrink]] spell to make you and all your'
F:\Obsidian\PF2e-Core-Vault\3-Rules\Character Building\Equipment\S\shuan-ji.md,Invalid YAML: Unsupported frontmatter at line 34: '  two crescent-shaped blades that allow the wielder to strike with either side of'
F:\Obsidian\PF2e-Core-Vault\3-Rules\Character Building\Equipment\S\shuln-fang-katar.md,Invalid YAML: Unsupported frontmatter at line 34: '  fang of a shuln can puncture even the toughest of armors.  * * *  **Activate—Piercing'
F:\Obsidian\PF2e-Core-Vault\3-Rules\Character Building\Equipment\S\siblings-coin.md,"Invalid YAML: Unsupported frontmatter at line 34: '  belief, secret handshakes are not the preferred method of confirmation between secret'"
F:\Obsidian\PF2e-Core-Vault\3-Rules\Character Building\Equipment\S\sight-theft-grit.md,Invalid YAML: Unsupported frontmatter at line 34: '  and resembles particularly dark flakes of black pepper. Infused with the blindness'
F:\Obsidian\PF2e-Core-Vault\3-Rules\Character Building\Equipment\S\sighting-shot.md,"Invalid YAML: Unsupported frontmatter at line 34: '  carved onto a sighting shot. When you Activate the ammunition, it glows, shedding'"
F:\Obsidian\PF2e-Core-Vault\3-Rules\Character Building\Equipment\S\sigil-of-the-first-clan.md,"Invalid YAML: Unsupported frontmatter at line 34: '  house of the famed King Taargick, founder of Tar Taargadth. When displayed prominently,'"
F:\Obsidian\PF2e-Core-Vault\3-Rules\Character Building\Equipment\S\signaling-snare.md,"Invalid YAML: Unsupported frontmatter at line 34: '  consists of carefully prepared earth, piled sand or stones, specific arrangements'"
F:\Obsidian\PF2e-Core-Vault\3-Rules\Character Building\Equipment\S\silencing-ammunition.md,Invalid YAML: Unsupported frontmatter at line 34: '  ammunition_ is particularly dense and seems to dampen sounds around it. On a successful'
F:\Obsidian\PF2e-Core-Vault\3-Rules\Character Building\Equipment\S\silencing-shot.md,"Invalid YAML: Unsupported frontmatter at line 34: '  shimmering, golden-hued ammunition never makes any sound. A creature hit by a silencing'"
F:\Obsidian\PF2e-Core-Vault\3-Rules\Character Building\Equipment\S\silent-bell.md,Invalid YAML: Unsupported frontmatter at line 34: '  made from cast bronze and has a wooden handle. The outside of the bell is covered'
F:\Obsidian\PF2e-Core-Vault\3-Rules\Character Building\Equipment\S\silent-heart.md,Invalid YAML: Unsupported frontmatter at line 34: '  to knowledge. This tattoo of a venom-soaked heart provides a +1 item bonus to Occultism'
F:\Obsidian\PF2e-Core-Vault\3-Rules\Character Building\Equipment\S\silhouette-cloak.md,"Invalid YAML: Unsupported frontmatter at line 34: '  shift and move even when the cloth is still. In dim light or darkness, the cloak'"
F:\Obsidian\PF2e-Core-Vault\3-Rules\Character Building\Equipment\S\silkspinners-shield.md,"Invalid YAML: Unsupported frontmatter at line 34: '  side is covered in fine hairs, and two small spinnerets protrude from the bottom'"
F:\Obsidian\PF2e-Core-Vault\3-Rules\Character Building\Equipment\S\silvanshee-collar.md,"Invalid YAML: Unsupported frontmatter at line 34: '  with a tiny bell, but once worn on the body or affixed to your hair, a Tiny cat'"
F:\Obsidian\PF2e-Core-Vault\3-Rules\Character Building\Equipment\S\silver-crescent-(greater).md,"Invalid YAML: Unsupported frontmatter at line 34: '  which was first created to aid those battling the undead. For 1 hour, you shed cool,'"
F:\Obsidian\PF2e-Core-Vault\3-Rules\Character Building\Equipment\S\silver-crescent-(lesser).md,"Invalid YAML: Unsupported frontmatter at line 34: '  which was first created to aid those battling the undead. For 1 hour, you shed cool,'"
F:\Obsidian\PF2e-Core-Vault\3-Rules\Character Building\Equipment\S\silver-crescent-(moderate).md,"Invalid YAML: Unsupported frontmatter at line 34: '  which was first created to aid those battling the undead. For 1 hour, you shed cool,'"
F:\Obsidian\PF2e-Core-Vault\3-Rules\Character Building\Equipment\S\silver-dragons-breath-potion-(adult).md,"Invalid YAML: Unsupported frontmatter at line 34: ""  imbibe the concoction, you can unleash a silver dragon's breath weapon. The potency"""
F:\Obsidian\PF2e-Core-Vault\3-Rules\Character Building\Equipment\S\silver-dragons-breath-potion-(wyrm).md,"Invalid YAML: Unsupported frontmatter at line 34: ""  imbibe the concoction, you can unleash a silver dragon's breath weapon. The potency"""
F:\Obsidian\PF2e-Core-Vault\3-Rules\Character Building\Equipment\S\silver-dragons-breath-potion-(young).md,"Invalid YAML: Unsupported frontmatter at line 34: ""  imbibe the concoction, you can unleash a silver dragon's breath weapon. The potency"""
F:\Obsidian\PF2e-Core-Vault\3-Rules\Character Building\Equipment\S\silver-orb-(greater).md,"Invalid YAML: Unsupported frontmatter at line 34: '  and alchemical reagents, this glass sphere leaves behind a cloud of dangerous shards.'"
F:\Obsidian\PF2e-Core-Vault\3-Rules\Character Building\Equipment\S\silver-orb-(lesser).md,"Invalid YAML: Unsupported frontmatter at line 34: '  and alchemical reagents, this glass sphere leaves behind a cloud of dangerous shards.'"
F:\Obsidian\PF2e-Core-Vault\3-Rules\Character Building\Equipment\S\silver-orb-(powder).md,"Invalid YAML: Unsupported frontmatter at line 34: '  and alchemical reagents, this glass sphere leaves behind a cloud of dangerous shards.'"
F:\Obsidian\PF2e-Core-Vault\3-Rules\Character Building\Equipment\S\silver-salve.md,"Invalid YAML: Unsupported frontmatter at line 34: '  paste onto one melee weapon, one thrown weapon, or 10 pieces of ammunition. Silver'"
F:\Obsidian\PF2e-Core-Vault\3-Rules\Character Building\Equipment\S\silver-snake-cane.md,"Invalid YAML: Unsupported frontmatter at line 34: ""  for many zuhras. The cane's possessor can spend 1 minute feeding the cane an elixir"""
F:\Obsidian\PF2e-Core-Vault\3-Rules\Character Building\Equipment\S\silver-tripod.md,"Invalid YAML: Unsupported frontmatter at line 34: ""  of a weapon tripod is usually attached to the underside of the affixed weapon's"""
F:\Obsidian\PF2e-Core-Vault\3-Rules\Character Building\Equipment\S\silvered-marp-fur.md,Invalid YAML: Unsupported frontmatter at line 34: '  than gold grows fur tipped with silver that can be further processed into a versatile'
F:\Obsidian\PF2e-Core-Vault\3-Rules\Character Building\Equipment\S\silversoul-bomb-(greater).md,Invalid YAML: Unsupported frontmatter at line 34: '  and concentrates the emotions that linger in a burial ground where generations of'
F:\Obsidian\PF2e-Core-Vault\3-Rules\Character Building\Equipment\S\silversoul-bomb-(major).md,Invalid YAML: Unsupported frontmatter at line 34: '  and concentrates the emotions that linger in a burial ground where generations of'
F:\Obsidian\PF2e-Core-Vault\3-Rules\Character Building\Equipment\S\silversoul-bomb.md,Invalid YAML: Unsupported frontmatter at line 34: '  and concentrates the emotions that linger in a burial ground where generations of'
F:\Obsidian\PF2e-Core-Vault\3-Rules\Character Building\Equipment\S\silvertongue-mutagen-(greater).md,"Invalid YAML: Unsupported frontmatter at line 34: '  and your voice becomes musical and commanding, though emotion clouds your reason.\\'"
F:\Obsidian\PF2e-Core-Vault\3-Rules\Character Building\Equipment\S\silvertongue-mutagen-(lesser).md,"Invalid YAML: Unsupported frontmatter at line 34: '  and your voice becomes musical and commanding, though emotion clouds your reason.\\'"
F:\Obsidian\PF2e-Core-Vault\3-Rules\Character Building\Equipment\S\silvertongue-mutagen-(major).md,"Invalid YAML: Unsupported frontmatter at line 34: '  and your voice becomes musical and commanding, though emotion clouds your reason.\\'"
F:\Obsidian\PF2e-Core-Vault\3-Rules\Character Building\Equipment\S\silvertongue-mutagen-(moderate).md,"Invalid YAML: Unsupported frontmatter at line 34: '  and your voice becomes musical and commanding, though emotion clouds your reason.\\'"
F:\Obsidian\PF2e-Core-Vault\3-Rules\Character Building\Equipment\S\singing-bowl-of-the-versatile-stance.md,"Invalid YAML: Unsupported frontmatter at line 34: '  belies its flawlessness. When struck with a mallet (included with the singing bowl),'"
F:\Obsidian\PF2e-Core-Vault\3-Rules\Character Building\Equipment\S\singing-muse.md,Invalid YAML: Unsupported frontmatter at line 34: '  You attempt a Performance check.  * * *  This small figurine is carved from a single'
F:\Obsidian\PF2e-Core-Vault\3-Rules\Character Building\Equipment\S\singing-shortbow-(greater).md,"Invalid YAML: Unsupported frontmatter at line 34: ""  composite shortbow_ has a string made of animal gut, much like a musical instrument's."""
F:\Obsidian\PF2e-Core-Vault\3-Rules\Character Building\Equipment\S\singing-shortbow.md,"Invalid YAML: Unsupported frontmatter at line 34: ""  composite shortbow_ has a string made of animal gut, much like a musical instrument's."""
F:\Obsidian\PF2e-Core-Vault\3-Rules\Character Building\Equipment\S\singing-stone.md,Invalid YAML: Unsupported frontmatter at line 34: '  it always faintly hums or keens. Anyone who carries the cup for some time senses'
F:\Obsidian\PF2e-Core-Vault\3-Rules\Character Building\Equipment\S\singing-sword.md,Invalid YAML: Unsupported frontmatter at line 34: '  \\  **Communication** speech (Common and four other common languages)  **Skills**'
F:\Obsidian\PF2e-Core-Vault\3-Rules\Character Building\Equipment\S\singularity-ammunition.md,"Invalid YAML: Unsupported frontmatter at line 34: '  ammunition seems to pull in the light around it, swirling along the surface in a'"
F:\Obsidian\PF2e-Core-Vault\3-Rules\Character Building\Equipment\S\sinister-knight.md,Invalid YAML: Unsupported frontmatter at line 34: '  Crimson Reclaimers to pass among foes without being immediately unmasked. The wearer'
F:\Obsidian\PF2e-Core-Vault\3-Rules\Character Building\Equipment\S\sisterstone-chunk.md,"Invalid YAML: Unsupported frontmatter at line 34: '  spiritual runoff in the Field of Maidens, dusk sisterstone and scarlet sisterstone.'"
F:\Obsidian\PF2e-Core-Vault\3-Rules\Character Building\Equipment\S\sisterstone-ingot.md,"Invalid YAML: Unsupported frontmatter at line 34: '  spiritual runoff in the Field of Maidens, dusk sisterstone and scarlet sisterstone.'"
F:\Obsidian\PF2e-Core-Vault\3-Rules\Character Building\Equipment\S\sixfingers-elixir-(greater).md,Invalid YAML: Unsupported frontmatter at line 34: '  to grow a sixth finger on each hand and gives you a spiderlike grip.  You gain a'
F:\Obsidian\PF2e-Core-Vault\3-Rules\Character Building\Equipment\S\sixfingers-elixir-(lesser).md,Invalid YAML: Unsupported frontmatter at line 34: '  to grow a sixth finger on each hand and gives you a spiderlike grip.  You gain a'
F:\Obsidian\PF2e-Core-Vault\3-Rules\Character Building\Equipment\S\sixfingers-elixir-(moderate).md,Invalid YAML: Unsupported frontmatter at line 34: '  to grow a sixth finger on each hand and gives you a spiderlike grip.  You gain a'
F:\Obsidian\PF2e-Core-Vault\3-Rules\Character Building\Equipment\S\skarjas-heartstone.md,"Invalid YAML: Unsupported frontmatter at line 34: ""  and the ability to discern a target's alignment (as [[Spells/Detect Alignment|Detect"""
F:\Obsidian\PF2e-Core-Vault\3-Rules\Character Building\Equipment\S\skeletal-claw.md,Invalid YAML: Unsupported frontmatter at line 34: '  fits over your own. Embedded in the back of the bony hand is an onyx gemstone held'
F:\Obsidian\PF2e-Core-Vault\3-Rules\Character Building\Equipment\S\skeleton-key-(greater).md,"Invalid YAML: Unsupported frontmatter at line 34: ""  in place of thieves' toolkit when attempting to Pick a Lock, and it grants a +2"""
F:\Obsidian\PF2e-Core-Vault\3-Rules\Character Building\Equipment\S\skeleton-key.md,"Invalid YAML: Unsupported frontmatter at line 34: ""  in place of thieves' toolkit when attempting to Pick a Lock, and it grants a +1"""
F:\Obsidian\PF2e-Core-Vault\3-Rules\Character Building\Equipment\S\skeptics-elixir-(greater).md,"Invalid YAML: Unsupported frontmatter at line 34: '  sharpens your mind and allows you to see through lies, falsehoods, and magical trickery.'"
F:\Obsidian\PF2e-Core-Vault\3-Rules\Character Building\Equipment\S\skeptics-elixir-(lesser).md,"Invalid YAML: Unsupported frontmatter at line 34: '  sharpens your mind and allows you to see through lies, falsehoods, and magical trickery.'"
F:\Obsidian\PF2e-Core-Vault\3-Rules\Character Building\Equipment\S\skeptics-elixir-(moderate).md,"Invalid YAML: Unsupported frontmatter at line 34: '  sharpens your mind and allows you to see through lies, falsehoods, and magical trickery.'"
F:\Obsidian\PF2e-Core-Vault\3-Rules\Character Building\Equipment\S\skinsaw-mask.md,Invalid YAML: Unsupported frontmatter at line 34: '  together with black silk or wire. It is distinctive for its bulbous orange eye-'
F:\Obsidian\PF2e-Core-Vault\3-Rules\Character Building\Equipment\S\skinstitch-salve.md,Invalid YAML: Unsupported frontmatter at line 34: '  natural healing. You can activate the salve in either of the following ways.  **Activate—Administer'
F:\Obsidian\PF2e-Core-Vault\3-Rules\Character Building\Equipment\S\skirmishers-coat.md,"Invalid YAML: Unsupported frontmatter at line 34: '  often find themselves operating undercover, this large-collared garment is reminiscent'"
F:\Obsidian\PF2e-Core-Vault\3-Rules\Character Building\Equipment\S\skitter-knot-(greater).md,"Invalid YAML: Unsupported frontmatter at line 34: ""  at the beginning of your turn.  * * *  Carved from an arboreal's knuckle, this wooden"""
F:\Obsidian\PF2e-Core-Vault\3-Rules\Character Building\Equipment\S\skitter-knot-(lesser).md,"Invalid YAML: Unsupported frontmatter at line 34: ""  at the beginning of your turn.  * * *  Carved from an arboreal's knuckle, this wooden"""
F:\Obsidian\PF2e-Core-Vault\3-Rules\Character Building\Equipment\S\skitter-knot-(major).md,"Invalid YAML: Unsupported frontmatter at line 34: ""  at the beginning of your turn.  * * *  Carved from an arboreal's knuckle, this wooden"""
F:\Obsidian\PF2e-Core-Vault\3-Rules\Character Building\Equipment\S\skittering-mask-(greater).md,Invalid YAML: Unsupported frontmatter at line 34: '  several holes along each side of the face. The first time each day that you begin'
F:\Obsidian\PF2e-Core-Vault\3-Rules\Character Building\Equipment\S\skittering-mask.md,Invalid YAML: Unsupported frontmatter at line 34: '  several holes along each side of the face. The first time each day that you begin'
F:\Obsidian\PF2e-Core-Vault\3-Rules\Character Building\Equipment\S\skull-bomb.md,"Invalid YAML: Unsupported frontmatter at line 34: '  and clockwork gears, which slots easily into a human skeleton in the spot where'"
F:\Obsidian\PF2e-Core-Vault\3-Rules\Character Building\Equipment\S\skunk-bomb-(greater).md,"Invalid YAML: Unsupported frontmatter at line 34: '  odors of xulgaths, hezrous, and other creatures with natural or supernatural stench.'"
F:\Obsidian\PF2e-Core-Vault\3-Rules\Character Building\Equipment\S\skunk-bomb-(lesser).md,"Invalid YAML: Unsupported frontmatter at line 34: '  odors of xulgaths, hezrous, and other creatures with natural or supernatural stench.'"
F:\Obsidian\PF2e-Core-Vault\3-Rules\Character Building\Equipment\S\skunk-bomb-(major).md,"Invalid YAML: Unsupported frontmatter at line 34: '  odors of xulgaths, hezrous, and other creatures with natural or supernatural stench.'"
F:\Obsidian\PF2e-Core-Vault\3-Rules\Character Building\Equipment\S\skunk-bomb-(moderate).md,"Invalid YAML: Unsupported frontmatter at line 34: '  odors of xulgaths, hezrous, and other creatures with natural or supernatural stench.'"
F:\Obsidian\PF2e-Core-Vault\3-Rules\Character Building\Equipment\S\sky-hammer.md,Invalid YAML: Unsupported frontmatter at line 34: '  [[Equipment/Shock|Shock]] orichalcum warhammer_ is shaped like a blazing comet.\\'
F:\Obsidian\PF2e-Core-Vault\3-Rules\Character Building\Equipment\S\sky-piercing-bow.md,Invalid YAML: Unsupported frontmatter at line 34: '  to increase the power of its pull and the force of its projectile. Its compact size'
F:\Obsidian\PF2e-Core-Vault\3-Rules\Character Building\Equipment\S\sky-serpent-bolt.md,"Invalid YAML: Unsupported frontmatter at line 34: '  carved in the shape of an undulating snake, its bared fangs framing the point of'"
F:\Obsidian\PF2e-Core-Vault\3-Rules\Character Building\Equipment\S\skyfang-crystal.md,"Invalid YAML: Unsupported frontmatter at line 34: ""  shaped like a gently curved fang; it's typically affixed to a short length of chain,"""
F:\Obsidian\PF2e-Core-Vault\3-Rules\Character Building\Equipment\S\skyfisher-vapors.md,"Invalid YAML: Unsupported frontmatter at line 34: '  via their effect on a [[Spells/Toxic Cloud|Toxic Cloud]] spell, or apparent lack'"
F:\Obsidian\PF2e-Core-Vault\3-Rules\Character Building\Equipment\S\skyrider-sword-(greater).md,Invalid YAML: Unsupported frontmatter at line 34: '  blade that can support the weight of a Medium-sized or smaller wielder. Magic allows'
F:\Obsidian\PF2e-Core-Vault\3-Rules\Character Building\Equipment\S\skyrider-sword.md,Invalid YAML: Unsupported frontmatter at line 34: '  that can support the weight of a Medium-sized or smaller wielder. Magic allows the'
F:\Obsidian\PF2e-Core-Vault\3-Rules\Character Building\Equipment\S\slashing-claws.md,Invalid YAML: Unsupported frontmatter at line 34: '  from your knuckles or the tips of your toes. You gain a claw unarmed attack that'
F:\Obsidian\PF2e-Core-Vault\3-Rules\Character Building\Equipment\S\slates-of-distant-letters.md,"Invalid YAML: Unsupported frontmatter at line 34: '  identical ornate frames. Slates are crafted in pairs, and each works with only the'"
F:\Obsidian\PF2e-Core-Vault\3-Rules\Character Building\Equipment\S\sleeves-of-storage-(greater).md,Invalid YAML: Unsupported frontmatter at line 34: '  space. These spaces each function as a [[Equipment/Spacious Pouch (Type I)|Spacious'
F:\Obsidian\PF2e-Core-Vault\3-Rules\Character Building\Equipment\S\sleeves-of-storage.md,Invalid YAML: Unsupported frontmatter at line 34: '  space. These spaces each function as a [[Equipment/Spacious Pouch (Type I)|Spacious'
F:\Obsidian\PF2e-Core-Vault\3-Rules\Character Building\Equipment\S\slick-(greater).md,"Invalid YAML: Unsupported frontmatter at line 34: '  thin film of oil. You gain a +2 item bonus to Acrobatics checks to Escape and Squeeze.""'"
F:\Obsidian\PF2e-Core-Vault\3-Rules\Character Building\Equipment\S\slick-(major).md,"Invalid YAML: Unsupported frontmatter at line 34: '  thin film of oil. You gain a +3 item bonus to Acrobatics checks to Escape and Squeeze.""'"
F:\Obsidian\PF2e-Core-Vault\3-Rules\Character Building\Equipment\S\slide-pistol.md,Invalid YAML: Unsupported frontmatter at line 34: '  and firing mechanism attached to a sliding brace of barrels that can each hold a'
F:\Obsidian\PF2e-Core-Vault\3-Rules\Character Building\Equipment\S\slime-whip.md,"Invalid YAML: Unsupported frontmatter at line 34: ""  is made from a slimy pseudopod. You don't take the usual -2 circumstance penalty"""
F:\Obsidian\PF2e-Core-Vault\3-Rules\Character Building\Equipment\S\slippers-of-spider-climbing.md,"Invalid YAML: Unsupported frontmatter at line 34: '  left unattended for a while, they tend to attract spiders that nest inside.  **Activate**'"
F:\Obsidian\PF2e-Core-Vault\3-Rules\Character Building\Equipment\S\slippery-ribbon.md,"Invalid YAML: Unsupported frontmatter at line 34: '  You succeed at an Acrobatics check to [[Actions/Tumble Through|Tumble Through]],'"
F:\Obsidian\PF2e-Core-Vault\3-Rules\Character Building\Equipment\S\slithermaws-bane-(heroic).md,"Invalid YAML: Unsupported frontmatter at line 34: '  \\  **Communication** telepathy (partner only)  **Skills** Intimidation +35, Society'"
F:\Obsidian\PF2e-Core-Vault\3-Rules\Character Building\Equipment\S\slithermaws-bane.md,"Invalid YAML: Unsupported frontmatter at line 34: '  hero Kyloss Syndar. The armor served him well, but eventually he fell in battle'"
F:\Obsidian\PF2e-Core-Vault\3-Rules\Character Building\Equipment\S\sloughing-toxin.md,"Invalid YAML: Unsupported frontmatter at line 34: ""  beneath a creature's skin loose and malleable, which fleshwarpers find useful in"""
F:\Obsidian\PF2e-Core-Vault\3-Rules\Character Building\Equipment\S\sluggish-bracelet.md,"Invalid YAML: Unsupported frontmatter at line 34: '  of dashing, granting you a +1 item bonus to Acrobatics checks. If the curse goes'"
F:\Obsidian\PF2e-Core-Vault\3-Rules\Character Building\Equipment\S\slumber-arrow.md,"Invalid YAML: Unsupported frontmatter at line 34: '  of deep blue or black, and their fletching is exceptionally soft and downy. An activated'"
F:\Obsidian\PF2e-Core-Vault\3-Rules\Character Building\Equipment\S\slumber-wine.md,"Invalid YAML: Unsupported frontmatter at line 34: ""  can be more devastating than injury. Characters unconscious from slumber wine can't"""
F:\Obsidian\PF2e-Core-Vault\3-Rules\Character Building\Equipment\S\smoke-ball-(greater).md,"Invalid YAML: Unsupported frontmatter at line 34: '  the ground, you instantly create a screen of thick, opaque smoke in a 20-foot burst'"
F:\Obsidian\PF2e-Core-Vault\3-Rules\Character Building\Equipment\S\smoke-ball-(lesser).md,"Invalid YAML: Unsupported frontmatter at line 34: '  the ground, you instantly create a screen of thick, opaque smoke in a 5-foot burst'"
F:\Obsidian\PF2e-Core-Vault\3-Rules\Character Building\Equipment\S\smoke-fan-(greater).md,"Invalid YAML: Unsupported frontmatter at line 34: '  fan, it creates a cloud of colored smoke. The smoke fills a 20-foot radius. The'"
F:\Obsidian\PF2e-Core-Vault\3-Rules\Character Building\Equipment\S\smoke-fan.md,"Invalid YAML: Unsupported frontmatter at line 34: '  fan, it creates a cloud of colored smoke. The smoke fills a 5-foot radius. The creator'"
F:\Obsidian\PF2e-Core-Vault\3-Rules\Character Building\Equipment\S\smoke-screen-snare-(greater).md,"Invalid YAML: Unsupported frontmatter at line 34: '  enters the square, filling a specified area. All creatures within that area are'"
F:\Obsidian\PF2e-Core-Vault\3-Rules\Character Building\Equipment\S\smoke-screen-snare-(lesser).md,"Invalid YAML: Unsupported frontmatter at line 34: '  enters the square, filling a specified area. All creatures within that area are'"
F:\Obsidian\PF2e-Core-Vault\3-Rules\Character Building\Equipment\S\smoke-veil.md,"Invalid YAML: Unsupported frontmatter at line 34: '  the wearer a burning coil of fiery hair and concealing their face behind a smoldering,'"
F:\Obsidian\PF2e-Core-Vault\3-Rules\Character Building\Equipment\S\smoked-goggles.md,"Invalid YAML: Unsupported frontmatter at line 34: ""  creatures with gaze attacks. While wearing smoked goggles, you're always considered"""
F:\Obsidian\PF2e-Core-Vault\3-Rules\Character Building\Equipment\S\smoking-sword.md,Invalid YAML: Unsupported frontmatter at line 34: '  this sword deals 1 extra fire damage. You can use a special action while holding'
F:\Obsidian\PF2e-Core-Vault\3-Rules\Character Building\Equipment\S\smoky-hag-eye.md,"Invalid YAML: Unsupported frontmatter at line 34: '  mounted on a brooch or ring, but the stone is, in fact, an eyeball. This illusion'"
F:\Obsidian\PF2e-Core-Vault\3-Rules\Character Building\Equipment\S\smother-shroud.md,"Invalid YAML: Unsupported frontmatter at line 34: '  features, making it difficult for anyone to identify the corpse. Swelling and distention'"
F:\Obsidian\PF2e-Core-Vault\3-Rules\Character Building\Equipment\S\smugglers-sack-(type-i).md,"Invalid YAML: Unsupported frontmatter at line 34: '  leather bag that opens at the top, with a thin leather cord attached to cinch the'"
F:\Obsidian\PF2e-Core-Vault\3-Rules\Character Building\Equipment\S\smugglers-sack-(type-ii).md,"Invalid YAML: Unsupported frontmatter at line 34: '  leather bag that opens at the top, with a thin leather cord attached to cinch the'"
F:\Obsidian\PF2e-Core-Vault\3-Rules\Character Building\Equipment\S\smugglers-sack-(type-iii).md,"Invalid YAML: Unsupported frontmatter at line 34: '  leather bag that opens at the top, with a thin leather cord attached to cinch the'"
F:\Obsidian\PF2e-Core-Vault\3-Rules\Character Building\Equipment\S\smugglers-sack-(type-iv).md,"Invalid YAML: Unsupported frontmatter at line 34: '  leather bag that opens at the top, with a thin leather cord attached to cinch the'"
F:\Obsidian\PF2e-Core-Vault\3-Rules\Character Building\Equipment\S\smugglers-sack-(type-v).md,"Invalid YAML: Unsupported frontmatter at line 34: '  leather bag that opens at the top, with a thin leather cord attached to cinch the'"
F:\Obsidian\PF2e-Core-Vault\3-Rules\Character Building\Equipment\S\snagging-hook-snare.md,"Invalid YAML: Unsupported frontmatter at line 34: '  to enter the square takes 5d8 piercing damage and 5d8 slashing damage, with a DC'"
F:\Obsidian\PF2e-Core-Vault\3-Rules\Character Building\Equipment\S\snake-oil.md,Invalid YAML: Unsupported frontmatter at line 34: '  a wound or other outward symptom of an affliction or condition (such as sores from'
F:\Obsidian\PF2e-Core-Vault\3-Rules\Character Building\Equipment\S\snare-kit-(specialist).md,Invalid YAML: Unsupported frontmatter at line 34: '  allows you to Craft snares using the Crafting skill. A specialist snare kit gives'
F:\Obsidian\PF2e-Core-Vault\3-Rules\Character Building\Equipment\S\snarling-badger-(greater).md,Invalid YAML: Unsupported frontmatter at line 34: '  condition  **Requirements** You have a [[Conditions/Wounded|Wounded]] value of 1'
F:\Obsidian\PF2e-Core-Vault\3-Rules\Character Building\Equipment\S\snarling-badger-(lesser).md,Invalid YAML: Unsupported frontmatter at line 34: '  condition  **Requirements** You have a [[Conditions/Wounded|Wounded]] value of 1'
F:\Obsidian\PF2e-Core-Vault\3-Rules\Character Building\Equipment\S\snarling-badger-(moderate).md,Invalid YAML: Unsupported frontmatter at line 34: '  condition  **Requirements** You have a [[Conditions/Wounded|Wounded]] value of 1'
F:\Obsidian\PF2e-Core-Vault\3-Rules\Character Building\Equipment\S\sneaky-key.md,Invalid YAML: Unsupported frontmatter at line 34: '  in Thievery  * * *  This small silver skeleton key can be pinned to armor or a sleeve.'
F:\Obsidian\PF2e-Core-Vault\3-Rules\Character Building\Equipment\S\sneezing-powder.md,Invalid YAML: Unsupported frontmatter at line 34: '  action. The target must attempt a DC 15 Fortitude check save to avoid sneezing.'
F:\Obsidian\PF2e-Core-Vault\3-Rules\Character Building\Equipment\S\snipers-bead-(greater).md,"Invalid YAML: Unsupported frontmatter at line 34: ""  Strike with the affixed weapon before rolling;  **Requirements** You're a master"""
F:\Obsidian\PF2e-Core-Vault\3-Rules\Character Building\Equipment\S\snipers-bead-(major).md,"Invalid YAML: Unsupported frontmatter at line 34: ""  Strike with the affixed weapon before rolling;  **Requirements** You're a master"""
F:\Obsidian\PF2e-Core-Vault\3-Rules\Character Building\Equipment\S\snipers-bead.md,"Invalid YAML: Unsupported frontmatter at line 34: ""  Strike with the affixed weapon before rolling;  **Requirements** You're a master"""
F:\Obsidian\PF2e-Core-Vault\3-Rules\Character Building\Equipment\S\snowcasters-staff.md,Invalid YAML: Unsupported frontmatter at line 34: '  by his mother when he made his choice to remain in Xer. It is a gift he claims has'
F:\Obsidian\PF2e-Core-Vault\3-Rules\Character Building\Equipment\S\snowshoes-of-the-long-trek.md,Invalid YAML: Unsupported frontmatter at line 34: '  traversing the gelid tundra and snow-drenched taiga of the Saga Lands.  The snowshoes'
F:\Obsidian\PF2e-Core-Vault\3-Rules\Character Building\Equipment\S\soaring-wings-(greater).md,"Invalid YAML: Unsupported frontmatter at line 34: '  The visual manifestation is typically a slight glow or ripple in the ink, but some'"
F:\Obsidian\PF2e-Core-Vault\3-Rules\Character Building\Equipment\S\soaring-wings-(major).md,"Invalid YAML: Unsupported frontmatter at line 34: '  The visual manifestation is typically a slight glow or ripple in the ink, but some'"
F:\Obsidian\PF2e-Core-Vault\3-Rules\Character Building\Equipment\S\soaring-wings.md,"Invalid YAML: Unsupported frontmatter at line 34: '  The visual manifestation is typically a slight glow or ripple in the ink, but some'"
F:\Obsidian\PF2e-Core-Vault\3-Rules\Character Building\Equipment\S\socialite-staff.md,Invalid YAML: Unsupported frontmatter at line 34: '  with jewels and gold inlays. A sculpture carved from obsidian tops the head of the'
F:\Obsidian\PF2e-Core-Vault\3-Rules\Character Building\Equipment\S\solar-shellflower.md,"Invalid YAML: Unsupported frontmatter at line 34: '  that can be folded out of the stock, like the petals of a tigridia flower, that'"
F:\Obsidian\PF2e-Core-Vault\3-Rules\Character Building\Equipment\S\songbirds-brush.md,"Invalid YAML: Unsupported frontmatter at line 34: ""  prismatic sheen, as if faintly reflecting a rainbow. A _songbird's brush_ sheds"""
F:\Obsidian\PF2e-Core-Vault\3-Rules\Character Building\Equipment\S\sonic-tuning-mace-(greater).md,Invalid YAML: Unsupported frontmatter at line 35: '  \\  **Frequency** once per day  * * *  **Effect** You tap the tuning mace against'
F:\Obsidian\PF2e-Core-Vault\3-Rules\Character Building\Equipment\S\sonic-tuning-mace.md,Invalid YAML: Unsupported frontmatter at line 35: '  \\ **Frequency** once per day  * * *  **Effect** You tap the tuning mace against'
F:\Obsidian\PF2e-Core-Vault\3-Rules\Character Building\Equipment\S\soothing-powder-(greater).md,Invalid YAML: Unsupported frontmatter at line 34: '  stop a particular type of persistent damage. Each damage type requires a different'
F:\Obsidian\PF2e-Core-Vault\3-Rules\Character Building\Equipment\S\soothing-powder-(lesser).md,Invalid YAML: Unsupported frontmatter at line 34: '  stop a particular type of persistent damage. Each damage type requires a different'
F:\Obsidian\PF2e-Core-Vault\3-Rules\Character Building\Equipment\S\soothing-scents.md,Invalid YAML: Unsupported frontmatter at line 34: '  these bundles of aromatic herbs to calm the mind and ward off misfortune before'
F:\Obsidian\PF2e-Core-Vault\3-Rules\Character Building\Equipment\S\soothing-toddy.md,Invalid YAML: Unsupported frontmatter at line 34: '  a soothing toddy grants you a +1 item bonus to saving throws against emotion effects'
F:\Obsidian\PF2e-Core-Vault\3-Rules\Character Building\Equipment\S\soothing-tonic-(greater).md,"Invalid YAML: Unsupported frontmatter at line 34: '  concoction that speeds your natural healing, so your wounds recover faster over'"
F:\Obsidian\PF2e-Core-Vault\3-Rules\Character Building\Equipment\S\soothing-tonic-(lesser).md,"Invalid YAML: Unsupported frontmatter at line 34: '  concoction that speeds your natural healing, so your wounds recover faster over'"
F:\Obsidian\PF2e-Core-Vault\3-Rules\Character Building\Equipment\S\soothing-tonic-(major).md,"Invalid YAML: Unsupported frontmatter at line 34: '  concoction that speeds your natural healing, so your wounds recover faster over'"
F:\Obsidian\PF2e-Core-Vault\3-Rules\Character Building\Equipment\S\soothing-tonic-(moderate).md,"Invalid YAML: Unsupported frontmatter at line 34: '  concoction that speeds your natural healing, so your wounds recover faster over'"
F:\Obsidian\PF2e-Core-Vault\3-Rules\Character Building\Equipment\S\soul-cage.md,"Invalid YAML: Unsupported frontmatter at line 34: ""  part of the complicated process of becoming a lich. When you're destroyed, your"""
F:\Obsidian\PF2e-Core-Vault\3-Rules\Character Building\Equipment\S\soul-chain.md,Invalid YAML: Unsupported frontmatter at line 34: '  that has become cursed after a forge-spurned used it to kill a creature and trap'
F:\Obsidian\PF2e-Core-Vault\3-Rules\Character Building\Equipment\S\soulfeeding-mask.md,Invalid YAML: Unsupported frontmatter at line 34: '  been stitched together with bright red thread. Wearing a _soulfeeding mask_ allows'
F:\Obsidian\PF2e-Core-Vault\3-Rules\Character Building\Equipment\S\soulspark-candle.md,"Invalid YAML: Unsupported frontmatter at line 34: '  the wax. When lit, the candle sheds bright light for 20 feet and dim light for a'"
F:\Obsidian\PF2e-Core-Vault\3-Rules\Character Building\Equipment\S\south-winds-scorch-song.md,Invalid YAML: Unsupported frontmatter at line 34: '  unbearably so. Lines of crackling flame radiate from carnelians affixed to its curved'
F:\Obsidian\PF2e-Core-Vault\3-Rules\Character Building\Equipment\S\spacious-pouch-(type-i).md,"Invalid YAML: Unsupported frontmatter at line 34: '  colored silk or stylish embroidery, a _spacious pouch_ opens into a magical space'"
F:\Obsidian\PF2e-Core-Vault\3-Rules\Character Building\Equipment\S\spacious-pouch-(type-ii).md,"Invalid YAML: Unsupported frontmatter at line 34: '  colored silk or stylish embroidery, a _spacious pouch_ opens into a magical space'"
F:\Obsidian\PF2e-Core-Vault\3-Rules\Character Building\Equipment\S\spacious-pouch-(type-iii).md,"Invalid YAML: Unsupported frontmatter at line 34: '  colored silk or stylish embroidery, a _spacious pouch_ opens into a magical space'"
F:\Obsidian\PF2e-Core-Vault\3-Rules\Character Building\Equipment\S\spacious-pouch-(type-iv).md,"Invalid YAML: Unsupported frontmatter at line 34: '  colored silk or stylish embroidery, a _spacious pouch_ opens into a magical space'"
F:\Obsidian\PF2e-Core-Vault\3-Rules\Character Building\Equipment\S\spangled-riders-suit.md,"Invalid YAML: Unsupported frontmatter at line 34: ""  that sparkle in even the faintest light.  While wearing the spangled rider's suit,"""
F:\Obsidian\PF2e-Core-Vault\3-Rules\Character Building\Equipment\S\spare-wax-cylinder.md,"Invalid YAML: Unsupported frontmatter at line 34: '  Recorder]].""'"
F:\Obsidian\PF2e-Core-Vault\3-Rules\Character Building\Equipment\S\spark-dancer.md,"Invalid YAML: Unsupported frontmatter at line 34: '  cores, swapping in new ones while the previous ones cool. The gun deals fire or'"
F:\Obsidian\PF2e-Core-Vault\3-Rules\Character Building\Equipment\S\spark-wafer.md,Invalid YAML: Unsupported frontmatter at line 34: '  alchemical reagents that activate shortly after being snapped. First popularized'
F:\Obsidian\PF2e-Core-Vault\3-Rules\Character Building\Equipment\S\sparking-spellgun-(greater).md,"Invalid YAML: Unsupported frontmatter at line 34: '  a handle, a _sparking spellgun_ radiates warmth. You Activate the spellgun by aiming'"
F:\Obsidian\PF2e-Core-Vault\3-Rules\Character Building\Equipment\S\sparking-spellgun-(lesser).md,"Invalid YAML: Unsupported frontmatter at line 34: '  a handle, a _sparking spellgun_ radiates warmth. You Activate the spellgun by aiming'"
F:\Obsidian\PF2e-Core-Vault\3-Rules\Character Building\Equipment\S\sparking-spellgun-(moderate).md,"Invalid YAML: Unsupported frontmatter at line 34: '  a handle, a _sparking spellgun_ radiates warmth. You Activate the spellgun by aiming'"
F:\Obsidian\PF2e-Core-Vault\3-Rules\Character Building\Equipment\S\sparkshade-parasol.md,"Invalid YAML: Unsupported frontmatter at line 34: '  no matter whether the heat comes from above, like the beating sun, or below, like'"
F:\Obsidian\PF2e-Core-Vault\3-Rules\Character Building\Equipment\S\spear-frog-poison.md,Invalid YAML: Unsupported frontmatter at line 35: '  check  **Maximum Duration** 6 rounds  **Stage 1** 1d4 poison damage (1 round)  **Stage'
F:\Obsidian\PF2e-Core-Vault\3-Rules\Character Building\Equipment\S\spear-of-the-destroyers-flame.md,Invalid YAML: Unsupported frontmatter at line 34: '  is edged with several razor-sharp obsidian blades. The spear has the thrown 30 feet'
F:\Obsidian\PF2e-Core-Vault\3-Rules\Character Building\Equipment\S\special-ingredient.md,"Invalid YAML: Unsupported frontmatter at line 34: '  \\ Used for cooking meals during camping.""'"
F:\Obsidian\PF2e-Core-Vault\3-Rules\Character Building\Equipment\S\specialists-ring-(abjuration).md,Invalid YAML: Unsupported frontmatter at line 34: '  and the ring is covered in symbols and glyphs related to the abjuration school according'
F:\Obsidian\PF2e-Core-Vault\3-Rules\Character Building\Equipment\S\specialists-ring-(conjuration).md,Invalid YAML: Unsupported frontmatter at line 34: '  and the ring is covered in symbols and glyphs related to the conjuration school'
F:\Obsidian\PF2e-Core-Vault\3-Rules\Character Building\Equipment\S\specialists-ring-(divination).md,Invalid YAML: Unsupported frontmatter at line 34: '  and the ring is covered in symbols and glyphs related to the divination school according'
F:\Obsidian\PF2e-Core-Vault\3-Rules\Character Building\Equipment\S\specialists-ring-(enchantment).md,Invalid YAML: Unsupported frontmatter at line 34: '  and the ring is covered in symbols and glyphs related to the enchantment school'
F:\Obsidian\PF2e-Core-Vault\3-Rules\Character Building\Equipment\S\specialists-ring-(evocation).md,Invalid YAML: Unsupported frontmatter at line 34: '  and the ring is covered in symbols and glyphs related to the evocation school according'
F:\Obsidian\PF2e-Core-Vault\3-Rules\Character Building\Equipment\S\specialists-ring-(illusion).md,Invalid YAML: Unsupported frontmatter at line 34: '  and the ring is covered in symbols and glyphs related to the illusion school according'
F:\Obsidian\PF2e-Core-Vault\3-Rules\Character Building\Equipment\S\specialists-ring-(necromancy).md,Invalid YAML: Unsupported frontmatter at line 34: '  and the ring is covered in symbols and glyphs related to the necromancy school according'
F:\Obsidian\PF2e-Core-Vault\3-Rules\Character Building\Equipment\S\specialists-ring-(transmutation).md,"Invalid YAML: Unsupported frontmatter at line 34: '  magic, and the ring is covered in symbols and glyphs related to the transmutation'"
F:\Obsidian\PF2e-Core-Vault\3-Rules\Character Building\Equipment\S\specialists-ring.md,Invalid YAML: Unsupported frontmatter at line 34: '  the ring is covered in symbols and glyphs related to that school according to the'
F:\Obsidian\PF2e-Core-Vault\3-Rules\Character Building\Equipment\S\spectacles-of-discernment.md,"Invalid YAML: Unsupported frontmatter at line 34: '  to stay informed of all the off-stage drama, these silver opera glasses are affixed'"
F:\Obsidian\PF2e-Core-Vault\3-Rules\Character Building\Equipment\S\spectacles-of-inquiry.md,Invalid YAML: Unsupported frontmatter at line 34: '  and the earpieces accentuate sounds around you. You gain a +2 item bonus to Perception'
F:\Obsidian\PF2e-Core-Vault\3-Rules\Character Building\Equipment\S\spectacles-of-piercing-sight.md,Invalid YAML: Unsupported frontmatter at line 35: '  \\ **Frequency** once per hour  * * *  **Effect** You can see into and through solid'
F:\Obsidian\PF2e-Core-Vault\3-Rules\Character Building\Equipment\S\spectacles-of-understanding-(greater).md,"Invalid YAML: Unsupported frontmatter at line 34: '  as lenses and are held in place with thin cords that wrap around each ear, with'"
F:\Obsidian\PF2e-Core-Vault\3-Rules\Character Building\Equipment\S\spectacles-of-understanding.md,"Invalid YAML: Unsupported frontmatter at line 34: '  as lenses and are held in place with thin cords that wrap around each ear, with'"
F:\Obsidian\PF2e-Core-Vault\3-Rules\Character Building\Equipment\S\spectral-nightshade.md,"Invalid YAML: Unsupported frontmatter at line 34: '  to living visitors, such as the Shadow Plane or the Boneyard, grow with a strange,'"
F:\Obsidian\PF2e-Core-Vault\3-Rules\Character Building\Equipment\S\spectral-opera-glasses.md,"Invalid YAML: Unsupported frontmatter at line 34: '  held up to the eyes, which requires a free hand, you can see up to four times further'"
F:\Obsidian\PF2e-Core-Vault\3-Rules\Character Building\Equipment\S\spell-bastion.md,Invalid YAML: Unsupported frontmatter at line 34: '  the shield. A spellcaster can spend 1 minute to [[Actions/Cast a Spell|Cast a Spell]]'
F:\Obsidian\PF2e-Core-Vault\3-Rules\Character Building\Equipment\S\spell-duelists-siphon.md,"Invalid YAML: Unsupported frontmatter at line 35: ""  \\  **Frequency** once per day  **Trigger** You're targeted with an arcane spell"""
F:\Obsidian\PF2e-Core-Vault\3-Rules\Character Building\Equipment\S\spell-eating-pitch.md,Invalid YAML: Unsupported frontmatter at line 34: '  of magical energy that dramatically impair your cognitive functions and dispel spells'
F:\Obsidian\PF2e-Core-Vault\3-Rules\Character Building\Equipment\S\spell-echo-shot.md,"Invalid YAML: Unsupported frontmatter at line 34: '  djezet and orichalcum mix in a spell echo shot. When you Activate it, you name up'"
F:\Obsidian\PF2e-Core-Vault\3-Rules\Character Building\Equipment\S\spell-reservoir.md,Invalid YAML: Unsupported frontmatter at line 34: '  etched weapon. A spellcaster can spend 1 minute to cast a spell of 3rd rank or lower'
F:\Obsidian\PF2e-Core-Vault\3-Rules\Character Building\Equipment\S\spellbook-of-redundant-enchantment.md,Invalid YAML: Unsupported frontmatter at line 35: '  per day  **Trigger** You cast an enchantment spell prepared from this grimoire that'
F:\Obsidian\PF2e-Core-Vault\3-Rules\Character Building\Equipment\S\spellbreaking-(abjuration).md,Invalid YAML: Unsupported frontmatter at line 34: '  against that school. You gain a +1 status bonus to saving throws and AC against'
F:\Obsidian\PF2e-Core-Vault\3-Rules\Character Building\Equipment\S\spellbreaking-(conjuration).md,Invalid YAML: Unsupported frontmatter at line 34: '  against that school. You gain a +1 status bonus to saving throws and AC against'
F:\Obsidian\PF2e-Core-Vault\3-Rules\Character Building\Equipment\S\spellbreaking-(divination).md,Invalid YAML: Unsupported frontmatter at line 34: '  against that school. You gain a +1 status bonus to saving throws and AC against'
F:\Obsidian\PF2e-Core-Vault\3-Rules\Character Building\Equipment\S\spellbreaking-(enchantment).md,Invalid YAML: Unsupported frontmatter at line 34: '  against that school. You gain a +1 status bonus to saving throws and AC against'
F:\Obsidian\PF2e-Core-Vault\3-Rules\Character Building\Equipment\S\spellbreaking-(evocation).md,Invalid YAML: Unsupported frontmatter at line 34: '  against that school. You gain a +1 status bonus to saving throws and AC against'
F:\Obsidian\PF2e-Core-Vault\3-Rules\Character Building\Equipment\S\spellbreaking-(illusion).md,Invalid YAML: Unsupported frontmatter at line 34: '  against that school. You gain a +1 status bonus to saving throws and AC against'
F:\Obsidian\PF2e-Core-Vault\3-Rules\Character Building\Equipment\S\spellbreaking-(necromancy).md,Invalid YAML: Unsupported frontmatter at line 34: '  against that school. You gain a +1 status bonus to saving throws and AC against'
F:\Obsidian\PF2e-Core-Vault\3-Rules\Character Building\Equipment\S\spellbreaking-(transmutation).md,Invalid YAML: Unsupported frontmatter at line 34: '  against that school. You gain a +1 status bonus to saving throws and AC against'
F:\Obsidian\PF2e-Core-Vault\3-Rules\Character Building\Equipment\S\spellguard-blade.md,Invalid YAML: Unsupported frontmatter at line 34: '  glyphs that guard against magic.  When you are benefiting from the +1 circumstance'
F:\Obsidian\PF2e-Core-Vault\3-Rules\Character Building\Equipment\S\spellguard-shield.md,"Invalid YAML: Unsupported frontmatter at line 34: '  have this steel shield (Hardness 6, HP 24, BT 12) raised, you gain its circumstance'"
F:\Obsidian\PF2e-Core-Vault\3-Rules\Character Building\Equipment\S\spellsap-grenade-(greater).md,"Invalid YAML: Unsupported frontmatter at line 34: '  djezet, and solid metal shrapnel inside this grenade explodes on contact with air.'"
F:\Obsidian\PF2e-Core-Vault\3-Rules\Character Building\Equipment\S\spellsap-grenade.md,"Invalid YAML: Unsupported frontmatter at line 34: '  djezet, and solid metal shrapnel inside this grenade explodes on contact with air.'"
F:\Obsidian\PF2e-Core-Vault\3-Rules\Character Building\Equipment\S\spellstrike-ammunition-(type-i).md,Invalid YAML: Unsupported frontmatter at line 34: '  patterns create a magic reservoir within this ammunition. You activate _spellstrike'
F:\Obsidian\PF2e-Core-Vault\3-Rules\Character Building\Equipment\S\spellstrike-ammunition-(type-ii).md,Invalid YAML: Unsupported frontmatter at line 34: '  patterns create a magic reservoir within this ammunition. You activate _spellstrike'
F:\Obsidian\PF2e-Core-Vault\3-Rules\Character Building\Equipment\S\spellstrike-ammunition-(type-iii).md,Invalid YAML: Unsupported frontmatter at line 34: '  patterns create a magic reservoir within this ammunition. You activate _spellstrike'
F:\Obsidian\PF2e-Core-Vault\3-Rules\Character Building\Equipment\S\spellstrike-ammunition-(type-iv).md,Invalid YAML: Unsupported frontmatter at line 34: '  patterns create a magic reservoir within this ammunition. You activate _spellstrike'
F:\Obsidian\PF2e-Core-Vault\3-Rules\Character Building\Equipment\S\spellstrike-ammunition-(type-ix).md,Invalid YAML: Unsupported frontmatter at line 34: '  patterns create a magic reservoir within this ammunition. You activate _spellstrike'
F:\Obsidian\PF2e-Core-Vault\3-Rules\Character Building\Equipment\S\spellstrike-ammunition-(type-v).md,Invalid YAML: Unsupported frontmatter at line 34: '  patterns create a magic reservoir within this ammunition. You activate _spellstrike'
F:\Obsidian\PF2e-Core-Vault\3-Rules\Character Building\Equipment\S\spellstrike-ammunition-(type-vi).md,Invalid YAML: Unsupported frontmatter at line 34: '  patterns create a magic reservoir within this ammunition. You activate _spellstrike'
F:\Obsidian\PF2e-Core-Vault\3-Rules\Character Building\Equipment\S\spellstrike-ammunition-(type-vii).md,Invalid YAML: Unsupported frontmatter at line 34: '  patterns create a magic reservoir within this ammunition. You activate _spellstrike'
F:\Obsidian\PF2e-Core-Vault\3-Rules\Character Building\Equipment\S\spellstrike-ammunition-(type-viii).md,Invalid YAML: Unsupported frontmatter at line 34: '  patterns create a magic reservoir within this ammunition. You activate _spellstrike'
F:\Obsidian\PF2e-Core-Vault\3-Rules\Character Building\Equipment\S\spellstriker-staff-(greater).md,"Invalid YAML: Unsupported frontmatter at line 34: '  into its surface and a sharp point at the bottom. Used as a weapon, the staff is'"
F:\Obsidian\PF2e-Core-Vault\3-Rules\Character Building\Equipment\S\spellstriker-staff-(major).md,"Invalid YAML: Unsupported frontmatter at line 34: '  into its surface and a sharp point at the bottom. Used as a weapon, the staff is'"
F:\Obsidian\PF2e-Core-Vault\3-Rules\Character Building\Equipment\S\spellstriker-staff.md,"Invalid YAML: Unsupported frontmatter at line 34: '  into its surface and a sharp point at the bottom. Used as a weapon, the staff is'"
F:\Obsidian\PF2e-Core-Vault\3-Rules\Character Building\Equipment\S\sphere-of-annihilation.md,"Invalid YAML: Unsupported frontmatter at line 34: '  matter that comes into contact with it into a void, destroying it utterly. Anything'"
F:\Obsidian\PF2e-Core-Vault\3-Rules\Character Building\Equipment\S\spiced-demonade.md,Invalid YAML: Unsupported frontmatter at line 34: '  the original version of this tart red drink contained the ground skin of actual'
F:\Obsidian\PF2e-Core-Vault\3-Rules\Character Building\Equipment\S\spider-chair.md,"Invalid YAML: Unsupported frontmatter at line 34: '  allow it to roll up walls, fire web lines to pull you to a location, and obstruct'"
F:\Obsidian\PF2e-Core-Vault\3-Rules\Character Building\Equipment\S\spider-gun-(greater).md,Invalid YAML: Unsupported frontmatter at line 34: '  of martial firearm made from the fangs and spinneret of a Large spider. It deals'
F:\Obsidian\PF2e-Core-Vault\3-Rules\Character Building\Equipment\S\spider-gun-(major).md,Invalid YAML: Unsupported frontmatter at line 34: '  type of martial firearm made from the fangs and spinneret of a Large spider. It'
F:\Obsidian\PF2e-Core-Vault\3-Rules\Character Building\Equipment\S\spider-gun.md,Invalid YAML: Unsupported frontmatter at line 34: '  firearm made from the fangs and spinneret of a Large spider. It deals 1d10 poison'
F:\Obsidian\PF2e-Core-Vault\3-Rules\Character Building\Equipment\S\spider-lily-tattoo.md,Invalid YAML: Unsupported frontmatter at line 34: '  network. This crimson tattoo fades and becomes [[Conditions/Invisible|Invisible]]'
F:\Obsidian\PF2e-Core-Vault\3-Rules\Character Building\Equipment\S\spider-mold.md,Invalid YAML: Unsupported frontmatter at line 35: '  suited for mixing into meals meant to poison an unwary feaster.  * * *  **Activate**'
F:\Obsidian\PF2e-Core-Vault\3-Rules\Character Building\Equipment\S\spider-root.md,Invalid YAML: Unsupported frontmatter at line 35: '  (manipulate)  **Saving Throw** DC 28 Fortitude check  **Onset** 1 minute  **Maximum'
F:\Obsidian\PF2e-Core-Vault\3-Rules\Character Building\Equipment\S\spider-satchel-(greater).md,"Invalid YAML: Unsupported frontmatter at line 34: '  spider lays her eggs in a pyramidal web, and her young hatch only in response to'"
F:\Obsidian\PF2e-Core-Vault\3-Rules\Character Building\Equipment\S\spider-satchel-(lesser).md,"Invalid YAML: Unsupported frontmatter at line 34: '  spider lays her eggs in a pyramidal web, and her young hatch only in response to'"
F:\Obsidian\PF2e-Core-Vault\3-Rules\Character Building\Equipment\S\spider-satchel-(major).md,"Invalid YAML: Unsupported frontmatter at line 34: '  spider lays her eggs in a pyramidal web, and her young hatch only in response to'"
F:\Obsidian\PF2e-Core-Vault\3-Rules\Character Building\Equipment\S\spider-satchel-(moderate).md,"Invalid YAML: Unsupported frontmatter at line 34: '  spider lays her eggs in a pyramidal web, and her young hatch only in response to'"
F:\Obsidian\PF2e-Core-Vault\3-Rules\Character Building\Equipment\S\spider-venom.md,Invalid YAML: Unsupported frontmatter at line 35: '  check  **Maximum Duration** 6 rounds  **Stage 1** 1d10 poison damage and [[Conditions/Sickened|Sickened'
F:\Obsidian\PF2e-Core-Vault\3-Rules\Character Building\Equipment\S\spiderfoot-brew-(greater).md,"Invalid YAML: Unsupported frontmatter at line 34: '  is made from the silk glands of giant spiders. When you drink a spiderfoot brew,'"
F:\Obsidian\PF2e-Core-Vault\3-Rules\Character Building\Equipment\S\spiderfoot-brew-(lesser).md,"Invalid YAML: Unsupported frontmatter at line 34: '  is made from the silk glands of giant spiders. When you drink a spiderfoot brew,'"
F:\Obsidian\PF2e-Core-Vault\3-Rules\Character Building\Equipment\S\spiderfoot-brew-(moderate).md,"Invalid YAML: Unsupported frontmatter at line 34: '  is made from the silk glands of giant spiders. When you drink a spiderfoot brew,'"
F:\Obsidian\PF2e-Core-Vault\3-Rules\Character Building\Equipment\S\spike-launcher.md,"Invalid YAML: Unsupported frontmatter at line 34: '  to launch large, spear-like projectiles. A _spike launcher_ is a _+1 striking_ weapon.'"
F:\Obsidian\PF2e-Core-Vault\3-Rules\Character Building\Equipment\S\spike-snare.md,"Invalid YAML: Unsupported frontmatter at line 34: ""  momentum to lacerate or potentially impale it as it enters the snare's square, dealing"""
F:\Obsidian\PF2e-Core-Vault\3-Rules\Character Building\Equipment\S\spiked-chain.md,"Invalid YAML: Unsupported frontmatter at line 34: '  on one or both ends. Some feature metal hoops used as handgrips.""'"
F:\Obsidian\PF2e-Core-Vault\3-Rules\Character Building\Equipment\S\spiked-gauntlet.md,"Invalid YAML: Unsupported frontmatter at line 34: '  has a group of spikes protruding from the knuckles.""'"
F:\Obsidian\PF2e-Core-Vault\3-Rules\Character Building\Equipment\S\spined-shield.md,"Invalid YAML: Unsupported frontmatter at line 34: '  6, HP 24, BT 12). The spines are +1 striking shield spikes.  When you use the Shield'"
F:\Obsidian\PF2e-Core-Vault\3-Rules\Character Building\Equipment\S\spiny-lodestone-(greater).md,Invalid YAML: Unsupported frontmatter at line 34: '  layer of iron sand that always finds its way back to shape if wiped away. The spell'
F:\Obsidian\PF2e-Core-Vault\3-Rules\Character Building\Equipment\S\spiny-lodestone-(major).md,Invalid YAML: Unsupported frontmatter at line 34: '  layer of iron sand that always finds its way back to shape if wiped away. The spell'
F:\Obsidian\PF2e-Core-Vault\3-Rules\Character Building\Equipment\S\spiny-lodestone.md,Invalid YAML: Unsupported frontmatter at line 34: '  layer of iron sand that always finds its way back to shape if wiped away. The spell'
F:\Obsidian\PF2e-Core-Vault\3-Rules\Character Building\Equipment\S\spiral-athame.md,Invalid YAML: Unsupported frontmatter at line 34: '  silver dagger_ is a black glass orb that contains a tiny blue comet that spirals'
F:\Obsidian\PF2e-Core-Vault\3-Rules\Character Building\Equipment\S\spiral-chimes.md,Invalid YAML: Unsupported frontmatter at line 34: '  designs that hang on thin wires from a carved statue of a storm cloud or air elemental.'
F:\Obsidian\PF2e-Core-Vault\3-Rules\Character Building\Equipment\S\spiral-rapier.md,"Invalid YAML: Unsupported frontmatter at line 34: '  a thicker blade than normal, which is shaped into a corkscrew-like spiral well suited'"
F:\Obsidian\PF2e-Core-Vault\3-Rules\Character Building\Equipment\S\spirit-bulb-(greater).md,Invalid YAML: Unsupported frontmatter at line 34: '  bulb is harvested from an ancient grove rich in primal plant magic. When you activate'
F:\Obsidian\PF2e-Core-Vault\3-Rules\Character Building\Equipment\S\spirit-bulb-(major).md,Invalid YAML: Unsupported frontmatter at line 34: '  bulb is harvested from an ancient grove rich in primal plant magic. When you activate'
F:\Obsidian\PF2e-Core-Vault\3-Rules\Character Building\Equipment\S\spirit-bulb.md,Invalid YAML: Unsupported frontmatter at line 34: '  bulb is harvested from an ancient grove rich in primal plant magic. When you activate'
F:\Obsidian\PF2e-Core-Vault\3-Rules\Character Building\Equipment\S\spirit-fan.md,Invalid YAML: Unsupported frontmatter at line 34: '  with images of three golden leaves and a red rope tassel. If a creature is reduced'
F:\Obsidian\PF2e-Core-Vault\3-Rules\Character Building\Equipment\S\spirit-sealing-fulu-(greater).md,"Invalid YAML: Unsupported frontmatter at line 34: '  rounds  * * *  This classic fulu seals the void energy within an undead, freezing'"
F:\Obsidian\PF2e-Core-Vault\3-Rules\Character Building\Equipment\S\spirit-sealing-fulu.md,"Invalid YAML: Unsupported frontmatter at line 34: '  *  This classic fulu seals the void energy within an undead, freezing it in its'"
F:\Obsidian\PF2e-Core-Vault\3-Rules\Character Building\Equipment\S\spirit-singer-(handheld).md,Invalid YAML: Unsupported frontmatter at line 34: '  of spiritual essence and other ethereal energies. All spirit-singers can be used'
F:\Obsidian\PF2e-Core-Vault\3-Rules\Character Building\Equipment\S\spirit-singer-(incredible).md,Invalid YAML: Unsupported frontmatter at line 34: '  of spiritual essence and other ethereal energies. All spirit-singers can be used'
F:\Obsidian\PF2e-Core-Vault\3-Rules\Character Building\Equipment\S\spirit-singer-(incredible-handheld).md,Invalid YAML: Unsupported frontmatter at line 34: '  of spiritual essence and other ethereal energies. All spirit-singers can be used'
F:\Obsidian\PF2e-Core-Vault\3-Rules\Character Building\Equipment\S\spirit-snare.md,"Invalid YAML: Unsupported frontmatter at line 34: '  coils attached to strange electrical relays, working on the same principles as etheric'"
F:\Obsidian\PF2e-Core-Vault\3-Rules\Character Building\Equipment\S\spirit-thresher.md,Invalid YAML: Unsupported frontmatter at line 34: '  at the end of a long stick to form a powerful flail. Many kholo warriors insist'
F:\Obsidian\PF2e-Core-Vault\3-Rules\Character Building\Equipment\S\spirit-trap.md,"Invalid YAML: Unsupported frontmatter at line 34: ""  with sacred herbs to better combat phantoms. This snare's components function as"""
F:\Obsidian\PF2e-Core-Vault\3-Rules\Character Building\Equipment\S\spiritsight-crossbow.md,Invalid YAML: Unsupported frontmatter at line 34: '  lenses and silver fittings along the stock and feels strangely light.  **Activate—Ethereal'
F:\Obsidian\PF2e-Core-Vault\3-Rules\Character Building\Equipment\S\spiritsight-ring.md,Invalid YAML: Unsupported frontmatter at line 34: '  translucent and tickles your finger whenever an incorporeal creature is nearby.'
F:\Obsidian\PF2e-Core-Vault\3-Rules\Character Building\Equipment\S\spiritsight-tea.md,"Invalid YAML: Unsupported frontmatter at line 34: '  \\  * * *  Spiritsight tea exudes a soft blue glow, creating illumination equal to'"
F:\Obsidian\PF2e-Core-Vault\3-Rules\Character Building\Equipment\S\spiritual-warhorn-(greater).md,"Invalid YAML: Unsupported frontmatter at line 34: '  made of horn, leather, and metal. When you play a single, long note from the warhorn,'"
F:\Obsidian\PF2e-Core-Vault\3-Rules\Character Building\Equipment\S\spiritual-warhorn-(lesser).md,"Invalid YAML: Unsupported frontmatter at line 34: '  made of horn, leather, and metal. When you play a single, long note from the warhorn,'"
F:\Obsidian\PF2e-Core-Vault\3-Rules\Character Building\Equipment\S\spiritual-warhorn-(major).md,"Invalid YAML: Unsupported frontmatter at line 34: '  made of horn, leather, and metal. When you play a single, long note from the warhorn,'"
F:\Obsidian\PF2e-Core-Vault\3-Rules\Character Building\Equipment\S\spiritual-warhorn-(moderate).md,"Invalid YAML: Unsupported frontmatter at line 34: '  made of horn, leather, and metal. When you play a single, long note from the warhorn,'"
F:\Obsidian\PF2e-Core-Vault\3-Rules\Character Building\Equipment\S\spleen-bloodstone-of-arazni.md,Invalid YAML: Unsupported frontmatter at line 34: '  Bloodstone_ makes you feel as if no bonds can contain you.  * * *  **Activate—Sure'
F:\Obsidian\PF2e-Core-Vault\3-Rules\Character Building\Equipment\S\splendid-floodlight.md,Invalid YAML: Unsupported frontmatter at line 34: '  a housing at its base to be slotted into a stand or pedestal. A splendid floodlight'
F:\Obsidian\PF2e-Core-Vault\3-Rules\Character Building\Equipment\S\splint-mail.md,"Invalid YAML: Unsupported frontmatter at line 34: ""  metal plates, typically located on the wearer's torso, upper arms, and legs. A suit"""
F:\Obsidian\PF2e-Core-Vault\3-Rules\Character Building\Equipment\S\splintering-spear-(greater).md,"Invalid YAML: Unsupported frontmatter at line 34: '  is made of worn, cracked, splintered wood, including the spearhead. These splinters'"
F:\Obsidian\PF2e-Core-Vault\3-Rules\Character Building\Equipment\S\splintering-spear-(major).md,"Invalid YAML: Unsupported frontmatter at line 34: '  made of worn, cracked, splintered wood, including the spearhead. These splinters'"
F:\Obsidian\PF2e-Core-Vault\3-Rules\Character Building\Equipment\S\splintering-spear.md,"Invalid YAML: Unsupported frontmatter at line 34: '  worn, cracked, splintered wood, including the spearhead. These splinters never harm'"
F:\Obsidian\PF2e-Core-Vault\3-Rules\Character Building\Equipment\S\splithead-bow.md,"Invalid YAML: Unsupported frontmatter at line 34: ""  the flesh of a fallen hydra and ornate carvings on the grip that depict the hydra's"""
F:\Obsidian\PF2e-Core-Vault\3-Rules\Character Building\Equipment\S\spore-sap.md,Invalid YAML: Unsupported frontmatter at line 34: '  and bound around a mesh of spore-infused gills. Demon-worshipping xulgaths use spore'
F:\Obsidian\PF2e-Core-Vault\3-Rules\Character Building\Equipment\S\spore-shephards-staff-(greater).md,Invalid YAML: Unsupported frontmatter at line 34: '  a shaft that spreads into a bright red cap speckled in white. While wielding the'
F:\Obsidian\PF2e-Core-Vault\3-Rules\Character Building\Equipment\S\spore-shephards-staff-(major).md,Invalid YAML: Unsupported frontmatter at line 34: '  a shaft that spreads into a bright red cap speckled in white. While wielding the'
F:\Obsidian\PF2e-Core-Vault\3-Rules\Character Building\Equipment\S\spore-shephards-staff.md,Invalid YAML: Unsupported frontmatter at line 34: '  a shaft that spreads into a bright red cap speckled in white. While wielding the'
F:\Obsidian\PF2e-Core-Vault\3-Rules\Character Building\Equipment\S\sportlebore-capsule.md,Invalid YAML: Unsupported frontmatter at line 34: '  material is filled with a flavorless clear powder mixed with thousands of microscopic'
F:\Obsidian\PF2e-Core-Vault\3-Rules\Character Building\Equipment\S\spring-heel.md,"Invalid YAML: Unsupported frontmatter at line 34: '  bound around a collapsible shaft. When released, the spring unspools rapidly and'"
F:\Obsidian\PF2e-Core-Vault\3-Rules\Character Building\Equipment\S\spring-loaded-net-launcher.md,"Invalid YAML: Unsupported frontmatter at line 34: '  about the size of a potion bottle. When you activate the launcher, it fires an unattached'"
F:\Obsidian\PF2e-Core-Vault\3-Rules\Character Building\Equipment\S\sprite-apple-(chartreuse).md,"Invalid YAML: Unsupported frontmatter at line 34: '  sprite apple. For 10 minutes after consuming a sprite apple, you shed bright light'"
F:\Obsidian\PF2e-Core-Vault\3-Rules\Character Building\Equipment\S\sprite-apple-(golden).md,"Invalid YAML: Unsupported frontmatter at line 34: '  sprite apple. For 10 minutes after consuming a sprite apple, you shed bright light'"
F:\Obsidian\PF2e-Core-Vault\3-Rules\Character Building\Equipment\S\sprite-apple-(pink).md,"Invalid YAML: Unsupported frontmatter at line 34: '  sprite apple. For 10 minutes after consuming a sprite apple, you shed bright light'"
F:\Obsidian\PF2e-Core-Vault\3-Rules\Character Building\Equipment\S\sprite-apple-(teal).md,"Invalid YAML: Unsupported frontmatter at line 34: '  sprite apple. For 10 minutes after consuming a sprite apple, you shed bright light'"
F:\Obsidian\PF2e-Core-Vault\3-Rules\Character Building\Equipment\S\spry-sinews-(greater).md,Invalid YAML: Unsupported frontmatter at line 34: '  you increase the horizontal distance of your Leap by 10 feet and the vertical distance'
F:\Obsidian\PF2e-Core-Vault\3-Rules\Character Building\Equipment\S\spry-sinews-(lesser).md,Invalid YAML: Unsupported frontmatter at line 34: '  you increase the horizontal distance of your Leap by 5 feet and the vertical distance'
F:\Obsidian\PF2e-Core-Vault\3-Rules\Character Building\Equipment\S\spun-cloud-(black).md,"Invalid YAML: Unsupported frontmatter at line 34: '  Air, small clouds of differing colors can sometimes float separately from other'"
F:\Obsidian\PF2e-Core-Vault\3-Rules\Character Building\Equipment\S\spun-cloud-(blue).md,"Invalid YAML: Unsupported frontmatter at line 34: '  Air, small clouds of differing colors can sometimes float separately from other'"
F:\Obsidian\PF2e-Core-Vault\3-Rules\Character Building\Equipment\S\spun-cloud-(green).md,"Invalid YAML: Unsupported frontmatter at line 34: '  Air, small clouds of differing colors can sometimes float separately from other'"
F:\Obsidian\PF2e-Core-Vault\3-Rules\Character Building\Equipment\S\spun-cloud-(red).md,"Invalid YAML: Unsupported frontmatter at line 34: '  Air, small clouds of differing colors can sometimes float separately from other'"
F:\Obsidian\PF2e-Core-Vault\3-Rules\Character Building\Equipment\S\spun-cloud-(white).md,"Invalid YAML: Unsupported frontmatter at line 34: '  Air, small clouds of differing colors can sometimes float separately from other'"
F:\Obsidian\PF2e-Core-Vault\3-Rules\Character Building\Equipment\S\spy-staff-(greater).md,Invalid YAML: Unsupported frontmatter at line 34: '  subtle etchings of eyes upon its sides. The first to develop the spy staff were'
F:\Obsidian\PF2e-Core-Vault\3-Rules\Character Building\Equipment\S\spy-staff-(major).md,Invalid YAML: Unsupported frontmatter at line 34: '  subtle etchings of eyes upon its sides. The first to develop the spy staff were'
F:\Obsidian\PF2e-Core-Vault\3-Rules\Character Building\Equipment\S\spy-staff.md,Invalid YAML: Unsupported frontmatter at line 34: '  subtle etchings of eyes upon its sides. The first to develop the spy staff were'
F:\Obsidian\PF2e-Core-Vault\3-Rules\Character Building\Equipment\S\spyglass-(fine).md,"Invalid YAML: Unsupported frontmatter at line 34: '  spyglass adds a +1 item bonus to Perception checks to notice details at a distance.""'"
F:\Obsidian\PF2e-Core-Vault\3-Rules\Character Building\Equipment\S\spyglass-eye.md,Invalid YAML: Unsupported frontmatter at line 34: '  prosthetic eye allows you to clearly see small details as well as things a great'
F:\Obsidian\PF2e-Core-Vault\3-Rules\Character Building\Equipment\S\squid-ink-sac.md,"Invalid YAML: Unsupported frontmatter at line 35: '  once per day  **Effect** You splatter ink in a 10-foot cone, covering creatures'"
F:\Obsidian\PF2e-Core-Vault\3-Rules\Character Building\Equipment\S\st.-alkitarems-eye.md,Invalid YAML: Unsupported frontmatter at line 34: '  with tiny brass wings. At the center of the housing is a _[[Equipment/Aeon Stone'
F:\Obsidian\PF2e-Core-Vault\3-Rules\Character Building\Equipment\S\staff-of-air-(greater).md,"Invalid YAML: Unsupported frontmatter at line 34: '  sparks, and a breeze always follows the wielder. While wielding a staff of air,'"
F:\Obsidian\PF2e-Core-Vault\3-Rules\Character Building\Equipment\S\staff-of-air-(major).md,"Invalid YAML: Unsupported frontmatter at line 34: '  sparks, and a breeze always follows the wielder. While wielding a staff of air,'"
F:\Obsidian\PF2e-Core-Vault\3-Rules\Character Building\Equipment\S\staff-of-air.md,"Invalid YAML: Unsupported frontmatter at line 34: '  sparks, and a breeze always follows the wielder. While wielding a staff of air,'"
F:\Obsidian\PF2e-Core-Vault\3-Rules\Character Building\Equipment\S\staff-of-arcane-might-(greater).md,Invalid YAML: Unsupported frontmatter at line 34: '  depicting magical runic symbols. A staff of arcane might is a _+2 greater striking'
F:\Obsidian\PF2e-Core-Vault\3-Rules\Character Building\Equipment\S\staff-of-arcane-might-(major).md,Invalid YAML: Unsupported frontmatter at line 34: '  depicting magical runic symbols. A staff of arcane might is a _+3 greater striking'
F:\Obsidian\PF2e-Core-Vault\3-Rules\Character Building\Equipment\S\staff-of-arcane-might.md,Invalid YAML: Unsupported frontmatter at line 34: '  depicting magical runic symbols. A staff of arcane might is a _+1 striking staff_.\\'
F:\Obsidian\PF2e-Core-Vault\3-Rules\Character Building\Equipment\S\staff-of-control-(greater).md,"Invalid YAML: Unsupported frontmatter at line 34: '  staff. While wielding the staff, you gain a +1 status bonus to Diplomacy checks'"
F:\Obsidian\PF2e-Core-Vault\3-Rules\Character Building\Equipment\S\staff-of-control-(major).md,"Invalid YAML: Unsupported frontmatter at line 34: '  staff. While wielding the staff, you gain a +1 status bonus to Diplomacy checks'"
F:\Obsidian\PF2e-Core-Vault\3-Rules\Character Building\Equipment\S\staff-of-control.md,"Invalid YAML: Unsupported frontmatter at line 34: '  staff. While wielding the staff, you gain a +1 status bonus to Diplomacy checks'"
F:\Obsidian\PF2e-Core-Vault\3-Rules\Character Building\Equipment\S\staff-of-earth-(greater).md,"Invalid YAML: Unsupported frontmatter at line 34: '  of a staff of earth, which makes a solid thud whenever tapped against the ground.'"
F:\Obsidian\PF2e-Core-Vault\3-Rules\Character Building\Equipment\S\staff-of-earth-(major).md,"Invalid YAML: Unsupported frontmatter at line 34: '  of a staff of earth, which makes a solid thud whenever tapped against the ground.'"
F:\Obsidian\PF2e-Core-Vault\3-Rules\Character Building\Equipment\S\staff-of-earth.md,"Invalid YAML: Unsupported frontmatter at line 34: '  of a staff of earth, which makes a solid thud whenever tapped against the ground.'"
F:\Obsidian\PF2e-Core-Vault\3-Rules\Character Building\Equipment\S\staff-of-elemental-power-(greater).md,"Invalid YAML: Unsupported frontmatter at line 34: '  at the top. While wielding the staff, you gain a +2 circumstance bonus to checks'"
F:\Obsidian\PF2e-Core-Vault\3-Rules\Character Building\Equipment\S\staff-of-elemental-power-(major).md,"Invalid YAML: Unsupported frontmatter at line 34: '  at the top. While wielding the staff, you gain a +2 circumstance bonus to checks'"
F:\Obsidian\PF2e-Core-Vault\3-Rules\Character Building\Equipment\S\staff-of-elemental-power.md,"Invalid YAML: Unsupported frontmatter at line 34: '  at the top. While wielding the staff, you gain a +2 circumstance bonus to checks'"
F:\Obsidian\PF2e-Core-Vault\3-Rules\Character Building\Equipment\S\staff-of-final-rest-(greater).md,"Invalid YAML: Unsupported frontmatter at line 34: '  its shield bearing the symbol of Lastwall, with a wickedly pointed sword made of'"
F:\Obsidian\PF2e-Core-Vault\3-Rules\Character Building\Equipment\S\staff-of-final-rest-(major).md,"Invalid YAML: Unsupported frontmatter at line 34: '  its shield bearing the symbol of Lastwall, with a wickedly pointed sword made of'"
F:\Obsidian\PF2e-Core-Vault\3-Rules\Character Building\Equipment\S\staff-of-final-rest.md,"Invalid YAML: Unsupported frontmatter at line 34: '  its shield bearing the symbol of Lastwall, with a wickedly pointed sword made of'"
F:\Obsidian\PF2e-Core-Vault\3-Rules\Character Building\Equipment\S\staff-of-fire-(greater).md,"Invalid YAML: Unsupported frontmatter at line 34: '  can Interact to touch the tip of this staff to a torch, tinder, or a flammable substance'"
F:\Obsidian\PF2e-Core-Vault\3-Rules\Character Building\Equipment\S\staff-of-fire-(major).md,"Invalid YAML: Unsupported frontmatter at line 34: '  can Interact to touch the tip of this staff to a torch, tinder, or a flammable substance'"
F:\Obsidian\PF2e-Core-Vault\3-Rules\Character Building\Equipment\S\staff-of-fire.md,"Invalid YAML: Unsupported frontmatter at line 34: '  can Interact to touch the tip of this staff to a torch, tinder, or a flammable substance'"
F:\Obsidian\PF2e-Core-Vault\3-Rules\Character Building\Equipment\S\staff-of-healing-(greater).md,Invalid YAML: Unsupported frontmatter at line 34: '  with ruby cabochons. A _staff of healing_ grants a +2 item bonus to the Hit Points'
F:\Obsidian\PF2e-Core-Vault\3-Rules\Character Building\Equipment\S\staff-of-healing-(major).md,Invalid YAML: Unsupported frontmatter at line 34: '  with ruby cabochons. A _staff of healing_ grants a +3 item bonus to the Hit Points'
F:\Obsidian\PF2e-Core-Vault\3-Rules\Character Building\Equipment\S\staff-of-healing-(true).md,Invalid YAML: Unsupported frontmatter at line 34: '  with ruby cabochons. A _staff of healing_ grants a +4 item bonus to the Hit Points'
F:\Obsidian\PF2e-Core-Vault\3-Rules\Character Building\Equipment\S\staff-of-healing.md,Invalid YAML: Unsupported frontmatter at line 34: '  with ruby cabochons. A _staff of healing_ grants a +1 item bonus to the Hit Points'
F:\Obsidian\PF2e-Core-Vault\3-Rules\Character Building\Equipment\S\staff-of-illumination.md,"Invalid YAML: Unsupported frontmatter at line 35: '  as a torch, shedding bright light in a 20-foot radius (and dim light to the next'"
F:\Obsidian\PF2e-Core-Vault\3-Rules\Character Building\Equipment\S\staff-of-impossible-visions-(greater).md,Invalid YAML: Unsupported frontmatter at line 34: '  gemstones that seem to move and undulate at the corner of your vision. While wielding'
F:\Obsidian\PF2e-Core-Vault\3-Rules\Character Building\Equipment\S\staff-of-impossible-visions-(major).md,Invalid YAML: Unsupported frontmatter at line 34: '  gemstones that seem to move and undulate at the corner of your vision. While wielding'
F:\Obsidian\PF2e-Core-Vault\3-Rules\Character Building\Equipment\S\staff-of-impossible-visions-(true).md,Invalid YAML: Unsupported frontmatter at line 34: '  gemstones that seem to move and undulate at the corner of your vision. While wielding'
F:\Obsidian\PF2e-Core-Vault\3-Rules\Character Building\Equipment\S\staff-of-impossible-visions.md,Invalid YAML: Unsupported frontmatter at line 34: '  gemstones that seem to move and undulate at the corner of your vision. While wielding'
F:\Obsidian\PF2e-Core-Vault\3-Rules\Character Building\Equipment\S\staff-of-metal-(greater).md,"Invalid YAML: Unsupported frontmatter at line 34: '  and one blue. When you Strike with the staff, you gain a +1 circumstance bonus to'"
F:\Obsidian\PF2e-Core-Vault\3-Rules\Character Building\Equipment\S\staff-of-metal-(major).md,"Invalid YAML: Unsupported frontmatter at line 34: '  and one blue. When you Strike with the staff, you gain a +1 circumstance bonus to'"
F:\Obsidian\PF2e-Core-Vault\3-Rules\Character Building\Equipment\S\staff-of-metal.md,"Invalid YAML: Unsupported frontmatter at line 34: '  and one blue. When you Strike with the staff, you gain a +1 circumstance bonus to'"
F:\Obsidian\PF2e-Core-Vault\3-Rules\Character Building\Equipment\S\staff-of-natures-cunning-(greater).md,Invalid YAML: Unsupported frontmatter at line 34: '  green tinge. You created this staff to aid you in speaking to the plants you met'
F:\Obsidian\PF2e-Core-Vault\3-Rules\Character Building\Equipment\S\staff-of-natures-cunning-(major).md,Invalid YAML: Unsupported frontmatter at line 34: '  green tinge. You created this staff to aid you in speaking to the plants you met'
F:\Obsidian\PF2e-Core-Vault\3-Rules\Character Building\Equipment\S\staff-of-natures-cunning.md,Invalid YAML: Unsupported frontmatter at line 34: '  green tinge. You created this staff to aid you in speaking to the plants you met'
F:\Obsidian\PF2e-Core-Vault\3-Rules\Character Building\Equipment\S\staff-of-natures-vengeance-(greater).md,"Invalid YAML: Unsupported frontmatter at line 34: ""  a _staff of nature's vengeance_ permanently has the effects of [[Spells/Shillelagh|Shillelagh]].\\"""
F:\Obsidian\PF2e-Core-Vault\3-Rules\Character Building\Equipment\S\staff-of-natures-vengeance-(major).md,"Invalid YAML: Unsupported frontmatter at line 34: ""  a _staff of nature's vengeance_ permanently has the effects of [[Spells/Shillelagh|Shillelagh]].\\"""
F:\Obsidian\PF2e-Core-Vault\3-Rules\Character Building\Equipment\S\staff-of-natures-vengeance.md,"Invalid YAML: Unsupported frontmatter at line 34: ""  a _staff of nature's vengeance_ permanently has the effects of [[Spells/Shillelagh|Shillelagh]].\\"""
F:\Obsidian\PF2e-Core-Vault\3-Rules\Character Building\Equipment\S\staff-of-phantasms-(greater).md,"Invalid YAML: Unsupported frontmatter at line 34: '  Cast a Spell from the staff, the illusory image of something you desire flashes'"
F:\Obsidian\PF2e-Core-Vault\3-Rules\Character Building\Equipment\S\staff-of-phantasms-(major).md,"Invalid YAML: Unsupported frontmatter at line 34: '  Cast a Spell from the staff, the illusory image of something you desire flashes'"
F:\Obsidian\PF2e-Core-Vault\3-Rules\Character Building\Equipment\S\staff-of-phantasms.md,"Invalid YAML: Unsupported frontmatter at line 34: '  Cast a Spell from the staff, the illusory image of something you desire flashes'"
F:\Obsidian\PF2e-Core-Vault\3-Rules\Character Building\Equipment\S\staff-of-power.md,"Invalid YAML: Unsupported frontmatter at line 34: '  depicting magical runic symbols. When used as a weapon, a _staff of power_ is a'"
F:\Obsidian\PF2e-Core-Vault\3-Rules\Character Building\Equipment\S\staff-of-protection-(greater).md,"Invalid YAML: Unsupported frontmatter at line 34: '  the staff, you gain a +1 circumstance bonus to your DC to avoid being shoved or'"
F:\Obsidian\PF2e-Core-Vault\3-Rules\Character Building\Equipment\S\staff-of-protection-(major).md,"Invalid YAML: Unsupported frontmatter at line 34: '  the staff, you gain a +1 circumstance bonus to your DC to avoid being shoved or'"
F:\Obsidian\PF2e-Core-Vault\3-Rules\Character Building\Equipment\S\staff-of-protection.md,"Invalid YAML: Unsupported frontmatter at line 34: '  the staff, you gain a +1 circumstance bonus to your DC to avoid being shoved or'"
F:\Obsidian\PF2e-Core-Vault\3-Rules\Character Building\Equipment\S\staff-of-providence-(greater).md,Invalid YAML: Unsupported frontmatter at line 34: '  representing the watchful eye of the divine powers. The bearer of the staff can'
F:\Obsidian\PF2e-Core-Vault\3-Rules\Character Building\Equipment\S\staff-of-providence-(major).md,Invalid YAML: Unsupported frontmatter at line 34: '  representing the watchful eye of the divine powers. The bearer of the staff can'
F:\Obsidian\PF2e-Core-Vault\3-Rules\Character Building\Equipment\S\staff-of-providence-(true).md,Invalid YAML: Unsupported frontmatter at line 34: '  representing the watchful eye of the divine powers. The bearer of the staff can'
F:\Obsidian\PF2e-Core-Vault\3-Rules\Character Building\Equipment\S\staff-of-providence.md,Invalid YAML: Unsupported frontmatter at line 34: '  representing the watchful eye of the divine powers. The bearer of the staff can'
F:\Obsidian\PF2e-Core-Vault\3-Rules\Character Building\Equipment\S\staff-of-sieges.md,"Invalid YAML: Unsupported frontmatter at line 34: ""  on a castle. Lesser cover, cover, and greater cover don't grant any bonus against"""
F:\Obsidian\PF2e-Core-Vault\3-Rules\Character Building\Equipment\S\staff-of-summoning-(greater).md,Invalid YAML: Unsupported frontmatter at line 34: '  summoned using this staff gain a number of temporary Hit Points equal to the rank'
F:\Obsidian\PF2e-Core-Vault\3-Rules\Character Building\Equipment\S\staff-of-summoning-(major).md,Invalid YAML: Unsupported frontmatter at line 34: '  summoned using this staff gain a number of temporary Hit Points equal to the rank'
F:\Obsidian\PF2e-Core-Vault\3-Rules\Character Building\Equipment\S\staff-of-summoning.md,Invalid YAML: Unsupported frontmatter at line 34: '  summoned using this staff gain a number of temporary Hit Points equal to the rank'
F:\Obsidian\PF2e-Core-Vault\3-Rules\Character Building\Equipment\S\staff-of-sun-wukong.md,"Invalid YAML: Unsupported frontmatter at line 34: '  grievous bo staff_ is a legendary artifact wielded by the Monkey King, Sun Wukong.'"
F:\Obsidian\PF2e-Core-Vault\3-Rules\Character Building\Equipment\S\staff-of-the-black-desert-(greater).md,"Invalid YAML: Unsupported frontmatter at line 34: '  nigh-imperceptible sand crystals embedded in its surface.  While carrying the staff,'"
F:\Obsidian\PF2e-Core-Vault\3-Rules\Character Building\Equipment\S\staff-of-the-black-desert.md,"Invalid YAML: Unsupported frontmatter at line 34: '  nigh-imperceptible sand crystals embedded in its surface.  While carrying the staff,'"
F:\Obsidian\PF2e-Core-Vault\3-Rules\Character Building\Equipment\S\staff-of-the-dead-(greater).md,Invalid YAML: Unsupported frontmatter at line 34: '  bone motifs. Creatures summoned using this staff gain a number of temporary Hit'
F:\Obsidian\PF2e-Core-Vault\3-Rules\Character Building\Equipment\S\staff-of-the-dead-(major).md,Invalid YAML: Unsupported frontmatter at line 34: '  bone motifs. Creatures summoned using this staff gain a number of temporary Hit'
F:\Obsidian\PF2e-Core-Vault\3-Rules\Character Building\Equipment\S\staff-of-the-dead.md,Invalid YAML: Unsupported frontmatter at line 34: '  bone motifs. Creatures summoned using this staff gain a number of temporary Hit'
F:\Obsidian\PF2e-Core-Vault\3-Rules\Character Building\Equipment\S\staff-of-the-desert-winds-(greater).md,"Invalid YAML: Unsupported frontmatter at line 34: '  of rough sandstone embedded in the top, to channel the magic of the desert. When'"
F:\Obsidian\PF2e-Core-Vault\3-Rules\Character Building\Equipment\S\staff-of-the-desert-winds-(major).md,"Invalid YAML: Unsupported frontmatter at line 34: '  of rough sandstone embedded in the top, to channel the magic of the desert. When'"
F:\Obsidian\PF2e-Core-Vault\3-Rules\Character Building\Equipment\S\staff-of-the-desert-winds-(true).md,"Invalid YAML: Unsupported frontmatter at line 34: '  of rough sandstone embedded in the top, to channel the magic of the desert. When'"
F:\Obsidian\PF2e-Core-Vault\3-Rules\Character Building\Equipment\S\staff-of-the-desert-winds.md,"Invalid YAML: Unsupported frontmatter at line 34: '  of rough sandstone embedded in the top, to channel the magic of the desert. When'"
F:\Obsidian\PF2e-Core-Vault\3-Rules\Character Building\Equipment\S\staff-of-the-dreamlands-(greater).md,Invalid YAML: Unsupported frontmatter at line 34: '  a rough gem. The _Staff of the Dreamlands_ makes it easier to navigate and survive'
F:\Obsidian\PF2e-Core-Vault\3-Rules\Character Building\Equipment\S\staff-of-the-dreamlands-(major).md,Invalid YAML: Unsupported frontmatter at line 34: '  a rough gem. The _Staff of the Dreamlands_ makes it easier to navigate and survive'
F:\Obsidian\PF2e-Core-Vault\3-Rules\Character Building\Equipment\S\staff-of-the-dreamlands.md,Invalid YAML: Unsupported frontmatter at line 34: '  a rough gem. The _Staff of the Dreamlands_ makes it easier to navigate and survive'
F:\Obsidian\PF2e-Core-Vault\3-Rules\Character Building\Equipment\S\staff-of-the-magi.md,"Invalid YAML: Unsupported frontmatter at line 34: '  on this long wooden staff. A _staff of the magi_ is a _+3 major striking staff_,'"
F:\Obsidian\PF2e-Core-Vault\3-Rules\Character Building\Equipment\S\staff-of-the-tempest-(greater).md,"Invalid YAML: Unsupported frontmatter at line 34: ""  struck by lightning. It's often gnarled and blackened with the occasional spark"""
F:\Obsidian\PF2e-Core-Vault\3-Rules\Character Building\Equipment\S\staff-of-the-tempest-(major).md,"Invalid YAML: Unsupported frontmatter at line 34: ""  struck by lightning. It's often gnarled and blackened with the occasional spark"""
F:\Obsidian\PF2e-Core-Vault\3-Rules\Character Building\Equipment\S\staff-of-the-tempest.md,"Invalid YAML: Unsupported frontmatter at line 34: ""  struck by lightning. It's often gnarled and blackened with the occasional spark"""
F:\Obsidian\PF2e-Core-Vault\3-Rules\Character Building\Equipment\S\staff-of-the-unblinking-eye-(greater).md,"Invalid YAML: Unsupported frontmatter at line 34: '  a lidless eye. While wielding it, you gain a +1 status bonus to Perception checks'"
F:\Obsidian\PF2e-Core-Vault\3-Rules\Character Building\Equipment\S\staff-of-the-unblinking-eye-(major).md,"Invalid YAML: Unsupported frontmatter at line 34: '  a lidless eye. While wielding it, you gain a +1 status bonus to Perception checks'"
F:\Obsidian\PF2e-Core-Vault\3-Rules\Character Building\Equipment\S\staff-of-the-unblinking-eye.md,"Invalid YAML: Unsupported frontmatter at line 34: '  a lidless eye. While wielding it, you gain a +1 status bonus to Perception checks'"
F:\Obsidian\PF2e-Core-Vault\3-Rules\Character Building\Equipment\S\staff-of-water-(greater).md,Invalid YAML: Unsupported frontmatter at line 34: '  blue. Carved versions often have a wave pattern. The staff smells of rain or brine.'
F:\Obsidian\PF2e-Core-Vault\3-Rules\Character Building\Equipment\S\staff-of-water-(major).md,Invalid YAML: Unsupported frontmatter at line 34: '  blue. Carved versions often have a wave pattern. The staff smells of rain or brine.'
F:\Obsidian\PF2e-Core-Vault\3-Rules\Character Building\Equipment\S\staff-of-water.md,Invalid YAML: Unsupported frontmatter at line 34: '  blue. Carved versions often have a wave pattern. The staff smells of rain or brine.'
F:\Obsidian\PF2e-Core-Vault\3-Rules\Character Building\Equipment\S\staff-storing-shield-(greater).md,Invalid YAML: Unsupported frontmatter at line 34: '  It can absorb a staff and transform between a shield and staff. When you prepare'
F:\Obsidian\PF2e-Core-Vault\3-Rules\Character Building\Equipment\S\staff-storing-shield-(major).md,Invalid YAML: Unsupported frontmatter at line 34: '  It can absorb a staff and transform between a shield and staff. When you prepare'
F:\Obsidian\PF2e-Core-Vault\3-Rules\Character Building\Equipment\S\staff-storing-shield-(true).md,Invalid YAML: Unsupported frontmatter at line 34: '  It can absorb a staff and transform between a shield and staff. When you prepare'
F:\Obsidian\PF2e-Core-Vault\3-Rules\Character Building\Equipment\S\staff-storing-shield.md,Invalid YAML: Unsupported frontmatter at line 34: '  It can absorb a staff and transform between a shield and staff. When you prepare'
F:\Obsidian\PF2e-Core-Vault\3-Rules\Character Building\Equipment\S\stage-fright-missive.md,"Invalid YAML: Unsupported frontmatter at line 34: '  usually involves creating a scathing review, insulting letter, or embarrassing image'"
F:\Obsidian\PF2e-Core-Vault\3-Rules\Character Building\Equipment\S\stage-magicians-cloak.md,Invalid YAML: Unsupported frontmatter at line 34: '  can be worn with either side facing out—switching from one side to the other requires'
F:\Obsidian\PF2e-Core-Vault\3-Rules\Character Building\Equipment\S\stags-helm.md,"Invalid YAML: Unsupported frontmatter at line 34: '  mighty stag. Although made from bone, the antlers and helm are as strong as iron.\\'"
F:\Obsidian\PF2e-Core-Vault\3-Rules\Character Building\Equipment\S\stalagmite-seed.md,"Invalid YAML: Unsupported frontmatter at line 34: '  seed_, use it as a sling stone, or pack it into firearm ammunition. When you use'"
F:\Obsidian\PF2e-Core-Vault\3-Rules\Character Building\Equipment\S\stalk-goggles-(greater).md,"Invalid YAML: Unsupported frontmatter at line 34: ""  puts them on and invests them, the wearer's eyes transform and lengthen into snail-like"""
F:\Obsidian\PF2e-Core-Vault\3-Rules\Character Building\Equipment\S\stalk-goggles-(major).md,"Invalid YAML: Unsupported frontmatter at line 34: ""  puts them on and invests them, the wearer's eyes transform and lengthen into snail-like"""
F:\Obsidian\PF2e-Core-Vault\3-Rules\Character Building\Equipment\S\stalk-goggles.md,"Invalid YAML: Unsupported frontmatter at line 34: ""  puts them on and invests them, the wearer's eyes transform and lengthen into snail-like"""
F:\Obsidian\PF2e-Core-Vault\3-Rules\Character Building\Equipment\S\stalker-bane-snare.md,Invalid YAML: Unsupported frontmatter at line 34: '  creature stepping into its square. A creature that enters the square of a stalker'
F:\Obsidian\PF2e-Core-Vault\3-Rules\Character Building\Equipment\S\stalwarts-ring.md,"Invalid YAML: Unsupported frontmatter at line 34: ""  to resembled a fanged wolf's head.  Once per day, during your daily preparations,"""
F:\Obsidian\PF2e-Core-Vault\3-Rules\Character Building\Equipment\S\stampede-medallion-(greater).md,"Invalid YAML: Unsupported frontmatter at line 34: '  appear as a tiny bejeweled facsimile of the eidolon, magically attached just over'"
F:\Obsidian\PF2e-Core-Vault\3-Rules\Character Building\Equipment\S\stampede-medallion-(major).md,"Invalid YAML: Unsupported frontmatter at line 34: '  appear as a tiny bejeweled facsimile of the eidolon, magically attached just over'"
F:\Obsidian\PF2e-Core-Vault\3-Rules\Character Building\Equipment\S\stampede-medallion.md,"Invalid YAML: Unsupported frontmatter at line 34: '  appear as a tiny bejeweled facsimile of the eidolon, magically attached just over'"
F:\Obsidian\PF2e-Core-Vault\3-Rules\Character Building\Equipment\S\stanching-(greater).md,Invalid YAML: Unsupported frontmatter at line 34: '  DC of the flat check to end persistent bleed damage from 15 to 10 (5 with particularly'
F:\Obsidian\PF2e-Core-Vault\3-Rules\Character Building\Equipment\S\stanching-(major).md,Invalid YAML: Unsupported frontmatter at line 34: '  DC of the flat check to end persistent bleed damage from 15 to 8 (3 with particularly'
F:\Obsidian\PF2e-Core-Vault\3-Rules\Character Building\Equipment\S\stanching-(true).md,Invalid YAML: Unsupported frontmatter at line 34: '  DC of the flat check to end persistent bleed damage from 15 to 5 (particularly effective'
F:\Obsidian\PF2e-Core-Vault\3-Rules\Character Building\Equipment\S\standard-astrolabe.md,"Invalid YAML: Unsupported frontmatter at line 34: '  in unfamiliar or featureless locations. To use an astrolabe, the holder must be'"
F:\Obsidian\PF2e-Core-Vault\3-Rules\Character Building\Equipment\S\standard-book-of-translation-(tien).md,Invalid YAML: Unsupported frontmatter at line 34: '  Lodge. Red and gold cords wrap around the book and tie to keep it shut. Each volume'
F:\Obsidian\PF2e-Core-Vault\3-Rules\Character Building\Equipment\S\standard-of-the-primeval-howl.md,"Invalid YAML: Unsupported frontmatter at line 34: '  banner painted with the visage of a snarling beast—a wolf, boar, bear, lion, dragon,'"
F:\Obsidian\PF2e-Core-Vault\3-Rules\Character Building\Equipment\S\star-chart-tattoo.md,"Invalid YAML: Unsupported frontmatter at line 34: '  the fingers of one hand, perfect for measuring stars against the horizon. When used'"
F:\Obsidian\PF2e-Core-Vault\3-Rules\Character Building\Equipment\S\star-grenade-(greater).md,"Invalid YAML: Unsupported frontmatter at line 34: '  marked with a symbol of a four-pointed star on their outer surface, explode outward'"
F:\Obsidian\PF2e-Core-Vault\3-Rules\Character Building\Equipment\S\star-grenade-(lesser).md,"Invalid YAML: Unsupported frontmatter at line 34: '  marked with a symbol of a four-pointed star on their outer surface, explode outward'"
F:\Obsidian\PF2e-Core-Vault\3-Rules\Character Building\Equipment\S\star-grenade-(major).md,"Invalid YAML: Unsupported frontmatter at line 34: '  marked with a symbol of a four-pointed star on their outer surface, explode outward'"
F:\Obsidian\PF2e-Core-Vault\3-Rules\Character Building\Equipment\S\star-grenade-(moderate).md,"Invalid YAML: Unsupported frontmatter at line 34: '  marked with a symbol of a four-pointed star on their outer surface, explode outward'"
F:\Obsidian\PF2e-Core-Vault\3-Rules\Character Building\Equipment\S\star-of-cynosure.md,"Invalid YAML: Unsupported frontmatter at line 34: ""  a mental enchantment spell, but you haven't rolled yet  **Requirements** You have"""
F:\Obsidian\PF2e-Core-Vault\3-Rules\Character Building\Equipment\S\starfall-shield.md,Invalid YAML: Unsupported frontmatter at line 34: '  bears a _+3 greater striking shield boss_ and has dents that resemble craters on'
F:\Obsidian\PF2e-Core-Vault\3-Rules\Character Building\Equipment\S\starfaring-cloak.md,"Invalid YAML: Unsupported frontmatter at line 34: '  sky, with the stars rotating hypnotically through its firmament shedding dim light'"
F:\Obsidian\PF2e-Core-Vault\3-Rules\Character Building\Equipment\S\stargazers-spyglass.md,"Invalid YAML: Unsupported frontmatter at line 34: ""  and green-tinted lens. It's often used by field astronomers to pick out greater"""
F:\Obsidian\PF2e-Core-Vault\3-Rules\Character Building\Equipment\S\staring-skull.md,"Invalid YAML: Unsupported frontmatter at line 34: '  sockets, but any creature with two eyes and a skull is possible, such as a wolf,'"
F:\Obsidian\PF2e-Core-Vault\3-Rules\Character Building\Equipment\S\starless-scope-lens.md,"Invalid YAML: Unsupported frontmatter at line 34: '  If you know the formula for the _starless scope_, you can Craft a new lens with'"
F:\Obsidian\PF2e-Core-Vault\3-Rules\Character Building\Equipment\S\starless-scope.md,"Invalid YAML: Unsupported frontmatter at line 34: '  still existed, _starless scopes_ were uncommon. Today, this final scope might well'"
F:\Obsidian\PF2e-Core-Vault\3-Rules\Character Building\Equipment\S\starshot-arrow-(greater).md,Invalid YAML: Unsupported frontmatter at line 34: '  have come from a star that ventured too close to Golarion and was shot down by a'
F:\Obsidian\PF2e-Core-Vault\3-Rules\Character Building\Equipment\S\starshot-arrow-(lesser).md,Invalid YAML: Unsupported frontmatter at line 34: '  have come from a star that ventured too close to Golarion and was shot down by a'
F:\Obsidian\PF2e-Core-Vault\3-Rules\Character Building\Equipment\S\starsong-nectar.md,"Invalid YAML: Unsupported frontmatter at line 34: ""  night sky and a taste that's sheer pleasure, starsong nectar grants you cheerful"""
F:\Obsidian\PF2e-Core-Vault\3-Rules\Character Building\Equipment\S\static-muscular-relay.md,"Invalid YAML: Unsupported frontmatter at line 34: '  coil in the center, allowing visible electricity to be safely seen within the glass.'"
F:\Obsidian\PF2e-Core-Vault\3-Rules\Character Building\Equipment\S\static-snare.md,"Invalid YAML: Unsupported frontmatter at line 34: ""  static charge when the first creature enters the snare's square. That creature must"""
F:\Obsidian\PF2e-Core-Vault\3-Rules\Character Building\Equipment\S\statue-skin-salve.md,Invalid YAML: Unsupported frontmatter at line 34: '  to the skin of a creature to form a thin layer of smooth stone on its body for 20'
F:\Obsidian\PF2e-Core-Vault\3-Rules\Character Building\Equipment\S\steadfast-sentinel.md,Invalid YAML: Unsupported frontmatter at line 34: '  soaked in a mixture of blood and grave dirt. A [[Spells/Shadow Spy|Shadow Spy]]'
F:\Obsidian\PF2e-Core-Vault\3-Rules\Character Building\Equipment\S\steadyfoot-tassel.md,"Invalid YAML: Unsupported frontmatter at line 34: '  collar or bridle. While attached, the tassel gives the companion a +1 item bonus'"
F:\Obsidian\PF2e-Core-Vault\3-Rules\Character Building\Equipment\S\steam-winch.md,"Invalid YAML: Unsupported frontmatter at line 34: '  length of steel cable, which enables you to haul a heavier load than you could with'"
F:\Obsidian\PF2e-Core-Vault\3-Rules\Character Building\Equipment\S\steamflight-pack.md,Invalid YAML: Unsupported frontmatter at line 34: '  its user to fly without using magic or wings. Each steamflight pack looks like a'
F:\Obsidian\PF2e-Core-Vault\3-Rules\Character Building\Equipment\S\steelscour-(greater).md,"Invalid YAML: Unsupported frontmatter at line 34: '  fills this glass vial, specially designed to eat through metallic objects. You can'"
F:\Obsidian\PF2e-Core-Vault\3-Rules\Character Building\Equipment\S\steelscour-(lesser).md,"Invalid YAML: Unsupported frontmatter at line 34: '  fills this glass vial, specially designed to eat through metallic objects. You can'"
F:\Obsidian\PF2e-Core-Vault\3-Rules\Character Building\Equipment\S\steelscour-(major).md,"Invalid YAML: Unsupported frontmatter at line 34: '  fills this glass vial, specially designed to eat through metallic objects. You can'"
F:\Obsidian\PF2e-Core-Vault\3-Rules\Character Building\Equipment\S\steelscour-(moderate).md,"Invalid YAML: Unsupported frontmatter at line 34: '  fills this glass vial, specially designed to eat through metallic objects. You can'"
F:\Obsidian\PF2e-Core-Vault\3-Rules\Character Building\Equipment\S\stepping-stone-shot-(greater).md,Invalid YAML: Unsupported frontmatter at line 34: '  \\  * * *  A series of small stone discs pressed into a single round make up this'
F:\Obsidian\PF2e-Core-Vault\3-Rules\Character Building\Equipment\S\stepping-stone-shot.md,Invalid YAML: Unsupported frontmatter at line 34: '  \\  * * *  A series of small stone discs pressed into a single round make up this'
F:\Obsidian\PF2e-Core-Vault\3-Rules\Character Building\Equipment\S\sticky-algae-bomb-(greater).md,"Invalid YAML: Unsupported frontmatter at line 34: ""  sticky algae that glow and emit poison. Attacks with this bomb don't take the normal"""
F:\Obsidian\PF2e-Core-Vault\3-Rules\Character Building\Equipment\S\sticky-algae-bomb-(lesser).md,"Invalid YAML: Unsupported frontmatter at line 34: ""  sticky algae that glow and emit poison. Attacks with this bomb don't take the normal"""
F:\Obsidian\PF2e-Core-Vault\3-Rules\Character Building\Equipment\S\sticky-algae-bomb-(major).md,"Invalid YAML: Unsupported frontmatter at line 34: ""  sticky algae that glow and emit poison. Attacks with this bomb don't take the normal"""
F:\Obsidian\PF2e-Core-Vault\3-Rules\Character Building\Equipment\S\sticky-algae-bomb-(moderate).md,"Invalid YAML: Unsupported frontmatter at line 34: ""  sticky algae that glow and emit poison. Attacks with this bomb don't take the normal"""
F:\Obsidian\PF2e-Core-Vault\3-Rules\Character Building\Equipment\S\stiletto-pen.md,Invalid YAML: Unsupported frontmatter at line 34: '  be attached to a pocket or bandoleer and easily retrieved as a free action. Using'
F:\Obsidian\PF2e-Core-Vault\3-Rules\Character Building\Equipment\S\stole-of-civility.md,"Invalid YAML: Unsupported frontmatter at line 34: '  Azlanti script in golden thread, this stole imparts a noble appearance to even the'"
F:\Obsidian\PF2e-Core-Vault\3-Rules\Character Building\Equipment\S\stone-body-mutagen-(greater).md,Invalid YAML: Unsupported frontmatter at line 34: '  making it as hard as stone.  **Benefit** You gain resistance 10 to physical damage'
F:\Obsidian\PF2e-Core-Vault\3-Rules\Character Building\Equipment\S\stone-body-mutagen-(lesser).md,Invalid YAML: Unsupported frontmatter at line 34: '  making it as hard as stone.  **Benefit** You gain resistance 5 to physical damage'
F:\Obsidian\PF2e-Core-Vault\3-Rules\Character Building\Equipment\S\stone-body-mutagen-(moderate).md,Invalid YAML: Unsupported frontmatter at line 34: '  making it as hard as stone.  **Benefit** You gain resistance 5 to physical damage'
F:\Obsidian\PF2e-Core-Vault\3-Rules\Character Building\Equipment\S\stone-bullet.md,"Invalid YAML: Unsupported frontmatter at line 34: ""  a petrified serpent's eye. A creature hit by an activated _stone bullet_ is subject"""
F:\Obsidian\PF2e-Core-Vault\3-Rules\Character Building\Equipment\S\stone-circle-(greater).md,"Invalid YAML: Unsupported frontmatter at line 34: '  until activated.  * * *  **Activate** (1 minute) envision, Interact  **Frequency**'"
F:\Obsidian\PF2e-Core-Vault\3-Rules\Character Building\Equipment\S\stone-circle.md,"Invalid YAML: Unsupported frontmatter at line 34: '  until activated.  * * *  **Activate** (1 minute) envision, Interact  **Frequency**'"
F:\Obsidian\PF2e-Core-Vault\3-Rules\Character Building\Equipment\S\stone-fist-elixir.md,"Invalid YAML: Unsupported frontmatter at line 34: '  stone. For 1 hour, your fists deal 1d6 bludgeoning damage and lose the nonlethal'"
F:\Obsidian\PF2e-Core-Vault\3-Rules\Character Building\Equipment\S\stone-of-unrivaled-skill.md,Invalid YAML: Unsupported frontmatter at line 34: '  various souls who were once the greatest in their field. Your _bargained contract_'
F:\Obsidian\PF2e-Core-Vault\3-Rules\Character Building\Equipment\S\stone-of-weight.md,"Invalid YAML: Unsupported frontmatter at line 34: '  a lovely sheen, giving the impression that it could be a valuable or a notable item'"
F:\Obsidian\PF2e-Core-Vault\3-Rules\Character Building\Equipment\S\stoneraiser-javelin.md,Invalid YAML: Unsupported frontmatter at line 35: '  once per day  * * *  **Effect** You hurl the _stoneraiser javelin_ at an unoccupied'
F:\Obsidian\PF2e-Core-Vault\3-Rules\Character Building\Equipment\S\stonethroat-ammunition.md,Invalid YAML: Unsupported frontmatter at line 34: '  piece of stonethroat ammunition is tipped with an unusual yellow stone. When an'
F:\Obsidian\PF2e-Core-Vault\3-Rules\Character Building\Equipment\S\stony-hag-eye.md,"Invalid YAML: Unsupported frontmatter at line 34: '  mounted on a brooch or ring, but the stone is, in fact, an eyeball. This illusion'"
F:\Obsidian\PF2e-Core-Vault\3-Rules\Character Building\Equipment\S\storied-skin.md,"Invalid YAML: Unsupported frontmatter at line 34: '  you receive the tattoo, choose a Lore skill. You can add the visual trait to the'"
F:\Obsidian\PF2e-Core-Vault\3-Rules\Character Building\Equipment\S\storm-arrow.md,"Invalid YAML: Unsupported frontmatter at line 34: '  made from gleaming copper.  When an activated _storm arrow_ hits a target, it is'"
F:\Obsidian\PF2e-Core-Vault\3-Rules\Character Building\Equipment\S\storm-breath.md,"Invalid YAML: Unsupported frontmatter at line 34: ""  storms on the Plane of Air, releasing small charges of static energy any time they're"""
F:\Obsidian\PF2e-Core-Vault\3-Rules\Character Building\Equipment\S\storm-chair.md,"Invalid YAML: Unsupported frontmatter at line 35: '  per hour  **Effect** You create a ball of electricity around the chair, surrounding'"
F:\Obsidian\PF2e-Core-Vault\3-Rules\Character Building\Equipment\S\storm-flash-(greater).md,"Invalid YAML: Unsupported frontmatter at line 34: ""  and miniature electric arcs flash across its guard while it's wielded. When out"""
F:\Obsidian\PF2e-Core-Vault\3-Rules\Character Building\Equipment\S\storm-flash.md,"Invalid YAML: Unsupported frontmatter at line 34: ""  electric arcs flash across its guard while it's wielded. When out of its sheath"""
F:\Obsidian\PF2e-Core-Vault\3-Rules\Character Building\Equipment\S\storm-hammer.md,Invalid YAML: Unsupported frontmatter at line 34: '  the head thrums with distant thunder. Any hit with this hammer deals 1 electricity'
F:\Obsidian\PF2e-Core-Vault\3-Rules\Character Building\Equipment\S\stormbreaker-fulu.md,"Invalid YAML: Unsupported frontmatter at line 34: '  You would be forced to move, you would be teleported, or you would take cold, electricity,'"
F:\Obsidian\PF2e-Core-Vault\3-Rules\Character Building\Equipment\S\stormshard-(greater).md,"Invalid YAML: Unsupported frontmatter at line 34: '  the wake of an ancestor storm. Howling spirits are faintly visible, trapped inside'"
F:\Obsidian\PF2e-Core-Vault\3-Rules\Character Building\Equipment\S\stormshard-(major).md,"Invalid YAML: Unsupported frontmatter at line 34: '  the wake of an ancestor storm. Howling spirits are faintly visible, trapped inside'"
F:\Obsidian\PF2e-Core-Vault\3-Rules\Character Building\Equipment\S\storytellers-opus.md,Invalid YAML: Unsupported frontmatter at line 34: '  a boy who was eaten by a wolf after he previously lied about wolf attacks. When'
F:\Obsidian\PF2e-Core-Vault\3-Rules\Character Building\Equipment\S\striking-(greater).md,"Invalid YAML: Unsupported frontmatter at line 34: '  the weapon damage dice it deals to two instead of one. For instance, a _+1 striking'"
F:\Obsidian\PF2e-Core-Vault\3-Rules\Character Building\Equipment\S\striking-(major).md,"Invalid YAML: Unsupported frontmatter at line 34: '  the weapon damage dice it deals to two instead of one. For instance, a _+1 striking'"
F:\Obsidian\PF2e-Core-Vault\3-Rules\Character Building\Equipment\S\striking-snare.md,"Invalid YAML: Unsupported frontmatter at line 34: ""  wooden stakes to strike a creature that enters the snare's square. The creature"""
F:\Obsidian\PF2e-Core-Vault\3-Rules\Character Building\Equipment\S\stumbling-fulu.md,"Invalid YAML: Unsupported frontmatter at line 34: ""  advised the user to tuck the fulu under the target's belt for maximum effect. When"""
F:\Obsidian\PF2e-Core-Vault\3-Rules\Character Building\Equipment\S\stunning-snare.md,Invalid YAML: Unsupported frontmatter at line 34: '  with little ability to defend itself. The trap deals 10d6 bludgeoning damage to'
F:\Obsidian\PF2e-Core-Vault\3-Rules\Character Building\Equipment\S\stupor-poison.md,"Invalid YAML: Unsupported frontmatter at line 34: ""  of lethargy poison. Further exposure to stupor poison doesn't require the target"""
F:\Obsidian\PF2e-Core-Vault\3-Rules\Character Building\Equipment\S\sturdy-satchel.md,Invalid YAML: Unsupported frontmatter at line 34: '  mesh protects its contents from water damage and other harmful effects.  It holds'
F:\Obsidian\PF2e-Core-Vault\3-Rules\Character Building\Equipment\S\sturdy-shield-(greater).md,"Invalid YAML: Unsupported frontmatter at line 34: '  has higher Hardness than its non-magical counterparts, making it harder to break'"
F:\Obsidian\PF2e-Core-Vault\3-Rules\Character Building\Equipment\S\sturdy-shield-(major).md,"Invalid YAML: Unsupported frontmatter at line 34: '  has higher Hardness than its non-magical counterparts, making it harder to break'"
F:\Obsidian\PF2e-Core-Vault\3-Rules\Character Building\Equipment\S\sturdy-shield-(minor).md,"Invalid YAML: Unsupported frontmatter at line 34: '  has higher Hardness than its non-magical counterparts, making it harder to break'"
F:\Obsidian\PF2e-Core-Vault\3-Rules\Character Building\Equipment\S\sturdy-shield-(moderate).md,"Invalid YAML: Unsupported frontmatter at line 34: '  has higher Hardness than its non-magical counterparts, making it harder to break'"
F:\Obsidian\PF2e-Core-Vault\3-Rules\Character Building\Equipment\S\sturdy-shield-(supreme).md,"Invalid YAML: Unsupported frontmatter at line 34: '  has higher Hardness than its non-magical counterparts, making it harder to break'"
F:\Obsidian\PF2e-Core-Vault\3-Rules\Character Building\Equipment\S\subtle-armor.md,"Invalid YAML: Unsupported frontmatter at line 34: '  like everyday clothing. After applying this adjustment, you can attempt a Stealth'"
F:\Obsidian\PF2e-Core-Vault\3-Rules\Character Building\Equipment\S\succubus-kiss.md,"Invalid YAML: Unsupported frontmatter at line 34: '  kiss is DC 28 Fortitude check, and the addiction has the virulent trait.  **Saving'"
F:\Obsidian\PF2e-Core-Vault\3-Rules\Character Building\Equipment\S\sulfur-bomb-(greater).md,Invalid YAML: Unsupported frontmatter at line 34: '  fills this golden-yellow flask. You gain a +2 item bonus to attack rolls. The bomb'
F:\Obsidian\PF2e-Core-Vault\3-Rules\Character Building\Equipment\S\sulfur-bomb-(lesser).md,Invalid YAML: Unsupported frontmatter at line 34: '  fills this golden-yellow flask. The bomb deals 1d4 acid damage and 1 acid splash'
F:\Obsidian\PF2e-Core-Vault\3-Rules\Character Building\Equipment\S\sulfur-bomb-(major).md,Invalid YAML: Unsupported frontmatter at line 34: '  fills this golden-yellow flask. You gain a +3 item bonus to attack rolls. The bomb'
F:\Obsidian\PF2e-Core-Vault\3-Rules\Character Building\Equipment\S\sulfur-bomb-(moderate).md,Invalid YAML: Unsupported frontmatter at line 34: '  fills this golden-yellow flask. You gain a +1 item bonus to attack rolls. The bomb'
F:\Obsidian\PF2e-Core-Vault\3-Rules\Character Building\Equipment\S\summoning-handscroll.md,Invalid YAML: Unsupported frontmatter at line 35: '  once per day  * * *  **Effect** If your next action is to Cast a Spell prepared'
F:\Obsidian\PF2e-Core-Vault\3-Rules\Character Building\Equipment\S\sun-dazzler.md,"Invalid YAML: Unsupported frontmatter at line 34: '  of lenses and prisms at one end and a hatch at the other. The hatch can be unlocked,'"
F:\Obsidian\PF2e-Core-Vault\3-Rules\Character Building\Equipment\S\sun-goggles.md,"Invalid YAML: Unsupported frontmatter at line 34: '  crystal, allowing the wearer some protection against the brightness of the sun.'"
F:\Obsidian\PF2e-Core-Vault\3-Rules\Character Building\Equipment\S\sun-heralds-stylus.md,"Invalid YAML: Unsupported frontmatter at line 34: '  roosters that heralds the presence of Shizuru. While you hold it, you gain a +2'"
F:\Obsidian\PF2e-Core-Vault\3-Rules\Character Building\Equipment\S\sun-orchid-elixir.md,Invalid YAML: Unsupported frontmatter at line 34: '  become as you were in whatever phase of your youth you desire. Your new body begins'
F:\Obsidian\PF2e-Core-Vault\3-Rules\Character Building\Equipment\S\sun-orchid-poultice.md,Invalid YAML: Unsupported frontmatter at line 34: '  elixir_ leaves behind a large amount of thick paste with its own healing properties.'
F:\Obsidian\PF2e-Core-Vault\3-Rules\Character Building\Equipment\S\sun-sight.md,Invalid YAML: Unsupported frontmatter at line 34: '  with the unmerciful brilliance of the sun. You gain a +2 bonus to Perception checks'
F:\Obsidian\PF2e-Core-Vault\3-Rules\Character Building\Equipment\S\sun-sling.md,"Invalid YAML: Unsupported frontmatter at line 34: '  is small enough to hold in a single hand, making it useful for hit-and-run tactics,'"
F:\Obsidian\PF2e-Core-Vault\3-Rules\Character Building\Equipment\S\sun-wheel.md,"Invalid YAML: Unsupported frontmatter at line 34: ""  were designed to protect the Dawnflower's followers in their quest to hunt down"""
F:\Obsidian\PF2e-Core-Vault\3-Rules\Character Building\Equipment\S\sunflower-censer.md,Invalid YAML: Unsupported frontmatter at line 34: '  smoke without any need to be refilled. It has a chain that can be easily affixed'
F:\Obsidian\PF2e-Core-Vault\3-Rules\Character Building\Equipment\S\sunken-pistol.md,"Invalid YAML: Unsupported frontmatter at line 34: '  \\  **Communication** speech (Common)  **Skills** Intimidation +19, Navigation Lore'"
F:\Obsidian\PF2e-Core-Vault\3-Rules\Character Building\Equipment\S\superior-catch-pole.md,Invalid YAML: Unsupported frontmatter at line 34: '  end extending to the handle. You can pull the handle side of the rope to tighten'
F:\Obsidian\PF2e-Core-Vault\3-Rules\Character Building\Equipment\S\sure-step-crampons.md,Invalid YAML: Unsupported frontmatter at line 34: '  magically augmented steel crampons that offer the wearer purchase on even the slipperiest'
F:\Obsidian\PF2e-Core-Vault\3-Rules\Character Building\Equipment\S\sure-step-potion.md,"Invalid YAML: Unsupported frontmatter at line 34: '  potion helps you find your footing. After drinking it, you gain a +1 item bonus'"
F:\Obsidian\PF2e-Core-Vault\3-Rules\Character Building\Equipment\S\surging-serum-(greater).md,"Invalid YAML: Unsupported frontmatter at line 34: ""  of energy move through the drinker's body as it restores normal muscle control."""
F:\Obsidian\PF2e-Core-Vault\3-Rules\Character Building\Equipment\S\surging-serum-(lesser).md,"Invalid YAML: Unsupported frontmatter at line 34: ""  of energy move through the drinker's body as it restores normal muscle control."""
F:\Obsidian\PF2e-Core-Vault\3-Rules\Character Building\Equipment\S\surging-serum-(major).md,"Invalid YAML: Unsupported frontmatter at line 34: ""  of energy move through the drinker's body as it restores normal muscle control."""
F:\Obsidian\PF2e-Core-Vault\3-Rules\Character Building\Equipment\S\surging-serum-(minor).md,"Invalid YAML: Unsupported frontmatter at line 34: ""  of energy move through the drinker's body as it restores normal muscle control."""
F:\Obsidian\PF2e-Core-Vault\3-Rules\Character Building\Equipment\S\surging-serum-(moderate).md,"Invalid YAML: Unsupported frontmatter at line 34: ""  of energy move through the drinker's body as it restores normal muscle control."""
F:\Obsidian\PF2e-Core-Vault\3-Rules\Character Building\Equipment\S\survey-map-(atlas).md,Invalid YAML: Unsupported frontmatter at line 34: '  A survey map details a single location in excellent detail.  One of these maps gives'
F:\Obsidian\PF2e-Core-Vault\3-Rules\Character Building\Equipment\S\survey-map.md,Invalid YAML: Unsupported frontmatter at line 34: '  A survey map details a single location in excellent detail. One of these maps gives'
F:\Obsidian\PF2e-Core-Vault\3-Rules\Character Building\Equipment\S\swallow-spike-(greater).md,"Invalid YAML: Unsupported frontmatter at line 35: '  become [[Conditions/Grabbed|Grabbed]], [[Conditions/Restrained|Restrained]], or'"
F:\Obsidian\PF2e-Core-Vault\3-Rules\Character Building\Equipment\S\swallow-spike-(major).md,"Invalid YAML: Unsupported frontmatter at line 35: '  become [[Conditions/Grabbed|Grabbed]], [[Conditions/Restrained|Restrained]], or'"
F:\Obsidian\PF2e-Core-Vault\3-Rules\Character Building\Equipment\S\swamp-lily-quilt.md,"Invalid YAML: Unsupported frontmatter at line 34: '  pattern, which is rare in Bellflower communications. The quilt is 10 feet square'"
F:\Obsidian\PF2e-Core-Vault\3-Rules\Character Building\Equipment\S\swarmeaters-clasp.md,"Invalid YAML: Unsupported frontmatter at line 34: '  creatures. When you wear the clasp, you gain resistance 10 to physical damage from'"
F:\Obsidian\PF2e-Core-Vault\3-Rules\Character Building\Equipment\S\swarmform-collar.md,"Invalid YAML: Unsupported frontmatter at line 34: '  When invested, the animal shapes change to match that of your companion.  * * *\\'"
F:\Obsidian\PF2e-Core-Vault\3-Rules\Character Building\Equipment\S\swarmsuit-(impenetrable).md,Invalid YAML: Unsupported frontmatter at line 34: '  designed to completely prevent swarms from getting inside. You gain resistance 10'
F:\Obsidian\PF2e-Core-Vault\3-Rules\Character Building\Equipment\S\swift-block-cabochon.md,Invalid YAML: Unsupported frontmatter at line 34: '  from a physical attack while you are wielding the affixed shield  * * *  This clear'
F:\Obsidian\PF2e-Core-Vault\3-Rules\Character Building\Equipment\S\swiftmount-saddle.md,"Invalid YAML: Unsupported frontmatter at line 34: '  mount and rider, allowing even inexperienced knights to command their mounts in'"
F:\Obsidian\PF2e-Core-Vault\3-Rules\Character Building\Equipment\S\swirling-sand.md,Invalid YAML: Unsupported frontmatter at line 34: '  sand_ carries a faint trace of strange compulsions from the helical sand spire near'
F:\Obsidian\PF2e-Core-Vault\3-Rules\Character Building\Equipment\S\swooping-wings.md,"Invalid YAML: Unsupported frontmatter at line 34: '  a 25-foot fly Speed.""'"
F:\Obsidian\PF2e-Core-Vault\3-Rules\Character Building\Equipment\S\sword-cane.md,"Invalid YAML: Unsupported frontmatter at line 34: '  cane that serves as a sheath, making it an inconspicuous weapon easy to slip past'"
F:\Obsidian\PF2e-Core-Vault\3-Rules\Character Building\Equipment\S\symbol-of-conflict-(greater).md,"Invalid YAML: Unsupported frontmatter at line 34: ""  unholy. When you attune it, it transforms into your deity's religious symbol or"""
F:\Obsidian\PF2e-Core-Vault\3-Rules\Character Building\Equipment\S\symbol-of-conflict-(major).md,"Invalid YAML: Unsupported frontmatter at line 34: ""  unholy. When you attune it, it transforms into your deity's religious symbol or"""
F:\Obsidian\PF2e-Core-Vault\3-Rules\Character Building\Equipment\S\symbol-of-conflict.md,"Invalid YAML: Unsupported frontmatter at line 34: ""  unholy. When you attune it, it transforms into your deity's religious symbol or"""
F:\Obsidian\PF2e-Core-Vault\3-Rules\Character Building\Equipment\T\tablet-of-chained-souls.md,Invalid YAML: Unsupported frontmatter at line 34: '  which resembles a tombstone too eroded to be legible. Created by a long-dead order'
F:\Obsidian\PF2e-Core-Vault\3-Rules\Character Building\Equipment\T\tacticians-helm.md,"Invalid YAML: Unsupported frontmatter at line 34: ""  can create a tactician's helm, imparting knowledge of battlefield tactics that feeds"""
F:\Obsidian\PF2e-Core-Vault\3-Rules\Character Building\Equipment\T\tailors-boll.md,"Invalid YAML: Unsupported frontmatter at line 34: '  one of the rainbow fields of the Plane of Wood, this cotton boll is filled with'"
F:\Obsidian\PF2e-Core-Vault\3-Rules\Character Building\Equipment\T\talented-tap-shoes.md,Invalid YAML: Unsupported frontmatter at line 34: '  a group of tap-dancing Taldan bards who achieved massive popularity for their line'
F:\Obsidian\PF2e-Core-Vault\3-Rules\Character Building\Equipment\T\tales-in-timber-(greater).md,"Invalid YAML: Unsupported frontmatter at line 34: '  every outer surface of this _+2 resilient wooden breastplate_. All are old, and'"
F:\Obsidian\PF2e-Core-Vault\3-Rules\Character Building\Equipment\T\tales-in-timber-(major).md,"Invalid YAML: Unsupported frontmatter at line 34: '  every outer surface of this _+2 greater resilient wooden breastplate_. All are old,'"
F:\Obsidian\PF2e-Core-Vault\3-Rules\Character Building\Equipment\T\tales-in-timber.md,"Invalid YAML: Unsupported frontmatter at line 34: '  every outer surface of this _+1 resilient wooden breastplate_. All are old, and'"
F:\Obsidian\PF2e-Core-Vault\3-Rules\Character Building\Equipment\T\talespinners-lyre.md,Invalid YAML: Unsupported frontmatter at line 34: '  lyre while focusing on an event you witnessed causes the instrument to create an'
F:\Obsidian\PF2e-Core-Vault\3-Rules\Character Building\Equipment\T\taletellers-ring.md,"Invalid YAML: Unsupported frontmatter at line 34: '  weaver of fictions, gaining a +2 item bonus to Deception checks to [[Actions/Lie|Lie]],'"
F:\Obsidian\PF2e-Core-Vault\3-Rules\Character Building\Equipment\T\talisman-cord-(greater).md,"Invalid YAML: Unsupported frontmatter at line 34: '  an item that can bear affixed talismans.  When you Affix a Talisman to that item,'"
F:\Obsidian\PF2e-Core-Vault\3-Rules\Character Building\Equipment\T\talisman-cord-(lesser).md,"Invalid YAML: Unsupported frontmatter at line 34: '  an item that can bear affixed talismans.  When you Affix a Talisman to that item,'"
F:\Obsidian\PF2e-Core-Vault\3-Rules\Character Building\Equipment\T\talisman-cord.md,"Invalid YAML: Unsupported frontmatter at line 34: '  an item that can bear affixed talismans.  When you Affix a Talisman to that item,'"
F:\Obsidian\PF2e-Core-Vault\3-Rules\Character Building\Equipment\T\talisman-of-the-sphere.md,"Invalid YAML: Unsupported frontmatter at line 34: ""  but must be held to convey its benefits. A creature that can't cast either arcane"""
F:\Obsidian\PF2e-Core-Vault\3-Rules\Character Building\Equipment\T\taljjae-tassel.md,Invalid YAML: Unsupported frontmatter at line 34: '  weapon was a critical success.  * * *  The bright red tassels of the creature known'
F:\Obsidian\PF2e-Core-Vault\3-Rules\Character Building\Equipment\T\taljjaes-mask-(the-beast).md,"Invalid YAML: Unsupported frontmatter at line 34: '  some other means, are known as its understudies and gain a fraction of its power.'"
F:\Obsidian\PF2e-Core-Vault\3-Rules\Character Building\Equipment\T\taljjaes-mask-(the-general).md,"Invalid YAML: Unsupported frontmatter at line 34: '  some other means, are known as its understudies and gain a fraction of its power.'"
F:\Obsidian\PF2e-Core-Vault\3-Rules\Character Building\Equipment\T\taljjaes-mask-(the-grandmother).md,"Invalid YAML: Unsupported frontmatter at line 34: '  some other means, are known as its understudies and gain a fraction of its power.'"
F:\Obsidian\PF2e-Core-Vault\3-Rules\Character Building\Equipment\T\taljjaes-mask-(the-hermit).md,"Invalid YAML: Unsupported frontmatter at line 34: '  some other means, are known as its understudies and gain a fraction of its power.'"
F:\Obsidian\PF2e-Core-Vault\3-Rules\Character Building\Equipment\T\taljjaes-mask-(the-hero).md,"Invalid YAML: Unsupported frontmatter at line 34: '  some other means, are known as its understudies and gain a fraction of its power.'"
F:\Obsidian\PF2e-Core-Vault\3-Rules\Character Building\Equipment\T\taljjaes-mask-(the-nobleman).md,"Invalid YAML: Unsupported frontmatter at line 34: '  some other means, are known as its understudies and gain a fraction of its power.'"
F:\Obsidian\PF2e-Core-Vault\3-Rules\Character Building\Equipment\T\taljjaes-mask-(the-wanderer).md,"Invalid YAML: Unsupported frontmatter at line 34: '  some other means, are known as its understudies and gain a fraction of its power.'"
F:\Obsidian\PF2e-Core-Vault\3-Rules\Character Building\Equipment\T\tallow-bomb-(greater).md,"Invalid YAML: Unsupported frontmatter at line 34: '  and acids designed to ignite the fat when exposed to air, a tallow bomb creates'"
F:\Obsidian\PF2e-Core-Vault\3-Rules\Character Building\Equipment\T\tallow-bomb-(lesser).md,"Invalid YAML: Unsupported frontmatter at line 34: '  and acids designed to ignite the fat when exposed to air, a tallow bomb creates'"
F:\Obsidian\PF2e-Core-Vault\3-Rules\Character Building\Equipment\T\tallow-bomb-(major).md,"Invalid YAML: Unsupported frontmatter at line 34: '  and acids designed to ignite the fat when exposed to air, a tallow bomb creates'"
F:\Obsidian\PF2e-Core-Vault\3-Rules\Character Building\Equipment\T\tallow-bomb-(moderate).md,"Invalid YAML: Unsupported frontmatter at line 34: '  and acids designed to ignite the fat when exposed to air, a tallow bomb creates'"
F:\Obsidian\PF2e-Core-Vault\3-Rules\Character Building\Equipment\T\tallowheart-mass.md,"Invalid YAML: Unsupported frontmatter at line 34: '  divided into three portions, each attached to the other by a thin tangle of fibers'"
F:\Obsidian\PF2e-Core-Vault\3-Rules\Character Building\Equipment\T\Talwar.md,"Invalid YAML: Unsupported frontmatter at line 34: '  in guard and mercenary groups throughout Casmaron.""'"
F:\Obsidian\PF2e-Core-Vault\3-Rules\Character Building\Equipment\T\tamchal-chakram.md,"Invalid YAML: Unsupported frontmatter at line 34: '  The sharp metal circle contains numerous protruding blades, while an angled central'"
F:\Obsidian\PF2e-Core-Vault\3-Rules\Character Building\Equipment\T\tangibility-resonator-(lesser).md,Invalid YAML: Unsupported frontmatter at line 34: '  to come out of the University of Lepidstadt is a twisted glass contraption that'
F:\Obsidian\PF2e-Core-Vault\3-Rules\Character Building\Equipment\T\tangibility-resonator-(major).md,Invalid YAML: Unsupported frontmatter at line 34: '  to come out of the University of Lepidstadt is a twisted glass contraption that'
F:\Obsidian\PF2e-Core-Vault\3-Rules\Character Building\Equipment\T\tangibility-resonator-(moderate).md,Invalid YAML: Unsupported frontmatter at line 34: '  to come out of the University of Lepidstadt is a twisted glass contraption that'
F:\Obsidian\PF2e-Core-Vault\3-Rules\Character Building\Equipment\T\tangle-root-toxin.md,"Invalid YAML: Unsupported frontmatter at line 34: '  to impede opponents in athletic competitions, in addition to espionage and tracking.\\'"
F:\Obsidian\PF2e-Core-Vault\3-Rules\Character Building\Equipment\T\tanglefoot-extruder.md,Invalid YAML: Unsupported frontmatter at line 34: '  based on spider spinnerets can extrude and weave alchemical adhesives into temporary'
F:\Obsidian\PF2e-Core-Vault\3-Rules\Character Building\Equipment\T\taper-of-sanctification.md,"Invalid YAML: Unsupported frontmatter at line 34: '  the symbol of a specific deity emblazoned on its surface, surrounded by the iconography'"
F:\Obsidian\PF2e-Core-Vault\3-Rules\Character Building\Equipment\T\tar-rocket-snare.md,"Invalid YAML: Unsupported frontmatter at line 34: '  sticks firmly onto a target. When a creature enters the square, the rocket launches'"
F:\Obsidian\PF2e-Core-Vault\3-Rules\Character Building\Equipment\T\tarantula-ampoule.md,Invalid YAML: Unsupported frontmatter at line 34: '  of a giant tarantula inside this smoked glass bottle is obscured by swirling vapor'
F:\Obsidian\PF2e-Core-Vault\3-Rules\Character Building\Equipment\T\tasters-folly.md,"Invalid YAML: Unsupported frontmatter at line 34: ""  taster's folly consists of two compounds that aren't mixed but placed in the contents"""
F:\Obsidian\PF2e-Core-Vault\3-Rules\Character Building\Equipment\T\tattletale-orb-(clear-quartz).md,Invalid YAML: Unsupported frontmatter at line 34: '  as a [[Equipment/Crystal Ball (Clear Quartz)|Crystal Ball (Clear Quartz)]]. If those'
F:\Obsidian\PF2e-Core-Vault\3-Rules\Character Building\Equipment\T\tattletale-orb-(moonstone).md,Invalid YAML: Unsupported frontmatter at line 34: '  as a [[Equipment/Crystal Ball (Moonstone)|Crystal Ball (Moonstone)]]. If those whom'
F:\Obsidian\PF2e-Core-Vault\3-Rules\Character Building\Equipment\T\tattletale-orb-(obsidian).md,Invalid YAML: Unsupported frontmatter at line 34: '  as a [[Equipment/Crystal Ball (Obsidian)|Crystal Ball (Obsidian)]]. If those whom'
F:\Obsidian\PF2e-Core-Vault\3-Rules\Character Building\Equipment\T\tattletale-orb-(peridot).md,Invalid YAML: Unsupported frontmatter at line 34: '  as a [[Equipment/Crystal Ball (Peridot)|Crystal Ball (Peridot)]]. If those whom'
F:\Obsidian\PF2e-Core-Vault\3-Rules\Character Building\Equipment\T\tattletale-orb-(selenite).md,Invalid YAML: Unsupported frontmatter at line 34: '  as a [[Equipment/Crystal Ball (Selenite)|Crystal Ball (Selenite)]]. If those whom'
F:\Obsidian\PF2e-Core-Vault\3-Rules\Character Building\Equipment\T\tatzlwyrms-gasp.md,"Invalid YAML: Unsupported frontmatter at line 34: ""  care to capture a tatzlwyrm's poisonous vapor in small vials, typically through"""
F:\Obsidian\PF2e-Core-Vault\3-Rules\Character Building\Equipment\T\taw-launcher.md,Invalid YAML: Unsupported frontmatter at line 34: '  fires small wooden bullets known as taws. A system of blades within the launcher'
F:\Obsidian\PF2e-Core-Vault\3-Rules\Character Building\Equipment\T\tears-of-death.md,Invalid YAML: Unsupported frontmatter at line 34: '  from extracts of five other deadly poisons in just the right ratios.  * * *  **Activate**'
F:\Obsidian\PF2e-Core-Vault\3-Rules\Character Building\Equipment\T\Tekko-Kagi.md,Invalid YAML: Unsupported frontmatter at line 34: '  this close-combat weapon the illusion of having claws that extend from their fist.'
F:\Obsidian\PF2e-Core-Vault\3-Rules\Character Building\Equipment\T\telekinetic-converters.md,"Invalid YAML: Unsupported frontmatter at line 34: ""  to the wearer's temples, allowing a spellcaster to convert the magic they normally"""
F:\Obsidian\PF2e-Core-Vault\3-Rules\Character Building\Equipment\T\Temperbrand.md,Invalid YAML: Unsupported frontmatter at line 34: '  their corpse transforms into a _+3 major striking greater flaming grievous shifting'
F:\Obsidian\PF2e-Core-Vault\3-Rules\Character Building\Equipment\T\temple-sword.md,"Invalid YAML: Unsupported frontmatter at line 34: '  a distinctive, crescent-shaped blade that seems to be a mix of a sickle and sword.'"
F:\Obsidian\PF2e-Core-Vault\3-Rules\Character Building\Equipment\T\tenderizer-grenade-(greater).md,"Invalid YAML: Unsupported frontmatter at line 34: ""  especially astringent fruit found on the Plane of Wood, this bomb's contents soften,"""
F:\Obsidian\PF2e-Core-Vault\3-Rules\Character Building\Equipment\T\tenderizer-grenade-(lesser).md,"Invalid YAML: Unsupported frontmatter at line 34: ""  especially astringent fruit found on the Plane of Wood, this bomb's contents soften,"""
F:\Obsidian\PF2e-Core-Vault\3-Rules\Character Building\Equipment\T\tenderizer-grenade-(major).md,"Invalid YAML: Unsupported frontmatter at line 34: ""  especially astringent fruit found on the Plane of Wood, this bomb's contents soften,"""
F:\Obsidian\PF2e-Core-Vault\3-Rules\Character Building\Equipment\T\tenderizer-grenade-(moderate).md,"Invalid YAML: Unsupported frontmatter at line 34: ""  especially astringent fruit found on the Plane of Wood, this bomb's contents soften,"""
F:\Obsidian\PF2e-Core-Vault\3-Rules\Character Building\Equipment\T\tengu-feather-fan.md,Invalid YAML: Unsupported frontmatter at line 34: '  You cast one of the spells contained in your _tengu feather fan_. Activating the'
F:\Obsidian\PF2e-Core-Vault\3-Rules\Character Building\Equipment\T\tengu-gale-blade.md,"Invalid YAML: Unsupported frontmatter at line 34: '  that join at its hilt. Tengu sailors use them as makeshift weather vanes, for the'"
F:\Obsidian\PF2e-Core-Vault\3-Rules\Character Building\Equipment\T\tentacle-cannon-(greater).md,"Invalid YAML: Unsupported frontmatter at line 34: '  using components from squids, krakens, and sometimes even stranger tentacled creatures'"
F:\Obsidian\PF2e-Core-Vault\3-Rules\Character Building\Equipment\T\tentacle-cannon-(major).md,"Invalid YAML: Unsupported frontmatter at line 34: '  components from squids, krakens, and sometimes even stranger tentacled creatures'"
F:\Obsidian\PF2e-Core-Vault\3-Rules\Character Building\Equipment\T\tentacle-cannon.md,"Invalid YAML: Unsupported frontmatter at line 34: '  from squids, krakens, and sometimes even stranger tentacled creatures like alghollthu.'"
F:\Obsidian\PF2e-Core-Vault\3-Rules\Character Building\Equipment\T\tentacle-potion-(greater).md,"Invalid YAML: Unsupported frontmatter at line 34: '  liquid, the tentacle potion causes you to extrude a long, flexible limb of ectoplasm.'"
F:\Obsidian\PF2e-Core-Vault\3-Rules\Character Building\Equipment\T\tentacle-potion-(lesser).md,"Invalid YAML: Unsupported frontmatter at line 34: '  liquid, the tentacle potion causes you to extrude a long, flexible limb of ectoplasm.'"
F:\Obsidian\PF2e-Core-Vault\3-Rules\Character Building\Equipment\T\tentacle-potion-(moderate).md,"Invalid YAML: Unsupported frontmatter at line 34: '  liquid, the tentacle potion causes you to extrude a long, flexible limb of ectoplasm.'"
F:\Obsidian\PF2e-Core-Vault\3-Rules\Character Building\Equipment\T\terrifying-ammunition.md,"Invalid YAML: Unsupported frontmatter at line 34: '  is etched with occult symbols and tiny, grinning skulls. When activated terrifying'"
F:\Obsidian\PF2e-Core-Vault\3-Rules\Character Building\Equipment\T\terror-spores.md,"Invalid YAML: Unsupported frontmatter at line 34: '  toadstool, the tragzioma fungus releases spores when disturbed by browsers, sending'"
F:\Obsidian\PF2e-Core-Vault\3-Rules\Character Building\Equipment\T\Tetsubo.md,"Invalid YAML: Unsupported frontmatter at line 34: '  studs, designed for smashing through armor and defenses. A tetsubo made entirely'"
F:\Obsidian\PF2e-Core-Vault\3-Rules\Character Building\Equipment\T\thawing-candle.md,Invalid YAML: Unsupported frontmatter at line 34: '  made of a type of flammable bronze that can be found only on the Plane of Fire.'
F:\Obsidian\PF2e-Core-Vault\3-Rules\Character Building\Equipment\T\the-avalanche.md,"Invalid YAML: Unsupported frontmatter at line 34: '  represents unmitigated disasters, destruction that overruns all in its path. As'"
F:\Obsidian\PF2e-Core-Vault\3-Rules\Character Building\Equipment\T\the-bear.md,"Invalid YAML: Unsupported frontmatter at line 34: '  brute force applied to solve unusual problems. As long as you have _The Bear_ invested,'"
F:\Obsidian\PF2e-Core-Vault\3-Rules\Character Building\Equipment\T\the-beating.md,"Invalid YAML: Unsupported frontmatter at line 34: '  symbolizes attack from all sides. If you have _The Beating_ invested, whenever you'"
F:\Obsidian\PF2e-Core-Vault\3-Rules\Character Building\Equipment\T\the-betrayal.md,"Invalid YAML: Unsupported frontmatter at line 34: '  represents selfishness and envy, twisting outcomes toward unfavorable or even devastating'"
F:\Obsidian\PF2e-Core-Vault\3-Rules\Character Building\Equipment\T\the-big-sky.md,"Invalid YAML: Unsupported frontmatter at line 34: '  represents widespread change or liberation. As long as you have _The Big Sky_ invested,'"
F:\Obsidian\PF2e-Core-Vault\3-Rules\Character Building\Equipment\T\the-brass-dwarf.md,"Invalid YAML: Unsupported frontmatter at line 34: '  Dwarf_ represents invulnerability. When you invest _The Brass Dwarf_, you gain resistance'"
F:\Obsidian\PF2e-Core-Vault\3-Rules\Character Building\Equipment\T\the-courtesan.md,"Invalid YAML: Unsupported frontmatter at line 34: '  represents political intrigue and social niceties. As long as The Courtesan is invested,'"
F:\Obsidian\PF2e-Core-Vault\3-Rules\Character Building\Equipment\T\the-cricket.md,"Invalid YAML: Unsupported frontmatter at line 34: '  represents speed and quick passage. As long as _The Cricket_ is invested, it grants'"
F:\Obsidian\PF2e-Core-Vault\3-Rules\Character Building\Equipment\T\the-crows.md,"Invalid YAML: Unsupported frontmatter at line 34: '  represent taking things through violence or force, particularly when done through'"
F:\Obsidian\PF2e-Core-Vault\3-Rules\Character Building\Equipment\T\the-cyclone.md,"Invalid YAML: Unsupported frontmatter at line 34: '  represents tumultuous evil plots. As long as it is invested, _The Cyclone_ bolsters'"
F:\Obsidian\PF2e-Core-Vault\3-Rules\Character Building\Equipment\T\the-dance.md,Invalid YAML: Unsupported frontmatter at line 34: '  the delicately balanced rhythms of the universe and the ability stay in step with'
F:\Obsidian\PF2e-Core-Vault\3-Rules\Character Building\Equipment\T\the-demons-lantern.md,Invalid YAML: Unsupported frontmatter at line 34: '  Lantern_ represents trickery and feats of legerdemain. As long as you have _The'
F:\Obsidian\PF2e-Core-Vault\3-Rules\Character Building\Equipment\T\the-desert.md,Invalid YAML: Unsupported frontmatter at line 34: '  signifies enduring passage through trying circumstances. As long as _The Desert_'
F:\Obsidian\PF2e-Core-Vault\3-Rules\Character Building\Equipment\T\the-eclipse.md,"Invalid YAML: Unsupported frontmatter at line 34: '  represents self-doubt and loss of purpose, as well as a loss of faith. As long as'"
F:\Obsidian\PF2e-Core-Vault\3-Rules\Character Building\Equipment\T\the-empty-throne.md,Invalid YAML: Unsupported frontmatter at line 34: '  represents great loss and wisdom from those who are now gone. As long as you have'
F:\Obsidian\PF2e-Core-Vault\3-Rules\Character Building\Equipment\T\the-fiend.md,Invalid YAML: Unsupported frontmatter at line 34: '  represents the inevitability of great calamities and pervasive dangers. As long'
F:\Obsidian\PF2e-Core-Vault\3-Rules\Character Building\Equipment\T\the-fool.md,"Invalid YAML: Unsupported frontmatter at line 34: '  represents grave foolishness, grand naivete, and exceptional greed. As long as you'"
F:\Obsidian\PF2e-Core-Vault\3-Rules\Character Building\Equipment\T\the-forge.md,"Invalid YAML: Unsupported frontmatter at line 34: '  denotes strength through diversity. As long as you have _The Forge_ invested, you'"
F:\Obsidian\PF2e-Core-Vault\3-Rules\Character Building\Equipment\T\the-hidden-truth.md,Invalid YAML: Unsupported frontmatter at line 34: '  Truth_ represents the act of observing something beyond the obvious to gain obscure'
F:\Obsidian\PF2e-Core-Vault\3-Rules\Character Building\Equipment\T\the-hollow-star.md,Invalid YAML: Unsupported frontmatter at line 34: '  human head. The sphere is opaque but glows from within as if it contained a bright'
F:\Obsidian\PF2e-Core-Vault\3-Rules\Character Building\Equipment\T\the-inquisitor.md,Invalid YAML: Unsupported frontmatter at line 34: '  represents the search for the truth and the power to see through lies. As long as'
F:\Obsidian\PF2e-Core-Vault\3-Rules\Character Building\Equipment\T\the-joke.md,"Invalid YAML: Unsupported frontmatter at line 34: '  represents solving a problem not with strength, but with cleverness or artifice.'"
F:\Obsidian\PF2e-Core-Vault\3-Rules\Character Building\Equipment\T\the-juggler.md,Invalid YAML: Unsupported frontmatter at line 34: '  represents coordination and destiny. As long as you have _The Juggler_ invested'
F:\Obsidian\PF2e-Core-Vault\3-Rules\Character Building\Equipment\T\the-keep.md,Invalid YAML: Unsupported frontmatter at line 34: '  represents steadfastness and being unshakable to threats. As long as _The Keep_'
F:\Obsidian\PF2e-Core-Vault\3-Rules\Character Building\Equipment\T\the-lens-of-the-outreaching-eye.md,"Invalid YAML: Unsupported frontmatter at line 34: ""  Harrowed Realm's impediments to magic don't apply to you, and you gain a +3 item"""
F:\Obsidian\PF2e-Core-Vault\3-Rules\Character Building\Equipment\T\the-liar.md,"Invalid YAML: Unsupported frontmatter at line 34: '  represents obsession or treacherous love. As long as you have _The Liar_ invested,'"
F:\Obsidian\PF2e-Core-Vault\3-Rules\Character Building\Equipment\T\the-locksmith.md,"Invalid YAML: Unsupported frontmatter at line 34: '  represents opening locks, including metaphorical locks such as unlocking fate. As'"
F:\Obsidian\PF2e-Core-Vault\3-Rules\Character Building\Equipment\T\the-lost.md,Invalid YAML: Unsupported frontmatter at line 34: '  symbolizes loss of identity and a life filled with emptiness. As long as _The Lost_'
F:\Obsidian\PF2e-Core-Vault\3-Rules\Character Building\Equipment\T\the-marriage.md,"Invalid YAML: Unsupported frontmatter at line 34: '  symbolizes a union of body, mind, spirit, or any of the three. When _The Marriage_'"
F:\Obsidian\PF2e-Core-Vault\3-Rules\Character Building\Equipment\T\the-midwife.md,"Invalid YAML: Unsupported frontmatter at line 34: '  represents the arrival of new life or new information, particularly via the aid'"
F:\Obsidian\PF2e-Core-Vault\3-Rules\Character Building\Equipment\T\the-mountain-man.md,Invalid YAML: Unsupported frontmatter at line 34: '  Man_ represents creatures with incredible physical power. As long as you have _The'
F:\Obsidian\PF2e-Core-Vault\3-Rules\Character Building\Equipment\T\the-owl.md,"Invalid YAML: Unsupported frontmatter at line 34: '  the wisdom of nature and the natural order. As long as you have _The Owl_ invested,'"
F:\Obsidian\PF2e-Core-Vault\3-Rules\Character Building\Equipment\T\the-paladin.md,Invalid YAML: Unsupported frontmatter at line 34: '  represents righteousness and resolute defense. As long as you have _The Paladin_'
F:\Obsidian\PF2e-Core-Vault\3-Rules\Character Building\Equipment\T\the-peacock.md,"Invalid YAML: Unsupported frontmatter at line 34: '  a sudden shift in attitude or societal change, often represented by a colorful but'"
F:\Obsidian\PF2e-Core-Vault\3-Rules\Character Building\Equipment\T\the-publican.md,"Invalid YAML: Unsupported frontmatter at line 34: '  represents friendship, shelter, and insight. As long as you have _The Publican_'"
F:\Obsidian\PF2e-Core-Vault\3-Rules\Character Building\Equipment\T\the-queen-mother.md,"Invalid YAML: Unsupported frontmatter at line 34: '  Mother_ is knowledge manifest, but she only shares this knowledge with loyal subjects.'"
F:\Obsidian\PF2e-Core-Vault\3-Rules\Character Building\Equipment\T\the-rabbit-prince.md,"Invalid YAML: Unsupported frontmatter at line 34: '  Prince_ represents the unreliability of hand-to-hand combat, and how even cunning'"
F:\Obsidian\PF2e-Core-Vault\3-Rules\Character Building\Equipment\T\the-rakshasa.md,Invalid YAML: Unsupported frontmatter at line 34: '  represents domination of others to support your own schemes. When you invest _The'
F:\Obsidian\PF2e-Core-Vault\3-Rules\Character Building\Equipment\T\the-sickness.md,"Invalid YAML: Unsupported frontmatter at line 34: '  represents disease of the body or soul. As long as _The Sickness_ is invested, it'"
F:\Obsidian\PF2e-Core-Vault\3-Rules\Character Building\Equipment\T\the-silent-hag.md,"Invalid YAML: Unsupported frontmatter at line 34: '  Hag_ represents insight, treacherous secrets, and strife. As long as you have _The'"
F:\Obsidian\PF2e-Core-Vault\3-Rules\Character Building\Equipment\T\the-snakebite.md,"Invalid YAML: Unsupported frontmatter at line 34: '  represents poison, assassination, and disharmony. As long as you have _The Snakebite_'"
F:\Obsidian\PF2e-Core-Vault\3-Rules\Character Building\Equipment\T\the-survivor.md,"Invalid YAML: Unsupported frontmatter at line 34: '  represents rebirth through ordeal. When you have _The Survivor_ invested, you gain'"
F:\Obsidian\PF2e-Core-Vault\3-Rules\Character Building\Equipment\T\the-tangled-briar.md,Invalid YAML: Unsupported frontmatter at line 34: '  Briar_ signifies the return of ancient triumphs. As long as you have _The Tangled'
F:\Obsidian\PF2e-Core-Vault\3-Rules\Character Building\Equipment\T\the-teamster.md,"Invalid YAML: Unsupported frontmatter at line 34: '  represents the driving force to push on, no matter the circumstance. As long as'"
F:\Obsidian\PF2e-Core-Vault\3-Rules\Character Building\Equipment\T\the-theater.md,"Invalid YAML: Unsupported frontmatter at line 34: ""  represents prophecy and how prophets can't change the unfolding pageantry of fate."""
F:\Obsidian\PF2e-Core-Vault\3-Rules\Character Building\Equipment\T\the-trader.md,"Invalid YAML: Unsupported frontmatter at line 34: '  trades and exchanges of information. As long as you have _The Trader_ invested,'"
F:\Obsidian\PF2e-Core-Vault\3-Rules\Character Building\Equipment\T\the-trumpet.md,"Invalid YAML: Unsupported frontmatter at line 34: '  represents timely warning. As long as you have _The Trumpet_ invested, you (and'"
F:\Obsidian\PF2e-Core-Vault\3-Rules\Character Building\Equipment\T\the-twin.md,"Invalid YAML: Unsupported frontmatter at line 34: '  a duality of purpose or identity. As long as you have _The Twin_ invested, it helps'"
F:\Obsidian\PF2e-Core-Vault\3-Rules\Character Building\Equipment\T\the-tyrant.md,"Invalid YAML: Unsupported frontmatter at line 34: '  you have The Tyrant invested, you gain a +2 item bonus to Intimidation checks made'"
F:\Obsidian\PF2e-Core-Vault\3-Rules\Character Building\Equipment\T\the-unicorn.md,"Invalid YAML: Unsupported frontmatter at line 34: '  represents finding what one seeks. As long as you have _The Unicorn_ invested, you'"
F:\Obsidian\PF2e-Core-Vault\3-Rules\Character Building\Equipment\T\the-uprising.md,"Invalid YAML: Unsupported frontmatter at line 34: '  have The Uprising invested, you gain a +2 item bonus to all saving throws against'"
F:\Obsidian\PF2e-Core-Vault\3-Rules\Character Building\Equipment\T\the-vision.md,"Invalid YAML: Unsupported frontmatter at line 34: '  represents arcane knowledge. As long as you have _The Vision_ invested, it grants'"
F:\Obsidian\PF2e-Core-Vault\3-Rules\Character Building\Equipment\T\the-wanderer.md,Invalid YAML: Unsupported frontmatter at line 34: '  represents the art of collecting and finding the value in even the simplest items.'
F:\Obsidian\PF2e-Core-Vault\3-Rules\Character Building\Equipment\T\the-waxworks.md,"Invalid YAML: Unsupported frontmatter at line 34: '  represents helplessness and entropy. As long as you have this card invested, you'"
F:\Obsidian\PF2e-Core-Vault\3-Rules\Character Building\Equipment\T\the-whispering-reeds.md,"Invalid YAML: Unsupported frontmatter at line 34: '  sought to collect all parables, myths, stories, and encounters with the Outer Goddess'"
F:\Obsidian\PF2e-Core-Vault\3-Rules\Character Building\Equipment\T\the-winged-serpent.md,Invalid YAML: Unsupported frontmatter at line 34: '  Serpent_ represents the wisdom of knowing when to act. As long as you have _The'
F:\Obsidian\PF2e-Core-Vault\3-Rules\Character Building\Equipment\T\theater-enhancers.md,Invalid YAML: Unsupported frontmatter at line 34: '  allow the viewer to see subtle illusions on key props or stage elements that have'
F:\Obsidian\PF2e-Core-Vault\3-Rules\Character Building\Equipment\T\theatrical-mutagen-(greater).md,"Invalid YAML: Unsupported frontmatter at line 34: '  at the Kitharodian Academy in Oppara, the theatrical mutagen stimulates the creative'"
F:\Obsidian\PF2e-Core-Vault\3-Rules\Character Building\Equipment\T\theatrical-mutagen-(lesser).md,"Invalid YAML: Unsupported frontmatter at line 34: '  at the Kitharodian Academy in Oppara, the theatrical mutagen stimulates the creative'"
F:\Obsidian\PF2e-Core-Vault\3-Rules\Character Building\Equipment\T\theatrical-mutagen-(major).md,"Invalid YAML: Unsupported frontmatter at line 34: '  at the Kitharodian Academy in Oppara, the theatrical mutagen stimulates the creative'"
F:\Obsidian\PF2e-Core-Vault\3-Rules\Character Building\Equipment\T\theatrical-mutagen-(moderate).md,"Invalid YAML: Unsupported frontmatter at line 34: '  at the Kitharodian Academy in Oppara, the theatrical mutagen stimulates the creative'"
F:\Obsidian\PF2e-Core-Vault\3-Rules\Character Building\Equipment\T\thieves-toolkit-(infiltrator).md,Invalid YAML: Unsupported frontmatter at line 34: '  [[Actions/Disable a Device|Disable Devices]] (of some types) using the Thievery'
F:\Obsidian\PF2e-Core-Vault\3-Rules\Character Building\Equipment\T\thieves-toolkit-(infiltrator-picks).md,"Invalid YAML: Unsupported frontmatter at line 34: '  Toolkit (Infiltrator)]].""'"
F:\Obsidian\PF2e-Core-Vault\3-Rules\Character Building\Equipment\T\thieves-tools-(concealable).md,Invalid YAML: Unsupported frontmatter at line 34: '  a Device|Disable Devices]] (of some types) using the Thievery skill. Infiltrator'
F:\Obsidian\PF2e-Core-Vault\3-Rules\Character Building\Equipment\T\thieves-tools-(concealable-picks).md,"Invalid YAML: Unsupported frontmatter at line 34: '  Tools (Concealable)]].""'"
F:\Obsidian\PF2e-Core-Vault\3-Rules\Character Building\Equipment\T\third-eye.md,Invalid YAML: Unsupported frontmatter at line 34: '  into your head and take the form of a tattoo. This grants you otherworldly sight'
F:\Obsidian\PF2e-Core-Vault\3-Rules\Character Building\Equipment\T\thorn-brush.md,Invalid YAML: Unsupported frontmatter at line 34: '  appears to be a deep crimson metal rose with thorny petals. When you activate a'
F:\Obsidian\PF2e-Core-Vault\3-Rules\Character Building\Equipment\T\thorn-triad-(greater).md,Invalid YAML: Unsupported frontmatter at line 34: '  thorn. The spell DC of any spell cast by activating this item is 24.  *   **Armor**'
F:\Obsidian\PF2e-Core-Vault\3-Rules\Character Building\Equipment\T\thorn-triad-(major).md,Invalid YAML: Unsupported frontmatter at line 34: '  thorn. The spell DC of any spell cast by activating this item is 29.  *   **Armor**'
F:\Obsidian\PF2e-Core-Vault\3-Rules\Character Building\Equipment\T\thorn-triad.md,Invalid YAML: Unsupported frontmatter at line 34: '  thorn. The spell DC of any spell cast by activating this item is 18.  *   **Armor**'
F:\Obsidian\PF2e-Core-Vault\3-Rules\Character Building\Equipment\T\thorn-whip.md,"Invalid YAML: Unsupported frontmatter at line 34: '  that protrude from various locations.""'"
F:\Obsidian\PF2e-Core-Vault\3-Rules\Character Building\Equipment\T\thoughtwhip-claw.md,Invalid YAML: Unsupported frontmatter at line 34: '  tattoo of a clenched fist provides a +2 item bonus to Thievery checks.  **Activate**'
F:\Obsidian\PF2e-Core-Vault\3-Rules\Character Building\Equipment\T\thousand-blade-thesis.md,"Invalid YAML: Unsupported frontmatter at line 34: '  bamboo contains a wealth of calligraphic essays and paintings on the art of war,'"
F:\Obsidian\PF2e-Core-Vault\3-Rules\Character Building\Equipment\T\thousand-pains-fulu-(blade).md,"Invalid YAML: Unsupported frontmatter at line 34: '  in search of endless life, a _thousand-pains fulu_ blocks the natural flow of elements'"
F:\Obsidian\PF2e-Core-Vault\3-Rules\Character Building\Equipment\T\thousand-pains-fulu-(burl).md,"Invalid YAML: Unsupported frontmatter at line 34: '  in search of endless life, a _thousand-pains fulu_ blocks the natural flow of elements'"
F:\Obsidian\PF2e-Core-Vault\3-Rules\Character Building\Equipment\T\thousand-pains-fulu-(icicle).md,"Invalid YAML: Unsupported frontmatter at line 34: '  in search of endless life, a _thousand-pains fulu_ blocks the natural flow of elements'"
F:\Obsidian\PF2e-Core-Vault\3-Rules\Character Building\Equipment\T\thousand-pains-fulu-(needle).md,"Invalid YAML: Unsupported frontmatter at line 34: '  in search of endless life, a _thousand-pains fulu_ blocks the natural flow of elements'"
F:\Obsidian\PF2e-Core-Vault\3-Rules\Character Building\Equipment\T\thousand-pains-fulu-(stone).md,"Invalid YAML: Unsupported frontmatter at line 34: '  in search of endless life, a _thousand-pains fulu_ blocks the natural flow of elements'"
F:\Obsidian\PF2e-Core-Vault\3-Rules\Character Building\Equipment\T\thousand-pains-fulu-(void).md,"Invalid YAML: Unsupported frontmatter at line 34: '  in search of endless life, a _thousand-pains fulu_ blocks the natural flow of elements'"
F:\Obsidian\PF2e-Core-Vault\3-Rules\Character Building\Equipment\T\thousand-year-dragonroot.md,Invalid YAML: Unsupported frontmatter at line 34: '  Xia. Just as mandrake roots or ginseng roots are sometimes regarded to have almost'
F:\Obsidian\PF2e-Core-Vault\3-Rules\Character Building\Equipment\T\thrasher-tail.md,Invalid YAML: Unsupported frontmatter at line 34: '  opportunity to pack it with traps and surprises. This prosthetic tail hides numerous'
F:\Obsidian\PF2e-Core-Vault\3-Rules\Character Building\Equipment\T\three-peaked-tree.md,Invalid YAML: Unsupported frontmatter at line 34: '  the three-peaked tree can be used as both a [[Equipment/Trident|Trident]] and a'
F:\Obsidian\PF2e-Core-Vault\3-Rules\Character Building\Equipment\T\three-pillared-yang-na.md,"Invalid YAML: Unsupported frontmatter at line 34: '  lines of Tang text. Applied in a ritual involving jasmine, turmeric, and a blossom'"
F:\Obsidian\PF2e-Core-Vault\3-Rules\Character Building\Equipment\T\three-section-naginata.md,"Invalid YAML: Unsupported frontmatter at line 34: '  a sweeping, curved blade along each of the outer sections. Though difficult for'"
F:\Obsidian\PF2e-Core-Vault\3-Rules\Character Building\Equipment\T\thrice-fried-mudwings.md,Invalid YAML: Unsupported frontmatter at line 34: '  magical winged creatures found in blighted swamps-is a delicate balance. Cooked'
F:\Obsidian\PF2e-Core-Vault\3-Rules\Character Building\Equipment\T\throwers-bandolier.md,"Invalid YAML: Unsupported frontmatter at line 34: ""  to 2 Bulk of one-handed thrown weapons. A thrower's bandolier has a _+1 weapon potency"""
F:\Obsidian\PF2e-Core-Vault\3-Rules\Character Building\Equipment\T\throwing-knife-(extinction-curse).md,Invalid YAML: Unsupported frontmatter at line 34: '  greater distance than a common dagger. While this comes at the cost of a significant'
F:\Obsidian\PF2e-Core-Vault\3-Rules\Character Building\Equipment\T\throwing-knife.md,Invalid YAML: Unsupported frontmatter at line 34: '  greater distance than a common dagger. While this comes at the cost of a significant'
F:\Obsidian\PF2e-Core-Vault\3-Rules\Character Building\Equipment\T\throwing-shield.md,Invalid YAML: Unsupported frontmatter at line 34: '  not a tower shield. They are designed to let you doff and throw the shield in one'
F:\Obsidian\PF2e-Core-Vault\3-Rules\Character Building\Equipment\T\thumper-snare.md,"Invalid YAML: Unsupported frontmatter at line 34: '  the ground, allowing creatures with tremorsense to detect it at up to double their'"
F:\Obsidian\PF2e-Core-Vault\3-Rules\Character Building\Equipment\T\thunder-helm.md,"Invalid YAML: Unsupported frontmatter at line 34: '  again to craft a reliable, helmet-mounted firearm that enabled hands-free gunplay,'"
F:\Obsidian\PF2e-Core-Vault\3-Rules\Character Building\Equipment\T\thunder-sling.md,Invalid YAML: Unsupported frontmatter at line 34: '  force than when thrown by hand. A thunder sling uses darts as ammunition. It can'
F:\Obsidian\PF2e-Core-Vault\3-Rules\Character Building\Equipment\T\thunder-snare.md,"Invalid YAML: Unsupported frontmatter at line 34: '  square, which can be heard up to 1,000 feet away. The creature must attempt a DC'"
F:\Obsidian\PF2e-Core-Vault\3-Rules\Character Building\Equipment\T\thunderbird-tuft-(greater).md,"Invalid YAML: Unsupported frontmatter at line 34: '  amber contains a single tuft of gray feathers, which spark with electricity to create'"
F:\Obsidian\PF2e-Core-Vault\3-Rules\Character Building\Equipment\T\thunderbird-tuft-(lesser).md,"Invalid YAML: Unsupported frontmatter at line 34: '  amber contains a single tuft of gray feathers, which spark with electricity to create'"
F:\Obsidian\PF2e-Core-Vault\3-Rules\Character Building\Equipment\T\thunderbird-tuft-(major).md,"Invalid YAML: Unsupported frontmatter at line 34: '  amber contains a single tuft of gray feathers, which spark with electricity to create'"
F:\Obsidian\PF2e-Core-Vault\3-Rules\Character Building\Equipment\T\thunderbird-tuft-(moderate).md,"Invalid YAML: Unsupported frontmatter at line 34: '  amber contains a single tuft of gray feathers, which spark with electricity to create'"
F:\Obsidian\PF2e-Core-Vault\3-Rules\Character Building\Equipment\T\thunderblast-slippers-(greater).md,Invalid YAML: Unsupported frontmatter at line 34: '  with a signature strip of yellow stitching. You gain a +2 item bonus to Acrobatics'
F:\Obsidian\PF2e-Core-Vault\3-Rules\Character Building\Equipment\T\thunderblast-slippers.md,Invalid YAML: Unsupported frontmatter at line 34: '  with a signature strip of yellow stitching. You gain a +2 item bonus to Acrobatics'
F:\Obsidian\PF2e-Core-Vault\3-Rules\Character Building\Equipment\T\Thundercrasher.md,"Invalid YAML: Unsupported frontmatter at line 34: ""  the spark gun's magical core is visible amid several reflectors. All damage dealt"""
F:\Obsidian\PF2e-Core-Vault\3-Rules\Character Building\Equipment\T\thundering-(greater).md,"Invalid YAML: Unsupported frontmatter at line 34: '  an extra 1d6 sonic damage on a successful Strike. On a critical hit, the target'"
F:\Obsidian\PF2e-Core-Vault\3-Rules\Character Building\Equipment\T\thundering-fury-dadao.md,"Invalid YAML: Unsupported frontmatter at line 34: ""  seemingly intent on subduing them with sheer force. It's said materials for the"""
F:\Obsidian\PF2e-Core-Vault\3-Rules\Character Building\Equipment\T\Thundering.md,"Invalid YAML: Unsupported frontmatter at line 34: '  an extra 1d6 sonic damage on a successful Strike. On a critical hit, the target'"
F:\Obsidian\PF2e-Core-Vault\3-Rules\Character Building\Equipment\T\Thundermace.md,"Invalid YAML: Unsupported frontmatter at line 34: '  haft and larger, often flanged head.""'"
F:\Obsidian\PF2e-Core-Vault\3-Rules\Character Building\Equipment\T\thurible-of-revelation-(greater).md,"Invalid YAML: Unsupported frontmatter at line 34: '  are adorned with swirling Empyrean text, though some are iron and feature Diabolic'"
F:\Obsidian\PF2e-Core-Vault\3-Rules\Character Building\Equipment\T\thurible-of-revelation-(lesser).md,"Invalid YAML: Unsupported frontmatter at line 34: '  are adorned with swirling Empyrean text, though some are iron and feature Diabolic'"
F:\Obsidian\PF2e-Core-Vault\3-Rules\Character Building\Equipment\T\thurible-of-revelation-(moderate).md,"Invalid YAML: Unsupported frontmatter at line 34: '  are adorned with swirling Empyrean text, though some are iron and feature Diabolic'"
F:\Obsidian\PF2e-Core-Vault\3-Rules\Character Building\Equipment\T\tidal-crossbow.md,"Invalid YAML: Unsupported frontmatter at line 34: ""  _+2 greater striking crossbow_. Its grip is constantly damp, though this doesn't"""
F:\Obsidian\PF2e-Core-Vault\3-Rules\Character Building\Equipment\T\tidal-fishhook.md,Invalid YAML: Unsupported frontmatter at line 34: '  Grapnel]] takes the form of a fishhook made of scavenged bones and stone with a'
F:\Obsidian\PF2e-Core-Vault\3-Rules\Character Building\Equipment\T\Tideplate.md,"Invalid YAML: Unsupported frontmatter at line 34: ""  plate_. The plate has been altered for underwater use, so it's check penalty doesn't"""
F:\Obsidian\PF2e-Core-Vault\3-Rules\Character Building\Equipment\T\tiger-fork.md,"Invalid YAML: Unsupported frontmatter at line 34: '  It has wide, flaring prongs that can be used to fend off deadly beasts and entrap'"
F:\Obsidian\PF2e-Core-Vault\3-Rules\Character Building\Equipment\T\tiger-menuki.md,"Invalid YAML: Unsupported frontmatter at line 34: ""  affixed weapon  * * *  This tiger formed of pewter snarls viciously from your weapon's"""
F:\Obsidian\PF2e-Core-Vault\3-Rules\Character Building\Equipment\T\tigers-claw.md,Invalid YAML: Unsupported frontmatter at line 34: '  with the head of a tiger as the muzzle. Beneath the tiger head is a claw shaped'
F:\Obsidian\PF2e-Core-Vault\3-Rules\Character Building\Equipment\T\time-shield-potion.md,"Invalid YAML: Unsupported frontmatter at line 34: '  taste and seems to blur with motion. When you drink a _time shield_ potion, you'"
F:\Obsidian\PF2e-Core-Vault\3-Rules\Character Building\Equipment\T\timeless-salts.md,Invalid YAML: Unsupported frontmatter at line 34: '  a single object up to 10 cubic feet in volume and no more than 40 Bulk to preserve'
F:\Obsidian\PF2e-Core-Vault\3-Rules\Character Building\Equipment\T\timepiece-(desktop-clock).md,"Invalid YAML: Unsupported frontmatter at line 34: ""  but they're all designed to display the accurate time of day down to the second.\\"""
F:\Obsidian\PF2e-Core-Vault\3-Rules\Character Building\Equipment\T\timepiece-(grand-clock).md,"Invalid YAML: Unsupported frontmatter at line 34: ""  but they're all designed to display the accurate time of day down to the second.\\"""
F:\Obsidian\PF2e-Core-Vault\3-Rules\Character Building\Equipment\T\tin-cobra.md,"Invalid YAML: Unsupported frontmatter at line 34: '  which point it lashes out and spits venom, dealing 3d6 poison damage. The target'"
F:\Obsidian\PF2e-Core-Vault\3-Rules\Character Building\Equipment\T\titan-nagaji-scales.md,"Invalid YAML: Unsupported frontmatter at line 34: '  in the plate armor group that grant a +4 item bonus to AC, a Dex cap of +1, a check'"
F:\Obsidian\PF2e-Core-Vault\3-Rules\Character Building\Equipment\T\titans-grasp.md,Invalid YAML: Unsupported frontmatter at line 34: '  You gain a +3 item bonus to Athletics checks and a +1 circumstance bonus to Athletics'
F:\Obsidian\PF2e-Core-Vault\3-Rules\Character Building\Equipment\T\tlil-mask-(greater).md,"Invalid YAML: Unsupported frontmatter at line 34: '  of Arcadia, but trade between the two regions means that they can also be found'"
F:\Obsidian\PF2e-Core-Vault\3-Rules\Character Building\Equipment\T\tlil-mask.md,"Invalid YAML: Unsupported frontmatter at line 34: '  of Arcadia, but trade between the two regions means that they can also be found'"
F:\Obsidian\PF2e-Core-Vault\3-Rules\Character Building\Equipment\T\toad-tears.md,Invalid YAML: Unsupported frontmatter at line 34: '  can also be ingested as is. The process of refining giant toad poison lessens its'
F:\Obsidian\PF2e-Core-Vault\3-Rules\Character Building\Equipment\T\toadskin-salve-(greater).md,"Invalid YAML: Unsupported frontmatter at line 34: ""  applied to skin. Once it's applied, you can activate the salve in one of the two"""
F:\Obsidian\PF2e-Core-Vault\3-Rules\Character Building\Equipment\T\toadskin-salve-(major).md,"Invalid YAML: Unsupported frontmatter at line 34: ""  applied to skin. Once it's applied, you can activate the salve in one of the two"""
F:\Obsidian\PF2e-Core-Vault\3-Rules\Character Building\Equipment\T\toadskin-salve.md,"Invalid YAML: Unsupported frontmatter at line 34: ""  applied to skin. Once it's applied, you can activate the salve in one of the two"""
F:\Obsidian\PF2e-Core-Vault\3-Rules\Character Building\Equipment\T\tome-of-dripping-shadows.md,"Invalid YAML: Unsupported frontmatter at line 34: '  and writhe. The tendrils have a will of their own, retreating from light sources'"
F:\Obsidian\PF2e-Core-Vault\3-Rules\Character Building\Equipment\T\tome-of-restorative-cleansing-(greater).md,"Invalid YAML: Unsupported frontmatter at line 35: '  necromancy, vitality)  **Frequency** once per day  **Requirements** Your last action'"
F:\Obsidian\PF2e-Core-Vault\3-Rules\Character Building\Equipment\T\tome-of-restorative-cleansing-(lesser).md,"Invalid YAML: Unsupported frontmatter at line 35: '  necromancy, vitality)  **Frequency** once per day  **Requirements** Your last action'"
F:\Obsidian\PF2e-Core-Vault\3-Rules\Character Building\Equipment\T\tome-of-restorative-cleansing-(moderate).md,"Invalid YAML: Unsupported frontmatter at line 35: '  necromancy, vitality)  **Frequency** once per day  **Requirements** Your last action'"
F:\Obsidian\PF2e-Core-Vault\3-Rules\Character Building\Equipment\T\tome-of-scintillating-sleet.md,"Invalid YAML: Unsupported frontmatter at line 34: '  6 pages in Skald and 6 pages in the ancient Jotun dialect used by saumen kar, a'"
F:\Obsidian\PF2e-Core-Vault\3-Rules\Character Building\Equipment\T\Tonfa.md,Invalid YAML: Unsupported frontmatter at line 34: '  wielder holds the handle and either spins the stick or strikes with the stick covering'
F:\Obsidian\PF2e-Core-Vault\3-Rules\Character Building\Equipment\T\toolkit-of-bronze-whispers.md,Invalid YAML: Unsupported frontmatter at line 34: '  \\  **Communication** telepathy (Common and two other common languages)  **Skills**'
F:\Obsidian\PF2e-Core-Vault\3-Rules\Character Building\Equipment\T\tooth-and-claw-tattoo-(greater).md,Invalid YAML: Unsupported frontmatter at line 34: '  letting you wield such weapons and turn into the same beast. When you receive the'
F:\Obsidian\PF2e-Core-Vault\3-Rules\Character Building\Equipment\T\tooth-and-claw-tattoo-(major).md,Invalid YAML: Unsupported frontmatter at line 34: '  letting you wield such weapons and turn into the same beast. When you receive the'
F:\Obsidian\PF2e-Core-Vault\3-Rules\Character Building\Equipment\T\tooth-and-claw-tattoo.md,Invalid YAML: Unsupported frontmatter at line 34: '  letting you wield such weapons and turn into the same beast. When you receive the'
F:\Obsidian\PF2e-Core-Vault\3-Rules\Character Building\Equipment\T\toothwort-extract.md,"Invalid YAML: Unsupported frontmatter at line 34: ""  alchemical poison that's at least 1 level lower than your advanced alchemy level.\\"""
F:\Obsidian\PF2e-Core-Vault\3-Rules\Character Building\Equipment\T\topology-protoplasm.md,"Invalid YAML: Unsupported frontmatter at line 34: '  touch, as if covered by a multitude of imperceptible cilia. If applied to a creature'"
F:\Obsidian\PF2e-Core-Vault\3-Rules\Character Building\Equipment\T\torags-silver-anvil.md,"Invalid YAML: Unsupported frontmatter at line 34: ""  a long, sturdy chain has been strung. Torag's Silver Anvil can be wielded as a +3"""
F:\Obsidian\PF2e-Core-Vault\3-Rules\Character Building\Equipment\T\tornado-trompo.md,Invalid YAML: Unsupported frontmatter at line 34: '  the top requires wrapping a thick string around its base and pulling the string'
F:\Obsidian\PF2e-Core-Vault\3-Rules\Character Building\Equipment\T\torrent-snare.md,"Invalid YAML: Unsupported frontmatter at line 34: ""  down on a Medium or smaller creature that enters the snare's square. When a creature"""
F:\Obsidian\PF2e-Core-Vault\3-Rules\Character Building\Equipment\T\torrent-spellgun-(greater).md,"Invalid YAML: Unsupported frontmatter at line 34: '  _torrent spellgun_ is damp to the touch, and seaweed wraps around its grip. You'"
F:\Obsidian\PF2e-Core-Vault\3-Rules\Character Building\Equipment\T\torrent-spellgun-(lesser).md,"Invalid YAML: Unsupported frontmatter at line 34: '  _torrent spellgun_ is damp to the touch, and seaweed wraps around its grip. You'"
F:\Obsidian\PF2e-Core-Vault\3-Rules\Character Building\Equipment\T\torrent-spellgun-(major).md,"Invalid YAML: Unsupported frontmatter at line 34: '  _torrent spellgun_ is damp to the touch, and seaweed wraps around its grip. You'"
F:\Obsidian\PF2e-Core-Vault\3-Rules\Character Building\Equipment\T\torrent-spellgun-(moderate).md,"Invalid YAML: Unsupported frontmatter at line 34: '  _torrent spellgun_ is damp to the touch, and seaweed wraps around its grip. You'"
F:\Obsidian\PF2e-Core-Vault\3-Rules\Character Building\Equipment\T\toshigami-blossom.md,Invalid YAML: Unsupported frontmatter at line 34: '  30 feet  **Communication** telepathy (Common and two other common languages; speak'
F:\Obsidian\PF2e-Core-Vault\3-Rules\Character Building\Equipment\T\tough-skin.md,"Invalid YAML: Unsupported frontmatter at line 34: '  in the plate armor group that grants a +4 item bonus to AC, and has a Dex cap of'"
F:\Obsidian\PF2e-Core-Vault\3-Rules\Character Building\Equipment\T\toxic-blood.md,Invalid YAML: Unsupported frontmatter at line 34: '  who dare to bite you.  Creatures that damage you with an attack using their mouths'
F:\Obsidian\PF2e-Core-Vault\3-Rules\Character Building\Equipment\T\toxic-effluence.md,"Invalid YAML: Unsupported frontmatter at line 34: '  scent and gritty texture. Capable of entering the body through contact with flesh,'"
F:\Obsidian\PF2e-Core-Vault\3-Rules\Character Building\Equipment\T\toy-carriage-(windup).md,"Invalid YAML: Unsupported frontmatter at line 34: '  wheels. It can vary in size from 2 to 8 inches long, too small for even Tiny creatures'"
F:\Obsidian\PF2e-Core-Vault\3-Rules\Character Building\Equipment\T\trackers-goggles-(greater).md,"Invalid YAML: Unsupported frontmatter at line 34: '  with crude twine.  While wearing these goggles, you gain a +2 bonus to Survival'"
F:\Obsidian\PF2e-Core-Vault\3-Rules\Character Building\Equipment\T\trackers-goggles.md,"Invalid YAML: Unsupported frontmatter at line 34: '  with crude twine.  While wearing these goggles, you gain a +1 bonus to Survival'"
F:\Obsidian\PF2e-Core-Vault\3-Rules\Character Building\Equipment\T\trackers-stew.md,"Invalid YAML: Unsupported frontmatter at line 35: ""  often with poultry added. It's usually served with or over rice or noodles. Once"""
F:\Obsidian\PF2e-Core-Vault\3-Rules\Character Building\Equipment\T\tracking-fulu.md,"Invalid YAML: Unsupported frontmatter at line 34: '  \\  * * *  Used covertly by assassins and spies, this pair of fulus stick to one'"
F:\Obsidian\PF2e-Core-Vault\3-Rules\Character Building\Equipment\T\trackless-(greater).md,"Invalid YAML: Unsupported frontmatter at line 34: '  and anyone [[Conditions/Fleeing|Fleeing]] pursuit. While wearing trackless footwear,'"
F:\Obsidian\PF2e-Core-Vault\3-Rules\Character Building\Equipment\T\Trackless.md,"Invalid YAML: Unsupported frontmatter at line 34: '  and anyone [[Conditions/Fleeing|Fleeing]] pursuit. While wearing trackless footwear,'"
F:\Obsidian\PF2e-Core-Vault\3-Rules\Character Building\Equipment\T\tradecraft-tattoo-(greater).md,"Invalid YAML: Unsupported frontmatter at line 34: '  their chosen field. Such tattoos might adorn the arm, fingers, or eyes, and they'"
F:\Obsidian\PF2e-Core-Vault\3-Rules\Character Building\Equipment\T\tradecraft-tattoo.md,"Invalid YAML: Unsupported frontmatter at line 34: '  their chosen field. Such tattoos might adorn the arm, fingers, or eyes, and they'"
F:\Obsidian\PF2e-Core-Vault\3-Rules\Character Building\Equipment\T\transposition-ammunition-(greater).md,Invalid YAML: Unsupported frontmatter at line 34: '  ammunition has a milky-white cast and will sometimes shift position subtly of its'
F:\Obsidian\PF2e-Core-Vault\3-Rules\Character Building\Equipment\T\transposition-ammunition.md,Invalid YAML: Unsupported frontmatter at line 34: '  ammunition has a milky-white cast and will sometimes shift position subtly of its'
F:\Obsidian\PF2e-Core-Vault\3-Rules\Character Building\Equipment\T\travelers-any-tool.md,"Invalid YAML: Unsupported frontmatter at line 35: '  \\  **Effect** You imagine a specific simple tool, and the any-tool transforms into'"
F:\Obsidian\PF2e-Core-Vault\3-Rules\Character Building\Equipment\T\travelers-cloak.md,"Invalid YAML: Unsupported frontmatter at line 34: ""  climates. Traveler's cloaks for hot climates might be bleached white and created"""
F:\Obsidian\PF2e-Core-Vault\3-Rules\Character Building\Equipment\T\travelers-fulu.md,"Invalid YAML: Unsupported frontmatter at line 34: ""  to Sense Direction  **Requirements** You're trained in Survival.  * * *  This fulu"""
F:\Obsidian\PF2e-Core-Vault\3-Rules\Character Building\Equipment\T\tri-bladed-katar.md,"Invalid YAML: Unsupported frontmatter at line 34: '  of blades can be folded out from the center blade, transforming the weapon into'"
F:\Obsidian\PF2e-Core-Vault\3-Rules\Character Building\Equipment\T\triangular-teeth.md,"Invalid YAML: Unsupported frontmatter at line 34: '  enable you to take fierce retaliation against those who try to harm you. Seafarers,'"
F:\Obsidian\PF2e-Core-Vault\3-Rules\Character Building\Equipment\T\tricksters-mandolin-(greater).md,"Invalid YAML: Unsupported frontmatter at line 34: '  light and easy to carry, but also empowered with a number of spells carefully selected'"
F:\Obsidian\PF2e-Core-Vault\3-Rules\Character Building\Equipment\T\tricksters-mandolin-(major).md,"Invalid YAML: Unsupported frontmatter at line 34: '  light and easy to carry, but also empowered with a number of spells carefully selected'"
F:\Obsidian\PF2e-Core-Vault\3-Rules\Character Building\Equipment\T\tricksters-mandolin.md,"Invalid YAML: Unsupported frontmatter at line 34: '  light and easy to carry, but also empowered with a number of spells carefully selected'"
F:\Obsidian\PF2e-Core-Vault\3-Rules\Character Building\Equipment\T\tricky-liniment.md,"Invalid YAML: Unsupported frontmatter at line 34: '  grease can be applied to armor to make it extremely slippery for 8 hours, granting'"
F:\Obsidian\PF2e-Core-Vault\3-Rules\Character Building\Equipment\T\tricky-pick.md,Invalid YAML: Unsupported frontmatter at line 34: '  can activate to trick and befuddle foes with a variety of damaging blades and bludgeoning'
F:\Obsidian\PF2e-Core-Vault\3-Rules\Character Building\Equipment\T\trident-of-lightning.md,"Invalid YAML: Unsupported frontmatter at line 34: '  like a normal trident carved with Gozren motifs. If thrown without being activated,'"
F:\Obsidian\PF2e-Core-Vault\3-Rules\Character Building\Equipment\T\trinity-geode-(greater).md,Invalid YAML: Unsupported frontmatter at line 34: '  of equal size. The spell DC of any spell cast by Activating this item is 24.  *\\'
F:\Obsidian\PF2e-Core-Vault\3-Rules\Character Building\Equipment\T\trinity-geode-(major).md,Invalid YAML: Unsupported frontmatter at line 34: '  of equal size. The spell DC of any spell cast by Activating this item is 29.  *\\'
F:\Obsidian\PF2e-Core-Vault\3-Rules\Character Building\Equipment\T\trinity-geode.md,Invalid YAML: Unsupported frontmatter at line 34: '  of equal size. The spell DC of any spell cast by Activating this item is 17.  *\\'
F:\Obsidian\PF2e-Core-Vault\3-Rules\Character Building\Equipment\T\trip-snare.md,"Invalid YAML: Unsupported frontmatter at line 34: ""  that enters this snare's square must attempt a DC 21 Reflex check save.  If you"""
F:\Obsidian\PF2e-Core-Vault\3-Rules\Character Building\Equipment\T\tripline-arrow.md,Invalid YAML: Unsupported frontmatter at line 34: '  flies at its target. The wire animates as it hits a target and attempts to wrap'
F:\Obsidian\PF2e-Core-Vault\3-Rules\Character Building\Equipment\T\tritons-conch.md,Invalid YAML: Unsupported frontmatter at line 35: '  (auditory)  * * *  **Effect** You can raise the conch to your lips and blow into'
F:\Obsidian\PF2e-Core-Vault\3-Rules\Character Building\Equipment\T\troll-hide.md,Invalid YAML: Unsupported frontmatter at line 34: '  through this hide armor. This armor has two organic receptacles on its back that'
F:\Obsidian\PF2e-Core-Vault\3-Rules\Character Building\Equipment\T\trollhound-pick.md,"Invalid YAML: Unsupported frontmatter at line 35: '  \\  **Effect** You Strike with the _trollhound pick_, transferring a portion of a'"
F:\Obsidian\PF2e-Core-Vault\3-Rules\Character Building\Equipment\T\trollhound-vest.md,"Invalid YAML: Unsupported frontmatter at line 34: '  and nodules, fashioned from the hide of a trollhound and imbued with some of the'"
F:\Obsidian\PF2e-Core-Vault\3-Rules\Character Building\Equipment\T\troubadours-cap.md,"Invalid YAML: Unsupported frontmatter at line 34: '  upon investing the item, but it always has a peacock feather jutting out from one'"
F:\Obsidian\PF2e-Core-Vault\3-Rules\Character Building\Equipment\T\true-name-amulet-(greater).md,"Invalid YAML: Unsupported frontmatter at line 34: ""  higher than the item's level. These amulets are typically made of gold and engraved,"""
F:\Obsidian\PF2e-Core-Vault\3-Rules\Character Building\Equipment\T\true-name-amulet-(lesser).md,"Invalid YAML: Unsupported frontmatter at line 34: ""  higher than the item's level. These amulets are typically made of gold and engraved,"""
F:\Obsidian\PF2e-Core-Vault\3-Rules\Character Building\Equipment\T\true-name-amulet-(major).md,"Invalid YAML: Unsupported frontmatter at line 34: ""  higher than the item's level. These amulets are typically made of gold and engraved,"""
F:\Obsidian\PF2e-Core-Vault\3-Rules\Character Building\Equipment\T\true-name-amulet-(moderate).md,"Invalid YAML: Unsupported frontmatter at line 34: ""  higher than the item's level. These amulets are typically made of gold and engraved,"""
F:\Obsidian\PF2e-Core-Vault\3-Rules\Character Building\Equipment\T\trueshape-bomb-(greater).md,Invalid YAML: Unsupported frontmatter at line 34: '  anti-shapechanger reagents fill trueshape bombs. These bombs grant a +3 item bonus'
F:\Obsidian\PF2e-Core-Vault\3-Rules\Character Building\Equipment\T\trueshape-bomb.md,Invalid YAML: Unsupported frontmatter at line 34: '  anti-shapechanger reagents fill trueshape bombs. These bombs grant a +2 item bonus'
F:\Obsidian\PF2e-Core-Vault\3-Rules\Character Building\Equipment\T\truesight-potion.md,"Invalid YAML: Unsupported frontmatter at line 34: '  refreshing potion, you can see things as they actually are. You gain the benefits'"
F:\Obsidian\PF2e-Core-Vault\3-Rules\Character Building\Equipment\T\truth-potion.md,"Invalid YAML: Unsupported frontmatter at line 34: ""  this astringent potion, you can't intentionally lie and may be compelled to tell"""
F:\Obsidian\PF2e-Core-Vault\3-Rules\Character Building\Equipment\T\tteokguk-of-time-advancement.md,Invalid YAML: Unsupported frontmatter at line 34: '  this comforting soup. While normal tteokguk helps you gain an extra year of age'
F:\Obsidian\PF2e-Core-Vault\3-Rules\Character Building\Equipment\T\tubeworm-gland.md,Invalid YAML: Unsupported frontmatter at line 34: '  you can ingest food and water that would be toxic to others. You gain a +2 item'
F:\Obsidian\PF2e-Core-Vault\3-Rules\Character Building\Equipment\T\turnabout-shield.md,"Invalid YAML: Unsupported frontmatter at line 35: '  once per 10 minutes  **Trigger** A ranged Strike using ammunition such as arrows,'"
F:\Obsidian\PF2e-Core-Vault\3-Rules\Character Building\Equipment\T\tusk-and-fang-chain.md,Invalid YAML: Unsupported frontmatter at line 34: '  You Grab or restrain a creature or become grabbed or restrained by a creature  *'
F:\Obsidian\PF2e-Core-Vault\3-Rules\Character Building\Equipment\T\twig-of-knowledge-and-memory.md,"Invalid YAML: Unsupported frontmatter at line 34: ""  like a twig from the rare mti'le tree with its swirls of reddish-gold veins through"""
F:\Obsidian\PF2e-Core-Vault\3-Rules\Character Building\Equipment\T\twigjack-sack-(greater).md,"Invalid YAML: Unsupported frontmatter at line 34: ""  this sack made of intricately intertwined plant fibers. The sack's contents creak"""
F:\Obsidian\PF2e-Core-Vault\3-Rules\Character Building\Equipment\T\twigjack-sack-(lesser).md,"Invalid YAML: Unsupported frontmatter at line 34: ""  this sack made of intricately intertwined plant fibers. The sack's contents creak"""
F:\Obsidian\PF2e-Core-Vault\3-Rules\Character Building\Equipment\T\twigjack-sack-(major).md,"Invalid YAML: Unsupported frontmatter at line 34: ""  this sack made of intricately intertwined plant fibers. The sack's contents creak"""
F:\Obsidian\PF2e-Core-Vault\3-Rules\Character Building\Equipment\T\twigjack-sack-(moderate).md,"Invalid YAML: Unsupported frontmatter at line 34: ""  this sack made of intricately intertwined plant fibers. The sack's contents creak"""
F:\Obsidian\PF2e-Core-Vault\3-Rules\Character Building\Equipment\T\twilight-lantern-(greater).md,"Invalid YAML: Unsupported frontmatter at line 34: ""  flecks of white metal speckled within the lantern's housing resemble stars in a"""
F:\Obsidian\PF2e-Core-Vault\3-Rules\Character Building\Equipment\T\twilight-lantern-(lesser).md,"Invalid YAML: Unsupported frontmatter at line 34: ""  flecks of white metal speckled within the lantern's housing resemble stars in a"""
F:\Obsidian\PF2e-Core-Vault\3-Rules\Character Building\Equipment\T\twilight-lantern-(major).md,"Invalid YAML: Unsupported frontmatter at line 34: ""  flecks of white metal speckled within the lantern's housing resemble stars in a"""
F:\Obsidian\PF2e-Core-Vault\3-Rules\Character Building\Equipment\T\twilight-lantern-(moderate).md,"Invalid YAML: Unsupported frontmatter at line 34: ""  flecks of white metal speckled within the lantern's housing resemble stars in a"""
F:\Obsidian\PF2e-Core-Vault\3-Rules\Character Building\Equipment\T\twining-chains.md,"Invalid YAML: Unsupported frontmatter at line 34: ""  Not balanced for weapon use, twining chains are instead wrapped around a user's"""
F:\Obsidian\PF2e-Core-Vault\3-Rules\Character Building\Equipment\T\twining-staff.md,"Invalid YAML: Unsupported frontmatter at line 34: '  grow and shrink. Once formed, this oak staff is carved with twisting patterns along'"
F:\Obsidian\PF2e-Core-Vault\3-Rules\Character Building\Equipment\T\twisting-gale.md,Invalid YAML: Unsupported frontmatter at line 34: '  pale blue that echoes howling winds when swung and emits the force of a storm when'
F:\Obsidian\PF2e-Core-Vault\3-Rules\Character Building\Equipment\T\twisting-twine-(greater).md,"Invalid YAML: Unsupported frontmatter at line 35: '  a square within 20 feet. The twine then unravels and animates, attempting to [[Actions/Disarm|Disarm]]'"
F:\Obsidian\PF2e-Core-Vault\3-Rules\Character Building\Equipment\T\twisting-twine-(lesser).md,Invalid YAML: Unsupported frontmatter at line 35: '  toss the ball of twine into a square within 20 feet. The twine then unravels and'
F:\Obsidian\PF2e-Core-Vault\3-Rules\Character Building\Equipment\T\twisting-twine-(moderate).md,Invalid YAML: Unsupported frontmatter at line 35: '  toss the ball of twine into a square within 20 feet. The twine then unravels and'
F:\Obsidian\PF2e-Core-Vault\3-Rules\Character Building\Equipment\T\tyrant-ampoule.md,"Invalid YAML: Unsupported frontmatter at line 34: '  is shrunken and contained in this bottle, its desiccated form barely constrained'"
F:\Obsidian\PF2e-Core-Vault\3-Rules\Character Building\Equipment\T\tyrants-writs.md,"Invalid YAML: Unsupported frontmatter at line 34: '  of this grimoire actually refers to Tar-Baphon, the necromancer Geb, or even the'"
F:\Obsidian\PF2e-Core-Vault\3-Rules\Character Building\Equipment\U\ugly-cutes-gift.md,"Invalid YAML: Unsupported frontmatter at line 34: '  comfortably over the hand. Though a little bulkier than the typical gauntlet, it'"
F:\Obsidian\PF2e-Core-Vault\3-Rules\Character Building\Equipment\U\umbraex-eye.md,"Invalid YAML: Unsupported frontmatter at line 34: '  collapse into ashes when the creature is destroyed. Rarely, when the umbraex wishes'"
F:\Obsidian\PF2e-Core-Vault\3-Rules\Character Building\Equipment\U\umbral-wings.md,"Invalid YAML: Unsupported frontmatter at line 34: '  so deep as to be almost black, woven with dark blue and purple shapes suggesting'"
F:\Obsidian\PF2e-Core-Vault\3-Rules\Character Building\Equipment\U\umbrella-injector.md,"Invalid YAML: Unsupported frontmatter at line 34: ""  in length and often overlooked as decorative. A receptacle inside the umbrella's"""
F:\Obsidian\PF2e-Core-Vault\3-Rules\Character Building\Equipment\U\unbreakable-heart.md,Invalid YAML: Unsupported frontmatter at line 34: '  heart tattoo can be received only at the end of a successful [[Spells/Heartbond|Heartbond]]'
F:\Obsidian\PF2e-Core-Vault\3-Rules\Character Building\Equipment\U\undead-compendium.md,"Invalid YAML: Unsupported frontmatter at line 34: '  of Lastwall joined together to create these small, leather-bound journals. While'"
F:\Obsidian\PF2e-Core-Vault\3-Rules\Character Building\Equipment\U\undead-detection-dye.md,Invalid YAML: Unsupported frontmatter at line 34: '  as water. You can drop in a sample collected from the environment or a creature'
F:\Obsidian\PF2e-Core-Vault\3-Rules\Character Building\Equipment\U\undead-scourge.md,Invalid YAML: Unsupported frontmatter at line 34: '  metal blade that emits a faint glow. These used to be weapons of Pharasmin undead'
F:\Obsidian\PF2e-Core-Vault\3-Rules\Character Building\Equipment\U\undertakers-manifest.md,"Invalid YAML: Unsupported frontmatter at line 34: '  occasionally need to avoid the notice of their more restless clients, and by industrious'"
F:\Obsidian\PF2e-Core-Vault\3-Rules\Character Building\Equipment\U\underwater-firing-mechanism.md,"Invalid YAML: Unsupported frontmatter at line 34: ""  (normally, most guns use a flintlock or matchlock firing mechanism). When the firearm's"""
F:\Obsidian\PF2e-Core-Vault\3-Rules\Character Building\Equipment\U\unending-itch.md,"Invalid YAML: Unsupported frontmatter at line 34: ""  demise, this poison manifests as an itch that can't be soothed. The victim experiences"""
F:\Obsidian\PF2e-Core-Vault\3-Rules\Character Building\Equipment\U\unending-youth.md,Invalid YAML: Unsupported frontmatter at line 34: '  become a young adult again. You gain a +4 status bonus to saves against death effects'
F:\Obsidian\PF2e-Core-Vault\3-Rules\Character Building\Equipment\U\unfathomable-stargazer.md,"Invalid YAML: Unsupported frontmatter at line 34: '  constellations, the patterns of which form bizarre, shifting runes. You can observe'"
F:\Obsidian\PF2e-Core-Vault\3-Rules\Character Building\Equipment\U\unfolding-tree-house.md,"Invalid YAML: Unsupported frontmatter at line 34: '  into a flat triangle of wood, this magical object can transform into a tree house.\\'"
F:\Obsidian\PF2e-Core-Vault\3-Rules\Character Building\Equipment\U\unholy-plate.md,Invalid YAML: Unsupported frontmatter at line 34: '  is designed to make you look like a horned demon with your face peering out of the'
F:\Obsidian\PF2e-Core-Vault\3-Rules\Character Building\Equipment\U\unholy-water.md,Invalid YAML: Unsupported frontmatter at line 34: '  within this vial of water. You activate a vial of _unholy water_ by throwing it'
F:\Obsidian\PF2e-Core-Vault\3-Rules\Character Building\Equipment\U\uniter-of-clans.md,"Invalid YAML: Unsupported frontmatter at line 34: ""  designed to be woven into the wearer's braided beard. When the wearer befriends"""
F:\Obsidian\PF2e-Core-Vault\3-Rules\Character Building\Equipment\U\unmemorable-mantle-(greater).md,"Invalid YAML: Unsupported frontmatter at line 34: '  wearing the cloak, you gain a +2 item bonus to Deception checks to Impersonate an'"
F:\Obsidian\PF2e-Core-Vault\3-Rules\Character Building\Equipment\U\unmemorable-mantle-(major).md,"Invalid YAML: Unsupported frontmatter at line 34: '  wearing the cloak, you gain a +3 item bonus to Deception checks to Impersonate an'"
F:\Obsidian\PF2e-Core-Vault\3-Rules\Character Building\Equipment\U\unmemorable-mantle.md,"Invalid YAML: Unsupported frontmatter at line 34: '  wearing the cloak, you gain a +1 item bonus to Deception checks to Impersonate an'"
F:\Obsidian\PF2e-Core-Vault\3-Rules\Character Building\Equipment\U\unsullied-blood-(greater).md,Invalid YAML: Unsupported frontmatter at line 34: '  was taken directly from the vein and stored in an ornate vial that keeps it as pure'
F:\Obsidian\PF2e-Core-Vault\3-Rules\Character Building\Equipment\U\unsullied-blood-(lesser).md,Invalid YAML: Unsupported frontmatter at line 34: '  was taken directly from the vein and stored in an ornate vial that keeps it as pure'
F:\Obsidian\PF2e-Core-Vault\3-Rules\Character Building\Equipment\U\unsullied-blood-(major).md,Invalid YAML: Unsupported frontmatter at line 34: '  was taken directly from the vein and stored in an ornate vial that keeps it as pure'
F:\Obsidian\PF2e-Core-Vault\3-Rules\Character Building\Equipment\U\unsullied-blood-(moderate).md,Invalid YAML: Unsupported frontmatter at line 34: '  was taken directly from the vein and stored in an ornate vial that keeps it as pure'
F:\Obsidian\PF2e-Core-Vault\3-Rules\Character Building\Equipment\U\urn-of-ashes.md,Invalid YAML: Unsupported frontmatter at line 34: '  with a sliver of lingering spirit that strives to protect you.  **Activate—Doom'
F:\Obsidian\PF2e-Core-Vault\3-Rules\Character Building\Equipment\U\ursine-avenger-hood.md,"Invalid YAML: Unsupported frontmatter at line 34: ""  bear's skull and fur. Once invested, the wearer gains a +1 item bonus to Nature"""
F:\Obsidian\PF2e-Core-Vault\3-Rules\Character Building\Equipment\U\uzunjati-storytelling-amulet.md,"Invalid YAML: Unsupported frontmatter at line 34: '  usually highly personalized with runes, sigils, lines of poetry, or a depiction'"
F:\Obsidian\PF2e-Core-Vault\3-Rules\Character Building\Equipment\V\vaccine-(greater).md,"Invalid YAML: Unsupported frontmatter at line 34: ""  to a specific strain of disease of a level equal to or less than the vaccine's level,"""
F:\Obsidian\PF2e-Core-Vault\3-Rules\Character Building\Equipment\V\vaccine-(lesser).md,"Invalid YAML: Unsupported frontmatter at line 34: ""  to a specific strain of disease of a level equal to or less than the vaccine's level,"""
F:\Obsidian\PF2e-Core-Vault\3-Rules\Character Building\Equipment\V\vaccine-(major).md,"Invalid YAML: Unsupported frontmatter at line 34: ""  to a specific strain of disease of a level equal to or less than the vaccine's level,"""
F:\Obsidian\PF2e-Core-Vault\3-Rules\Character Building\Equipment\V\vaccine-(minor).md,"Invalid YAML: Unsupported frontmatter at line 34: ""  to a specific strain of disease of a level equal to or less than the vaccine's level,"""
F:\Obsidian\PF2e-Core-Vault\3-Rules\Character Building\Equipment\V\vaccine-(moderate).md,"Invalid YAML: Unsupported frontmatter at line 34: ""  to a specific strain of disease of a level equal to or less than the vaccine's level,"""
F:\Obsidian\PF2e-Core-Vault\3-Rules\Character Building\Equipment\V\vampire-fang-morningstar.md,"Invalid YAML: Unsupported frontmatter at line 34: ""  from a vampire, which usually requires an animate donor, given vampires' tendency"""
F:\Obsidian\PF2e-Core-Vault\3-Rules\Character Building\Equipment\V\vampiric-scythe.md,Invalid YAML: Unsupported frontmatter at line 34: '  to produce a whistling sound when swung through the air. The shaft is made of ebony'
F:\Obsidian\PF2e-Core-Vault\3-Rules\Character Building\Equipment\V\vanishing-coin.md,"Invalid YAML: Unsupported frontmatter at line 34: ""  check for initiative, but you haven't rolled yet  **Requirements** You are trained"""
F:\Obsidian\PF2e-Core-Vault\3-Rules\Character Building\Equipment\V\vanishing-shocker-(greater).md,Invalid YAML: Unsupported frontmatter at line 34: '  cube with extruding spikes at each corner. This inscrutable device channels occult'
F:\Obsidian\PF2e-Core-Vault\3-Rules\Character Building\Equipment\V\vanishing-shocker-(lesser).md,Invalid YAML: Unsupported frontmatter at line 34: '  cube with extruding spikes at each corner. This inscrutable device channels occult'
F:\Obsidian\PF2e-Core-Vault\3-Rules\Character Building\Equipment\V\vanishing-shocker-(major).md,Invalid YAML: Unsupported frontmatter at line 34: '  cube with extruding spikes at each corner. This inscrutable device channels occult'
F:\Obsidian\PF2e-Core-Vault\3-Rules\Character Building\Equipment\V\vanishing-shocker-(moderate).md,Invalid YAML: Unsupported frontmatter at line 34: '  cube with extruding spikes at each corner. This inscrutable device channels occult'
F:\Obsidian\PF2e-Core-Vault\3-Rules\Character Building\Equipment\V\vanishing-wayfinder.md,Invalid YAML: Unsupported frontmatter at line 34: '  It has the usual functions of a [[Equipment/Wayfinder|Wayfinder]] and the following'
F:\Obsidian\PF2e-Core-Vault\3-Rules\Character Building\Equipment\V\vapor-sphere.md,"Invalid YAML: Unsupported frontmatter at line 34: ""  You trigger a trap's reaction or an enemy that was undetected by you makes an attack"""
F:\Obsidian\PF2e-Core-Vault\3-Rules\Character Building\Equipment\V\vaporous-pipe.md,"Invalid YAML: Unsupported frontmatter at line 34: ""  of smoke even when unlit. As long as you're holding a vaporous pipe, you don't take"""
F:\Obsidian\PF2e-Core-Vault\3-Rules\Character Building\Equipment\V\varisian-emblem-(avaria).md,Invalid YAML: Unsupported frontmatter at line 34: '  culture. Such tattoos often depict the Varisian rune for one of the seven schools'
F:\Obsidian\PF2e-Core-Vault\3-Rules\Character Building\Equipment\V\varisian-emblem-(avidais).md,Invalid YAML: Unsupported frontmatter at line 34: '  culture. Such tattoos often depict the Varisian rune for one of the seven schools'
F:\Obsidian\PF2e-Core-Vault\3-Rules\Character Building\Equipment\V\varisian-emblem-(carnasia).md,Invalid YAML: Unsupported frontmatter at line 34: '  culture. Such tattoos often depict the Varisian rune for one of the seven schools'
F:\Obsidian\PF2e-Core-Vault\3-Rules\Character Building\Equipment\V\varisian-emblem-(idolis).md,Invalid YAML: Unsupported frontmatter at line 34: '  culture. Such tattoos often depict the Varisian rune for one of the seven schools'
F:\Obsidian\PF2e-Core-Vault\3-Rules\Character Building\Equipment\V\varisian-emblem-(ragario).md,Invalid YAML: Unsupported frontmatter at line 34: '  culture. Such tattoos often depict the Varisian rune for one of the seven schools'
F:\Obsidian\PF2e-Core-Vault\3-Rules\Character Building\Equipment\V\varisian-emblem-(vangloris).md,Invalid YAML: Unsupported frontmatter at line 34: '  culture. Such tattoos often depict the Varisian rune for one of the seven schools'
F:\Obsidian\PF2e-Core-Vault\3-Rules\Character Building\Equipment\V\varisian-emblem-(voratalo).md,Invalid YAML: Unsupported frontmatter at line 34: '  culture. Such tattoos often depict the Varisian rune for one of the seven schools'
F:\Obsidian\PF2e-Core-Vault\3-Rules\Character Building\Equipment\V\vashus-ninth-life.md,Invalid YAML: Unsupported frontmatter at line 34: '  from the king of cats over three hundred years ago by a catfolk rogue named Vashu'
F:\Obsidian\PF2e-Core-Vault\3-Rules\Character Building\Equipment\V\vat-grown-brain.md,"Invalid YAML: Unsupported frontmatter at line 34: '  with alchemical life inside a nutrient-rich vat. When the vat-grown brain is activated,'"
F:\Obsidian\PF2e-Core-Vault\3-Rules\Character Building\Equipment\V\vaultbreakers-harness.md,"Invalid YAML: Unsupported frontmatter at line 34: ""  contain a set of [[Equipment/Thieves' Toolkit (Infiltrator)|Thieves' Tools (Infiltrator)]],[[Equipment/Thieves'"""
F:\Obsidian\PF2e-Core-Vault\3-Rules\Character Building\Equipment\V\veiled-figurehead-(greater).md,"Invalid YAML: Unsupported frontmatter at line 34: '  shape of a humanoid, but it has no facial features whatsoever.  * * *  **Activate—Veil!**'"
F:\Obsidian\PF2e-Core-Vault\3-Rules\Character Building\Equipment\V\veiled-figurehead.md,"Invalid YAML: Unsupported frontmatter at line 34: '  shape of a humanoid, but it has no facial features whatsoever.  * * *  **Activate—Veil!**'"
F:\Obsidian\PF2e-Core-Vault\3-Rules\Character Building\Equipment\V\vengeful-arm.md,Invalid YAML: Unsupported frontmatter at line 35: '  envision  * * *  **Effect** Abraxas transforms the tattoo into a weapon of your'
F:\Obsidian\PF2e-Core-Vault\3-Rules\Character Building\Equipment\V\vengeful-demons-tears.md,Invalid YAML: Unsupported frontmatter at line 34: '  noxious spirit mixed into a potent magical cocktail and traditionally packaged in'
F:\Obsidian\PF2e-Core-Vault\3-Rules\Character Building\Equipment\V\venom-glands.md,Invalid YAML: Unsupported frontmatter at line 34: '  venom. You gain a poison spray unarmed ranged attack with a range increment of 10'
F:\Obsidian\PF2e-Core-Vault\3-Rules\Character Building\Equipment\V\venom-lash.md,Invalid YAML: Unsupported frontmatter at line 34: '  durability and flexibility of giant scorpion tails to create multi-headed _+1 striking'
F:\Obsidian\PF2e-Core-Vault\3-Rules\Character Building\Equipment\V\venomed-tongue.md,Invalid YAML: Unsupported frontmatter at line 35: '  \\  **Frequency** once per day  * * *  **Effect** Abraxas fills your tongue with'
F:\Obsidian\PF2e-Core-Vault\3-Rules\Character Building\Equipment\V\venomous-cure-fulu.md,Invalid YAML: Unsupported frontmatter at line 34: '  You attempt a saving throw against an injected poison.  * * *  This green fulu depicts'
F:\Obsidian\PF2e-Core-Vault\3-Rules\Character Building\Equipment\V\ventriloquists-ring-(greater).md,Invalid YAML: Unsupported frontmatter at line 34: '  around its circumference. You gain a +2 item bonus to Deception checks.  **Activate—Throw'
F:\Obsidian\PF2e-Core-Vault\3-Rules\Character Building\Equipment\V\ventriloquists-ring.md,Invalid YAML: Unsupported frontmatter at line 34: '  around its circumference. You gain a +1 item bonus to Deception checks.  **Activate—Throw'
F:\Obsidian\PF2e-Core-Vault\3-Rules\Character Building\Equipment\V\verdant-branch.md,"Invalid YAML: Unsupported frontmatter at line 34: '  twigs, leaves, and flowers across the surface of this prosthetic arm or leg.  **Activate**'"
F:\Obsidian\PF2e-Core-Vault\3-Rules\Character Building\Equipment\V\verdant-staff-(greater).md,"Invalid YAML: Unsupported frontmatter at line 34: '  shed in winter. While wielding it, you gain a +2 circumstance bonus to checks to'"
F:\Obsidian\PF2e-Core-Vault\3-Rules\Character Building\Equipment\V\verdant-staff.md,"Invalid YAML: Unsupported frontmatter at line 34: '  shed in winter. While wielding it, you gain a +2 circumstance bonus to checks to'"
F:\Obsidian\PF2e-Core-Vault\3-Rules\Character Building\Equipment\V\vermin-repellent-agent-(greater).md,Invalid YAML: Unsupported frontmatter at line 34: '  as a repellent to stave off insects.  The repellent also binds with a number of'
F:\Obsidian\PF2e-Core-Vault\3-Rules\Character Building\Equipment\V\vermin-repellent-agent-(lesser).md,Invalid YAML: Unsupported frontmatter at line 34: '  as a repellent to stave off insects.  The repellent also binds with a number of'
F:\Obsidian\PF2e-Core-Vault\3-Rules\Character Building\Equipment\V\vermin-repellent-agent-(major).md,Invalid YAML: Unsupported frontmatter at line 34: '  as a repellent to stave off insects.  The repellent also binds with a number of'
F:\Obsidian\PF2e-Core-Vault\3-Rules\Character Building\Equipment\V\vermin-repellent-agent-(moderate).md,Invalid YAML: Unsupported frontmatter at line 34: '  as a repellent to stave off insects.  The repellent also binds with a number of'
F:\Obsidian\PF2e-Core-Vault\3-Rules\Character Building\Equipment\V\vernai-shell.md,"Invalid YAML: Unsupported frontmatter at line 34: ""  resilient mantis shell_ offers superior protection from Mediogalti's hot weather"""
F:\Obsidian\PF2e-Core-Vault\3-Rules\Character Building\Equipment\V\versatile-tinderbox.md,"Invalid YAML: Unsupported frontmatter at line 34: '  strips of wood in a selection of six colors. In a typical _versatile tinderbox_,'"
F:\Obsidian\PF2e-Core-Vault\3-Rules\Character Building\Equipment\V\versatile-vial.md,"Invalid YAML: Unsupported frontmatter at line 34: '  in a pinch. The bomb deals acid damage and acid splash damage.""'"
F:\Obsidian\PF2e-Core-Vault\3-Rules\Character Building\Equipment\V\vestige-lenses.md,Invalid YAML: Unsupported frontmatter at line 34: '  trail from a piece of specially formulated sandalwood incense.  This incense has'
F:\Obsidian\PF2e-Core-Vault\3-Rules\Character Building\Equipment\V\vexing-vapor-(greater).md,Invalid YAML: Unsupported frontmatter at line 34: '  made from toxic berries. You gain a +2 item bonus to attack rolls. A greater vexing'
F:\Obsidian\PF2e-Core-Vault\3-Rules\Character Building\Equipment\V\vexing-vapor-(lesser).md,Invalid YAML: Unsupported frontmatter at line 34: '  made from toxic berries. A lesser vexing vapor bomb deals 1d6 mental damage and'
F:\Obsidian\PF2e-Core-Vault\3-Rules\Character Building\Equipment\V\vexing-vapor-(major).md,Invalid YAML: Unsupported frontmatter at line 34: '  made from toxic berries. You gain a +3 item bonus to attack rolls. A major vexing'
F:\Obsidian\PF2e-Core-Vault\3-Rules\Character Building\Equipment\V\vexing-vapor-(moderate).md,Invalid YAML: Unsupported frontmatter at line 34: '  made from toxic berries. You gain a +1 item bonus to attack rolls. A moderate vexing'
F:\Obsidian\PF2e-Core-Vault\3-Rules\Character Building\Equipment\V\vial-of-the-immortal-wellspring.md,"Invalid YAML: Unsupported frontmatter at line 34: ""  a vial from the wellspring's heart in return. Once per 10 minutes, when your dying"""
F:\Obsidian\PF2e-Core-Vault\3-Rules\Character Building\Equipment\V\victory-plate-(greater).md,Invalid YAML: Unsupported frontmatter at line 34: '  by a bright tabard featuring a distinctive coat of arms divided into four fields.'
F:\Obsidian\PF2e-Core-Vault\3-Rules\Character Building\Equipment\V\victory-plate.md,Invalid YAML: Unsupported frontmatter at line 34: '  bright tabard featuring a distinctive coat of arms divided into four fields. This'
F:\Obsidian\PF2e-Core-Vault\3-Rules\Character Building\Equipment\V\vigilant-eye-(greater).md,"Invalid YAML: Unsupported frontmatter at line 34: ""  that blend in with the wood. The eye's pupil continually twitches and moves, scanning"""
F:\Obsidian\PF2e-Core-Vault\3-Rules\Character Building\Equipment\V\vigilant-eye-(major).md,"Invalid YAML: Unsupported frontmatter at line 34: ""  that blend in with the wood. The eye's pupil continually twitches and moves, scanning"""
F:\Obsidian\PF2e-Core-Vault\3-Rules\Character Building\Equipment\V\vigilant-eye.md,"Invalid YAML: Unsupported frontmatter at line 34: ""  that blend in with the wood. The eye's pupil continually twitches and moves, scanning"""
F:\Obsidian\PF2e-Core-Vault\3-Rules\Character Building\Equipment\V\vine-arrow.md,"Invalid YAML: Unsupported frontmatter at line 34: '  the shaft of this rustic arrow. When an activated _vine arrow_ hits a target, the'"
F:\Obsidian\PF2e-Core-Vault\3-Rules\Character Building\Equipment\V\vine-of-roses.md,Invalid YAML: Unsupported frontmatter at line 34: '  with rose petals painted on the handle in varying shades of red and pink. The chain'
F:\Obsidian\PF2e-Core-Vault\3-Rules\Character Building\Equipment\V\vine-whip.md,"Invalid YAML: Unsupported frontmatter at line 34: '  creature. It deals bludgeoning or slashing damage, according to the vine attack'"
F:\Obsidian\PF2e-Core-Vault\3-Rules\Character Building\Equipment\V\violet-ray.md,Invalid YAML: Unsupported frontmatter at line 34: '  is the seemingly miraculous violet ray. Physicians claim it anything from headaches'
F:\Obsidian\PF2e-Core-Vault\3-Rules\Character Building\Equipment\V\violet-venom.md,Invalid YAML: Unsupported frontmatter at line 34: '  leaves it diluted at the best of times. Alchemists are still on the hunt for a truly'
F:\Obsidian\PF2e-Core-Vault\3-Rules\Character Building\Equipment\V\violin-of-the-waves.md,"Invalid YAML: Unsupported frontmatter at line 34: ""  but pleasant, smell of salt water and ocean life. It's engraved with images of sailors"""
F:\Obsidian\PF2e-Core-Vault\3-Rules\Character Building\Equipment\V\viper-arrow.md,"Invalid YAML: Unsupported frontmatter at line 34: '  covered in fine green scales, and its iron head comes to a pair of points almost'"
F:\Obsidian\PF2e-Core-Vault\3-Rules\Character Building\Equipment\V\viper-rapier.md,Invalid YAML: Unsupported frontmatter at line 34: '  of a twisting serpent with the blade thrusting from its open mouth. This rapier'
F:\Obsidian\PF2e-Core-Vault\3-Rules\Character Building\Equipment\V\viperous-elixir-(greater).md,Invalid YAML: Unsupported frontmatter at line 34: '  with grooves that can channel a deadly venom. You gain a fangs unarmed attack that'
F:\Obsidian\PF2e-Core-Vault\3-Rules\Character Building\Equipment\V\viperous-elixir-(lesser).md,Invalid YAML: Unsupported frontmatter at line 34: '  with grooves that can channel a deadly venom. You gain a fangs unarmed attack that'
F:\Obsidian\PF2e-Core-Vault\3-Rules\Character Building\Equipment\V\viperous-elixir-(moderate).md,Invalid YAML: Unsupported frontmatter at line 34: '  with grooves that can channel a deadly venom. You gain a fangs unarmed attack that'
F:\Obsidian\PF2e-Core-Vault\3-Rules\Character Building\Equipment\V\vipers-fang.md,"Invalid YAML: Unsupported frontmatter at line 34: '  reach uses a manipulate or move action, makes a ranged attack, or leaves a square'"
F:\Obsidian\PF2e-Core-Vault\3-Rules\Character Building\Equipment\V\viridian-crown.md,"Invalid YAML: Unsupported frontmatter at line 34: ""  when they are crowned ruler of the nation. The crown's precise shape changes with"""
F:\Obsidian\PF2e-Core-Vault\3-Rules\Character Building\Equipment\V\vital-earth.md,"Invalid YAML: Unsupported frontmatter at line 34: '  dust you inhale that causes you to not need air or water for 24 hours. Also, for'"
F:\Obsidian\PF2e-Core-Vault\3-Rules\Character Building\Equipment\V\vitalizing-(greater).md,"Invalid YAML: Unsupported frontmatter at line 34: '  2d6 persistent vitality damage to undead.  On a critical hit, the undead creature'"
F:\Obsidian\PF2e-Core-Vault\3-Rules\Character Building\Equipment\V\vocal-shells.md,"Invalid YAML: Unsupported frontmatter at line 34: '  performers to throw their voices, this gadget consists of two button-sized conch'"
F:\Obsidian\PF2e-Core-Vault\3-Rules\Character Building\Equipment\V\voice-from-the-grave.md,"Invalid YAML: Unsupported frontmatter at line 34: '  the skull enables you to speak with spirits and haunts you can see, even if you'"
F:\Obsidian\PF2e-Core-Vault\3-Rules\Character Building\Equipment\V\void-fragment.md,"Invalid YAML: Unsupported frontmatter at line 34: '  whispering of its power, a _void fragment_ is a crystalline fragment of swirling'"
F:\Obsidian\PF2e-Core-Vault\3-Rules\Character Building\Equipment\V\void-salts.md,Invalid YAML: Unsupported frontmatter at line 34: '  powder that seethes with energy distilled directly from the Void. When used in casting'
F:\Obsidian\PF2e-Core-Vault\3-Rules\Character Building\Equipment\V\void-shackles.md,Invalid YAML: Unsupported frontmatter at line 34: '  Void—materials that dig painfully into the flesh of those they restrain. A set of'
F:\Obsidian\PF2e-Core-Vault\3-Rules\Character Building\Equipment\V\volcanic-vigor-(greater).md,"Invalid YAML: Unsupported frontmatter at line 34: ""  hollow eye sockets that seep smoke. You don't take damage from extreme heat or severe"""
F:\Obsidian\PF2e-Core-Vault\3-Rules\Character Building\Equipment\V\volcanic-vigor.md,"Invalid YAML: Unsupported frontmatter at line 34: ""  hollow eye sockets that seep smoke. You don't take damage from extreme heat or severe"""
F:\Obsidian\PF2e-Core-Vault\3-Rules\Character Building\Equipment\V\voyagers-pack.md,"Invalid YAML: Unsupported frontmatter at line 34: ""  taken to a plane it hasn't been to before, a new icon representing that plane scorches"""
F:\Obsidian\PF2e-Core-Vault\3-Rules\Character Building\Equipment\V\vultures-wing.md,Invalid YAML: Unsupported frontmatter at line 34: '  scatters on an unnatural gust of wind. If this catalyst is used to cast a [[Spells/Enfeeble|Enfeeble]]'
F:\Obsidian\PF2e-Core-Vault\3-Rules\Character Building\Equipment\V\vyres-bliss.md,Invalid YAML: Unsupported frontmatter at line 34: '  looks and tastes like fine wine.  **Saving Throw** DC 43 Fortitude check  **Maximum'
F:\Obsidian\PF2e-Core-Vault\3-Rules\Character Building\Equipment\W\waffle-iron-(high-grade-mithral).md,Invalid YAML: Unsupported frontmatter at line 34: '  plate to provide a texture for the pastry cakes you cook with it. You pour batter'
F:\Obsidian\PF2e-Core-Vault\3-Rules\Character Building\Equipment\W\waffle-iron-(imprint).md,Invalid YAML: Unsupported frontmatter at line 34: '  plate to provide a texture for the pastry cakes you cook with it. You pour batter'
F:\Obsidian\PF2e-Core-Vault\3-Rules\Character Building\Equipment\W\waffle-iron-(mithral).md,Invalid YAML: Unsupported frontmatter at line 34: '  plate to provide a texture for the pastry cakes you cook with it. You pour batter'
F:\Obsidian\PF2e-Core-Vault\3-Rules\Character Building\Equipment\W\walking-cauldron.md,"Invalid YAML: Unsupported frontmatter at line 34: '  has a land Speed of 25 feet and can be used as a suitable tool to _Craft_ potions,'"
F:\Obsidian\PF2e-Core-Vault\3-Rules\Character Building\Equipment\W\wand-cane.md,"Invalid YAML: Unsupported frontmatter at line 34: '  cane_ are an intricate network of lenses and magical circuits, with a slot at the'"
F:\Obsidian\PF2e-Core-Vault\3-Rules\Character Building\Equipment\W\wand-of-caustic-effluence.md,Invalid YAML: Unsupported frontmatter at line 34: '  * *  **Activate** [[Actions/Cast a Spell|Cast a Spell]]  **Frequency** once per'
F:\Obsidian\PF2e-Core-Vault\3-Rules\Character Building\Equipment\W\wand-of-choking-mist-(obscuring-mist).md,"Invalid YAML: Unsupported frontmatter at line 34: '  of steam.  **Activate** Cast a Spell  **Frequency** once per day, plus overcharge\\'"
F:\Obsidian\PF2e-Core-Vault\3-Rules\Character Building\Equipment\W\wand-of-choking-mist-(solid-fog).md,"Invalid YAML: Unsupported frontmatter at line 34: '  of steam.  **Activate** Cast a Spell  **Frequency** once per day, plus overcharge\\'"
F:\Obsidian\PF2e-Core-Vault\3-Rules\Character Building\Equipment\W\wand-of-chromatic-burst-(4th-level).md,"Invalid YAML: Unsupported frontmatter at line 34: '  colors of the rainbow.  **Activate** Cast a Spell  **Frequency** once per day, plus'"
F:\Obsidian\PF2e-Core-Vault\3-Rules\Character Building\Equipment\W\wand-of-chromatic-burst-(7th-level).md,"Invalid YAML: Unsupported frontmatter at line 34: '  colors of the rainbow.  **Activate** Cast a Spell  **Frequency** once per day, plus'"
F:\Obsidian\PF2e-Core-Vault\3-Rules\Character Building\Equipment\W\wand-of-clinging-rime-(7th-level).md,"Invalid YAML: Unsupported frontmatter at line 34: '  a Spell  **Frequency** once per day, plus overcharge  * * *  **Effect** You cast'"
F:\Obsidian\PF2e-Core-Vault\3-Rules\Character Building\Equipment\W\wand-of-clinging-rime-(8th-level).md,"Invalid YAML: Unsupported frontmatter at line 34: '  a Spell  **Frequency** once per day, plus overcharge  * * *  **Effect** You cast'"
F:\Obsidian\PF2e-Core-Vault\3-Rules\Character Building\Equipment\W\wand-of-clinging-rime-(9th-level).md,"Invalid YAML: Unsupported frontmatter at line 34: '  a Spell  **Frequency** once per day, plus overcharge  * * *  **Effect** You cast'"
F:\Obsidian\PF2e-Core-Vault\3-Rules\Character Building\Equipment\W\wand-of-contagious-frailty.md,"Invalid YAML: Unsupported frontmatter at line 34: ""  each time the wand is used. The bone's worn epiphysis forms the wand's pommel, and"""
F:\Obsidian\PF2e-Core-Vault\3-Rules\Character Building\Equipment\W\wand-of-continuation-(1st-rank-spell).md,"Invalid YAML: Unsupported frontmatter at line 37: '  the Spell, and its duration is increased by half.  * * *  **Craft Requirements**'"
F:\Obsidian\PF2e-Core-Vault\3-Rules\Character Building\Equipment\W\wand-of-continuation-(2nd-rank-spell).md,"Invalid YAML: Unsupported frontmatter at line 37: '  the Spell, and its duration is increased by half.  * * *  **Craft Requirements**'"
F:\Obsidian\PF2e-Core-Vault\3-Rules\Character Building\Equipment\W\wand-of-continuation-(3rd-rank-spell).md,"Invalid YAML: Unsupported frontmatter at line 37: '  the Spell, and its duration is increased by half.  * * *  **Craft Requirements**'"
F:\Obsidian\PF2e-Core-Vault\3-Rules\Character Building\Equipment\W\wand-of-continuation-(4th-rank-spell).md,"Invalid YAML: Unsupported frontmatter at line 37: '  the Spell, and its duration is increased by half.  * * *  **Craft Requirements**'"
F:\Obsidian\PF2e-Core-Vault\3-Rules\Character Building\Equipment\W\wand-of-continuation-(5th-rank-spell).md,"Invalid YAML: Unsupported frontmatter at line 37: '  the Spell, and its duration is increased by half.  * * *  **Craft Requirements**'"
F:\Obsidian\PF2e-Core-Vault\3-Rules\Character Building\Equipment\W\wand-of-continuation-(6th-rank-spell).md,"Invalid YAML: Unsupported frontmatter at line 37: '  the Spell, and its duration is increased by half.  * * *  **Craft Requirements**'"
F:\Obsidian\PF2e-Core-Vault\3-Rules\Character Building\Equipment\W\wand-of-continuation-(7th-rank-spell).md,"Invalid YAML: Unsupported frontmatter at line 37: '  the Spell, and its duration is increased by half.  * * *  **Craft Requirements**'"
F:\Obsidian\PF2e-Core-Vault\3-Rules\Character Building\Equipment\W\wand-of-continuation-(8th-rank-spell).md,"Invalid YAML: Unsupported frontmatter at line 37: '  the Spell, and its duration is increased by half.  * * *  **Craft Requirements**'"
F:\Obsidian\PF2e-Core-Vault\3-Rules\Character Building\Equipment\W\wand-of-crackling-lightning-(3rd-rank-spell).md,"Invalid YAML: Unsupported frontmatter at line 34: '  \\  **Activate** Cast a Spell  **Frequency** once per day, plus overcharge  **Effect**'"
F:\Obsidian\PF2e-Core-Vault\3-Rules\Character Building\Equipment\W\wand-of-crackling-lightning-(4th-rank-spell).md,"Invalid YAML: Unsupported frontmatter at line 34: '  \\  **Activate** Cast a Spell  **Frequency** once per day, plus overcharge  **Effect**'"
F:\Obsidian\PF2e-Core-Vault\3-Rules\Character Building\Equipment\W\wand-of-crackling-lightning-(6th-rank-spell).md,"Invalid YAML: Unsupported frontmatter at line 34: '  \\  **Activate** Cast a Spell  **Frequency** once per day, plus overcharge  **Effect**'"
F:\Obsidian\PF2e-Core-Vault\3-Rules\Character Building\Equipment\W\wand-of-crackling-lightning-(8th-rank-spell).md,"Invalid YAML: Unsupported frontmatter at line 34: '  \\  **Activate** Cast a Spell  **Frequency** once per day, plus overcharge  **Effect**'"
F:\Obsidian\PF2e-Core-Vault\3-Rules\Character Building\Equipment\W\wand-of-crushing-leaps.md,"Invalid YAML: Unsupported frontmatter at line 34: ""  leaf when dropped, landing unharmed. A thin coil of metal wraps around the wand's"""
F:\Obsidian\PF2e-Core-Vault\3-Rules\Character Building\Equipment\W\wand-of-dazzling-rays-(3rd-level).md,Invalid YAML: Unsupported frontmatter at line 34: '  bright light in a 20-foot radius and dim light for the next 20 feet. After you Activate'
F:\Obsidian\PF2e-Core-Vault\3-Rules\Character Building\Equipment\W\wand-of-dazzling-rays-(4th-level).md,Invalid YAML: Unsupported frontmatter at line 34: '  bright light in a 20-foot radius and dim light for the next 20 feet. After you Activate'
F:\Obsidian\PF2e-Core-Vault\3-Rules\Character Building\Equipment\W\wand-of-dazzling-rays-(5th-level).md,Invalid YAML: Unsupported frontmatter at line 34: '  bright light in a 20-foot radius and dim light for the next 20 feet. After you Activate'
F:\Obsidian\PF2e-Core-Vault\3-Rules\Character Building\Equipment\W\wand-of-dazzling-rays-(6th-level).md,Invalid YAML: Unsupported frontmatter at line 34: '  bright light in a 20-foot radius and dim light for the next 20 feet. After you Activate'
F:\Obsidian\PF2e-Core-Vault\3-Rules\Character Building\Equipment\W\wand-of-dazzling-rays-(7th-level).md,Invalid YAML: Unsupported frontmatter at line 34: '  bright light in a 20-foot radius and dim light for the next 20 feet. After you Activate'
F:\Obsidian\PF2e-Core-Vault\3-Rules\Character Building\Equipment\W\wand-of-dazzling-rays-(8th-level).md,Invalid YAML: Unsupported frontmatter at line 34: '  bright light in a 20-foot radius and dim light for the next 20 feet. After you Activate'
F:\Obsidian\PF2e-Core-Vault\3-Rules\Character Building\Equipment\W\wand-of-dazzling-rays-(9th-level).md,Invalid YAML: Unsupported frontmatter at line 34: '  bright light in a 20-foot radius and dim light for the next 20 feet. After you Activate'
F:\Obsidian\PF2e-Core-Vault\3-Rules\Character Building\Equipment\W\wand-of-dumbfounding-doom-(3rd-level).md,"Invalid YAML: Unsupported frontmatter at line 34: '  wand of blackened bone, but it makes absurd sounds when Activated, such as a honking'"
F:\Obsidian\PF2e-Core-Vault\3-Rules\Character Building\Equipment\W\wand-of-dumbfounding-doom-(4th-level).md,"Invalid YAML: Unsupported frontmatter at line 34: '  wand of blackened bone, but it makes absurd sounds when Activated, such as a honking'"
F:\Obsidian\PF2e-Core-Vault\3-Rules\Character Building\Equipment\W\wand-of-dumbfounding-doom-(5th-level).md,"Invalid YAML: Unsupported frontmatter at line 34: '  wand of blackened bone, but it makes absurd sounds when Activated, such as a honking'"
F:\Obsidian\PF2e-Core-Vault\3-Rules\Character Building\Equipment\W\wand-of-dumbfounding-doom-(6th-level).md,"Invalid YAML: Unsupported frontmatter at line 34: '  wand of blackened bone, but it makes absurd sounds when Activated, such as a honking'"
F:\Obsidian\PF2e-Core-Vault\3-Rules\Character Building\Equipment\W\wand-of-dumbfounding-doom-(7th-level).md,"Invalid YAML: Unsupported frontmatter at line 34: '  wand of blackened bone, but it makes absurd sounds when Activated, such as a honking'"
F:\Obsidian\PF2e-Core-Vault\3-Rules\Character Building\Equipment\W\wand-of-dumbfounding-doom-(8th-level).md,"Invalid YAML: Unsupported frontmatter at line 34: '  wand of blackened bone, but it makes absurd sounds when Activated, such as a honking'"
F:\Obsidian\PF2e-Core-Vault\3-Rules\Character Building\Equipment\W\wand-of-dumbfounding-doom-(9th-level).md,"Invalid YAML: Unsupported frontmatter at line 34: '  wand of blackened bone, but it makes absurd sounds when Activated, such as a honking'"
F:\Obsidian\PF2e-Core-Vault\3-Rules\Character Building\Equipment\W\wand-of-fey-flames.md,Invalid YAML: Unsupported frontmatter at line 34: '  hand.  **Activate** [[Actions/Cast a Spell|Cast a Spell]]  **Frequency** once per'
F:\Obsidian\PF2e-Core-Vault\3-Rules\Character Building\Equipment\W\wand-of-hawthorn-(2nd-level).md,"Invalid YAML: Unsupported frontmatter at line 34: '  shaft remains covered in bark and long thorns. Polished red stones, arranged like'"
F:\Obsidian\PF2e-Core-Vault\3-Rules\Character Building\Equipment\W\wand-of-hawthorn-(4th-level).md,"Invalid YAML: Unsupported frontmatter at line 34: '  shaft remains covered in bark and long thorns. Polished red stones, arranged like'"
F:\Obsidian\PF2e-Core-Vault\3-Rules\Character Building\Equipment\W\wand-of-hawthorn-(6th-level).md,"Invalid YAML: Unsupported frontmatter at line 34: '  shaft remains covered in bark and long thorns. Polished red stones, arranged like'"
F:\Obsidian\PF2e-Core-Vault\3-Rules\Character Building\Equipment\W\wand-of-hawthorn-(8th-level).md,"Invalid YAML: Unsupported frontmatter at line 34: '  shaft remains covered in bark and long thorns. Polished red stones, arranged like'"
F:\Obsidian\PF2e-Core-Vault\3-Rules\Character Building\Equipment\W\wand-of-hopeless-night-(2nd-rank-spell).md,"Invalid YAML: Unsupported frontmatter at line 34: '  a Spell  **Frequency** once per day, plus overcharge  **Effect** You cast [[Spells/Darkness|Darkness]]'"
F:\Obsidian\PF2e-Core-Vault\3-Rules\Character Building\Equipment\W\wand-of-hopeless-night-(4th-rank-spell).md,"Invalid YAML: Unsupported frontmatter at line 34: '  a Spell  **Frequency** once per day, plus overcharge  **Effect** You cast [[Spells/Darkness|Darkness]]'"
F:\Obsidian\PF2e-Core-Vault\3-Rules\Character Building\Equipment\W\wand-of-hybrid-form-(2nd-level).md,"Invalid YAML: Unsupported frontmatter at line 34: '  claws, snapping jaws, and countless creatures.  **Activate** Cast a Spell; This'"
F:\Obsidian\PF2e-Core-Vault\3-Rules\Character Building\Equipment\W\wand-of-hybrid-form-(3rd-level).md,"Invalid YAML: Unsupported frontmatter at line 34: '  claws, snapping jaws, and countless creatures.  **Activate** Cast a Spell; This'"
F:\Obsidian\PF2e-Core-Vault\3-Rules\Character Building\Equipment\W\wand-of-hybrid-form-(4th-level).md,"Invalid YAML: Unsupported frontmatter at line 34: '  claws, snapping jaws, and countless creatures.  **Activate** Cast a Spell; This'"
F:\Obsidian\PF2e-Core-Vault\3-Rules\Character Building\Equipment\W\wand-of-hybrid-form-(5th-level).md,"Invalid YAML: Unsupported frontmatter at line 34: '  claws, snapping jaws, and countless creatures.  **Activate** Cast a Spell; This'"
F:\Obsidian\PF2e-Core-Vault\3-Rules\Character Building\Equipment\W\wand-of-hybrid-form-(6th-level).md,"Invalid YAML: Unsupported frontmatter at line 34: '  claws, snapping jaws, and countless creatures.  **Activate** Cast a Spell; This'"
F:\Obsidian\PF2e-Core-Vault\3-Rules\Character Building\Equipment\W\wand-of-hybrid-form-(7th-level).md,"Invalid YAML: Unsupported frontmatter at line 34: '  claws, snapping jaws, and countless creatures.  **Activate** Cast a Spell; This'"
F:\Obsidian\PF2e-Core-Vault\3-Rules\Character Building\Equipment\W\wand-of-hybrid-form-(8th-level).md,"Invalid YAML: Unsupported frontmatter at line 34: '  claws, snapping jaws, and countless creatures.  **Activate** Cast a Spell; This'"
F:\Obsidian\PF2e-Core-Vault\3-Rules\Character Building\Equipment\W\wand-of-hybrid-form-(9th-level).md,"Invalid YAML: Unsupported frontmatter at line 34: '  claws, snapping jaws, and countless creatures.  **Activate** Cast a Spell; This'"
F:\Obsidian\PF2e-Core-Vault\3-Rules\Character Building\Equipment\W\wand-of-legerdemain-(1st-level).md,"Invalid YAML: Unsupported frontmatter at line 34: ""  colorful ribbons. A silver bell caps the wand's tasseled pommel.  **Activate** Cast"""
F:\Obsidian\PF2e-Core-Vault\3-Rules\Character Building\Equipment\W\wand-of-legerdemain-(2nd-level).md,"Invalid YAML: Unsupported frontmatter at line 34: ""  colorful ribbons. A silver bell caps the wand's tasseled pommel.  **Activate** Cast"""
F:\Obsidian\PF2e-Core-Vault\3-Rules\Character Building\Equipment\W\wand-of-legerdemain-(3rd-level).md,"Invalid YAML: Unsupported frontmatter at line 34: ""  colorful ribbons. A silver bell caps the wand's tasseled pommel.  **Activate** Cast"""
F:\Obsidian\PF2e-Core-Vault\3-Rules\Character Building\Equipment\W\wand-of-legerdemain-(4th-level).md,"Invalid YAML: Unsupported frontmatter at line 34: ""  colorful ribbons. A silver bell caps the wand's tasseled pommel.  **Activate** Cast"""
F:\Obsidian\PF2e-Core-Vault\3-Rules\Character Building\Equipment\W\wand-of-legerdemain-(5th-level).md,"Invalid YAML: Unsupported frontmatter at line 34: ""  colorful ribbons. A silver bell caps the wand's tasseled pommel.  **Activate** Cast"""
F:\Obsidian\PF2e-Core-Vault\3-Rules\Character Building\Equipment\W\wand-of-legerdemain-(6th-level).md,"Invalid YAML: Unsupported frontmatter at line 34: ""  colorful ribbons. A silver bell caps the wand's tasseled pommel.  **Activate** Cast"""
F:\Obsidian\PF2e-Core-Vault\3-Rules\Character Building\Equipment\W\wand-of-legerdemain-(7th-level).md,"Invalid YAML: Unsupported frontmatter at line 34: ""  colorful ribbons. A silver bell caps the wand's tasseled pommel.  **Activate** Cast"""
F:\Obsidian\PF2e-Core-Vault\3-Rules\Character Building\Equipment\W\wand-of-legerdemain-(8th-level).md,"Invalid YAML: Unsupported frontmatter at line 34: ""  colorful ribbons. A silver bell caps the wand's tasseled pommel.  **Activate** Cast"""
F:\Obsidian\PF2e-Core-Vault\3-Rules\Character Building\Equipment\W\wand-of-legerdemain-(9th-level).md,"Invalid YAML: Unsupported frontmatter at line 34: ""  colorful ribbons. A silver bell caps the wand's tasseled pommel.  **Activate** Cast"""
F:\Obsidian\PF2e-Core-Vault\3-Rules\Character Building\Equipment\W\wand-of-mental-purification-(1st-level).md,"Invalid YAML: Unsupported frontmatter at line 34: '  a sense of gentle calm.  **Activate** Cast a Spell  **Frequency** once per day,'"
F:\Obsidian\PF2e-Core-Vault\3-Rules\Character Building\Equipment\W\wand-of-mental-purification-(2nd-level).md,"Invalid YAML: Unsupported frontmatter at line 34: '  a sense of gentle calm.  **Activate** Cast a Spell  **Frequency** once per day,'"
F:\Obsidian\PF2e-Core-Vault\3-Rules\Character Building\Equipment\W\wand-of-mental-purification-(3rd-level).md,"Invalid YAML: Unsupported frontmatter at line 34: '  a sense of gentle calm.  **Activate** Cast a Spell  **Frequency** once per day,'"
F:\Obsidian\PF2e-Core-Vault\3-Rules\Character Building\Equipment\W\wand-of-mental-purification-(4th-level).md,"Invalid YAML: Unsupported frontmatter at line 34: '  a sense of gentle calm.  **Activate** Cast a Spell  **Frequency** once per day,'"
F:\Obsidian\PF2e-Core-Vault\3-Rules\Character Building\Equipment\W\wand-of-mental-purification-(5th-level).md,"Invalid YAML: Unsupported frontmatter at line 34: '  a sense of gentle calm.  **Activate** Cast a Spell  **Frequency** once per day,'"
F:\Obsidian\PF2e-Core-Vault\3-Rules\Character Building\Equipment\W\wand-of-mental-purification-(6th-level).md,"Invalid YAML: Unsupported frontmatter at line 34: '  a sense of gentle calm.  **Activate** Cast a Spell  **Frequency** once per day,'"
F:\Obsidian\PF2e-Core-Vault\3-Rules\Character Building\Equipment\W\wand-of-mental-purification-(7th-level).md,"Invalid YAML: Unsupported frontmatter at line 34: '  a sense of gentle calm.  **Activate** Cast a Spell  **Frequency** once per day,'"
F:\Obsidian\PF2e-Core-Vault\3-Rules\Character Building\Equipment\W\wand-of-mental-purification-(8th-level).md,"Invalid YAML: Unsupported frontmatter at line 34: '  a sense of gentle calm.  **Activate** Cast a Spell  **Frequency** once per day,'"
F:\Obsidian\PF2e-Core-Vault\3-Rules\Character Building\Equipment\W\wand-of-mental-purification-(9th-level).md,"Invalid YAML: Unsupported frontmatter at line 34: '  a sense of gentle calm.  **Activate** Cast a Spell  **Frequency** once per day,'"
F:\Obsidian\PF2e-Core-Vault\3-Rules\Character Building\Equipment\W\wand-of-mercy-(1st-level).md,"Invalid YAML: Unsupported frontmatter at line 34: '  an angel. When you cast its spell and choose not to make it nonlethal, the crystal'"
F:\Obsidian\PF2e-Core-Vault\3-Rules\Character Building\Equipment\W\wand-of-mercy-(2nd-level).md,"Invalid YAML: Unsupported frontmatter at line 34: '  an angel. When you cast its spell and choose not to make it nonlethal, the crystal'"
F:\Obsidian\PF2e-Core-Vault\3-Rules\Character Building\Equipment\W\wand-of-mercy-(3rd-level).md,"Invalid YAML: Unsupported frontmatter at line 34: '  an angel. When you cast its spell and choose not to make it nonlethal, the crystal'"
F:\Obsidian\PF2e-Core-Vault\3-Rules\Character Building\Equipment\W\wand-of-mercy-(4th-level).md,"Invalid YAML: Unsupported frontmatter at line 34: '  an angel. When you cast its spell and choose not to make it nonlethal, the crystal'"
F:\Obsidian\PF2e-Core-Vault\3-Rules\Character Building\Equipment\W\wand-of-mercy-(5th-level).md,"Invalid YAML: Unsupported frontmatter at line 34: '  an angel. When you cast its spell and choose not to make it nonlethal, the crystal'"
F:\Obsidian\PF2e-Core-Vault\3-Rules\Character Building\Equipment\W\wand-of-mercy-(6th-level).md,"Invalid YAML: Unsupported frontmatter at line 34: '  an angel. When you cast its spell and choose not to make it nonlethal, the crystal'"
F:\Obsidian\PF2e-Core-Vault\3-Rules\Character Building\Equipment\W\wand-of-mercy-(7th-level).md,"Invalid YAML: Unsupported frontmatter at line 34: '  an angel. When you cast its spell and choose not to make it nonlethal, the crystal'"
F:\Obsidian\PF2e-Core-Vault\3-Rules\Character Building\Equipment\W\wand-of-mercy-(8th-level).md,"Invalid YAML: Unsupported frontmatter at line 34: '  an angel. When you cast its spell and choose not to make it nonlethal, the crystal'"
F:\Obsidian\PF2e-Core-Vault\3-Rules\Character Building\Equipment\W\wand-of-mercy-(9th-level).md,"Invalid YAML: Unsupported frontmatter at line 34: '  an angel. When you cast its spell and choose not to make it nonlethal, the crystal'"
F:\Obsidian\PF2e-Core-Vault\3-Rules\Character Building\Equipment\W\wand-of-noisome-acid-(2nd-rank-spell).md,Invalid YAML: Unsupported frontmatter at line 34: '  \\  * * *  **Activate** [[Actions/Cast a Spell|Cast a Spell]]  **Frequency** once'
F:\Obsidian\PF2e-Core-Vault\3-Rules\Character Building\Equipment\W\wand-of-noisome-acid-(4nd-rank-spell).md,Invalid YAML: Unsupported frontmatter at line 34: '  \\  * * *  **Activate** [[Actions/Cast a Spell|Cast a Spell]]  **Frequency** once'
F:\Obsidian\PF2e-Core-Vault\3-Rules\Character Building\Equipment\W\wand-of-noisome-acid-(6th-rank-spell).md,Invalid YAML: Unsupported frontmatter at line 34: '  \\  * * *  **Activate** [[Actions/Cast a Spell|Cast a Spell]]  **Frequency** once'
F:\Obsidian\PF2e-Core-Vault\3-Rules\Character Building\Equipment\W\wand-of-noisome-acid-(8th-rank-spell).md,Invalid YAML: Unsupported frontmatter at line 34: '  \\  * * *  **Activate** [[Actions/Cast a Spell|Cast a Spell]]  **Frequency** once'
F:\Obsidian\PF2e-Core-Vault\3-Rules\Character Building\Equipment\W\wand-of-overflowing-life-(3rd-rank-spell).md,"Invalid YAML: Unsupported frontmatter at line 34: '  Cast a Spell  **Frequency** once per day, plus overcharge  **Effect** You cast [[Spells/Heal|Heal]]'"
F:\Obsidian\PF2e-Core-Vault\3-Rules\Character Building\Equipment\W\wand-of-overflowing-life-(4th-rank-spell).md,"Invalid YAML: Unsupported frontmatter at line 34: '  Cast a Spell  **Frequency** once per day, plus overcharge  **Effect** You cast [[Spells/Heal|Heal]]'"
F:\Obsidian\PF2e-Core-Vault\3-Rules\Character Building\Equipment\W\wand-of-overflowing-life-(5th-rank-spell).md,"Invalid YAML: Unsupported frontmatter at line 34: '  Cast a Spell  **Frequency** once per day, plus overcharge  **Effect** You cast [[Spells/Heal|Heal]]'"
F:\Obsidian\PF2e-Core-Vault\3-Rules\Character Building\Equipment\W\wand-of-overflowing-life-(6th-rank-spell).md,"Invalid YAML: Unsupported frontmatter at line 34: '  Cast a Spell  **Frequency** once per day, plus overcharge  **Effect** You cast [[Spells/Heal|Heal]]'"
F:\Obsidian\PF2e-Core-Vault\3-Rules\Character Building\Equipment\W\wand-of-overflowing-life-(7th-rank-spell).md,"Invalid YAML: Unsupported frontmatter at line 34: '  Cast a Spell  **Frequency** once per day, plus overcharge  **Effect** You cast [[Spells/Heal|Heal]]'"
F:\Obsidian\PF2e-Core-Vault\3-Rules\Character Building\Equipment\W\wand-of-overflowing-life-(8th-rank-spell).md,"Invalid YAML: Unsupported frontmatter at line 34: '  Cast a Spell  **Frequency** once per day, plus overcharge  **Effect** You cast [[Spells/Heal|Heal]]'"
F:\Obsidian\PF2e-Core-Vault\3-Rules\Character Building\Equipment\W\wand-of-paralytic-shock-(3rd-level).md,"Invalid YAML: Unsupported frontmatter at line 34: '  Each prong ends in a copper coil. When Activated, the wand produces a loud zapping'"
F:\Obsidian\PF2e-Core-Vault\3-Rules\Character Building\Equipment\W\wand-of-paralytic-shock-(7th-level).md,"Invalid YAML: Unsupported frontmatter at line 34: '  Each prong ends in a copper coil. When Activated, the wand produces a loud zapping'"
F:\Obsidian\PF2e-Core-Vault\3-Rules\Character Building\Equipment\W\wand-of-pernicious-poison-(purple-worm-sting).md,"Invalid YAML: Unsupported frontmatter at line 34: '  of foul-smelling, green fluid when you Activate the wand.  **Activate** Cast a Spell\\'"
F:\Obsidian\PF2e-Core-Vault\3-Rules\Character Building\Equipment\W\wand-of-pernicious-poison-(spider-sting).md,"Invalid YAML: Unsupported frontmatter at line 34: '  of foul-smelling, green fluid when you Activate the wand.  **Activate** Cast a Spell\\'"
F:\Obsidian\PF2e-Core-Vault\3-Rules\Character Building\Equipment\W\wand-of-purification-(2nd-rank-spell).md,Invalid YAML: Unsupported frontmatter at line 34: '  that rustle when shaken to direct purification magic. Wands of purification contain'
F:\Obsidian\PF2e-Core-Vault\3-Rules\Character Building\Equipment\W\wand-of-purification-(3rd-rank-spell).md,Invalid YAML: Unsupported frontmatter at line 34: '  that rustle when shaken to direct purification magic. Wands of purification contain'
F:\Obsidian\PF2e-Core-Vault\3-Rules\Character Building\Equipment\W\wand-of-purification-(4th-rank-spell).md,Invalid YAML: Unsupported frontmatter at line 34: '  that rustle when shaken to direct purification magic. Wands of purification contain'
F:\Obsidian\PF2e-Core-Vault\3-Rules\Character Building\Equipment\W\wand-of-purification-(5th-rank-spell).md,Invalid YAML: Unsupported frontmatter at line 34: '  that rustle when shaken to direct purification magic. Wands of purification contain'
F:\Obsidian\PF2e-Core-Vault\3-Rules\Character Building\Equipment\W\wand-of-purification-(6th-rank-spell).md,Invalid YAML: Unsupported frontmatter at line 34: '  that rustle when shaken to direct purification magic. Wands of purification contain'
F:\Obsidian\PF2e-Core-Vault\3-Rules\Character Building\Equipment\W\wand-of-purification-(7th-rank-spell).md,Invalid YAML: Unsupported frontmatter at line 34: '  that rustle when shaken to direct purification magic. Wands of purification contain'
F:\Obsidian\PF2e-Core-Vault\3-Rules\Character Building\Equipment\W\wand-of-purification-(8th-rank-spell).md,Invalid YAML: Unsupported frontmatter at line 34: '  that rustle when shaken to direct purification magic. Wands of purification contain'
F:\Obsidian\PF2e-Core-Vault\3-Rules\Character Building\Equipment\W\wand-of-purification-(9th-rank-spell).md,Invalid YAML: Unsupported frontmatter at line 34: '  that rustle when shaken to direct purification magic. Wands of purification contain'
F:\Obsidian\PF2e-Core-Vault\3-Rules\Character Building\Equipment\W\wand-of-reaching-(1st-level).md,"Invalid YAML: Unsupported frontmatter at line 36: '  once per day, plus overcharge  * * *  **Effect** You Cast the Spell. Its range increases'"
F:\Obsidian\PF2e-Core-Vault\3-Rules\Character Building\Equipment\W\wand-of-reaching-(2nd-level).md,"Invalid YAML: Unsupported frontmatter at line 36: '  once per day, plus overcharge  * * *  **Effect** You Cast the Spell. Its range increases'"
F:\Obsidian\PF2e-Core-Vault\3-Rules\Character Building\Equipment\W\wand-of-reaching-(3rd-level).md,"Invalid YAML: Unsupported frontmatter at line 36: '  once per day, plus overcharge  * * *  **Effect** You Cast the Spell. Its range increases'"
F:\Obsidian\PF2e-Core-Vault\3-Rules\Character Building\Equipment\W\wand-of-reaching-(4th-level).md,"Invalid YAML: Unsupported frontmatter at line 36: '  once per day, plus overcharge  * * *  **Effect** You Cast the Spell. Its range increases'"
F:\Obsidian\PF2e-Core-Vault\3-Rules\Character Building\Equipment\W\wand-of-reaching-(5th-level).md,"Invalid YAML: Unsupported frontmatter at line 36: '  once per day, plus overcharge  * * *  **Effect** You Cast the Spell. Its range increases'"
F:\Obsidian\PF2e-Core-Vault\3-Rules\Character Building\Equipment\W\wand-of-reaching-(6th-level).md,"Invalid YAML: Unsupported frontmatter at line 36: '  once per day, plus overcharge  * * *  **Effect** You Cast the Spell. Its range increases'"
F:\Obsidian\PF2e-Core-Vault\3-Rules\Character Building\Equipment\W\wand-of-reaching-(7th-level).md,"Invalid YAML: Unsupported frontmatter at line 36: '  once per day, plus overcharge  * * *  **Effect** You Cast the Spell. Its range increases'"
F:\Obsidian\PF2e-Core-Vault\3-Rules\Character Building\Equipment\W\wand-of-reaching-(8th-level).md,"Invalid YAML: Unsupported frontmatter at line 36: '  once per day, plus overcharge  * * *  **Effect** You Cast the Spell. Its range increases'"
F:\Obsidian\PF2e-Core-Vault\3-Rules\Character Building\Equipment\W\wand-of-reaching-(9th-level).md,"Invalid YAML: Unsupported frontmatter at line 36: '  once per day, plus overcharge  * * *  **Effect** You Cast the Spell. Its range increases'"
F:\Obsidian\PF2e-Core-Vault\3-Rules\Character Building\Equipment\W\wand-of-refracting-rays-(4th-level).md,Invalid YAML: Unsupported frontmatter at line 34: '  handle. The wand refracts direct bright light into a rainbow.  **Activate** Cast'
F:\Obsidian\PF2e-Core-Vault\3-Rules\Character Building\Equipment\W\wand-of-refracting-rays-(7th-level).md,Invalid YAML: Unsupported frontmatter at line 34: '  handle. The wand refracts direct bright light into a rainbow.  **Activate** Cast'
F:\Obsidian\PF2e-Core-Vault\3-Rules\Character Building\Equipment\W\wand-of-rolling-flames-(2nd-level).md,"Invalid YAML: Unsupported frontmatter at line 34: '  suggests cooling lava.  **Activate** Cast a Spell  **Frequency** once per day, plus'"
F:\Obsidian\PF2e-Core-Vault\3-Rules\Character Building\Equipment\W\wand-of-rolling-flames-(3rd-level).md,"Invalid YAML: Unsupported frontmatter at line 34: '  suggests cooling lava.  **Activate** Cast a Spell  **Frequency** once per day, plus'"
F:\Obsidian\PF2e-Core-Vault\3-Rules\Character Building\Equipment\W\wand-of-rolling-flames-(4th-level).md,"Invalid YAML: Unsupported frontmatter at line 34: '  suggests cooling lava.  **Activate** Cast a Spell  **Frequency** once per day, plus'"
F:\Obsidian\PF2e-Core-Vault\3-Rules\Character Building\Equipment\W\wand-of-rolling-flames-(5th-level).md,"Invalid YAML: Unsupported frontmatter at line 34: '  suggests cooling lava.  **Activate** Cast a Spell  **Frequency** once per day, plus'"
F:\Obsidian\PF2e-Core-Vault\3-Rules\Character Building\Equipment\W\wand-of-rolling-flames-(6th-level).md,"Invalid YAML: Unsupported frontmatter at line 34: '  suggests cooling lava.  **Activate** Cast a Spell  **Frequency** once per day, plus'"
F:\Obsidian\PF2e-Core-Vault\3-Rules\Character Building\Equipment\W\wand-of-rolling-flames-(7th-level).md,"Invalid YAML: Unsupported frontmatter at line 34: '  suggests cooling lava.  **Activate** Cast a Spell  **Frequency** once per day, plus'"
F:\Obsidian\PF2e-Core-Vault\3-Rules\Character Building\Equipment\W\wand-of-rolling-flames-(8th-level).md,"Invalid YAML: Unsupported frontmatter at line 34: '  suggests cooling lava.  **Activate** Cast a Spell  **Frequency** once per day, plus'"
F:\Obsidian\PF2e-Core-Vault\3-Rules\Character Building\Equipment\W\wand-of-rolling-flames-(9th-level).md,"Invalid YAML: Unsupported frontmatter at line 34: '  suggests cooling lava.  **Activate** Cast a Spell  **Frequency** once per day, plus'"
F:\Obsidian\PF2e-Core-Vault\3-Rules\Character Building\Equipment\W\wand-of-shardstorm-(1st-rank-spell).md,Invalid YAML: Unsupported frontmatter at line 34: '  metal sphere set in its midsection.  **Activate** Cast a Spell  **Frequency** Once'
F:\Obsidian\PF2e-Core-Vault\3-Rules\Character Building\Equipment\W\wand-of-shardstorm-(3rd-rank-spell).md,Invalid YAML: Unsupported frontmatter at line 34: '  metal sphere set in its midsection.  **Activate** Cast a Spell  **Frequency** Once'
F:\Obsidian\PF2e-Core-Vault\3-Rules\Character Building\Equipment\W\wand-of-shardstorm-(5th-rank-spell).md,Invalid YAML: Unsupported frontmatter at line 34: '  metal sphere set in its midsection.  **Activate** Cast a Spell  **Frequency** Once'
F:\Obsidian\PF2e-Core-Vault\3-Rules\Character Building\Equipment\W\wand-of-shardstorm-(7th-rank-spell).md,Invalid YAML: Unsupported frontmatter at line 34: '  metal sphere set in its midsection.  **Activate** Cast a Spell  **Frequency** Once'
F:\Obsidian\PF2e-Core-Vault\3-Rules\Character Building\Equipment\W\wand-of-shattering-images.md,"Invalid YAML: Unsupported frontmatter at line 34: '  comprise the irregular shaft of this wand. The handle is black and polished smooth,'"
F:\Obsidian\PF2e-Core-Vault\3-Rules\Character Building\Equipment\W\wand-of-shrouded-step.md,Invalid YAML: Unsupported frontmatter at line 34: '  leaving a trail of afterimages in its wake.  **Activate** Cast a Spell  **Frequency**'
F:\Obsidian\PF2e-Core-Vault\3-Rules\Character Building\Equipment\W\wand-of-slaughter-(7th-rank-spell).md,Invalid YAML: Unsupported frontmatter at line 34: '  looks into it sees a reflection of a grinning skull.  * * *  **Activate** Cast a'
F:\Obsidian\PF2e-Core-Vault\3-Rules\Character Building\Equipment\W\wand-of-slaughter-(8th-rank-spell).md,Invalid YAML: Unsupported frontmatter at line 34: '  looks into it sees a reflection of a grinning skull.  * * *  **Activate** Cast a'
F:\Obsidian\PF2e-Core-Vault\3-Rules\Character Building\Equipment\W\wand-of-slaughter-(9th-rank-spell).md,Invalid YAML: Unsupported frontmatter at line 34: '  looks into it sees a reflection of a grinning skull.  * * *  **Activate** Cast a'
F:\Obsidian\PF2e-Core-Vault\3-Rules\Character Building\Equipment\W\wand-of-smoldering-fireballs-(3rd-rank-spell).md,"Invalid YAML: Unsupported frontmatter at line 34: '  * *  **Activate** Cast a Spell  **Frequency** once per day, plus overcharge  **Effect**'"
F:\Obsidian\PF2e-Core-Vault\3-Rules\Character Building\Equipment\W\wand-of-smoldering-fireballs-(5th-rank-spell).md,"Invalid YAML: Unsupported frontmatter at line 34: '  * *  **Activate** Cast a Spell  **Frequency** once per day, plus overcharge  **Effect**'"
F:\Obsidian\PF2e-Core-Vault\3-Rules\Character Building\Equipment\W\wand-of-smoldering-fireballs-(7th-rank-spell).md,"Invalid YAML: Unsupported frontmatter at line 34: '  * *  **Activate** Cast a Spell  **Frequency** once per day, plus overcharge  **Effect**'"
F:\Obsidian\PF2e-Core-Vault\3-Rules\Character Building\Equipment\W\wand-of-smoldering-fireballs-(9th-rank-spell).md,"Invalid YAML: Unsupported frontmatter at line 34: '  * *  **Activate** Cast a Spell  **Frequency** once per day, plus overcharge  **Effect**'"
F:\Obsidian\PF2e-Core-Vault\3-Rules\Character Building\Equipment\W\wand-of-spiritual-warfare-(2nd-rank-spell).md,"Invalid YAML: Unsupported frontmatter at line 34: '  \\  * * *  **Activate** Cast a Spell  **Frequency** once per day, plus overcharge\\'"
F:\Obsidian\PF2e-Core-Vault\3-Rules\Character Building\Equipment\W\wand-of-spiritual-warfare-(4th-rank-spell).md,"Invalid YAML: Unsupported frontmatter at line 34: '  \\  * * *  **Activate** Cast a Spell  **Frequency** once per day, plus overcharge\\'"
F:\Obsidian\PF2e-Core-Vault\3-Rules\Character Building\Equipment\W\wand-of-spiritual-warfare-(6th-rank-spell).md,"Invalid YAML: Unsupported frontmatter at line 34: '  \\  * * *  **Activate** Cast a Spell  **Frequency** once per day, plus overcharge\\'"
F:\Obsidian\PF2e-Core-Vault\3-Rules\Character Building\Equipment\W\wand-of-spiritual-warfare-(8th-rank-spell).md,"Invalid YAML: Unsupported frontmatter at line 34: '  \\  * * *  **Activate** Cast a Spell  **Frequency** once per day, plus overcharge\\'"
F:\Obsidian\PF2e-Core-Vault\3-Rules\Character Building\Equipment\W\wand-of-splintered-sorrows-(rank-2).md,"Invalid YAML: Unsupported frontmatter at line 34: '  a tree and left forgotten. When held, the wand imparts feelings of deep sorrow.\\'"
F:\Obsidian\PF2e-Core-Vault\3-Rules\Character Building\Equipment\W\wand-of-splintered-sorrows-(rank-4).md,"Invalid YAML: Unsupported frontmatter at line 34: '  a tree and left forgotten. When held, the wand imparts feelings of deep sorrow.\\'"
F:\Obsidian\PF2e-Core-Vault\3-Rules\Character Building\Equipment\W\wand-of-splintered-sorrows-(rank-6).md,"Invalid YAML: Unsupported frontmatter at line 34: '  a tree and left forgotten. When held, the wand imparts feelings of deep sorrow.\\'"
F:\Obsidian\PF2e-Core-Vault\3-Rules\Character Building\Equipment\W\wand-of-splintered-sorrows-(rank-8).md,"Invalid YAML: Unsupported frontmatter at line 34: '  a tree and left forgotten. When held, the wand imparts feelings of deep sorrow.\\'"
F:\Obsidian\PF2e-Core-Vault\3-Rules\Character Building\Equipment\W\wand-of-teeming-ghosts-(2nd-rank-spell).md,Invalid YAML: Unsupported frontmatter at line 34: '  caps at each end. Ghostly tendrils seem to swirl around it every so often.  * *'
F:\Obsidian\PF2e-Core-Vault\3-Rules\Character Building\Equipment\W\wand-of-teeming-ghosts-(3rd-rank-spell).md,Invalid YAML: Unsupported frontmatter at line 34: '  caps at each end. Ghostly tendrils seem to swirl around it every so often.  * *'
F:\Obsidian\PF2e-Core-Vault\3-Rules\Character Building\Equipment\W\wand-of-teeming-ghosts-(4th-rank-spell).md,Invalid YAML: Unsupported frontmatter at line 34: '  caps at each end. Ghostly tendrils seem to swirl around it every so often.  * *'
F:\Obsidian\PF2e-Core-Vault\3-Rules\Character Building\Equipment\W\wand-of-teeming-ghosts-(5th-rank-spell).md,Invalid YAML: Unsupported frontmatter at line 34: '  caps at each end. Ghostly tendrils seem to swirl around it every so often.  * *'
F:\Obsidian\PF2e-Core-Vault\3-Rules\Character Building\Equipment\W\wand-of-teeming-ghosts-(6th-rank-spell).md,Invalid YAML: Unsupported frontmatter at line 34: '  caps at each end. Ghostly tendrils seem to swirl around it every so often.  * *'
F:\Obsidian\PF2e-Core-Vault\3-Rules\Character Building\Equipment\W\wand-of-teeming-ghosts-(7th-rank-spell).md,Invalid YAML: Unsupported frontmatter at line 34: '  caps at each end. Ghostly tendrils seem to swirl around it every so often.  * *'
F:\Obsidian\PF2e-Core-Vault\3-Rules\Character Building\Equipment\W\wand-of-teeming-ghosts-(8th-rank-spell).md,Invalid YAML: Unsupported frontmatter at line 34: '  caps at each end. Ghostly tendrils seem to swirl around it every so often.  * *'
F:\Obsidian\PF2e-Core-Vault\3-Rules\Character Building\Equipment\W\wand-of-teeming-ghosts-(9th-rank-spell).md,Invalid YAML: Unsupported frontmatter at line 34: '  caps at each end. Ghostly tendrils seem to swirl around it every so often.  * *'
F:\Obsidian\PF2e-Core-Vault\3-Rules\Character Building\Equipment\W\wand-of-the-ash-puppet.md,"Invalid YAML: Unsupported frontmatter at line 34: ""  with a clear lacquer. When you trace the wand's tip along a solid surface, it leaves"""
F:\Obsidian\PF2e-Core-Vault\3-Rules\Character Building\Equipment\W\wand-of-the-pampered-pet.md,"Invalid YAML: Unsupported frontmatter at line 34: '  gemstone. Its handle is wrapped in plush, padded fabric.  **Activate** Cast a Spell\\'"
F:\Obsidian\PF2e-Core-Vault\3-Rules\Character Building\Equipment\W\wand-of-the-snowfields-(5th-rank-spell).md,"Invalid YAML: Unsupported frontmatter at line 34: '  Cast a Spell  **Frequency** once per day, plus overcharge  **Effect** You cast [[Spells/Howling'"
F:\Obsidian\PF2e-Core-Vault\3-Rules\Character Building\Equipment\W\wand-of-the-snowfields-(7th-rank-spell).md,"Invalid YAML: Unsupported frontmatter at line 34: '  Cast a Spell  **Frequency** once per day, plus overcharge  **Effect** You cast [[Spells/Howling'"
F:\Obsidian\PF2e-Core-Vault\3-Rules\Character Building\Equipment\W\wand-of-the-spider-(2nd-rank-spell).md,"Invalid YAML: Unsupported frontmatter at line 34: '  *  **Activate** Cast a Spell  **Frequency** once per day, plus overcharge  **Effect**'"
F:\Obsidian\PF2e-Core-Vault\3-Rules\Character Building\Equipment\W\wand-of-the-spider-(4th-rank-spell).md,"Invalid YAML: Unsupported frontmatter at line 34: '  *  **Activate** Cast a Spell  **Frequency** once per day, plus overcharge  **Effect**'"
F:\Obsidian\PF2e-Core-Vault\3-Rules\Character Building\Equipment\W\wand-of-thundering-echoes-(3rd-rank-spell).md,"Invalid YAML: Unsupported frontmatter at line 34: '  wand, which rumbles slightly with the peals of distant thunder.  * * *  **Activate**'"
F:\Obsidian\PF2e-Core-Vault\3-Rules\Character Building\Equipment\W\wand-of-thundering-echoes-(4th-rank-spell).md,"Invalid YAML: Unsupported frontmatter at line 34: '  wand, which rumbles slightly with the peals of distant thunder.  * * *  **Activate**'"
F:\Obsidian\PF2e-Core-Vault\3-Rules\Character Building\Equipment\W\wand-of-thundering-echoes-(5th-rank-spell).md,"Invalid YAML: Unsupported frontmatter at line 34: '  wand, which rumbles slightly with the peals of distant thunder.  * * *  **Activate**'"
F:\Obsidian\PF2e-Core-Vault\3-Rules\Character Building\Equipment\W\wand-of-thundering-echoes-(6th-rank-spell).md,"Invalid YAML: Unsupported frontmatter at line 34: '  wand, which rumbles slightly with the peals of distant thunder.  * * *  **Activate**'"
F:\Obsidian\PF2e-Core-Vault\3-Rules\Character Building\Equipment\W\wand-of-thundering-echoes-(7th-rank-spell).md,"Invalid YAML: Unsupported frontmatter at line 34: '  wand, which rumbles slightly with the peals of distant thunder.  * * *  **Activate**'"
F:\Obsidian\PF2e-Core-Vault\3-Rules\Character Building\Equipment\W\wand-of-thundering-echoes-(8th-rank-spell).md,"Invalid YAML: Unsupported frontmatter at line 34: '  wand, which rumbles slightly with the peals of distant thunder.  * * *  **Activate**'"
F:\Obsidian\PF2e-Core-Vault\3-Rules\Character Building\Equipment\W\wand-of-tormented-slumber.md,"Invalid YAML: Unsupported frontmatter at line 34: '  cloth wraps the thicker part of the talon, which acts as a handle.  **Activate**'"
F:\Obsidian\PF2e-Core-Vault\3-Rules\Character Building\Equipment\W\wand-of-toxic-blades-(6th-level).md,"Invalid YAML: Unsupported frontmatter at line 34: '  are etched on its surface.  **Activate** Cast a Spell  **Frequency** once per day,'"
F:\Obsidian\PF2e-Core-Vault\3-Rules\Character Building\Equipment\W\wand-of-toxic-blades-(7th-level).md,"Invalid YAML: Unsupported frontmatter at line 34: '  are etched on its surface.  **Activate** Cast a Spell  **Frequency** once per day,'"
F:\Obsidian\PF2e-Core-Vault\3-Rules\Character Building\Equipment\W\wand-of-toxic-blades-(8th-level).md,"Invalid YAML: Unsupported frontmatter at line 34: '  are etched on its surface.  **Activate** Cast a Spell  **Frequency** once per day,'"
F:\Obsidian\PF2e-Core-Vault\3-Rules\Character Building\Equipment\W\wand-of-traitorous-thoughts.md,"Invalid YAML: Unsupported frontmatter at line 34: '  overlapping whispers.  **Activate** Cast a Spell  **Frequency** once per day, plus'"
F:\Obsidian\PF2e-Core-Vault\3-Rules\Character Building\Equipment\W\wand-of-wearing-dance.md,"Invalid YAML: Unsupported frontmatter at line 34: '  \\  **Activate** Cast a Spell  **Frequency** once per day, plus overcharge  * * *\\'"
F:\Obsidian\PF2e-Core-Vault\3-Rules\Character Building\Equipment\W\wand-of-widening-(1st-rank-spell).md,"Invalid YAML: Unsupported frontmatter at line 36: '  plus overcharge  * * *  **Effect** You Cast the Spell, and increase its area. Add'"
F:\Obsidian\PF2e-Core-Vault\3-Rules\Character Building\Equipment\W\wand-of-widening-(2nd-rank-spell).md,"Invalid YAML: Unsupported frontmatter at line 36: '  plus overcharge  * * *  **Effect** You Cast the Spell, and increase its area. Add'"
F:\Obsidian\PF2e-Core-Vault\3-Rules\Character Building\Equipment\W\wand-of-widening-(3rd-rank-spell).md,"Invalid YAML: Unsupported frontmatter at line 36: '  plus overcharge  * * *  **Effect** You Cast the Spell, and increase its area. Add'"
F:\Obsidian\PF2e-Core-Vault\3-Rules\Character Building\Equipment\W\wand-of-widening-(4th-rank-spell).md,"Invalid YAML: Unsupported frontmatter at line 36: '  plus overcharge  * * *  **Effect** You Cast the Spell, and increase its area. Add'"
F:\Obsidian\PF2e-Core-Vault\3-Rules\Character Building\Equipment\W\wand-of-widening-(5th-rank-spell).md,"Invalid YAML: Unsupported frontmatter at line 36: '  plus overcharge  * * *  **Effect** You Cast the Spell, and increase its area. Add'"
F:\Obsidian\PF2e-Core-Vault\3-Rules\Character Building\Equipment\W\wand-of-widening-(6th-rank-spell).md,"Invalid YAML: Unsupported frontmatter at line 36: '  plus overcharge  * * *  **Effect** You Cast the Spell, and increase its area. Add'"
F:\Obsidian\PF2e-Core-Vault\3-Rules\Character Building\Equipment\W\wand-of-widening-(7th-rank-spell).md,"Invalid YAML: Unsupported frontmatter at line 36: '  plus overcharge  * * *  **Effect** You Cast the Spell, and increase its area. Add'"
F:\Obsidian\PF2e-Core-Vault\3-Rules\Character Building\Equipment\W\wand-of-widening-(8th-rank-spell).md,"Invalid YAML: Unsupported frontmatter at line 36: '  plus overcharge  * * *  **Effect** You Cast the Spell, and increase its area. Add'"
F:\Obsidian\PF2e-Core-Vault\3-Rules\Character Building\Equipment\W\wand-of-widening-(9th-rank-spell).md,"Invalid YAML: Unsupported frontmatter at line 36: '  plus overcharge  * * *  **Effect** You Cast the Spell, and increase its area. Add'"
F:\Obsidian\PF2e-Core-Vault\3-Rules\Character Building\Equipment\W\wandering-pipe.md,Invalid YAML: Unsupported frontmatter at line 34: '  not lit or in active use. The exact material the pipe is made of varies in every'
F:\Obsidian\PF2e-Core-Vault\3-Rules\Character Building\Equipment\W\war-blood-mutagen-(greater).md,Invalid YAML: Unsupported frontmatter at line 34: '  body and hear a low-pitched humming in your ears. These sensations subside as the'
F:\Obsidian\PF2e-Core-Vault\3-Rules\Character Building\Equipment\W\war-blood-mutagen-(lesser).md,Invalid YAML: Unsupported frontmatter at line 34: '  body and hear a low-pitched humming in your ears. These sensations subside as the'
F:\Obsidian\PF2e-Core-Vault\3-Rules\Character Building\Equipment\W\war-blood-mutagen-(major).md,Invalid YAML: Unsupported frontmatter at line 34: '  body and hear a low-pitched humming in your ears. These sensations subside as the'
F:\Obsidian\PF2e-Core-Vault\3-Rules\Character Building\Equipment\W\war-blood-mutagen-(moderate).md,Invalid YAML: Unsupported frontmatter at line 34: '  body and hear a low-pitched humming in your ears. These sensations subside as the'
F:\Obsidian\PF2e-Core-Vault\3-Rules\Character Building\Equipment\W\war-flail.md,"Invalid YAML: Unsupported frontmatter at line 34: '  wood or metal that\'s sometimes inlaid with spikes.""'"
F:\Obsidian\PF2e-Core-Vault\3-Rules\Character Building\Equipment\W\war-gavel.md,"Invalid YAML: Unsupported frontmatter at line 34: '  of inserting a metal wedge, it uses a heavier wooden head that is either carved'"
F:\Obsidian\PF2e-Core-Vault\3-Rules\Character Building\Equipment\W\war-javelin.md,Invalid YAML: Unsupported frontmatter at line 34: '  woods with additional leather grips to make it suitable as a melee weapon and a'
F:\Obsidian\PF2e-Core-Vault\3-Rules\Character Building\Equipment\W\war-lance.md,"Invalid YAML: Unsupported frontmatter at line 34: '  of its type. The war lance most notably features shielding integrated into its vamplate,'"
F:\Obsidian\PF2e-Core-Vault\3-Rules\Character Building\Equipment\W\warcallers-chime-of-blasting.md,Invalid YAML: Unsupported frontmatter at line 34: '  creates the effects of a 3rd-rank [[Spells/Noise Blast|Noise Blast]] centered on'
F:\Obsidian\PF2e-Core-Vault\3-Rules\Character Building\Equipment\W\warcallers-chime-of-destruction.md,"Invalid YAML: Unsupported frontmatter at line 34: '  you touch the chime against an unattended object, casting [[Spells/Shatter|Shatter]]'"
F:\Obsidian\PF2e-Core-Vault\3-Rules\Character Building\Equipment\W\warcallers-chime-of-dread.md,Invalid YAML: Unsupported frontmatter at line 34: '  it creates an aura of [[Spells/Fear|Fear]] in a 5-foot emanation for 1 round. Creatures'
F:\Obsidian\PF2e-Core-Vault\3-Rules\Character Building\Equipment\W\warcallers-chime-of-refuge.md,"Invalid YAML: Unsupported frontmatter at line 34: '  of serene protection. When activated, you touch the chime to yourself or a willing'"
F:\Obsidian\PF2e-Core-Vault\3-Rules\Character Building\Equipment\W\warcallers-chime-of-resistance.md,"Invalid YAML: Unsupported frontmatter at line 34: '  it creates a defensive aura in a 5-foot emanation. As you activate the chime, choose'"
F:\Obsidian\PF2e-Core-Vault\3-Rules\Character Building\Equipment\W\warcallers-chime-of-restoration.md,Invalid YAML: Unsupported frontmatter at line 34: '  a small aura of healing in a 5-foot emanation. Creatures in the aura gain fast healing'
F:\Obsidian\PF2e-Core-Vault\3-Rules\Character Building\Equipment\W\wardens-signet.md,"Invalid YAML: Unsupported frontmatter at line 34: '  Most rangers wear it on an amulet, ring, or piercing. You gain a +2 item bonus to'"
F:\Obsidian\PF2e-Core-Vault\3-Rules\Character Building\Equipment\W\warding-escutcheon-(greater).md,"Invalid YAML: Unsupported frontmatter at line 35: '  per day  **Effect** The shield becomes a locked door in an empty, adjacent space'"
F:\Obsidian\PF2e-Core-Vault\3-Rules\Character Building\Equipment\W\warding-escutcheon.md,"Invalid YAML: Unsupported frontmatter at line 35: '  per day  **Effect** The shield becomes a locked door in an empty, adjacent space'"
F:\Obsidian\PF2e-Core-Vault\3-Rules\Character Building\Equipment\W\warding-punch.md,"Invalid YAML: Unsupported frontmatter at line 34: '  punch is made from red or white wine combined with fruits, other alcohols, and alchemical'"
F:\Obsidian\PF2e-Core-Vault\3-Rules\Character Building\Equipment\W\warding-statuette-(greater).md,"Invalid YAML: Unsupported frontmatter at line 34: '  or guardian, facing both front and back to indicate unflagging vigilance. The spell'"
F:\Obsidian\PF2e-Core-Vault\3-Rules\Character Building\Equipment\W\warding-statuette.md,"Invalid YAML: Unsupported frontmatter at line 34: '  or guardian, facing both front and back to indicate unflagging vigilance. The spell'"
F:\Obsidian\PF2e-Core-Vault\3-Rules\Character Building\Equipment\W\warding-tablets.md,Invalid YAML: Unsupported frontmatter at line 35: '  envision (spellshape)  **Frequency** once per day  * * *  **Effect** If your next'
F:\Obsidian\PF2e-Core-Vault\3-Rules\Character Building\Equipment\W\warding-tattoo-(fiend).md,"Invalid YAML: Unsupported frontmatter at line 34: '  warding tattoos often resemble whichever dangers are most common to the culture,'"
F:\Obsidian\PF2e-Core-Vault\3-Rules\Character Building\Equipment\W\warding-tattoo-(trail).md,"Invalid YAML: Unsupported frontmatter at line 34: '  warding tattoos often resemble whichever dangers are most common to the culture,'"
F:\Obsidian\PF2e-Core-Vault\3-Rules\Character Building\Equipment\W\warding-tattoo-(wave).md,"Invalid YAML: Unsupported frontmatter at line 34: '  warding tattoos often resemble whichever dangers are most common to the culture,'"
F:\Obsidian\PF2e-Core-Vault\3-Rules\Character Building\Equipment\W\warding-tattoo.md,"Invalid YAML: Unsupported frontmatter at line 34: '  warding tattoos often resemble whichever dangers are most common to the culture,'"
F:\Obsidian\PF2e-Core-Vault\3-Rules\Character Building\Equipment\W\wardrobe-stone-(greater).md,Invalid YAML: Unsupported frontmatter at line 34: '  carvings of robes and other garments. You gain +3 item bonus to Perception checks'
F:\Obsidian\PF2e-Core-Vault\3-Rules\Character Building\Equipment\W\wardrobe-stone-(lesser).md,"Invalid YAML: Unsupported frontmatter at line 34: '  carvings of robes and other garments.  * * *  **Activate** (1 minute) envision,'"
F:\Obsidian\PF2e-Core-Vault\3-Rules\Character Building\Equipment\W\wardrobe-stone-(moderate).md,Invalid YAML: Unsupported frontmatter at line 34: '  carvings of robes and other garments. You gain a +2 item bonus to a specific Lore'
F:\Obsidian\PF2e-Core-Vault\3-Rules\Character Building\Equipment\W\warleaders-bulwark-(greater).md,Invalid YAML: Unsupported frontmatter at line 34: '  with reinforcing golden panels emblazoned with images of loyal soldiers. Wearing'
F:\Obsidian\PF2e-Core-Vault\3-Rules\Character Building\Equipment\W\warleaders-bulwark.md,Invalid YAML: Unsupported frontmatter at line 34: '  with reinforcing golden panels emblazoned with images of loyal soldiers. Wearing'
F:\Obsidian\PF2e-Core-Vault\3-Rules\Character Building\Equipment\Y\yarrow-root-bandage.md,Invalid YAML: Unsupported frontmatter at line 34: '  \\ * * *  This root is often infused into bandages for life-threatening bleeding.'
F:\Obsidian\PF2e-Core-Vault\3-Rules\Character Building\Equipment\Y\yellow-musk-poison.md,Invalid YAML: Unsupported frontmatter at line 35: '  Duration** 2 rounds  **Stage 1** [[Conditions/Fascinated|Fascinated]] by the poison'
F:\Obsidian\PF2e-Core-Vault\3-Rules\Character Building\Equipment\Z\zarothrasks-contract.md,Invalid YAML: Unsupported frontmatter at line 34: '  avoid furthering demonic goals. You gain a +2 item bonus to Athletics checks to'
F:\Obsidian\PF2e-Core-Vault\3-Rules\Character Building\Equipment\Z\zealot-staff.md,"Invalid YAML: Unsupported frontmatter at line 34: ""  on the faith it's dedicated to. An Iomedaean staff might be forged of gold and shaped"""
F:\Obsidian\PF2e-Core-Vault\3-Rules\Character Building\Equipment\Z\zetogeki-hide-armor.md,"Invalid YAML: Unsupported frontmatter at line 34: '  of the zetogeki, a giant reptile that dwells near sites of volcanic activity. Like'"
F:\Obsidian\PF2e-Core-Vault\3-Rules\Character Building\Equipment\Z\zhuazhi-bang.md,"Invalid YAML: Unsupported frontmatter at line 34: '  used to hook onto an opponent\'s clothing or armor.""'"
F:\Obsidian\PF2e-Core-Vault\3-Rules\Character Building\Equipment\Z\zombie-staff-(greater).md,"Invalid YAML: Unsupported frontmatter at line 34: ""  grimacing in terror and dismay carved atop it. The staff's [[Spells/Summon Undead|Summon"""
F:\Obsidian\PF2e-Core-Vault\3-Rules\Character Building\Equipment\Z\zombie-staff-(major).md,"Invalid YAML: Unsupported frontmatter at line 34: ""  grimacing in terror and dismay carved atop it. The staff's [[Spells/Summon Undead|Summon"""
F:\Obsidian\PF2e-Core-Vault\3-Rules\Character Building\Equipment\Z\zombie-staff.md,"Invalid YAML: Unsupported frontmatter at line 34: ""  grimacing in terror and dismay carved atop it. The staff's [[Spells/Summon Undead|Summon"""
F:\Obsidian\PF2e-Core-Vault\3-Rules\Character Building\Equipment\Z\zuhras-gloves.md,Invalid YAML: Unsupported frontmatter at line 34: '  hands and forearms. It constantly shifts its strands and connections. The name of'
