Name,ItemLevel,Type,Subtype,Cost,Curse,Traits,Rarity,Bulk,Source,Adventuring,Alchemist,Arcane,Blacksmith,Scribe,Bowyer,General,Jewelry,Leatherworker,Music_Games,Illicit,Tailor,Temple,Armorer,Weaponsmith,Tattooist,Publisher_Source
Ablative Armor Plating (Greater),7,,,70,,"consumable, gadget",uncommon,1,Pathfinder Guns & Gears pg. 66,,,,,,,,,,,,,,,,,Paizo
Ablative Armor Plating (Lesser),1,,,4,,"consumable, gadget",uncommon,1,Pathfinder Guns & Gears pg. 66,,,,,,,,,,,,,,,,,Paizo
Ablative Armor Plating (Major),13,,,600,,"consumable, gadget",uncommon,1,Pathfinder Guns & Gears pg. 66,,,,,,,,,,,,,,,,,Paizo
Ablative Armor Plating (Moderate),3,,,12,,"consumable, gadget",uncommon,1,Pathfinder Guns & Gears pg. 66,,,,,,,,,,,,,,,,,Paizo
Ablative Armor Plating (True),19,,,8000,,"consumable, gadget",uncommon,1,Pathfinder Guns & Gears pg. 66,,,,,,,,,,,,,,,,,Paizo
Ablative Shield Plating (Greater),7,,,70,,"consumable, gadget",uncommon,1,Pathfinder Guns & Gears pg. 67,,,,,,,,,,,,,,,,,Paizo
Ablative Shield Plating (Lesser),1,,,4,,"consumable, gadget",uncommon,1,Pathfinder Guns & Gears pg. 67,,,,,,,,,,,,,,,,,Paizo
Ablative Shield Plating (Major),13,,,600,,"consumable, gadget",uncommon,1,Pathfinder Guns & Gears pg. 67,,,,,,,,,,,,,,,,,Paizo
Ablative Shield Plating (Moderate),3,,,12,,"consumable, gadget",uncommon,1,Pathfinder Guns & Gears pg. 67,,,,,,,,,,,,,,,,,Paizo
Ablative Shield Plating (True),19,,,8000,,"consumable, gadget",uncommon,1,Pathfinder Guns & Gears pg. 67,,,,,,,,,,,,,,,,,Paizo
Abysium,0,,,,,precious,rare,,Pathfinder Lost Omens Grand Bazaar pg. 96,,,,,,,,,,,,,,,,,Paizo
Accolade Robe (Greater),17,,,13500,,"arcane, focused, invested",,L,Pathfinder GM Core pg. 284,,,,,,,,,,,,,,,,,Paizo
Accolade Robe,10,,,1000,,"arcane, focused, invested",,L,Pathfinder GM Core pg. 284,,,,,,,,,,,,,,,,,Paizo
Adamantine Echo,5,,,0,,"earth, invested, magical, relic",unique,L,Pathfinder #193: Mantle of Gold pg. 83,,,,,,,,,,,,,,,,,Paizo
Adamantine,0,,,,,precious,uncommon,,Pathfinder GM Core pg. 253,,,,,,,,,,,,,,,,,Paizo
Adaptive Cogwheel,2,,,5,,"consumable, magical, talisman",,,Pathfinder Guns & Gears pg. 84,,,,,,,,,,,,,,,,,Paizo
Admonishing Band,4,,,20,,"consumable, magical, talisman",,,Pathfinder Guns & Gears pg. 184,,,,,,,,,,,,,,,,,Paizo
Aeon Stone (Envisioning),8,,,425,,"invested, magical",uncommon,,Pathfinder GM Core pg. 284,,,,,,,,,,,,,,,,,Paizo
Aeon Stone (Formulating),4,,,75,,"invested, magical",uncommon,,Pathfinder #213: Thirst for Blood,,,,,,,,,,,,,,,,,Paizo
Aeon Stone (Peering),16,,,8500,,"invested, magical",uncommon,,Pathfinder GM Core pg. 284,,,,,,,,,,,,,,,,,Paizo
Aeon Stone (Preserving),5,,,150,,"invested, magical",uncommon,,Pathfinder GM Core pg. 284,,,,,,,,,,,,,,,,,Paizo
Aeon Stone (Repairing),4,,,75,,"invested, magical",uncommon,,Pathfinder #213: Thirst for Blood,,,,,,,,,,,,,,,,,Paizo
Aeon Stone (Smoothing),7,,,310,,"invested, magical",uncommon,,Pathfinder GM Core pg. 284,,,,,,,,,,,,,,,,,Paizo
Aeon Stone (Sprouting),6,,,220,,"invested, magical",uncommon,,Pathfinder GM Core pg. 284,,,,,,,,,,,,,,,,,Paizo
Aether Appendage,5,,,160,,"incorporeal, magical",uncommon,L,Pathfinder Treasure Vault pg. 108,,,,,,,,,,,,,,,,,Paizo
Aetheric Irritant (Greater),11,,,275,,"consumable, gadget, sonic",uncommon,L,Pathfinder Lost Omens Rival Academies pg. 92,,,,,,,,,,,,,,,,,Paizo
Aetheric Irritant (Lesser),1,,,4,,"consumable, gadget, sonic",uncommon,L,Pathfinder Lost Omens Rival Academies pg. 92,,,,,,,,,,,,,,,,,Paizo
Aetheric Irritant (Major),17,,,2750,,"consumable, gadget, sonic",uncommon,L,Pathfinder Lost Omens Rival Academies pg. 92,,,,,,,,,,,,,,,,,Paizo
Aetheric Irritant (Moderate),3,,,11,,"consumable, gadget, sonic",uncommon,L,Pathfinder Lost Omens Rival Academies pg. 92,,,,,,,,,,,,,,,,,Paizo
Affinity Stones,9,,,0,,"artifact, invested, magical",rare,,Pathfinder Lost Omens Highhelm pg. 115,,,,,,,,,,,,,,,,,Paizo
Air Cartridge Firing System,4,,,75,,,uncommon,,Pathfinder Guns & Gears pg. 183,,,,,,,,,,,,,,,,,Paizo
Air Repeater,0,,,4,,"agile, repeating",uncommon,L,Pathfinder Guns & Gears pg. 152,,,,,,,,,,,,,,,,,Paizo
Alcohol,,,,1,,"alchemical, consumable, drug, ingested, poison",,1,Pathfinder Gamemastery Guide pg. 120,,,,,,,,,,,,,,,,,Paizo
Alicorn Trigger,15,,,6500,,"concussive, fatal-aim-d12, magical",rare,1,Pathfinder Howl of the Wild pg. 104,,,,,,,,,,,,,,,,,Paizo
Amphibious Chair,9,,,575,,magical,,,Pathfinder Lost Omens The Grand Bazaar pg. 71,,,,,,,,,,,,,,,,,Paizo
Amulet of Kinship's Strength,12,,,2000,,"invested, magical",uncommon,L,Pathfinder #209: Destroyer's Doom pg. 82,,,,,,,,,,,,,,,,,Paizo
Ancestral Embrace,26,,,0,,"artifact, divine, invested",unique,1,Pathfinder #174: Shadows of the Ancients pg. 76,,,,,,,,,,,,,,,,,Paizo
Angelic Opera Cloak,19,,,40000,,"apex, holy, invested, magical",rare,L,Pathfinder #206: Bring the House Down pg. 81,,,,,,,,,,,,,,,,,Paizo
Anima Robe (Artifact),20,,,0,,"apex, artifact, illusion, intelligent, invested, magical",unique,L,Pathfinder #212: A Voice in the Blight pg. 72,,,,,,,,,,,,,,,,,Paizo
Anima Robe,15,,,6500,,"illusion, invested, magical",unique,L,Pathfinder #211: The Secret of Deathstalk Tower pg. 81,,,,,,,,,,,,,,,,,Paizo
Animate Dreamer,15,,,0,,"concussive, dwarf, intelligent, kickback, occult, scatter-10",rare,2,Pathfinder Guns & Gears pg. 161,,,,,,,,,,,,,,,,,Paizo
Animated,13,,,2700,,magical,uncommon,,Pathfinder GM Core pg. 236,,,,,,,,,,,,,,,,,Paizo
Antifungal Salve (Greater),10,,,160,,"alchemical, consumable",,L,Pathfinder #210: Whispers in the Dirt pg. 77,,,,,,,,,,,,,,,,,Paizo
Antifungal Salve (Lesser),1,,,3,,"alchemical, consumable",,L,Pathfinder #210: Whispers in the Dirt pg. 77,,,,,,,,,,,,,,,,,Paizo
Antifungal Salve (Major),14,,,675,,"alchemical, consumable",,L,Pathfinder #210: Whispers in the Dirt pg. 77,,,,,,,,,,,,,,,,,Paizo
Antifungal Salve (Moderate),6,,,35,,"alchemical, consumable",,L,Pathfinder #210: Whispers in the Dirt pg. 77,,,,,,,,,,,,,,,,,Paizo
Apotheosis Knife,20,,,60000,,"agile, finesse, magical, thrown-10, unholy, versatile-s",rare,L,Pathfinder #212: A Voice in the Blight pg. 79,,,,,,,,,,,,,,,,,Paizo
Apparition Gloves,2,,,25,,magical,,L,Pathfinder Treasure Vault pg. 109,,,,,,,,,,,,,,,,,Paizo
Aquarium Lamp,8,,,1500,,"electricity, light",uncommon,20,Pathfinder Guns & Gears pg. 84,,,,,,,,,,,,,,,,,Paizo
Arboreal Staff,12,,,1750,,"intelligent, magical, primal, staff, two-hand-d8",rare,1,Pathfinder Treasure Vault pg. 193,,,,,,,,,,,,,,,,,Paizo
Arboreal Wand (Rank 2),9,,,700,,"healing, magical, vitality, wand",rare,L,Pathfinder #201: Pactbreaker pg. 81,,,,,,,,,,,,,,,,,Paizo
Arboreal Wand (Rank 3),11,,,1400,,"healing, magical, vitality, wand",rare,L,Pathfinder #201: Pactbreaker pg. 241,,,,,,,,,,,,,,,,,Paizo
Arboreal Wand (Rank 4),13,,,3000,,"healing, magical, vitality, wand",rare,L,Pathfinder #201: Pactbreaker pg. 241,,,,,,,,,,,,,,,,,Paizo
Arboreal Wand (Rank 5),15,,,6500,,"healing, magical, vitality, wand",rare,L,Pathfinder #201: Pactbreaker pg. 241,,,,,,,,,,,,,,,,,Paizo
Arboreal Wand (Rank 6),17,,,15000,,"healing, magical, vitality, wand",rare,L,Pathfinder #201: Pactbreaker pg. 241,,,,,,,,,,,,,,,,,Paizo
Arboreal Wand (Rank 7),19,,,40000,,"healing, magical, vitality, wand",rare,L,Pathfinder #201: Pactbreaker pg. 241,,,,,,,,,,,,,,,,,Paizo
Arboreal's Revenge,6,,,0,,"concussive, cursed, magical, scatter-10",rare,2,Pathfinder Guns & Gears pg. 160,,,,,,,,,,,,,,,,,Paizo
Aroden's Hearthstone,25,,,0,,"arcane, artifact",unique,L,Pathfinder #156: The Apocalypse Prophet pg. 66,,,,,,,,,,,,,,,,,Paizo
Aromatic Ammunition,2,,,5,,"alchemical, consumable",,,Pathfinder Guns & Gears pg. 168,,,,,,,,,,,,,,,,,Paizo
Arrows (Bludgeon),,,,1,,,uncommon,L,Homebrew,,,,,,,,,,,,,,,,,Homebrew
Arrows,,,,1,,,,L,Pathfinder Player Core pg. 280,,,,,,,,,,,,,,,,,Paizo
Ashes of the War God,20,,,14000,,"consumable, magical",rare,,Pathfinder #206: Bring the House Down pg. 81,,,,,,,,,,,,,,,,,Paizo
Astral (Greater),15,,,6000,,"magical, spirit",,,Pathfinder GM Core pg. 236,,,,,,,,,,,,,,,,,Paizo
Astral,8,,,450,,"magical, spirit",,,Pathfinder GM Core pg. 236,,,,,,,,,,,,,,,,,Paizo
Aurochs Jerky,9,,,80,,"alchemical, consumable, processed",uncommon,,"Pathfinder #208: Hoof, Cinder, and Storm pg. 80",,,,,,,,,,,,,,,,,Paizo
Aurochs' Might Tattoo (Greater),18,,,20000,,"invested, magical, tattoo",uncommon,,Pathfinder #207: The Resurrection Flood pg. 79,,,,,,,,,,,,,,,,,Paizo
Aurochs' Might Tattoo (Lesser),8,,,475,,"invested, magical, tattoo",uncommon,,Pathfinder #207: The Resurrection Flood pg. 79,,,,,,,,,,,,,,,,,Paizo
Aurochs' Might Tattoo (Moderate),13,,,2575,,"invested, magical, tattoo",uncommon,,Pathfinder #207: The Resurrection Flood pg. 79,,,,,,,,,,,,,,,,,Paizo
Avernal Cape,5,,,0,,"earth, invested, magical, relic",unique,L,Pathfinder #194: Cult of the Cave Worm pg. 78,,,,,,,,,,,,,,,,,Paizo
Awakened Adamantine Shot,18,,,3500,,"consumable, magical",uncommon,,Pathfinder Guns & Gears pg. 168,,,,,,,,,,,,,,,,,Paizo
Awakened Cold Iron Shot,17,,,2300,,"consumable, magical",uncommon,,Pathfinder Guns & Gears pg. 168,,,,,,,,,,,,,,,,,Paizo
Awakened Silver Shot,17,,,2300,,"consumable, magical",uncommon,,Pathfinder Guns & Gears pg. 168,,,,,,,,,,,,,,,,,Paizo
Axe of the Dwarven Lords,26,,,0,,"dwarf, magical, sweep, thrown-30, two-hand-d12",unique,3,Pathfinder Gamemastery Guide pg. 106,,,,,,,,,,,,,,,,,Paizo
Bakuwa Lizardfolk Bony Plates,1,,,0,,"aquadynamic, comfort",uncommon,,Pathfinder Lost Omens Tian Xia Character Guide,,,,,,,,,,,,,,,,,Paizo
Bane Ammunition (Greater),11,,,250,,"alchemical, consumable, poison",,,Pathfinder Treasure Vault pg. 42,,,,,,,,,,,,,,,,,Paizo
Bane Ammunition (Lesser),1,,,3,,"alchemical, consumable, poison",,,Pathfinder Treasure Vault pg. 42,,,,,,,,,,,,,,,,,Paizo
Bane Ammunition (Moderate),5,,,25,,"alchemical, consumable, poison",,,Pathfinder Treasure Vault pg. 42,,,,,,,,,,,,,,,,,Paizo
Basic Face Mask,0,,,3,,,,,Treasure Vault pg. 105,,,,,,,,,,,,,,,,,
Batsbreath Cane,10,,,950,,"finesse, magical, sweep",,L,Pathfinder Treasure Vault pg. 105,,,,,,,,,,,,,,,,,Paizo
Beekeeper's Smoker,1,,,1,,,uncommon,,Pathfinder #201: Pactbreaker pg. 48,,,,,,,,,,,,,,,,,Paizo
Bellicose Dagger,7,,,0,,"agile, cursed, finesse, magical, thrown-10, versatile-s",rare,L,Pathfinder Treasure Vault pg. 190,,,,,,,,,,,,,,,,,Paizo
Bitterblood Elixir,6,,,40,,"alchemical, consumable, elixir",rare,L,Pathfinder #214: The Broken Palace,,,,,,,,,,,,,,,,,Paizo
Black Ash (Greater),10,,,200,,"catalyst, consumable, magical",rare,,Pathfinder #210: Whispers in the Dirt pg. 78,,,,,,,,,,,,,,,,,Paizo
Black Ash (Major),15,,,1300,,"catalyst, consumable, magical",rare,,Pathfinder #210: Whispers in the Dirt pg. 78,,,,,,,,,,,,,,,,,Paizo
Black Ash,5,,,30,,"catalyst, consumable, magical",rare,,Pathfinder #210: Whispers in the Dirt pg. 78,,,,,,,,,,,,,,,,,Paizo
Black King,15,,,6250,,"concussive, magical, scatter-20, void",rare,2,Pathfinder Lost Omens Highhelm pg. 58,,,,,,,,,,,,,,,,,Paizo
Black Powder (Dose),0,,,1,,"Alchemical, Consumable",Uncommon,,Pathfinder Guns and Gears pg. 169,,,,,,,,,,,,,,,,,Paizo
Black Powder (Horn),2,,,5,,"alchemical, consumable",uncommon,5,Pathfinder Guns & Gears pg. 169,,,,,,,,,,,,,,,,,Paizo
Black Powder (Keg),6,,,50,,"alchemical, consumable",uncommon,50,Pathfinder Guns & Gears pg. 169,,,,,,,,,,,,,,,,,Paizo
Black Powder Knuckle Dusters (Melee),0,,,8,,"combination, agile, critical fusion, monk",uncommon,L,Pathfinder Guns & Gears pg. 159,,,,,,,,,,,,,,,,,Paizo
Black Powder Knuckle Dusters (Ranged),0,,,8,,"combination, concussive, fatal-d8, monk",uncommon,L,Pathfinder Guns & Gears pg. 159,,,,,,,,,,,,,,,,,Paizo
Blackaxe,25,,,,,"artifact, cursed, primal, unholy",unique,2,Pathfinder Monster Core pg. 329,,,,,,,,,,,,,,,,,Paizo
Blade of Fallen Stars,22,,,,,"artifact, combination, evocation",unique,2,Pathfinder Lost Omens Highhelm pg. 115,,,,,,,,,,,,,,,,,Paizo
Blast Boots (Greater),9,,,140,,"consumable, gadget",uncommon,L,Pathfinder Guns & Gears pg. 67,,,,,,,,,,,,,,,,,Paizo
Blast Boots (Lesser),1,,,3,,"consumable, gadget",uncommon,L,Pathfinder Guns & Gears pg. 67,,,,,,,,,,,,,,,,,Paizo
Blast Boots (Major),17,,,2750,,"consumable, gadget",uncommon,L,Pathfinder Guns & Gears pg. 67,,,,,,,,,,,,,,,,,Paizo
Blast Boots (Moderate),3,,,11,,"consumable, gadget",uncommon,L,Pathfinder Guns & Gears pg. 67,,,,,,,,,,,,,,,,,Paizo
Blast Foot (Greater),10,,,1000,,"invested, magical",,1,Pathfinder Lost Omens The Grand Bazaar pg. 73,,,,,,,,,,,,,,,,,Paizo
Blast Foot,6,,,250,,"invested, magical",,1,Pathfinder Lost Omens The Grand Bazaar pg. 73,,,,,,,,,,,,,,,,,Paizo
Bleachguard Doll,8,,,0,,"intelligent, magical",rare,L,Pathfinder Treasure Vault pg. 194,,,,,,,,,,,,,,,,,Paizo
Blood-Drinker Blade (Greater),9,,,700,,"agile, finesse, magical, versatile-s",uncommon,L,Pathfinder #213: Thirst for Blood,,,,,,,,,,,,,,,,,Paizo
Blood-Drinker Blade,5,,,160,,"agile, finesse, magical, versatile-s",uncommon,L,Pathfinder #213: Thirst for Blood,,,,,,,,,,,,,,,,,Paizo
Blood Drinker,16,,,24000,,magical,unique,L,Pathfinder Prey for Death pg. 101,,,,,,,,,,,,,,,,,Paizo
Blood Pack Squib,2,,,6,,"consumable, magical",uncommon,,Pathfinder Lost Omens Rival Academies pg. 56,,,,,,,,,,,,,,,,,Paizo
Bloodline Robe,12,,,2000,,"focused, invested, magical",,1,Pathfinder Treasure Vault pg. 147,,,,,,,,,,,,,,,,,Paizo
Bloodroot Shield,9,,,600,,"magical, void, wood",uncommon,1,Pathfinder #202: Severed at the Root pg. 80,,,,,,,,,,,,,,,,,Paizo
Bloodseeker Beak (Greater),8,,,100,,"consumable, magical, talisman",,L,Pathfinder GM Core pg. 263,,,,,,,,,,,,,,,,,Paizo
Bloodstone Doll (Major),16,,,1800,,"consumable, magical",rare,L,Pathfinder Lost Omens Rival Academies pg. 101,,,,,,,,,,,,,,,,,Paizo
Bloodstone Doll (Minor),4,,,15,,"consumable, magical",rare,L,Pathfinder Lost Omens Rival Academies pg. 101,,,,,,,,,,,,,,,,,Paizo
Bloodstone Doll (Moderate),10,,,180,,"consumable, magical",rare,L,Pathfinder Lost Omens Rival Academies pg. 101,,,,,,,,,,,,,,,,,Paizo
Boastful Hunter,3,,,0,,"concussive, fatal-aim-d12, intelligent, primal",rare,1,Pathfinder Guns & Gears pg. 162,,,,,,,,,,,,,,,,,Paizo
Bogeyman Breath,11,,,360,,"alchemical, consumable, fear, inhaled, mental, poison",uncommon,L,Pathfinder #203: Shepherd of Decay pg. 76,,,,,,,,,,,,,,,,,Paizo
Book of Lost Days,15,,,0,,"cursed, magical, enchantment",unique,1,Pathfinder Dark Archive pg. 160,,,,,,,,,,,,,,,,,Paizo
Boots of the Blight,12,,,1800,,"invested, magical",uncommon,L,Pathfinder #210: Whispers in the Dirt pg. 78,,,,,,,,,,,,,,,,,Paizo
Bootstrap Respirator,8,,,450,,mechanical,uncommon,L,Pathfinder Treasure Vault pg. 105,,,,,,,,,,,,,,,,,Paizo
Bottled Air,7,,,320,,"air, magical",,L,Pathfinder GM Core pg. 273,,,,,,,,,,,,,,,,,Paizo
Bottomless Purse,8,,,0,,"contract, invested, magical",rare,,Pathfinder Dark Archive pg. 164,,,,,,,,,,,,,,,,,Paizo
Bougainvillea Blossom (Greater),11,,,300,,"catalyst, consumable, magical",uncommon,L,Pathfinder #202: Severed at the Root pg. 78,,,,,,,,,,,,,,,,,Paizo
Bougainvillea Blossom (Lesser),3,,,10,,"catalyst, consumable, magical",uncommon,L,Pathfinder #202: Severed at the Root pg. 78,,,,,,,,,,,,,,,,,Paizo
Bougainvillea Blossom (Major),15,,,1200,,"catalyst, consumable, magical",uncommon,L,Pathfinder #202: Severed at the Root pg. 78,,,,,,,,,,,,,,,,,Paizo
Bougainvillea Blossom (Moderate),7,,,60,,"catalyst, consumable, magical",uncommon,L,Pathfinder #202: Severed at the Root pg. 78,,,,,,,,,,,,,,,,,Paizo
Boughshatter,13,,,2875,,"earth, magical, poison",uncommon,,Pathfinder #203 Shepherd of Decay pg. 79,,,,,,,,,,,,,,,,,Paizo
Bow of Sun Slaying,20,,,0,,"artifact, cold, deadly-d10, divine, propulsive",unique,1,Pathfinder Lost Omens Tian Xia Character Guide pg. 131,,,,,,,,,,,,,,,,,Paizo
Box of Unspoiling (Type I),5,,,200,,"extradimensional, magical",uncommon,1,"Pathfinder #208: Hoof, Cinder, and Storm pg. 80",,,,,,,,,,,,,,,,,Paizo
Box of Unspoiling (Type II),8,,,575,,"extradimensional, magical",uncommon,1,"Pathfinder #208: Hoof, Cinder, and Storm pg. 80",,,,,,,,,,,,,,,,,Paizo
Box of Unspoiling (Type III),12,,,1640,,"extradimensional, magical",uncommon,1,"Pathfinder #208: Hoof, Cinder, and Storm pg. 80",,,,,,,,,,,,,,,,,Paizo
Box of Unspoiling (Type IV),14,,,3600,,"extradimensional, magical",uncommon,1,"Pathfinder #208: Hoof, Cinder, and Storm pg. 80",,,,,,,,,,,,,,,,,Paizo
Bracers of Pain,12,,,2200,,"invested, magical",uncommon,L,Pathfinder #209: Destroyer's Doom pg. 83,,,,,,,,,,,,,,,,,Paizo
Brain Cylinder,6,,,250,,magical,,1,Pathfinder Adventure: Malevolence pg. 66,,,,,,,,,,,,,,,,,Paizo
Branch Attendant's Mask,2,,,25,,"invested, magical",uncommon,,Pathfinder Lost Omens Rival Academies pg. 69,,,,,,,,,,,,,,,,,Paizo
Breath Blaster (Greater),14,,,4500,,"concussive, magical, scatter-10",uncommon,2,Pathfinder Guns & Gears pg. 154,,,,,,,,,,,,,,,,,Paizo
Breath Blaster (Major),18,,,24000,,"concussive, magical, scatter-10",uncommon,2,Pathfinder Guns & Gears pg. 154,,,,,,,,,,,,,,,,,Paizo
Breath Blaster,8,,,500,,"concussive, magical, scatter-10",uncommon,2,Pathfinder Guns & Gears pg. 154,,,,,,,,,,,,,,,,,Paizo
Breech Ejectors,3,,,10,,consumable,uncommon,,Pathfinder Guns & Gears pg. 183,,,,,,,,,,,,,,,,,Paizo
Briar,20,,,,,"artifact, evocation, magical, transformation",unique,,Pathfinder Kingmaker Adventure Path pg. 584,,,,,,,,,,,,,,,,,Paizo
Burglar's Rosebud (Greater),8,,,100,,"consumable, emotion, mental, plant, wood",uncommon,L,Pathfinder #203: Shepherd of Decay pg. 76,,,,,,,,,,,,,,,,,Paizo
Burglar's Rosebud,3,,,10,,"consumable, emotion, mental, plant, wood",uncommon,L,Pathfinder #203: Shepherd of Decay pg. 76,,,,,,,,,,,,,,,,,Paizo
Burial Oil (Greater),11,,,250,,"consumable, magical, oil",uncommon,L,Pathfinder Treasure Vault pg. 86,,,,,,,,,,,,,,,,,Paizo
Burial Oil,3,,,10,,"consumable, magical",uncommon,L,Pathfinder Treasure Vault pg. 86,,,,,,,,,,,,,,,,,Paizo
Cloak of Eyes,,,,,,,,,,,,,,,,,,,,,,,,,,
Ice Zuggle Orb,,,,,,,,,,,,,,,,,,,,,,,,,,
Runebranded Hide,,,,,,,,,,,,,,,,,,,,,,,,,,
Salt Stake,,,,,,,,,,,,,,,,,,,,,,,,,,
Silken Tail,,,,,,,,,,,,,,,,,,,,,,,,,,
Skagappa,,,,,,,,,,,,,,,,,,,,,,,,,,
Chochori Whistlespear,,,,,,,,,,,,,,,,,,,,,,,,,,
Earthrune,,,,,,,,,,,,,,,,,,,,,,,,,,
Emberstaff (Greater),,,,,,,,,,,,,,,,,,,,,,,,,,
Emberstaff (Major),,,,,,,,,,,,,,,,,,,,,,,,,,
Emberstaff,,,,,,,,,,,,,,,,,,,,,,,,,,
Galtzagorri Hook Spear,,,,,,,,,,,,,,,,,,,,,,,,,,
Hardriggan Jagblade,,,,,,,,,,,,,,,,,,,,,,,,,,
Old Woody,,,,,,,,,,,,,,,,,,,,,,,,,,
Liquid Euphoria,,,,,,,,,,,,,,,,,,,,,,,,,,
Cane of the Maelstrom,22,,,0,,"artifact, cursed, divine, thrown-10",unique,L,Pathfinder #162: Ruins of the Radiant Siege pg. 73,,,,,,,,,,,,,,,,,Paizo
Cane,0,,,5,,,,,Pathfinder Player Core pg. 293,,,,,,,,,,,,,,,,,Paizo
Canopy Bulwark,8,,,550,,"invested, laminar, magical",rare,1,Pathfinder #201: Pactbreaker pg. 81,,,,,,,,,,,,,,,,,Paizo
Castrovel's Beacon,14,,,4500,,"deadly-d8, disarm, finesse, magical",unique,1,Pathfinder #210: Whispers in the Dirt pg. 77,,,,,,,,,,,,,,,,,Paizo
Cauterizing Torch,2,,,10,,"consumable, gadget",uncommon,L,Pathfinder Guns & Gears pg. 67,,,,,,,,,,,,,,,,,Paizo
Cayden's Tankard,25,,,0,,"agile, artifact, divine, thrown-20",unique,L,Pathfinder Treasure Vault pg. 178,,,,,,,,,,,,,,,,,Paizo
Chain,0,,,4,,,,1,Pathfinder Player Core pg. 287,,,,,,,,,,,,,,,,,Paizo
Chair of Inventions,8,,,875,,magical,,1,Pathfinder Treasure Vault,,,,,,,,,,,,,,,,,Paizo
Chalice of Ozem,11,,,0,,"artifact, divine",unique,L,Pathfinder Claws of the Tyrant pg. 110,,,,,,,,,,,,,,,,,Paizo
Chalk,0,,,1,,,,,Pathfinder Player Core pg. 287,,,,,,,,,,,,,,,,,Paizo
Chaplain's Cudgel,9,,,650,,"magical, shove",,1,Pathfinder GM Core,,,,,,,,,,,,,,,,,Paizo
Charm of Resistance (Greater),10,,,975,,"invested, magical",,,Pathfinder GM Core pg. 287,,,,,,,,,,,,,,,,,Paizo
Charm of Resistance (Major),14,,,4400,,"invested, magical",,,Pathfinder GM Core pg. 287,,,,,,,,,,,,,,,,,Paizo
Charm of Resistance,6,,,245,,"invested, magical",,,Pathfinder GM Core pg. 287,,,,,,,,,,,,,,,,,Paizo
Choral Toga,19,,,40000,,"apex, holy, invested, magical",rare,L,Pathfinder #206: Bring the House Down pg. 81,,,,,,,,,,,,,,,,,Paizo
Cindergrass Cloak,7,,,250,,"invested, magical",uncommon,L,"Pathfinder #208: Hoof, Cinder, and Storm pg. 80",,,,,,,,,,,,,,,,,Paizo
Cindergrass Poultice,6,,,33,,"consumable, healing, magical, oil",uncommon,L,"Pathfinder #208: Hoof, Cinder, and Storm pg. 80",,,,,,,,,,,,,,,,,Paizo
Cipher of Elemental Planes,16,,,9000,,magical,rare,L,Pathfinder Rage of Elements pg. 224,,,,,,,,,,,,,,,,,Paizo
Clawed Bracers,7,,,325,,"invested, primal",,L,Pathfinder GM Core pg. 287,,,,,,,,,,,,,,,,,Paizo
Clay Sphere (Greater),6,,,225,,"magical, spellheart",uncommon,L,Pathfinder #202: Severed at the Root pg. 80,,,,,,,,,,,,,,,,,Paizo
Clay Sphere (Major),14,,,4200,,"magical, spellheart",uncommon,L,Pathfinder #202: Severed at the Root pg. 80,,,,,,,,,,,,,,,,,Paizo
Clay Sphere,3,,,55,,"magical, spellheart",uncommon,L,Pathfinder #202: Severed at the Root pg. 80,,,,,,,,,,,,,,,,,Paizo
Clear Cutter's Axe,9,,,600,,"agile, magical, sweep, thrown-10",rare,L,Pathfinder #202: Severed at the Root pg. 77,,,,,,,,,,,,,,,,,Paizo
Cleft Head Marking (Greater),10,,,850,,"invested, magical, tattoo",rare,,Pathfinder #207: The Resurrection Flood pg. 79,,,,,,,,,,,,,,,,,Paizo
Cleft Head Marking (Lesser),4,,,80,,"invested, magical, tattoo",rare,,Pathfinder #207: The Resurrection Flood pg. 79,,,,,,,,,,,,,,,,,Paizo
Cloak of Swiftness,17,,,15000,,"apex, invested, magical",,,Pathfinder GM Core pg. 270,,,,,,,,,,,,,,,,,Paizo
Cloud Pouch,6,,,225,,"magical, water",,1,Pathfinder GM Core pg. 273,,,,,,,,,,,,,,,,,Paizo
Cold Iron,2,,,,,precious,,,Pathfinder GM Core pg. 253,,,,,,,,,,,,,,,,,Paizo
Coldstar Pistols,23,,,0,,"agile, artifact, concealable, concussive, fatal-d10, magical",unique,1,Pathfinder Treasure Vault pg. 178,,,,,,,,,,,,,,,,,Paizo
Compound Eyes,4,,,75,,"fortune, graft, invested, magical",,,Pathfinder Howl of the Wild pg. 98,,,,,,,,,,,,,,,,,Paizo
Concealed Holster,3,,,25,,,uncommon,L,Pathfinder Guns & Gears pg. 179,,,,,,,,,,,,,,,,,Paizo
confabulator,3,,,55,,"illusion, magical",uncommon,,Pathfinder Treasure Vault pg. 109,,,,,,,,,,,,,,,,,Paizo
Conspirator's Cookie,4,,,15,,"consumable, magical",rare,L,Pathfinder Lost Omens Rival Academies pg. 29,,,,,,,,,,,,,,,,,Paizo
Countering Charm (Greater),15,,,5500,,"invested, magical",uncommon,L,Pathfinder GM Core pg. 287,,,,,,,,,,,,,,,,,Paizo
Countering Charm (Major),18,,,20000,,"invested, magical",uncommon,L,Pathfinder GM Core pg. 287,,,,,,,,,,,,,,,,,Paizo
Countering Charm,11,,,1200,,"invested, magical",uncommon,L,Pathfinder GM Core pg. 287,,,,,,,,,,,,,,,,,Paizo
Creeping Death,6,,,45,,"alchemical, consumable, contact, poison",rare,L,Pathfinder #202: Severed at the Root pg. 17,,,,,,,,,,,,,,,,,Paizo
Crimson Fulcrum Lens,9,,,700,,"invested, occult",unique,1,Pathfinder #165: Eyes of Empty Death pg. 75,,,,,,,,,,,,,,,,,Paizo
Crooner's Cravat,13,,,3000,,"invested, magical",unique,,Pathfinder #204: Stage Fright pg. 80,,,,,,,,,,,,,,,,,Paizo
Crown of the Kobold King,9,,,700,,"invested, magical",unique,,Pathfinder Adventure: Crown of the Kobold King pg. 114,,,,,,,,,,,,,,,,,Paizo
Crown of Witchcraft (Greater),18,,,21000,,"focused, invested, magical",,,Pathfinder GM Core pg. 288,,,,,,,,,,,,,,,,,Paizo
Crown of Witchcraft,10,,,1000,,"focused, invested, magical",,,Pathfinder GM Core pg. 288,,,,,,,,,,,,,,,,,Paizo
Crushing Bough Bracers,13,,,2500,,"invested, magical",uncommon,L,Pathfinder #203: Shepherd of Decay pg. 76,,,,,,,,,,,,,,,,,Paizo
Cryolite Eye,6,,,0,,"contract, invested, magical",rare,,Pathfinder Dark Archive pg. 164,,,,,,,,,,,,,,,,,Paizo
Cryomister (Greater),11,,,250,,"cold, consumable, gadget",uncommon,L,Pathfinder Guns & Gears pg. 68,,,,,,,,,,,,,,,,,Paizo
Cryomister (Lesser),1,,,3,,"cold, consumable, gadget",uncommon,L,Pathfinder Guns & Gears pg. 68,,,,,,,,,,,,,,,,,Paizo
Cryomister (Major),17,,,2500,,"cold, consumable, gadget",uncommon,L,Pathfinder Guns & Gears pg. 68,,,,,,,,,,,,,,,,,Paizo
Cryomister (Moderate),5,,,25,,"cold, consumable, gadget",uncommon,L,Pathfinder Guns & Gears pg. 68,,,,,,,,,,,,,,,,,Paizo
Cube of Nex,25,,,0,,"artifact, magical",unique,,Pathfinder Lost Omens Impossible Lands pg. 305,,,,,,,,,,,,,,,,,Paizo
Curious Teardrop,16,,,0,,"divine, intelligent, invested, metal",rare,,Pathfinder Rage of Elements pg. 148,,,,,,,,,,,,,,,,,Paizo
Cursed Immaculate Instrument,12,,,0,,"artifact, cursed, divine, mythic",rare,L,Pathfinder War of Immortals pg. 203,,,,,,,,,,,,,,,,,Paizo
Cythbikian Staff,15,,,5800,,"fungus, magical, staff, two-hand-d8",unique,1,Pathfinder #202: Severed at the Root pg. 80,,,,,,,,,,,,,,,,,Paizo
darkening-poison,0,,,5,,"consumable, poison",uncommon,,Pathfinder Monster Core pg. 48,,,,,,,,,,,,,,,,,Paizo
Darkvision Scope (Greater),15,,,5500,,magical,,L,Pathfinder Guns & Gears pg. 180,,,,,,,,,,,,,,,,,Paizo
Darkvision Scope,5,,,160,,magical,,L,Pathfinder Guns & Gears pg. 180,,,,,,,,,,,,,,,,,Paizo
Dawnflower Beads,11,,,1400,,"divine, healing, intelligent, vitality",rare,,Pathfinder Treasure Vault pg. 194,,,,,,,,,,,,,,,,,Paizo
Dawnsilver Chunk,8,,,500,,precious,uncommon,,Pathfinder GM Core pg. 253,,,,,,,,,,,,,,,,,Paizo
Dawnsilver Ingot,8,,,5000,,precious,uncommon,,Pathfinder GM Core pg. 253,,,,,,,,,,,,,,,,,Paizo
Dawnsilver Tree,0,,,7,,"concussive, elf, fatal-d10, parry",uncommon,1,Pathfinder Guns & Gears pg. 153,,,,,,,,,,,,,,,,,Paizo
Dawnsilver,8+,,,,,precious,uncommon,,Pathfinder GM Core pg. 253,,,,,,,,,,,,,,,,,Paizo
Deathstalk Mushroom,16,,,2000,,"alchemical, consumable, ingested, poison, virulent",rare,L,Pathfinder #211: The Secret of Deathstalk Tower pg. 83,,,,,,,,,,,,,,,,,Paizo
Decaying (Greater),15,,,6500,,"acid, magical, void",,,Pathfinder GM Core pg. 237,,,,,,,,,,,,,,,,,Paizo
Decaying,15,,,6500,,"acid, magical, void",,,Pathfinder GM Core pg. 237,,,,,,,,,,,,,,,,,Paizo
Deck of Harrowed Tales,20,,,0,,"artifact, magical",unique,L,Pathfinder #191: The Destiny War pg. 71,,,,,,,,,,,,,,,,,Paizo
Deck of Many Things,22,,,0,,"artifact, magical",rare,,Pathfinder Gamemastery Guide pg. 107,,,,,,,,,,,,,,,,,Paizo
Defoliation Bomb (Greater),12,,,350,,"alchemical, bomb, consumable, splash, void",uncommon,L,Pathfinder #202: Severed at the Root pg. 77,,,,,,,,,,,,,,,,,Paizo
Defoliation Bomb (Lesser),2,,,7,,"alchemical, bomb, consumable, splash, void",uncommon,L,Pathfinder #202: Severed at the Root pg. 77,,,,,,,,,,,,,,,,,Paizo
Defoliation Bomb (Major),18,,,3600,,"alchemical, bomb, consumable, splash, void",uncommon,L,Pathfinder #202: Severed at the Root pg. 77,,,,,,,,,,,,,,,,,Paizo
Defoliation Bomb (Moderate),4,,,18,,"alchemical, bomb, consumable, splash, void",uncommon,L,Pathfinder #202: Severed at the Root pg. 77,,,,,,,,,,,,,,,,,Paizo
Demon Bone Tiles (Brimorak),5,,,28,,"catalyst, consumable, magical, unholy",rare,L,Pathfinder Lost Omens Rival Academies pg. 111,,,,,,,,,,,,,,,,,Paizo
Demon Bone Tiles (Pusk),2,,,7,,"catalyst, consumable, magical, unholy",rare,L,Pathfinder Lost Omens Rival Academies pg. 111,,,,,,,,,,,,,,,,,Paizo
Demon Bone Tiles (Seraptis),15,,,1200,,"catalyst, consumable, magical, unholy",rare,L,Pathfinder Lost Omens Rival Academies pg. 111,,,,,,,,,,,,,,,,,Paizo
Demon-Hunting Bands,3,,,10,,"consumable, divine, holy, talisman",rare,,Pathfinder Lost Omens Rival Academies pg. 66,,,,,,,,,,,,,,,,,Paizo
Demon's Knot,15,,,0,,"artifact, cursed, invested, magical, unholy",unique,L,Pathfinder #195: Heavy is the Crown pg. 79,,,,,,,,,,,,,,,,,Paizo
Deployable Cover (Ballistic Cover),2,,,35,,,uncommon,1,Pathfinder Guns & Gears pg. 64,,,,,,,,,,,,,,,,,Paizo
Deployable Cover,1,,,15,,,uncommon,1,Pathfinder Guns & Gears pg. 64,,,,,,,,,,,,,,,,,Paizo
Devil's Luck,3,,,0,,"contract, fortune, invested, magical",rare,,Pathfinder #164: Hands of the Devil pg. 74,,,,,,,,,,,,,,,,,Paizo
Dezullon Fountain,11,,,1300,,"acid, agile, magical, plant, repeating",uncommon,L,Pathfinder Treasure Vault pg. 36,,,,,,,,,,,,,,,,,Paizo
Digly's Oil of Sympathy (Greater),12,,,400,,"consumable, healing, magical, oil",rare,L,Pathfinder NPC Core pg. 65,,,,,,,,,,,,,,,,,Paizo
Digly's Oil of Sympathy (Lesser),3,,,12,,"consumable, healing, magical, oil",rare,L,Pathfinder NPC Core pg. 65,,,,,,,,,,,,,,,,,Paizo
Digly's Oil of Sympathy (Major),18,,,5000,,"consumable, healing, magical, oil",rare,L,Pathfinder NPC Core pg. 65,,,,,,,,,,,,,,,,,Paizo
Digly's Oil of Sympathy (Minor),1,,,4,,"consumable, healing, magical, oil",rare,L,Pathfinder NPC Core pg. 65,,,,,,,,,,,,,,,,,Paizo
Digly's Oil of Sympathy (Moderate),6,,,50,,"consumable, healing, magical, oil",rare,L,Pathfinder NPC Core pg. 65,,,,,,,,,,,,,,,,,Paizo
Dirt Sea in a Jar,9,,,880,,magical,uncommon,L,Pathfinder #209: Destroyer's Doom pg. 83,,,,,,,,,,,,,,,,,Paizo
Djezet,0,,,,,precious,rare,,Pathfinder Lost Omens Grand Bazaar pg. 97,,,,,,,,,,,,,,,,,Paizo
Doll (Surprise),1,,,1,,,,L,Pathfinder NPC Core,,,,,,,,,,,,,,,,,Paizo
Dr. Ushernacht's Astonishing Ink (Major),10,,,160,,"alchemical, consumable",uncommon,L,Pathfinder Lost Omens Rival Academies pg. 89,,,,,,,,,,,,,,,,,Paizo
Dr. Ushernacht's Astonishing Ink (Minor),3,,,10,,"alchemical, consumable",uncommon,L,Pathfinder Lost Omens Rival Academies pg. 89,,,,,,,,,,,,,,,,,Paizo
Dr. Ushernacht's Astonishing Ink (Moderate),10,,,160,,"alchemical, consumable",uncommon,L,Pathfinder Lost Omens Rival Academies pg. 89,,,,,,,,,,,,,,,,,Paizo
Draconal Mask,19,,,40000,,"apex, holy, invested, magical",rare,L,Pathfinder #206: Bring the House Down pg. 81,,,,,,,,,,,,,,,,,Paizo
Dragon-Lotus Drum,24,,,0,,"artifact, magical, mythic",unique,1,Pathfinder War of Immortals pg. 150,,,,,,,,,,,,,,,,,Paizo
Dragon Turtle Plate,9,,,700,,"aquadynamic, invested, magical",,3,Pathfinder Treasure Vault pg. 15,,,,,,,,,,,,,,,,,Paizo
Dragon Turtle Scale (Greater),8,,,75,,"consumable, magical, talisman",,,Pathfinder GM Core pg. 264,,,,,,,,,,,,,,,,,Paizo
Dragonclaw Scutcheon,16,,,1600,,"consumable, magical, talisman",,,Pathfinder Treasure Vault pg. 173,,,,,,,,,,,,,,,,,Paizo
Dragonhide,0,,,,,precious,uncommon,,Pathfinder Player Core 2 pg. 276,,,,,,,,,,,,,,,,,Paizo
Dragon's Blood Pudding,2,,,5,,"alchemical, consumable",uncommon,L,Pathfinder Lost Omens The Grand Bazaar pg. 46,,,,,,,,,,,,,,,,,Paizo
Dragon's Crest,1,,,10,,adjustment,uncommon,,Pathfinder Lost Omens The Grand Bazaar pg. 104,,,,,,,,,,,,,,,,,Paizo
Dragontooth Leiomano,13,,,3000,,"fatal-d10, magical, versatile-s",uncommon,1,Pathfinder Treasure Vault pg. 36,,,,,,,,,,,,,,,,,Paizo
Dragontooth Trophy,14,,,800,,"consumable, magical, talisman",,,Pathfinder Treasure Vault pg. 93,,,,,,,,,,,,,,,,,Paizo
Dream Lens,20,,,0,,"artifact, magical",rare,10,Pathfinder #200: Seven Dooms for Sandpoint pg. 182,,,,,,,,,,,,,,,,,Paizo
Dreaming Round,14,,,900,,"consumable, incapacitation, magical, mental, sleep",uncommon,,Pathfinder Guns & Gears pg. 169,,,,,,,,,,,,,,,,,Paizo
Drop of Convergent Waters,2,,,7,,"consumable, magical, talisman, water",rare,,Pathfinder Lost Omens Rival Academies pg. 79,,,,,,,,,,,,,,,,,Paizo
Drumish Pearl Token,11,,,1200,,"invested, magical",rare,,Pathfinder #210: Whispers in the Dirt pg. 79,,,,,,,,,,,,,,,,,Paizo
Dullahan Codex,20,,,0,,"cursed, grimoire, magical",unique,L,Pathfinder Treasure Vault,,,,,,,,,,,,,,,,,Paizo
Durian Bomb (Greater),11,,,275,,"alchemical, bomb, consumable, olfactory, plant, splash",uncommon,L,Pathfinder #203: Shepherd of Decay pg. 77,,,,,,,,,,,,,,,,,Paizo
Durian Bomb (Lesser),1,,,4,,"alchemical, bomb, consumable, olfactory, plant, splash",uncommon,L,Pathfinder #203: Shepherd of Decay pg. 77,,,,,,,,,,,,,,,,,Paizo
Durian Bomb (Major),17,,,2750,,"alchemical, bomb, consumable, olfactory, plant, splash",uncommon,L,Pathfinder #203: Shepherd of Decay pg. 77,,,,,,,,,,,,,,,,,Paizo
Durian Bomb (Moderate),3,,,12,,"alchemical, bomb, consumable, olfactory, plant, splash",uncommon,L,Pathfinder #203: Shepherd of Decay pg. 77,,,,,,,,,,,,,,,,,Paizo
Duskwood Branch,8,,,500,,precious,uncommon,,Pathfinder GM Core pg. 254,,,,,,,,,,,,,,,,,Paizo
Duskwood Lumber,8,,,5000,,precious,uncommon,,Pathfinder GM Core pg. 254,,,,,,,,,,,,,,,,,Paizo
Duskwood,0,,,,,precious,uncommon,,Pathfinder GM Core pg. 254,,,,,,,,,,,,,,,,,Paizo
Dust Goggles,8,,,250,,magical,uncommon,,"Pathfinder #208: Hoof, Cinder, and Storm pg. 80",,,,,,,,,,,,,,,,,Paizo
Earplugs,0,,,1,,,,,Pathfinder Guns and Gears pg. 179,,,,,,,,,,,,,,,,,Paizo
Ebon Fulcrum Lens,12,,,2000,,"invested, occult",unique,L,Pathfinder Abomination Vaults Hardcover Compilation pg. 75,,,,,,,,,,,,,,,,,Paizo
Echo Token,1,,,3,,"consumable, magical",rare,L,Pathfinder Lost Omens Rival Academies pg. 29,,,,,,,,,,,,,,,,,Paizo
Eclipse,8,,,450,,"evocation, light, magical, agile, deadly d6, finesse, thrown 20ft, versatile s",Unique,,Pathfinder #146 Cult of Cinders pg. 72,,,,,,,,,,,,,,,,,Paizo
Elder Sign,25,,,0,,"artifact, occult",rare,1,Pathfinder Gamemastery Guide pg. 108,,,,,,,,,,,,,,,,,Paizo
Electrocable,3,,,45,,"electricity, fire",rare,,Pathfinder Guns and Gears pg. 87,,,,,,,,,,,,,,,,,Paizo
Electromuscular Stimulator,5,,,30,,"consumable, gadget",rare,1,Pathfinder Guns & Gears pg. 68,,,,,,,,,,,,,,,,,Paizo
Elemental Ammunition (Greater),11,,,210,,"damage type, alchemical, consumable, splash",,,Pathfinder Treasure Vault pg. 42,,,,,,,,,,,,,,,,,Paizo
Elemental Ammunition (Lesser),1,,,3,,"damage type, alchemical, consumable, splash",,,Pathfinder Treasure Vault pg. 42,,,,,,,,,,,,,,,,,Paizo
Elemental Ammunition (Moderate),5,,,21,,"acid, alchemical, consumable, splash",,,Pathfinder Treasure Vault pg. 42,,,,,,,,,,,,,,,,,Paizo
Elemental Fragment (Greater),12,,,300,,"consumable, magical",uncommon,,Pathfinder Rage of Elements pg. 224,,,,,,,,,,,,,,,,,Paizo
Elemental Fragment (Major),14,,,500,,"consumable, magical",uncommon,,Pathfinder Rage of Elements pg. 224,,,,,,,,,,,,,,,,,Paizo
Elemental Fragment,10,,,200,,"consumable, magical",uncommon,,Pathfinder Rage of Elements pg. 224,,,,,,,,,,,,,,,,,Paizo
Elemental Gem,10,,,200,,"consumable, magical",,,Pathfinder Core Rulebook pg. 570,,,,,,,,,,,,,,,,,Paizo
Emerald Fulcrum Lens,10,,,1000,,"invested, occult, void, unique",,3,Pathfinder #165: Eyes of Empty Death,,,,,,,,,,,,,,,,,Paizo
Emerald Grasshopper (Greater),9,,,150,,"consumable, magical, talisman",,,Pathfinder GM Core pg. 264,,,,,,,,,,,,,,,,,Paizo
Empathy Charm,2,,,35,,"companion, magical",uncommon,,Pathfinder Treasure Vault pg. 105,,,,,,,,,,,,,,,,,Paizo
Empty Hand Marking,5,,,135,,"invested, magical, tattoo",rare,,Pathfinder #207: The Resurrection Flood pg. 79,,,,,,,,,,,,,,,,,Paizo
Energized Cartridge,4,,,20,,"consumable, magical, talisman",,,Pathfinder Guns & Gears pg. 184,,,,,,,,,,,,,,,,,Paizo
Energizing Treat,7,,,70,,"consumable, magical",,,Pathfinder Treasure Vault pg. 96,,,,,,,,,,,,,,,,,Paizo
Energy Breath Potion (Greater),17,,,3000,,"consumable, magical, potion",,L,Pathfinder GM Core pg. 259,,,,,,,,,,,,,,,,,Paizo
Energy Breath Potion (Lesser),7,,,70,,"consumable, magical, potion",,L,Pathfinder GM Core pg. 259,,,,,,,,,,,,,,,,,Paizo
Energy Breath Potion (Moderate),12,,,400,,"acid, consumable, magical, potion",,L,Pathfinder GM Core pg. 259,,,,,,,,,,,,,,,,,Paizo
Energy Mutagen (Greater),11,,,300,,"alchemical, consumable, elixir, mutagen, polymorph",,L,Pathfinder Treasure Vault pg. 60,,,,,,,,,,,,,,,,,Paizo
Energy Mutagen (Lesser),1,,,4,,"alchemical, consumable, elixir, mutagen, polymorph",,L,Pathfinder Treasure Vault pg. 60,,,,,,,,,,,,,,,,,Paizo
Energy Mutagen (Major),17,,,3000,,"alchemical, consumable, elixir, mutagen, polymorph",,L,Pathfinder Treasure Vault pg. 60,,,,,,,,,,,,,,,,,Paizo
Energy Mutagen (Moderate),3,,,12,,"alchemical, consumable, elixir, mutagen, polymorph",,L,Pathfinder Treasure Vault pg. 60,,,,,,,,,,,,,,,,,Paizo
Energy-Resistant (Greater),12,,,1650,,magical,,,Pathfinder GM Core pg. 226,,,,,,,,,,,,,,,,,Paizo
Energy-Resistant,8,,,420,,magical,,,Pathfinder GM Core pg. 226,,,,,,,,,,,,,,,,,Paizo
Energy Robe of Acid,9,,,575,,"invested, magical",uncommon,L,Pathfinder Lost Omens The Grand Bazaar pg. 50,,,,,,,,,,,,,,,,,Paizo
Energy Robe of Cold,8,,,450,,"invested, magical",uncommon,L,Pathfinder Lost Omens The Grand Bazaar pg. 50,,,,,,,,,,,,,,,,,Paizo
Energy Robe of Electricity,10,,,900,,"invested, magical",uncommon,L,Pathfinder Lost Omens The Grand Bazaar pg. 50,,,,,,,,,,,,,,,,,Paizo
Energy Robe of Fire,7,,,320,,"invested, magical",uncommon,L,Pathfinder Lost Omens The Grand Bazaar pg. 50,,,,,,,,,,,,,,,,,Paizo
Energy Toxin Bottle,7,,,0,,"consumable, cursed, magical, potion",rare,L,Pathfinder Treasure Vault pg. 191,,,,,,,,,,,,,,,,,Paizo
Enhanced Hearing Aids,3,,,50,,magical,,,Pathfinder Lost Omens The Grand Bazaar pg. 68,,,,,,,,,,,,,,,,,Paizo
Entertainer's Cincture (Greater),17,,,13000,,"focused, invested, occult",,,Pathfinder GM Core pg. 289,,,,,,,,,,,,,,,,,Paizo
Entertainer's Cincture,10,,,1000,,"focused, invested, occult",,,Pathfinder GM Core pg. 289,,,,,,,,,,,,,,,,,Paizo
Eroding Bullet,5,,,22,,"acid, alchemical, consumable",uncommon,,Pathfinder Guns & Gears pg. 169,,,,,,,,,,,,,,,,,Paizo
Erraticannon,9,,,700,,"magical, transmutation",rare,,Pathfinder #180: The Smoking Gun pg. 75,,,,,,,,,,,,,,,,,Paizo
Essence Charm,4,,,100,,"invested, magical",rare,,Pathfinder #214: The Broken Palace pg. 81,,,,,,,,,,,,,,,,,Paizo
Essence Forge (Greater),18,,,24000,,magical,rare,20,Pathfinder #214: The Broken Palace pg. 79,,,,,,,,,,,,,,,,,Paizo
Essence Forge (Lesser),6,,,250,,magical,rare,20,Pathfinder #214: The Broken Palace pg. 79,,,,,,,,,,,,,,,,,Paizo
Essence Forge (Moderate),12,,,2000,,magical,rare,20,Pathfinder #214: The Broken Palace pg. 79,,,,,,,,,,,,,,,,,Paizo
Essence Prism,28,,,0,,artifact,unique,5,Pathfinder Gamemastery Guide pg. 108,,,,,,,,,,,,,,,,,Paizo
Eternal Eruption of Barrowsiege,19,,,40000,,"fire, magical",,L,Pathfinder GM Core pg. 273,,,,,,,,,,,,,,,,,Paizo
Eternal Eruption of Blackpeak,7,,,360,,"fire, magical",,L,Pathfinder GM Core pg. 273,,,,,,,,,,,,,,,,,Paizo
Eternal Eruption of Droskar's Crag,13,,,3000,,"fire, magical",,L,Pathfinder GM Core pg. 273,,,,,,,,,,,,,,,,,Paizo
Eternal Eruption of Ka,15,,,6500,,"fire, magical",,L,Pathfinder GM Core pg. 273,,,,,,,,,,,,,,,,,Paizo
Eternal Eruption of Mhar Massif,11,,,1400,,"fire, magical",,L,Pathfinder GM Core pg. 273,,,,,,,,,,,,,,,,,Paizo
Eternal Eruption of Pale Mountain,9,,,700,,"fire, magical",,L,Pathfinder GM Core pg. 273,,,,,,,,,,,,,,,,,Paizo
Eternal Eruption of Sakalayo,17,,,15000,,"fire, magical",,L,Pathfinder GM Core pg. 273,,,,,,,,,,,,,,,,,Paizo
Eternal Eruption,5,,,160,,"fire, magical",,L,Pathfinder GM Core pg. 273,,,,,,,,,,,,,,,,,Paizo
Etheric Essence Disruptor (Greater),11,,,300,,"consumable, gadget",uncommon,1,Pathfinder Guns & Gears pg. 68,,,,,,,,,,,,,,,,,Paizo
Etheric Essence Disruptor (Lesser),3,,,12,,"consumable, gadget",uncommon,1,Pathfinder Guns & Gears pg. 68,,,,,,,,,,,,,,,,,Paizo
Etheric Essence Disruptor (Major),15,,,1300,,"consumable, gadget",uncommon,1,Pathfinder Guns & Gears pg. 68,,,,,,,,,,,,,,,,,Paizo
Etheric Essence Disruptor (Moderate),7,,,70,,"consumable, gadget",uncommon,1,Pathfinder Guns & Gears pg. 68,,,,,,,,,,,,,,,,,Paizo
Euphorium,7,,,60,,"alchemical, consumable, processed",uncommon,,"Pathfinder #205: Singer, Stalker, Skinsaw Man pg. 81",,,,,,,,,,,,,,,,,Paizo
Everlight Crystal,1,,,15,,"light, magical",,L,Pathfinder GM Core pg. 273,,,,,,,,,,,,,,,,,Paizo
Explosive Mine (Greater),12,,,400,,"consumable, gadget",uncommon,L,Pathfinder Guns & Gears pg. 69,,,,,,,,,,,,,,,,,Paizo
Explosive Mine (Lesser),1,,,4,,"consumable, gadget",uncommon,L,Pathfinder Guns & Gears pg. 69,,,,,,,,,,,,,,,,,Paizo
Explosive Mine (Major),18,,,4000,,"consumable, gadget",uncommon,L,Pathfinder Guns & Gears pg. 69,,,,,,,,,,,,,,,,,Paizo
Explosive Mine (Moderate),6,,,40,,"consumable, gadget",uncommon,L,Pathfinder Guns & Gears pg. 69,,,,,,,,,,,,,,,,,Paizo
Exsanguinating Ammunition (Greater),8,,,80,,"alchemical, consumable",,,Pathfinder Guns & Gears pg. 170,,,,,,,,,,,,,,,,,Paizo
Exsanguinating Ammunition (Major),12,,,360,,"alchemical, consumable",,,Pathfinder Guns & Gears pg. 170,,,,,,,,,,,,,,,,,Paizo
Exsanguinating Ammunition,4,,,15,,"alchemical, consumable",,,Pathfinder Guns & Gears pg. 170,,,,,,,,,,,,,,,,,Paizo
Extendable Tail,3,,,10,,mechanical,,1,Pathfinder Treasure Vault pg. 108,,,,,,,,,,,,,,,,,Paizo
Eye of the Unseen (Greater),14,,,4000,,"invested, magical",,L,Pathfinder Lost Omens The Grand Bazaar pg. 73,,,,,,,,,,,,,,,,,Paizo
Eye of the Unseen,8,,,450,,"invested, magical",,L,Pathfinder Lost Omens The Grand Bazaar pg. 73,,,,,,,,,,,,,,,,,Paizo
Eye of the Wise,11,,,0,,"artifact, invested",unique,L,Pathfinder #147: Tomorrow Must Burn pg. 72,,,,,,,,,,,,,,,,,Paizo
Eyes of the Moonwarden,9,,,620,,"invested, magical",uncommon,L,"Pathfinder #208: Hoof, Cinder, and Storm pg. 80",,,,,,,,,,,,,,,,,Paizo
Faerie Dragonet Liqueur (Greater),17,,,3000,,"consumable, magical, mental, potion",uncommon,L,Pathfinder Treasure Vault pg. 89,,,,,,,,,,,,,,,,,Paizo
Faerie Dragonet Liqueur (Lesser),7,,,70,,"consumable, magical, mental, potion",uncommon,L,Pathfinder Treasure Vault pg. 89,,,,,,,,,,,,,,,,,Paizo
Faerie Dragon Liqueur,12,,,400,,"consumable, magical, mental, potion",uncommon,L,Pathfinder Treasure Vault pg. 89,,,,,,,,,,,,,,,,,Paizo
Faerie Queen's Bower,13,,,0,,"divine, intelligent, invested, laminar",rare,1,Pathfinder Treasure Vault pg. 194,,,,,,,,,,,,,,,,,Paizo
Fairy Bullet,7,,,65,,"consumable, fey, magical",uncommon,,Pathfinder Guns & Gears pg. 170,,,,,,,,,,,,,,,,,Paizo
Falconsight Eye,6,,,200,,magical,uncommon,L,Pathfinder Treasure Vault pg. 108,,,,,,,,,,,,,,,,,Paizo
Farlight Stone,2,,,35,,"light, magical",uncommon,L,Pathfinder #213: Thirst for Blood pg. 82,,,,,,,,,,,,,,,,,Paizo
Faultline Hammer,6,,,250,,"magical, razing, shove, two-hand-d10, versatile-p",uncommon,2,"Pathfinder #208: Hoof, Cinder, and Storm pg. 77",,,,,,,,,,,,,,,,,Paizo
Feral Linguist (Greater),8,,,85,,"catalyst, consumable, magical",uncommon,L,Pathfinder #202: Severed at the Root pg. 78,,,,,,,,,,,,,,,,,Paizo
Feral Linguist,1,,,3,,"catalyst, consumable, magical",uncommon,L,Pathfinder #202: Severed at the Root pg. 78,,,,,,,,,,,,,,,,,Paizo
Fiendbreaker (Artifact),20,,,0,,"apex, artifact, divine, intelligent, invested, magical, monk, staff",unique,1,Pathfinder #212: A Voice in the Blight pg. 72,,,,,,,,,,,,,,,,,Paizo
Fiendbreaker,15,,,6500,,"divine, staff",unique,,Pathfinder #211: The Secret of Deathstalk Tower pg. 81,,,,,,,,,,,,,,,,,Paizo
Fiendish Teleportation,11,,,0,,"contract, invested, magical",Rare,,Pathfinder Lost Omens Legends pg. 10,,,,,,,,,,,,,,,,,Paizo
Fiend's Hunger,4,,,100,,"agile, finesse, magical, thrown-10, versatile-s",unique,L,Pathfinder #196: The Summer That Never Was pg. 81,,,,,,,,,,,,,,,,,Paizo
Final Blade,20,,,0,,"artifact, death, occult",rare,40,Pathfinder Adventure: Night of the Gray Death pg. 53,,,,,,,,,,,,,,,,,Paizo
Final Scalecloak,20,,,0,,"artifact, invested, magical, mythic",unique,L,Pathfinder War of Immortals pg. 151,,,,,,,,,,,,,,,,,Paizo
Firearm Cleaning Kit,0,,,1,,,uncommon,,Gunes and Gears pg. 179,,,,,,,,,,,,,,,,,
Flare Beacon (Greater),10,,,180,,"consumable, gadget",uncommon,L,Pathfinder Guns & Gears pg. 69,,,,,,,,,,,,,,,,,Paizo
Flare Beacon (Lesser),1,,,4,,"consumable, gadget",uncommon,L,Pathfinder Guns & Gears pg. 69,,,,,,,,,,,,,,,,,Paizo
Flare Beacon (Major),16,,,1500,,"consumable, gadget",uncommon,L,Pathfinder Guns & Gears pg. 69,,,,,,,,,,,,,,,,,Paizo
Flare Beacon (Moderate),6,,,35,,"consumable, gadget",uncommon,L,Pathfinder Guns & Gears pg. 69,,,,,,,,,,,,,,,,,Paizo
Flawed Orb of Gold Dragonkind,25,,,0,,"artifact, magical",unique,1,Pathfinder #150: Broken Promises pg. 75,,,,,,,,,,,,,,,,,Paizo
Fleshrender,16,,,24000,,magical,Unique,,Pathfinder Prey for Death pg. 102,,,,,,,,,,,,,,,,,Paizo
Flintlock Musket,0,,,5,,"concussive, fatal-d10",uncommon,1,Pathfinder Guns & Gears pg. 153,,,,,,,,,,,,,,,,,Paizo
Flintlock Pistol,0,,,4,,"concussive, fatal-d8",uncommon,1,Pathfinder Guns & Gears pg. 153,,,,,,,,,,,,,,,,,Paizo
Flowing Water (Greater),11,,,1200,,"invested, magical, tattoo",uncommon,,Pathfinder #207: The Resurrection Flood pg. 80,,,,,,,,,,,,,,,,,Paizo
Flowing Water (Lesser),3,,,55,,"invested, magical, tattoo",uncommon,,Pathfinder #207: The Resurrection Flood pg. 80,,,,,,,,,,,,,,,,,Paizo
Flowing Water (Moderate),7,,,320,,"invested, magical, tattoo",uncommon,,Pathfinder #207: The Resurrection Flood pg. 80,,,,,,,,,,,,,,,,,Paizo
Flying Broomstick,12,,,1900,,magical,,1,Pathfinder GM Core,,,,,,,,,,,,,,,,,Paizo
Forgefather's Seal,24,,,0,,"artifact, divine",unique,,Pathfinder GM Core pg. 300,,,,,,,,,,,,,,,,,Paizo
Forgotten Signet,21,,,0,,"artifact, invested, magical",rare,,Pathfinder Treasure Vault pg. 179,,,,,,,,,,,,,,,,,Paizo
Formulated Sunlight,,,,40,,consumable,,,Pathfinder Lost Omens Character Guide,,,,,,,,,,,,,,,,,Paizo
Fox Marble,,,,0,,,uncommon,,Pathfinder Adventure Path #168: King of the Mountain,,,,,,,,,,,,,,,,,Paizo
Foxglove Token (Greater),8,,,425,,"magical, poison, spellheart",uncommon,L,Pathfinder #202: Severed at the Root pg. 78,,,,,,,,,,,,,,,,,Paizo
Foxglove Token (Major),12,,,1750,,"magical, poison, spellheart",uncommon,L,Pathfinder #202: Severed at the Root pg. 78,,,,,,,,,,,,,,,,,Paizo
Foxglove Token,3,,,55,,"magical, poison, spellheart",uncommon,L,Pathfinder #202: Severed at the Root pg. 78,,,,,,,,,,,,,,,,,Paizo
Freedom's Flame,21,,,0,,"artifact, magical, mythic, razing, versatile-p",unique,1,Pathfinder War of Immortals pg. 151,,,,,,,,,,,,,,,,,Paizo
Frog Chair,8,,,475,,"clockwork, magical",uncommon,3,Pathfinder Guns & Gears pg. 91,,,,,,,,,,,,,,,,,Paizo
Frost Fair Yanyuedao,14,,,0,,"artifact, cold, deadly-d8, forceful, magical, reach",Unique,2,Pathfinder Lost Omens Tian Xia Character Guide,,,,,,,,,,,,,,,,,Paizo
Frozen Lava of Barrowsiege,19,,,8000,,"consumable, fire, magical",,,Pathfinder GM Core pg. 268,,,,,,,,,,,,,,,,,Paizo
Frozen Lava of Blackpeak,7,,,70,,"consumable, fire, magical",,,Pathfinder GM Core pg. 268,,,,,,,,,,,,,,,,,Paizo
Frozen Lava of Droskar's Crag,13,,,600,,"consumable, fire, magical",,,Pathfinder GM Core pg. 268,,,,,,,,,,,,,,,,,Paizo
Frozen Lava of Ka,15,,,1300,,"consumable, fire, magical",,,Pathfinder GM Core pg. 268,,,,,,,,,,,,,,,,,Paizo
Frozen Lava of Mhar Massif,11,,,300,,"consumable, fire, magical",,,Pathfinder GM Core pg. 268,,,,,,,,,,,,,,,,,Paizo
Frozen Lava of Pale Mountain,9,,,150,,"consumable, fire, magical",,,Pathfinder GM Core pg. 268,,,,,,,,,,,,,,,,,Paizo
Frozen Lava of Sakalayo,17,,,3000,,"consumable, fire, magical",,,Pathfinder GM Core pg. 268,,,,,,,,,,,,,,,,,Paizo
Frozen Lava,5,,,30,,"consumable, fire, magical",,,Pathfinder GM Core pg. 268,,,,,,,,,,,,,,,,,Paizo
Fulcrum Lattice,11,,,1200,,occult,unique,2,Pathfinder #165: Eyes of Empty Death pg. 76,,,,,,,,,,,,,,,,,Paizo
Fulmination Fang,4,,,115,,"combination, concussive, kickback, magical",uncommon,2,Pathfinder Howl of the Wild pg. 104,,,,,,,,,,,,,,,,,Paizo
Galvasphere,4,,,20,,consumable,rare,,Pathfinder Guns & Gears pg. 82,,,,,,,,,,,,,,,,,Paizo
Gamtu Hat,5,,,0,,magical,,L,Pathfinder Lost Omens Tian Xia Character Guide,,,,,,,,,,,,,,,,,Paizo
Gasping Lament (Greater),17,,,14500,,"coda, invested, magical, staff",rare,,"Pathfinder #205: Singer, Stalker, Skinsaw Man pg. 85",,,,,,,,,,,,,,,,,Paizo
Gasping Lament,12,,,2000,,"coda, invested, magical, staff",rare,,"Pathfinder #205: Singer, Stalker, Skinsaw Man pg. 85",,,,,,,,,,,,,,,,,Paizo
Gearblade,17,,,13000,,"clockwork, invested, magical",rare,,Pathfinder #161: Belly of the Black Whale pg. 79,,,,,,,,,,,,,,,,,Paizo
Gelid Shard,2,,,0,,"arcane, artifact, cold, invested",rare,,Pathfinder Treasure Vault,,,,,,,,,,,,,,,,,Paizo
Ghost Stone,7,,,0,,magical,Unique,18,Pathfinder #200: Seven Dooms for Sandpoint,,,,,,,,,,,,,,,,,Paizo
Ghosthand's Comet,23,,,0,,"artifact, backstabber, concussive, fatal-d12, kickback, magical",Unique,2,Pathfinder Treasure Vault,,,,,,,,,,,,,,,,,Paizo
Glittering Scarab,1,,,10,,,uncommon,,Pathfinder Dark Archive pg. 82,,,,,,,,,,,,,,,,,Paizo
Glue Bullet,4,,,16,,"alchemical, consumable",uncommon,,Pathfinder Guns & Gears pg. 170,,,,,,,,,,,,,,,,,Paizo
Golden Gloves,19,,,40000,,"apex, holy, invested, magical",rare,L,Pathfinder #206: Bring the House Down pg. 82,,,,,,,,,,,,,,,,,Paizo
Goo Grenade (Greater),11,,,250,,"alchemical, bomb, consumable, splash",uncommon,L,Pathfinder Lost Omens Impossible Lands pg. 306,,,,,,,,,,,,,,,,,Paizo
Goo Grenade (Lesser),1,,,3,,"alchemical, bomb, consumable, splash",uncommon,L,Pathfinder Lost Omens Impossible Lands pg. 306,,,,,,,,,,,,,,,,,Paizo
Goo Grenade (Major),17,,,2500,,"alchemical, bomb, consumable, splash",uncommon,L,Pathfinder Lost Omens Impossible Lands pg. 306,,,,,,,,,,,,,,,,,Paizo
Goo Grenade (Moderate),3,,,10,,"alchemical, bomb, consumable, splash",uncommon,L,Pathfinder Lost Omens Impossible Lands pg. 306,,,,,,,,,,,,,,,,,Paizo
Gorum's Tear,8,,,80,,"consumable, magical, talisman",uncommon,,Pathfinder #209: Destroyer's Doom pg. 83,,,,,,,,,,,,,,,,,Paizo
Gossip's Eye,8,,,30,,magical,,L,Pathfinder Treasure Vault pg. 108,,,,,,,,,,,,,,,,,Paizo
Grappling Arrow,0,,,2,,,uncommon,,Pathfinder Lost Omens Pathfinder Society Guide pg. 115,,,,,,,,,,,,,,,,,Paizo
Grappling Gun (Clockwork),1,,,15,,,Uncommon,1,Pathfinder Guns & Gears pg. 64,,,,,,,,,,,,,,,,,Paizo
Grappling Gun,0,,,3,,,uncommon,,Pathfinder Guns & Gears pg. 64,,,,,,,,,,,,,,,,,Paizo
Gray Prince,8,,,500,,"magical, modular, void",rare,1,Pathfinder Lost Omens Highhelm pg. 59,,,,,,,,,,,,,,,,,Paizo
Graymist,21,,,,,"apex, artifact, divine, intelligent, invested",unique,,Pathfinder #206: Bring the House Down pg. 83,,,,,,,,,,,,,,,,,Paizo
Grim Trophy (Greater),11,,,250,,"consumable, magical, talisman",,,Pathfinder GM Core pg. 265,,,,,,,,,,,,,,,,,Paizo
Grisantian Pelt,12+,,,,,precious,rare,,Pathfinder Monsters of Myth pg. 35,,,,,,,,,,,,,,,,,Paizo
Grolna,1,,,3,,"alchemical, consumable, drug, ingested, poison",uncommon,,Pathfinder #157: Devil at the Dreaming Palace pg. 81,,,,,,,,,,,,,,,,,Paizo
Growth Gun,9,,,700,,"magical, modular",uncommon,1,Pathfinder Guns & Gears pg. 155,,,,,,,,,,,,,,,,,Paizo
Guide Harness,1,,,5,,companion,,1,Pathfinder Treasure Vault pg. 105,,,,,,,,,,,,,,,,,Paizo
Guiding Star Orb (Heroic),20,,,0,,"apex, artifact, intelligent, invested, magical",unique,L,Pathfinder #212: A Voice in the Blight pg. 73,,,,,,,,,,,,,,,,,Paizo
Guiding Star Orb,15,,,6500,,magical,unique,L,Pathfinder #211: The Secret of Deathstalk Tower pg. 81,,,,,,,,,,,,,,,,,Paizo
Gunner's Bandolier,3,,,60,,"invested, magical",uncommon,,Pathfinder Guns & Gears pg. 179,,,,,,,,,,,,,,,,,Paizo
Gunner's Saddle,2,,,20,,,uncommon,2,Pathfinder Guns & Gears pg. 182,,,,,,,,,,,,,,,,,Paizo
Gut-Ripper,7,,,0,,"magical, mythic, trip, deadly d10",unique,,Pathfinder War of Immortals pg. 171,,,,,,,,,,,,,,,,,Paizo
Gyroscopic Stabilizer,4,,,115,,magical,uncommon,L,Pathfinder #179: Cradle of Quartz pg. 77,,,,,,,,,,,,,,,,,Paizo
Halcyon Heart,21,,,0,,"artifact, magical",rare,1,Pathfinder #174: Shadows of the Ancients pg. 77,,,,,,,,,,,,,,,,,Paizo
Hallajin Key,7,,,0,,"intelligent, magical",unique,L,Pathfinder Society Scenario #4-11: Prisoners of the Electric Castle,,,,,,,,,,,,,,,,,Paizo
Hand-Hewed Face,7,,,0,,"contract, invested, magical",rare,,Pathfinder Dark Archive pg. 164,,,,,,,,,,,,,,,,,Paizo
Heart Bloodstone of Arazni,11,,,0,,"artifact, divine",unique,1,Pathfinder Claws of the Tyrant pg. 109,,,,,,,,,,,,,,,,,Paizo
Heartmoss (Greater),8,,,450,,"healing, magical, spellheart",uncommon,L,Pathfinder #202: Severed at the Root pg. 79,,,,,,,,,,,,,,,,,Paizo
Heartmoss (Major),12,,,1750,,"healing, magical, spellheart",uncommon,L,Pathfinder #202: Severed at the Root pg. 79,,,,,,,,,,,,,,,,,Paizo
Heartmoss,3,,,55,,"healing, magical, spellheart",uncommon,L,Pathfinder #202: Severed at the Root pg. 79,,,,,,,,,,,,,,,,,Paizo
Herald's Ring,13,,,3000,,"invested, magical",unique,,Pathfinder #204: Stage Fright pg. 80,,,,,,,,,,,,,,,,,Paizo
Hero's Plate (Greater),18,,,22500,,"bulwark, invested, magical",rare,4,Pathfinder #202: Severed at the Root pg. 77,,,,,,,,,,,,,,,,,Paizo
Hero's Plate,10,,,1000,,"bulwark, invested, magical",rare,4,Pathfinder #202: Severed at the Root pg. 77,,,,,,,,,,,,,,,,,Paizo
Hex Blaster,11,,,1400,,"concussive, cursed, emotion, fatal-d12, fear, kickback, mental, occult",unique,2,Pathfinder #180: The Smoking Gun pg. 73,,,,,,,,,,,,,,,,,Paizo
Hidden Pocket Outfit,4,,,75,,,uncommon,L,Pathfinder Lost Omens Rival Academies pg. 56,,,,,,,,,,,,,,,,,Paizo
Hippopotamus Klar,10,,,1000,,"integrated-1d6-s-versatile-p, invested, magical",uncommon,1,Pathfinder Howl of the Wild pg. 100,,,,,,,,,,,,,,,,,Paizo
Hongbao of Many Things,5,,,0,,magical,,L,Pathfinder Blog,,,,,,,,,,,,,,,,,Paizo
Hongrui's Gratitude,3,,,60,,"invested, magical",unique,L,Pathfinder #196: The Summer That Never Was pg. 303,,,,,,,,,,,,,,,,,Paizo
Horn of Exorcism,11,,,1250,,magical,,L,Pathfinder GM Core pg. 274,,,,,,,,,,,,,,,,,Paizo
Horn of Rust,5,,,0,,"artifact, invested, magical",,L,Pathfinder Adventure: Rusthenge pg. unique,,,,,,,,,,,,,,,,,Paizo
Horned Hand Rests (Greater),13,,,2750,,"companion, invested, magical",,1,Pathfinder Lost Omens The Grand Bazaar pg. 72,,,,,,,,,,,,,,,,,Paizo
Horned Hand Rests,6,,,225,,"companion, invested, magical",,1,Pathfinder Lost Omens The Grand Bazaar pg. 72,,,,,,,,,,,,,,,,,Paizo
Horns of Naraga,26,,,0,,"artifact, invested, magical",unique,2,Pathfinder Gamemastery Guide pg. 109,,,,,,,,,,,,,,,,,Paizo
Howler Pistol,10,,,1100,,"magical, scatter-5",rare,1,Pathfinder Howl of the Wild pg. 104,,,,,,,,,,,,,,,,,Paizo
Humbug Pocket (Greater),17,,,12500,,"invested, occult",,,Pathfinder GM Core pg. 290,,,,,,,,,,,,,,,,,Paizo
Humbug Pocket,9,,,650,,"invested, occult",,,Pathfinder GM Core pg. 290,,,,,,,,,,,,,,,,,Paizo
Hunter's Anthem,11,,,1300,,"deadly-d10, magical, volley-30",,2,Pathfinder GM Core pg. 242,,,,,,,,,,,,,,,,,Paizo
Hunter's Brooch,4,,,80,,"divine, invested, vitality",unique,L,Pathfinder #164: Hands of the Devil pg. 71,,,,,,,,,,,,,,,,,Paizo
Hunter's Dawn,23,,,0,,"arcane, artifact, thrown-10",unique,1,Pathfinder #156: The Apocalypse Prophet pg. 67,,,,,,,,,,,,,,,,,Paizo
Hydrocannon,5,,,150,,"magical, modular",uncommon,,Pathfinder Howl of the Wild pg. 104,,,,,,,,,,,,,,,,,Paizo
Hyldarf's Fang,15,,,0,,"magical, modular",unique,1,Pathfinder Guns & Gears pg. 164,,,,,,,,,,,,,,,,,Paizo
Abominable Missives of the Atrophied,,,,,,,,,,,,,,,,,,,,,,,,,,
Adamantine Golem Engine Core,,,,,,,,,,,,,,,,,,,,,,,,,,
Alchemical Golem Engine Core,,,,,,,,,,,,,,,,,,,,,,,,,,
Alghollthu Eyes,,,,,,,,,,,,,,,,,,,,,,,,,,
Alghollthu Master Tentacles,,,,,,,,,,,,,,,,,,,,,,,,,,
Alghollthu Mucus (Greater),,,,,,,,,,,,,,,,,,,,,,,,,,
Alghollthu Mucus,,,,,,,,,,,,,,,,,,,,,,,,,,
Alghollthu Rawhide,,,,,,,,,,,,,,,,,,,,,,,,,,
Alicorn Dust,,,,,,,,,,,,,,,,,,,,,,,,,,
Alicorn Staff,,,,,,,,,,,,,,,,,,,,,,,,,,
Amulet of Seduction,,,,,,,,,,,,,,,,,,,,,,,,,,
Ancient Copper Dragon Head Spikes,,,,,,,,,,,,,,,,,,,,,,,,,,
Ancient Dragon Fangs (Black or Copper),,,,,,,,,,,,,,,,,,,,,,,,,,
Ancient Dragon Fangs (Blue or Bronze),,,,,,,,,,,,,,,,,,,,,,,,,,
"Ancient Dragon Fangs (Brass, Gold, or Red)",,,,,,,,,,,,,,,,,,,,,,,,,,
Ancient Dragon Fangs (Green),,,,,,,,,,,,,,,,,,,,,,,,,,
Ancient Dragon Fangs (Silver or White),,,,,,,,,,,,,,,,,,,,,,,,,,
Ancient Dragon Head,,,,,,,,,,,,,,,,,,,,,,,,,,
Angel Blood,,,,,,,,,,,,,,,,,,,,,,,,,,
Animal Precision Ammunition,,,,,,,,,,,,,,,,,,,,,,,,,,
Animal Carapace,,,,1,,creature-component,,,Harvest Compendium,,,,,,,,,,,,,,,,,
Animal Hide,,,,5,,creature-component,,,Harvest Compendium pg. 23,,,,,,,,,,,,,,,,,
Ankylosaurus Tail,4,,,30,,creature-component,,,Harvest Compendium,,,,,,,,,,,,,,,,,
Apple,,,,,,,,,,,,,,,,,,,,,,,,,,
Apron (Functions as Leather Armor),,,,,,,,,,,,,,,,,,,,,,,,,,
Apron (Functions as Padded Armor),,,,,,,,,,,,,,,,,,,,,,,,,,
Arboreal Bark Strips,2,,,5,,"consumable, creature-component",,,Harvest Compendium,,,,,,,,,,,,,,,,,
Arboreal Sap,1,,,2,,ingredient,,,Harvest Compendium,,,,,,,,,,,,,,,,,
Archon Core,,,,,,,,,,,,,,,,,,,,,,,,,,
Archon Ichor,,,,,,,,,,,,,,,,,,,,,,,,,,
Assorted Jewelry,,,,,,,,,,,,,,,,,,,,,,,,,,
Astradaemon Hide,,,,,,,,,,,,,,,,,,,,,,,,,,
Astradaemon Tail,,,,,,,,,,,,,,,,,,,,,,,,,,
Astrolabe,,,,,,,,,,,,,,,,,,,,,,,,,,
Astronomer Spellbook,,,,,,,,,,,,,,,,,,,,,,,,,,
Balor Ash,,,,,,,,,,,,,,,,,,,,,,,,,,
Baomal Heads,,,,,,,,,,,,,,,,,,,,,,,,,,
Baomal Shellplates,,,,,,,,,,,,,,,,,,,,,,,,,,
Baomal Teeth,,,,,,,,,,,,,,,,,,,,,,,,,,
Barguest Rawhide,,,,,,,,,,,,,,,,,,,,,,,,,,
Barguest Teeth,,,,,,,,,,,,,,,,,,,,,,,,,,
Basilisk Gullet Oil,4,,,20,,"consumable, magical, oil",uncommon,,Harvest Compendium,,,,,,,,,,,,,,,,,
Basilisk Teeth,2,,,5,,"consumable, magical, talisman",uncommon,,Harvest Compendium,,,,,,,,,,,,,,,,,
Bear Claws,,,,,,,,,,,,,,,,,,,,,,,,,,
Big Crocodile Teeth,,,,,,,,,,,,,,,,,,,,,,,,,,
Big Deinosuchus Teeth,,,,,,,,,,,,,,,,,,,,,,,,,,
Bloodseeker Proboscis,,,,,,,,,,,,,,,,,,,,,,,,,,
Bloody Wemmuth Sap,,,,,,,,,,,,,,,,,,,,,,,,,,
Bloody Talon,1,,,5,,"consumable, magical, talisman",,,Harvest Compendium pg. 142,,,,,,,,,,,,,,,,,
Boar Tusk,3,,,8,,"consumable, magical, talisman",,,Harvest Compendium* pg. 142,,,,,,,,,,,,,,,,,
Bola Bolts,,,,,,,,,,,,,,,,,,,,,,,,,,
Bone Javelin,,,,,,,,,,,,,,,,,,,,,,,,,,
Book of Sigils,,,,,,,,,,,,,,,,,,,,,,,,,,
Book on Law and Rhetoric,,,,,,,,,,,,,,,,,,,,,,,,,,
Boots of Trackless Steps,,,,,,,,,,,,,,,,,,,,,,,,,,
Brain Collector Claw,,,,,,,,,,,,,,,,,,,,,,,,,,
Brain Collector Teeth,,,,,,,,,,,,,,,,,,,,,,,,,,
Brain Collector Venom,,,,,,,,,,,,,,,,,,,,,,,,,,
Bulette Shellplates,8,,,25,,creature-component,,,Harvest Compendium pg. 24,,,,,,,,,,,,,,,,,
Bulette Sole Patches,5,,,15,,ingredient,,,Harvest Compendium pg. 24,,,,,,,,,,,,,,,,,
Bulette Teeth,2,,,1,,creature-component,,,Harvest Compendium pg. 24,,,,,,,,,,,,,,,,,
Bunyip Scent Gland,,,,,,,,,,,,,,,,,,,,,,,,,,
Caligni Dust,,,,,,,,,,,,,,,,,,,,,,,,,,
Carver's Kit,,,,4,,,,,Harvest Compendium,,,,,,,,,,,,,,,,,
Cassisian Helm,,,,,,,,,,,,,,,,,,,,,,,,,,
Cauthooj Beak,,,,,,,,,,,,,,,,,,,,,,,,,,
Cauthooj Feathers,,,,,,,,,,,,,,,,,,,,,,,,,,
Cauthooj Foot Claws,,,,,,,,,,,,,,,,,,,,,,,,,,
Cauthooj Vocal Cords,,,,,,,,,,,,,,,,,,,,,,,,,,
Cave Worm Rawhide,,,,,,,,,,,,,,,,,,,,,,,,,,
Cave Worm Stinger,,,,,,,,,,,,,,,,,,,,,,,,,,
Cave Worm Teeth,,,,,,,,,,,,,,,,,,,,,,,,,,
Celestial Feathers,,,,,,,,,,,,,,,,,,,,,,,,,,
Centaur Tail Hair,,,,,,,,,,,,,,,,,,,,,,,,,,
Ceremonial Robes,,,,,,,,,,,,,,,,,,,,,,,,,,
Ceustodaemon Blood,,,,,,,,,,,,,,,,,,,,,,,,,,
Ceustodaemon Eyes,,,,,,,,,,,,,,,,,,,,,,,,,,
Ceustodaemon Horns,,,,,,,,,,,,,,,,,,,,,,,,,,
Charred Feathers,,,,,,,,,,,,,,,,,,,,,,,,,,
Chimera Claws,,,,,,,,,,,,,,,,,,,,,,,,,,
Chimera Wings,,,,,,,,,,,,,,,,,,,,,,,,,,
Chuul Claw,,,,,,,,,,,,,,,,,,,,,,,,,,
Chuul Tentacles,,,,,,,,,,,,,,,,,,,,,,,,,,
Cinder Smog Cannister,,,,,,,,,,,,,,,,,,,,,,,,,,
Clay Golem Engine Core,,,,,,,,,,,,,,,,,,,,,,,,,,
Cleansed Water,,,,,,,,,,,,,,,,,,,,,,,,,,
Cleansing Potion (Lesser),,,,,,,,,,,,,,,,,,,,,,,,,,
Cleansing Potion (Moderate),,,,,,,,,,,,,,,,,,,,,,,,,,
Cloak of Flexibility,,,,,,,,,,,,,,,,,,,,,,,,,,
Cloak of Flying,,,,,,,,,,,,,,,,,,,,,,,,,,
Cloak of Magic Protection,,,,,,,,,,,,,,,,,,,,,,,,,,
Cloak of Reactive Resistance,,,,,,,,,,,,,,,,,,,,,,,,,,
Cloaker Hide,,,,,,,,,,,,,,,,,,,,,,,,,,
Cloaker Vocal Cords,,,,,,,,,,,,,,,,,,,,,,,,,,
Cockatrice Beak Points,,,,,,,,,,,,,,,,,,,,,,,,,,
Construction Schematics,,,,,,,,,,,,,,,,,,,,,,,,,,
Corruption Essence,,,,,,,,,,,,,,,,,,,,,,,,,,
Court Garb,,,,,,,,,,,,,,,,,,,,,,,,,,
Crag Linnorm Hide,,,,,,,,,,,,,,,,,,,,,,,,,,
Creation Oil,,,,,,,,,,,,,,,,,,,,,,,,,,
Creep Vine Armor,3,,,20,,"invested, magical, plant",,,Homebrew,,,,,,,,,,,,,,,,,Homebrew
Creep Vine,,,,5,,"ingredient, plant",,,Homebrew,,,,,,,,,,,,,,,,,Homebrew
Crystalline Dust,,,,,,,,,,,,,,,,,,,,,,,,,,
Cultist Garb,,,,,,,,,,,,,,,,,,,,,,,,,,
Curse-Breaker Claws,,,,,,,,,,,,,,,,,,,,,,,,,,
Cursed Sand,,,,,,,,,,,,,,,,,,,,,,,,,,
Cutlery,,,,,,,,,,,,,,,,,,,,,,,,,,
Daemon Precision Ammunition,,,,,,,,,,,,,,,,,,,,,,,,,,
Daemon Teeth,,,,,,,,,,,,,,,,,,,,,,,,,,
Daeodon Heart,4,,,20,,"consumable, creature-component, edible",,,Harvest Compendium pg. 23,,,,,,,,,,,,,,,,,
Dark Naga Eyes,,,,,,,,,,,,,,,,,,,,,,,,,,
Dark Naga Skull,,,,,,,,,,,,,,,,,,,,,,,,,,
Darkness Grenade (Lesser),,,,,,,,,,,,,,,,,,,,,,,,,,
Darkness Grenade (Moderate),,,,,,,,,,,,,,,,,,,,,,,,,,
Deadly Mantis Leg Tips,,,,,,,,,,,,,,,,,,,,,,,,,,
Deinonychus Claw,2,,,5,,"consumable, magical, talisman",uncommon,,Harvest Compendium pg. 40,,,,,,,,,,,,,,,,,
Deinosuchus Teeth,,,,,,,,,,,,,,,,,,,,,,,,,,
Demon Cruor,,,,,,,,,,,,,,,,,,,,,,,,,,
Demonologist Spellbook,,,,,,,,,,,,,,,,,,,,,,,,,,
Devil Heart,,,,,,,,,,,,,,,,,,,,,,,,,,
Devil Hide (Greater),,,,,,,,,,,,,,,,,,,,,,,,,,
Devil Hide,,,,,,,,,,,,,,,,,,,,,,,,,,
Devil's Swill,,,,,,,,,,,,,,,,,,,,,,,,,,
Dhampir Wizard Spellbook,,,,,,,,,,,,,,,,,,,,,,,,,,
Dinosaur Teeth,2,,,1,,creature-component,,,Harvest Compendium pg. 40,,,,,,,,,,,,,,,,,
Displacement Cloak,,,,,,,,,,,,,,,,,,,,,,,,,,
Distilled Daemon Pestilence,,,,,,,,,,,,,,,,,,,,,,,,,,
Distilled Kraken Ink,,,,,,,,,,,,,,,,,,,,,,,,,,
Distilled Otyugh Stench,,,,,,,,,,,,,,,,,,,,,,,,,,
Draconic Ammunition (Black or Copper),,,,,,,,,,,,,,,,,,,,,,,,,,
Draconic Ammunition (Blue or Bronze),,,,,,,,,,,,,,,,,,,,,,,,,,
"Draconic Ammunition (Brass, Gold, or Red)",,,,,,,,,,,,,,,,,,,,,,,,,,
Draconic Ammunition (Green),,,,,,,,,,,,,,,,,,,,,,,,,,
Draconic Ammunition (Silver or White),,,,,,,,,,,,,,,,,,,,,,,,,,
Dragon Blood (Adult),,,,,,,,,,,,,,,,,,,,,,,,,,
Dragon Blood (Wyrm),,,,,,,,,,,,,,,,,,,,,,,,,,
Dragon Blood (Young),,,,,,,,,,,,,,,,,,,,,,,,,,
Dragon Fangs (Black or Copper),,,,,,,,,,,,,,,,,,,,,,,,,,
Dragon Fangs (Blue or Bronze),,,,,,,,,,,,,,,,,,,,,,,,,,
"Dragon Fangs (Brass, Gold, or Red)",,,,,,,,,,,,,,,,,,,,,,,,,,
Dragon Fangs (Green),,,,,,,,,,,,,,,,,,,,,,,,,,
Dragon Fangs (Silver or White),,,,,,,,,,,,,,,,,,,,,,,,,,
Dragon Head Teeth,,,,,,,,,,,,,,,,,,,,,,,,,,
Dragon Sole Patches (Green),,,,,,,,,,,,,,,,,,,,,,,,,,
Dragon Teeth (Black or Copper),,,,,,,,,,,,,,,,,,,,,,,,,,
Dragon Teeth (Blue or Bronze),,,,,,,,,,,,,,,,,,,,,,,,,,
"Dragon Teeth (Brass, Gold, or Red)",,,,,,,,,,,,,,,,,,,,,,,,,,
Dragon Teeth (Green),,,,,,,,,,,,,,,,,,,,,,,,,,
Dragon Teeth (Silver or White),,,,,,,,,,,,,,,,,,,,,,,,,,
Dragon Turtle Shellplates,,,,,,,,,,,,,,,,,,,,,,,,,,
Dragon Turtle Teeth,,,,,,,,,,,,,,,,,,,,,,,,,,
Dragon Wing,,,,,,,,,,,,,,,,,,,,,,,,,,
Dragonhide,,,,,,,,,,,,,,,,,,,,,,,,,,
Drakauthix Tendrils,,,,,,,,,,,,,,,,,,,,,,,,,,
Drake Teeth (Acid),,,,,,,,,,,,,,,,,,,,,,,,,,
Drake Teeth (Cold),,,,,,,,,,,,,,,,,,,,,,,,,,
Drake Teeth (Electricity),,,,,,,,,,,,,,,,,,,,,,,,,,
Drake Teeth (Fire),,,,,,,,,,,,,,,,,,,,,,,,,,
Drake Teeth (Poison),,,,,,,,,,,,,,,,,,,,,,,,,,
Drake Hide,5,,,10,,trophy,,,Harvest Compendium pg. 64,,,,,,,,,,,,,,,,,
Drunkard's Outfit,,,,,,,,,,,,,,,,,,,,,,,,,,
Dryad Leaves,,,,,,,,,,,,,,,,,,,,,,,,,,
Dust of Lifeguarding (Greater),,,,,,,,,,,,,,,,,,,,,,,,,,
Dust of Lifeguarding,,,,,,,,,,,,,,,,,,,,,,,,,,
Eagle Feathers,,,,,,,,,,,,,,,,,,,,,,,,,,
Ectoplasm,,,,,,,,,,,,,,,,,,,,,,,,,,
Eel Teeth,,,,,,,,,,,,,,,,,,,,,,,,,,
Electric Eel Rawhide,,,,,,,,,,,,,,,,,,,,,,,,,,
Elemental Core,,,,,,,,,,,,,,,,,,,,,,,,,,
Elephant Tusks,,,,,,,,,,,,,,,,,,,,,,,,,,
Empty Scroll Case,,,,,,,,,,,,,,,,,,,,,,,,,,
Energy Rune Framework,,,,,,,,,,,,,,,,,,,,,,,,,,
Entangling Vine,3,,,,,"consumable, plant",,,Homebrew,,,,,,,,,,,,,,,,,Homebrew
Evil Ammunition,,,,,,,,,,,,,,,,,,,,,,,,,,
Executioner's Hood,,,,,,,,,,,,,,,,,,,,,,,,,,
Expired Documents with Intact Seals,,,,,,,,,,,,,,,,,,,,,,,,,,
Faceless Stalker Skin,,,,,,,,,,,,,,,,,,,,,,,,,,
Faceless Stalker Tongue,,,,,,,,,,,,,,,,,,,,,,,,,,
Faded Aeon Stone,,,,,,,,,,,,,,,,,,,,,,,,,,
Faerie Dragonhide,,,,,,,,,,,,,,,,,,,,,,,,,,
Fake Relics,,,,,,,,,,,,,,,,,,,,,,,,,,
Fear Enhancement Gas,,,,,,,,,,,,,,,,,,,,,,,,,,
Fear Pheromones,,,,,,,,,,,,,,,,,,,,,,,,,,
Fey Flux,,,,,,,,,,,,,,,,,,,,,,,,,,
Flaming Rune Framework,,,,,,,,,,,,,,,,,,,,,,,,,,
Flytrap Teeth,,,,,,,,,,,,,,,,,,,,,,,,,,
Fresh Basilisk Blood,1,,,1,,creature-component,,,Harvest Compendium,,,,,,,,,,,,,,,,,
Frost Rune Framework,,,,,,,,,,,,,,,,,,,,,,,,,,
Frost Essence,,,,1,,ingredient,,,Harvest Compendium pg. 122,,,,,,,,,,,,,,,,,
Gargoyle Teeth,,,,,,,,,,,,,,,,,,,,,,,,,,
Ghaele Eye,,,,,,,,,,,,,,,,,,,,,,,,,,
Ghast Teeth,,,,,,,,,,,,,,,,,,,,,,,,,,
Ghost Bane Oil,,,,,,,,,,,,,,,,,,,,,,,,,,
Ghoul Claws,,,,,,,,,,,,,,,,,,,,,,,,,,
Ghoul Teeth,,,,,,,,,,,,,,,,,,,,,,,,,,
Giant Clan Amulet,,,,,,,,,,,,,,,,,,,,,,,,,,
Giant Flytrap Leaves,,,,,,,,,,,,,,,,,,,,,,,,,,
Giant Wasp Stinger,,,,,,,,,,,,,,,,,,,,,,,,,,
Giant's Name Rune,,,,,,,,,,,,,,,,,,,,,,,,,,
Glabrezu Pinchers,,,,,,,,,,,,,,,,,,,,,,,,,,
Gogiteth Front Leg,,,,,,,,,,,,,,,,,,,,,,,,,,
Golden Roc Feathers,,,,,,,,,,,,,,,,,,,,,,,,,,
Golem Engine Core,,,,,,,,,,,,,,,,,,,,,,,,,,
Gorilla Fangs,,,,,,,,,,,,,,,,,,,,,,,,,,
Gravedigger's Outfit,,,,,,,,,,,,,,,,,,,,,,,,,,
Greater Barguest Eyes,,,,,,,,,,,,,,,,,,,,,,,,,,
Griffon Feathers,,,,,,,,,,,,,,,,,,,,,,,,,,
Guardian Naga Scales,,,,,,,,,,,,,,,,,,,,,,,,,,
Gug Rawhide,,,,,,,,,,,,,,,,,,,,,,,,,,
Gug Skin,,,,,,,,,,,,,,,,,,,,,,,,,,
Gug Teeth,,,,,,,,,,,,,,,,,,,,,,,,,,
Guildmaster's Uniform,,,,,,,,,,,,,,,,,,,,,,,,,,
Guthallath Eyes,,,,,,,,,,,,,,,,,,,,,,,,,,
Hag Coven Amulet,,,,,,,,,,,,,,,,,,,,,,,,,,
Harbormaster Ledger,,,,,,,,,,,,,,,,,,,,,,,,,,
Harpy Feathers,,,,,,,,,,,,,,,,,,,,,,,,,,
Heart of Treerazer,,,,,,,,,,,,,,,,,,,,,,,,,,
Heartstaff of the Simurgh,,,,,,,,,,,,,,,,,,,,,,,,,,
Hell Hound Blood,,,,,,,,,,,,,,,,,,,,,,,,,,
Hell Hound Fang,,,,,,,,,,,,,,,,,,,,,,,,,,
Helm of Charity,,,,,,,,,,,,,,,,,,,,,,,,,,
Helm of Command,,,,,,,,,,,,,,,,,,,,,,,,,,
Helm of Death Protection,,,,,,,,,,,,,,,,,,,,,,,,,,
Helm of Protection,,,,,,,,,,,,,,,,,,,,,,,,,,
Helm of Thought Guarding,,,,,,,,,,,,,,,,,,,,,,,,,,
Hive Mother Mandibles,,,,,,,,,,,,,,,,,,,,,,,,,,
Holy Ammunition,,,,,,,,,,,,,,,,,,,,,,,,,,
Holy Rune Framework,,,,,,,,,,,,,,,,,,,,,,,,,,
Homunculus Poison,,,,,,,,,,,,,,,,,,,,,,,,,,
Hooded Cloak,,,,,,,,,,,,,,,,,,,,,,,,,,
Horn of Cauthooj Screeching,,,,,,,,,,,,,,,,,,,,,,,,,,
Horn of Cloaker Moaning,,,,,,,,,,,,,,,,,,,,,,,,,,
Horn of Vrock Screeching,,,,,,,,,,,,,,,,,,,,,,,,,,
Horn of Owlbear Screeching,4,,,100,,"invested, magical",uncommon,,Harvest Compendium pg. 154,,,,,,,,,,,,,,,,,
Horned Archon Antlers,,,,,,,,,,,,,,,,,,,,,,,,,,
Hourglass of Lesser Death,,,,,,,,,,,,,,,,,,,,,,,,,,
Hyaenodon Heart,,,,,,,,,,,,,,,,,,,,,,,,,,
Hydra Blood,1,,,2,,ingredient,,,Harvest Compendium,,,,,,,,,,,,,,,,,
Hydra Teeth,,,,1,,creature-component,,,Harvest Compendium pg. 88,,,,,,,,,,,,,,,,,
Hyena Fangs,,,,,,,,,,,,,,,,,,,,,,,,,,
Ice Linnorm Hide,,,,,,,,,,,,,,,,,,,,,,,,,,
Illusion Dust,,,,,,,,,,,,,,,,,,,,,,,,,,
Imp Venom,,,,,,,,,,,,,,,,,,,,,,,,,,
Impure Acid,,,,1,,ingredient,,,Harvest Compendium pg. 16,,,,,,,,,,,,,,,,,
Innkeeper's Ledger,,,,,,,,,,,,,,,,,,,,,,,,,,
Iron Boots,,,,,,,,,,,,,,,,,,,,,,,,,,
Iron Golem Engine Core,,,,,,,,,,,,,,,,,,,,,,,,,,
Journal,,,,,,,,,,,,,,,,,,,,,,,,,,
Judge's Robes,,,,,,,,,,,,,,,,,,,,,,,,,,
Keen Rune Framework,,,,,,,,,,,,,,,,,,,,,,,,,,
Keketar Tongue,,,,,,,,,,,,,,,,,,,,,,,,,,
Keyring,,,,,,,,,,,,,,,,,,,,,,,,,,
Kraken Blood,,,,,,,,,,,,,,,,,,,,,,,,,,
Kraken Rawhide,,,,,,,,,,,,,,,,,,,,,,,,,,
Krooth Teeth,,,,,,,,,,,,,,,,,,,,,,,,,,
Leopard Fangs,,,,,,,,,,,,,,,,,,,,,,,,,,
Leshy Sap,,,,,,,,,,,,,,,,,,,,,,,,,,
Leshy Spores,,,,,,,,,,,,,,,,,,,,,,,,,,
Leukodaemon Feathers,,,,,,,,,,,,,,,,,,,,,,,,,,
Leukodaemon Skull,,,,,,,,,,,,,,,,,,,,,,,,,,
Lich Nail,,,,,,,,,,,,,,,,,,,,,,,,,,
Lightning Concentrate,,,,,,,,,,,,,,,,,,,,,,,,,,
Linnorm Blood,,,,,,,,,,,,,,,,,,,,,,,,,,
Linnorm Tendons,,,,,,,,,,,,,,,,,,,,,,,,,,
Lion Fangs,,,,,,,,,,,,,,,,,,,,,,,,,,
Lion Head Teeth,,,,,,,,,,,,,,,,,,,,,,,,,,
Liquid Air,,,,,,,,,,,,,,,,,,,,,,,,,,
Long-Range Ammunition,,,,,,,,,,,,,,,,,,,,,,,,,,
Lucky Feather,,,,,,,,,,,,,,,,,,,,,,,,,,
Lyrakien Wing Dust,,,,,,,,,,,,,,,,,,,,,,,,,,
Mage For Hire Spellbook,,,,,,,,,,,,,,,,,,,,,,,,,,
Mammoth Tusk Tips,,,,,,,,,,,,,,,,,,,,,,,,,,
Mammoth Tusks,,,,,,,,,,,,,,,,,,,,,,,,,,
Mangled Marilith Breastplate,,,,,,,,,,,,,,,,,,,,,,,,,,
Manifesto,,,,,,,,,,,,,,,,,,,,,,,,,,
Manticore Claws,,,,,,,,,,,,,,,,,,,,,,,,,,
Manticore Wing,,,,,,,,,,,,,,,,,,,,,,,,,,
Mantis Mandibles,,,,,,,,,,,,,,,,,,,,,,,,,,
Mantle of Undetection,,,,,,,,,,,,,,,,,,,,,,,,,,
Map,,,,,,,,,,,,,,,,,,,,,,,,,,
Medical Textbook,,,,,,,,,,,,,,,,,,,,,,,,,,
Megaprimatus Fangs,,,,,,,,,,,,,,,,,,,,,,,,,,
Megaprimatus Head,,,,,,,,,,,,,,,,,,,,,,,,,,
Miner's Harness,,,,,,,,,,,,,,,,,,,,,,,,,,
Minotaur Nose Ring,,,,,,,,,,,,,,,,,,,,,,,,,,
Molten Flame,,,,,,,,,,,,,,,,,,,,,,,,,,
Monster Teeth,,,,,,,,,,,,,,,,,,,,,,,,,,
Monster Precision Ammunition,5,,,5,,"consumable, magical",,,Harvest Compendium pg. 146,,,,,,,,,,,,,,,,,
Mu Spore Teeth,,,,,,,,,,,,,,,,,,,,,,,,,,
Mu Spores,,,,,,,,,,,,,,,,,,,,,,,,,,
Mug Made from Pewter,,,,,,,,,,,,,,,,,,,,,,,,,,
Mukradi Legs,,,,,,,,,,,,,,,,,,,,,,,,,,
Mukradi Rawhide,,,,,,,,,,,,,,,,,,,,,,,,,,
Mummy Gauze Strips,,,,,,,,,,,,,,,,,,,,,,,,,,
Naga Tongue,,,,,,,,,,,,,,,,,,,,,,,,,,
Nessian Warhound Rawhide,,,,,,,,,,,,,,,,,,,,,,,,,,
Nightmare Fuel,,,,,,,,,,,,,,,,,,,,,,,,,,
Nightmare Smoke (Greater),,,,,,,,,,,,,,,,,,,,,,,,,,
Nightmare Smoke,,,,,,,,,,,,,,,,,,,,,,,,,,
Nilith Claws,,,,,,,,,,,,,,,,,,,,,,,,,,
Nilith Eyes,,,,,,,,,,,,,,,,,,,,,,,,,,
Nilith Hide,,,,,,,,,,,,,,,,,,,,,,,,,,
Nymph Heart,,,,,,,,,,,,,,,,,,,,,,,,,,
Oblivion Extract,,,,,,,,,,,,,,,,,,,,,,,,,,
Octupus Ink,,,,,,,,,,,,,,,,,,,,,,,,,,
Oil of Evil Coating,,,,,,,,,,,,,,,,,,,,,,,,,,
Oil of Fire Coating,,,,,,,,,,,,,,,,,,,,,,,,,,
Oil of the Bastion,,,,,,,,,,,,,,,,,,,,,,,,,,
Ooze Goo (Greater),,,,,,,,,,,,,,,,,,,,,,,,,,
Ooze Goo (Lesser),,,,,,,,,,,,,,,,,,,,,,,,,,
Ooze Goo (Moderate),,,,,,,,,,,,,,,,,,,,,,,,,,
Otyugh Teeth,,,,,,,,,,,,,,,,,,,,,,,,,,
Owlbear Vocal Cords,4,,,15,,creature component,,,Harvest Compendium pg. 102,,,,,,,,,,,,,,,,,
Palace Insignia Chain Mail,,,,,,,,,,,,,,,,,,,,,,,,,,
Pegasus Feathers,,,,,,,,,,,,,,,,,,,,,,,,,,
Pegasus Tail Hair,,,,,,,,,,,,,,,,,,,,,,,,,,
Perfect Wemmuth Thorns,,,,,,,,,,,,,,,,,,,,,,,,,,
Phase Tiger Heart,6,,,50,,"consumable, creature-component, edible",uncommon,,Homebrew,,,,,,,,,,,,,,,,,Homebrew
Phoenix Ash,,,,,,,,,,,,,,,,,,,,,,,,,,
Pit Fiend Horns,,,,,,,,,,,,,,,,,,,,,,,,,,
Pixie Dust,,,,,,,,,,,,,,,,,,,,,,,,,,
Plant Precision Ammunition,,,,,,,,,,,,,,,,,,,,,,,,,,
Pleroma Energy Cloak,,,,,,,,,,,,,,,,,,,,,,,,,,
Pleroma Energy Fabric,,,,,,,,,,,,,,,,,,,,,,,,,,
Poetry Book,,,,,,,,,,,,,,,,,,,,,,,,,,
Poison Base,,,,,,,,,,,,,,,,,,,,,,,,,,
Poracha Eyes,,,,,,,,,,,,,,,,,,,,,,,,,,
Potion of Evil Resistance (Greater),,,,,,,,,,,,,,,,,,,,,,,,,,
Potion of Evil Resistance (Lesser),,,,,,,,,,,,,,,,,,,,,,,,,,
Potion of Evil Resistance (Moderate),,,,,,,,,,,,,,,,,,,,,,,,,,
Pouch of Rocks,,,,,,,,,,,,,,,,,,,,,,,,,,
Pouches of Filth,,,,,,,,,,,,,,,,,,,,,,,,,,
Projectile Spike,,,,,,,,,,,,,,,,,,,,,,,,,,
Protean Blood (Greater),,,,,,,,,,,,,,,,,,,,,,,,,,
Protean Blood,,,,,,,,,,,,,,,,,,,,,,,,,,
Protean Heart,,,,,,,,,,,,,,,,,,,,,,,,,,
Pure Earth Essence,,,,,,,,,,,,,,,,,,,,,,,,,,
Pure Flame Essence,,,,,,,,,,,,,,,,,,,,,,,,,,
Pure Frost Crystals,,,,,,,,,,,,,,,,,,,,,,,,,,
Pure Light,,,,,,,,,,,,,,,,,,,,,,,,,,
Quasit Venom,,,,,,,,,,,,,,,,,,,,,,,,,,
Quatoid Hide Strips,,,,,,,,,,,,,,,,,,,,,,,,,,
Quelaunt's Limbs,,,,,,,,,,,,,,,,,,,,,,,,,,
Quetzalcoatlus Skull,,,,,,,,,,,,,,,,,,,,,,,,,,
Quetzalcoatlus Talons,,,,,,,,,,,,,,,,,,,,,,,,,,
Radiant Tongue,,,,,,,,,,,,,,,,,,,,,,,,,,
Rakshasa Hand,,,,,,,,,,,,,,,,,,,,,,,,,,
Rakshasa Rawhide,,,,,,,,,,,,,,,,,,,,,,,,,,
Raw Fungi,,,,,,,,,,,,,,,,,,,,,,,,,,
Raw Plant Stems,,,,,,,,,,,,,,,,,,,,,,,,,,
Raw Meat,,,,2,,edible,,,Harvest Compendium pg. 10,,,,,,,,,,,,,,,,,
Reflecting Eyes,,,,,,,,,,,,,,,,,,,,,,,,,,
Religious Symbol of Nethys,,,,,,,,,,,,,,,,,,,,,,,,,,
Religious Symbol of Pharasma,,,,,,,,,,,,,,,,,,,,,,,,,,
Religious Symbol,,,,,,,,,,,,,,,,,,,,,,,,,,
Religious Text of Nethys,,,,,,,,,,,,,,,,,,,,,,,,,,
Remoraz Rawhide,,,,,,,,,,,,,,,,,,,,,,,,,,
Remorhaz Mandibles,,,,,,,,,,,,,,,,,,,,,,,,,,
Returning Rune Framework,,,,,,,,,,,,,,,,,,,,,,,,,,
Roc Feathers,,,,,,,,,,,,,,,,,,,,,,,,,,
Roper Eye,,,,,,,,,,,,,,,,,,,,,,,,,,
Roper Strands,,,,,,,,,,,,,,,,,,,,,,,,,,
Roper Teeth,,,,,,,,,,,,,,,,,,,,,,,,,,
Rugged Clothes with Tool Belt,,,,,,,,,,,,,,,,,,,,,,,,,,
Rust Monster Antennae,,,,,,,,,,,,,,,,,,,,,,,,,,
Salamander Scales,,,,,,,,,,,,,,,,,,,,,,,,,,
Scalpel,,,,,,,,,,,,,,,,,,,,,,,,,,
Scholarly Robes,,,,,,,,,,,,,,,,,,,,,,,,,,
Scroll Case Filled with Tax Documents,,,,,,,,,,,,,,,,,,,,,,,,,,
Scroll case with Ship's Charts,,,,,,,,,,,,,,,,,,,,,,,,,,
Sea Serpent Blood,,,,,,,,,,,,,,,,,,,,,,,,,,
Sea Serpent Fin,,,,,,,,,,,,,,,,,,,,,,,,,,
Sea Serpent Teeth,,,,,,,,,,,,,,,,,,,,,,,,,,
Servant's Uniform,,,,,,,,,,,,,,,,,,,,,,,,,,
Serving Platter,,,,,,,,,,,,,,,,,,,,,,,,,,
Serving Tray,,,,,,,,,,,,,,,,,,,,,,,,,,
Shadow Shift Cloak,,,,,,,,,,,,,,,,,,,,,,,,,,
Shadow Stock,,,,,,,,,,,,,,,,,,,,,,,,,,
Shambler Vines,,,,,,,,,,,,,,,,,,,,,,,,,,
Shark Teeth,,,,,,,,,,,,,,,,,,,,,,,,,,
Shemhazian Pincher Points,,,,,,,,,,,,,,,,,,,,,,,,,,
Shemhazian Tail,,,,,,,,,,,,,,,,,,,,,,,,,,
Shemhazian Teeth,,,,,,,,,,,,,,,,,,,,,,,,,,
Shield Archon Eyes,,,,,,,,,,,,,,,,,,,,,,,,,,
Shifter Solution,,,,,,,,,,,,,,,,,,,,,,,,,,
Shiv,,,,,,,,,,,,,,,,,,,,,,,,,,
Shoggoth Goo,,,,,,,,,,,,,,,,,,,,,,,,,,
Shuln Claws,,,,,,,,,,,,,,,,,,,,,,,,,,
Shuln Fang,,,,,,,,,,,,,,,,,,,,,,,,,,
Shuln Skeleton,,,,,,,,,,,,,,,,,,,,,,,,,,
Signet Ring,,,,,,,,,,,,,,,,,,,,,,,,,,
Silver Flask,,,,,,,,,,,,,,,,,,,,,,,,,,
Simple Injury Poison,,,,,,,,,,,,,,,,,,,,,,,,,,
Simurgh Blood,,,,,,,,,,,,,,,,,,,,,,,,,,
Simurgh Fangs,,,,,,,,,,,,,,,,,,,,,,,,,,
Simurgh Heart,,,,,,,,,,,,,,,,,,,,,,,,,,
Skeletal Lore Necklace,,,,,,,,,,,,,,,,,,,,,,,,,,
Skullcap of Treerazer,,,,,,,,,,,,,,,,,,,,,,,,,,
Skulltaker Skull,,,,,,,,,,,,,,,,,,,,,,,,,,
Skulltaker's Shroud,,,,,,,,,,,,,,,,,,,,,,,,,,
Sleep Gas,,,,,,,,,,,,,,,,,,,,,,,,,,
Slippery Slime,,,,,,,,,,,,,,,,,,,,,,,,,,
Small Wemmuth Vines,,,,,,,,,,,,,,,,,,,,,,,,,,
Smilodon Fangs,,,,,,,,,,,,,,,,,,,,,,,,,,
Snakeskin (Ball Python),,,,,,,,,,,,,,,,,,,,,,,,,,
Snakeskin (Giant Anaconda),,,,,,,,,,,,,,,,,,,,,,,,,,
Snakeskin (Giant Viper),,,,,,,,,,,,,,,,,,,,,,,,,,
Snakeskin (Viper),,,,,,,,,,,,,,,,,,,,,,,,,,
Soul Gem,,,,,,,,,,,,,,,,,,,,,,,,,,
Spell Essence,,,,,,,,,,,,,,,,,,,,,,,,,,
Sphinx Claws,,,,,,,,,,,,,,,,,,,,,,,,,,
Sphinx Eyes,,,,,,,,,,,,,,,,,,,,,,,,,,
Sphinx Feathers,,,,,,,,,,,,,,,,,,,,,,,,,,
Spider Silk,2,,,5,,ingredient,,,Harvest Compendium pg. 117,,,,,,,,,,,,,,,,,
Spirit Cloth,,,,,,,,,,,,,,,,,,,,,,,,,,
Stegosaurus Dorsal Plates,,,,,,,,,,,,,,,,,,,,,,,,,,
Sticky Adhesive,,,,,,,,,,,,,,,,,,,,,,,,,,
Stone Golem Engine Core,,,,,,,,,,,,,,,,,,,,,,,,,,
Stony Basilisk Eyes,2,,,10,,ingredient,,,Harvest Compendium,,,,,,,,,,,,,,,,,
Striking Rune Framework,,,,,,,,,,,,,,,,,,,,,,,,,,
Stuffed Spider Doll,,,,,,,,,,,,,,,,,,,,,,,,,,
Succubus Horns,,,,,,,,,,,,,,,,,,,,,,,,,,
Succubus Tongue,,,,,,,,,,,,,,,,,,,,,,,,,,
Swift Water,,,,,,,,,,,,,,,,,,,,,,,,,,
Sylvan Wineskin,,,,,,,,,,,,,,,,,,,,,,,,,,
Tarn Linnorm Hide,,,,,,,,,,,,,,,,,,,,,,,,,,
Tax Ledgers,,,,,,,,,,,,,,,,,,,,,,,,,,
Terotricus Infestation Spores,,,,,,,,,,,,,,,,,,,,,,,,,,
Textbook,,,,,,,,,,,,,,,,,,,,,,,,,,
Tiefling Spellbook,,,,,,,,,,,,,,,,,,,,,,,,,,
Tiger Fangs,2,,,5,,"consumable, magical, talisman",uncommon,,Harvest Compendium pg. 25,,,,,,,,,,,,,,,,,
Tiny Plague Doctor Mask,,,,,,,,,,,,,,,,,,,,,,,,,,
Tor Linnorm Hide,,,,,,,,,,,,,,,,,,,,,,,,,,
Toxic (Greater),,,,,,,,,,,,,,,,,,,,,,,,,,
Toxic,,,,,,,,,,,,,,,,,,,,,,,,,,
Triceratops Horns,,,,,,,,,,,,,,,,,,,,,,,,,,
Troll Blood,,,,,,,,,,,,,,,,,,,,,,,,,,
Troll Claws,,,,,,,,,,,,,,,,,,,,,,,,,,
Troll Teeth,,,,,,,,,,,,,,,,,,,,,,,,,,
Trueseeing Eyes,,,,,,,,,,,,,,,,,,,,,,,,,,
Tyrannosaurus Claws,,,,,,,,,,,,,,,,,,,,,,,,,,
Tyrannosaurus Head,,,,,,,,,,,,,,,,,,,,,,,,,,
Undead Bone Dust,,,,,,,,,,,,,,,,,,,,,,,,,,
Unicorn Horn,,,,,,,,,,,,,,,,,,,,,,,,,,
Unprocessed Amnesia Venom,,,,,,,,,,,,,,,,,,,,,,,,,,
Unprocessed Azure Worm Venom,,,,,,,,,,,,,,,,,,,,,,,,,,
Unprocessed Chuul Paralytic Venom,,,,,,,,,,,,,,,,,,,,,,,,,,
Unprocessed Crag Linnorm Venom,,,,,,,,,,,,,,,,,,,,,,,,,,
Unprocessed Crimson Worm Venom,,,,,,,,,,,,,,,,,,,,,,,,,,
Unprocessed Dark Naga Venom,,,,,,,,,,,,,,,,,,,,,,,,,,
Unprocessed Drider Venom,,,,,,,,,,,,,,,,,,,,,,,,,,
Unprocessed Ether Spider Venom,,,,,,,,,,,,,,,,,,,,,,,,,,
Unprocessed Giant Monitor Lizard Venom,,,,,,,,,,,,,,,,,,,,,,,,,,
Unprocessed Giant Octopus Venom,,,,,,,,,,,,,,,,,,,,,,,,,,
Unprocessed Giant Viper Venom,,,,,,,,,,,,,,,,,,,,,,,,,,
Unprocessed Guardian Naga Venom,,,,,,,,,,,,,,,,,,,,,,,,,,
Unprocessed Ice Linnorm Venom,,,,,,,,,,,,,,,,,,,,,,,,,,
Unprocessed Jungle Drake Venom,,,,,,,,,,,,,,,,,,,,,,,,,,
Unprocessed Kraken Ink Poison,,,,,,,,,,,,,,,,,,,,,,,,,,
Unprocessed Pit Fiend Venom,,,,,,,,,,,,,,,,,,,,,,,,,,
Unprocessed Reefclaw Venom,,,,,,,,,,,,,,,,,,,,,,,,,,
Unprocessed Sea Serpent Algae,,,,,,,,,,,,,,,,,,,,,,,,,,
Unprocessed Serpent Venom,,,,,,,,,,,,,,,,,,,,,,,,,,
Unprocessed Shuln Saliva,,,,,,,,,,,,,,,,,,,,,,,,,,
Unprocessed Sin Spirit (Envy),,,,,,,,,,,,,,,,,,,,,,,,,,
Unprocessed Sin Spirit (Gluttony),,,,,,,,,,,,,,,,,,,,,,,,,,
Unprocessed Sin Spirit (Greed),,,,,,,,,,,,,,,,,,,,,,,,,,
Unprocessed Sin Spirit (Lust),,,,,,,,,,,,,,,,,,,,,,,,,,
Unprocessed Sin Spirit (Pride),,,,,,,,,,,,,,,,,,,,,,,,,,
Unprocessed Sin Spirit (Sloth),,,,,,,,,,,,,,,,,,,,,,,,,,
Unprocessed Sin Spirit (Wrath),,,,,,,,,,,,,,,,,,,,,,,,,,
Unprocessed Tarn Linnorm Venom,,,,,,,,,,,,,,,,,,,,,,,,,,
Unprocessed Tor Linnorm Venom,,,,,,,,,,,,,,,,,,,,,,,,,,
Unprocessed Viper Venom,,,,,,,,,,,,,,,,,,,,,,,,,,
Unprocessed Wasp Venom,,,,,,,,,,,,,,,,,,,,,,,,,,
Unprocessed Web Lurker Venom,,,,,,,,,,,,,,,,,,,,,,,,,,
Unprocessed Wyvern Venom,,,,,,,,,,,,,,,,,,,,,,,,,,
Unprocessed Zombie Rot Cure,,,,,,,,,,,,,,,,,,,,,,,,,,
Unprocessed Giant Tarantula Venom,5,,,25,,"alchemical, consumable, injury, poison, processed",,,Harvest Compendium pg. 117,,,,,,,,,,,,,,,,,
Unprocessed Goliath Spider Venom,10,,,175,,"alchemical, consumable, injury, poison, processed",,,Harvest Compendium pg. 117,,,,,,,,,,,,,,,,,
Unprocessed Hunting Spider Venom,1,,,3,,"alchemical, consumable, injury, poison, processed",,,Harvest Compendium pg. 117,,,,,,,,,,,,,,,,,
Unstable Kraken Ink,,,,,,,,,,,,,,,,,,,,,,,,,,
Unsweet Dreams,,,,,,,,,,,,,,,,,,,,,,,,,,
Vampire Blood,,,,,,,,,,,,,,,,,,,,,,,,,,
Vampire Fangs,,,,,,,,,,,,,,,,,,,,,,,,,,
Vampiric Ammunition,,,,,,,,,,,,,,,,,,,,,,,,,,
Veiled Master Tentacles,,,,,,,,,,,,,,,,,,,,,,,,,,
Velociraptor Claw,,,,,,,,,,,,,,,,,,,,,,,,,,
Vorpal Rune Framework,,,,,,,,,,,,,,,,,,,,,,,,,,
Vrock Feathers,,,,,,,,,,,,,,,,,,,,,,,,,,
Vrock Rawhide,,,,,,,,,,,,,,,,,,,,,,,,,,
Vrock Vocal Cords,,,,,,,,,,,,,,,,,,,,,,,,,,
Warg Fangs,2,,,5,,"consumable, magical, talisman",uncommon,,Harvest Compendium pg. 122,,,,,,,,,,,,,,,,,
Weakening Gas,,,,,,,,,,,,,,,,,,,,,,,,,,
Weapon Potency Rune Framework,,,,,,,,,,,,,,,,,,,,,,,,,,
Wendigo Antlers,,,,,,,,,,,,,,,,,,,,,,,,,,
Wendigo Blood,,,,,,,,,,,,,,,,,,,,,,,,,,
Wendigo Eyes,,,,,,,,,,,,,,,,,,,,,,,,,,
Wendigo Pelt,,,,,,,,,,,,,,,,,,,,,,,,,,
Were Blood,,,,,,,,,,,,,,,,,,,,,,,,,,
Whirlwind Vial (Lesser),,,,,,,,,,,,,,,,,,,,,,,,,,
Wight Hand,,,,,,,,,,,,,,,,,,,,,,,,,,
Winter Cloak,5,,,150,,"invested, magical",uncommon,,Harvest Compendium pg. 156,,,,,,,,,,,,,,,,,
Witchwarg Pelt,5,,,,,creature-component,,,Harvest Compendium pg. 122,,,,,,,,,,,,,,,,,
Witchwarg Teeth,2,,,5,,"consumable, magical, talisman",uncommon,,Harvest Compendium pg. 122,,,,,,,,,,,,,,,,,
Work Coat,,,,,,,,,,,,,,,,,,,,,,,,,,
Wounding Rune Framework,,,,,,,,,,,,,,,,,,,,,,,,,,
Wyvern Teeth,,,,,,,,,,,,,,,,,,,,,,,,,,
Alpha Venom Sac Catalyst,6,,,125,,"magical, poison, catalyst, consumable, volatile",Uncommon,,Chimeracrafting,,,,,,,,,,,,,,,,,
Bestial Crafter’s Codex,3,,,60,,"magical, invested, chimeric",Rare,,Homebrew,,,,,,,,,,,,,,,,,Homebrew
Bow of the Eight Legs,7,,,340,,"magical, poison, deadly d10, volley 30 ft.",rare,,Homebrew,,,,,,,,,,,,,,,,,Homebrew
Chimeric Harvesting Tools,0,,,5,,,Uncommon,1,Homebrew,,,,,,,,,,,,,,,,,Homebrew
Codex of the Bound Menagerie,6,,,250,,"magical, invested, chimeric",Rare,,Homebrew,,,,,,,,,,,,,,,,,Homebrew
Codex of the Eidolonic Tapestry,10,,,-,,"magical, invested, chimeric, dream",Unique,,Homebrew,,,,,,,,,,,,,,,,,Homebrew
Cryopod Flask,6,,,120,,"magical, consumable, chimeric, cold",Rare,,Homebrew,,,,,,,,,,,,,,,,,Homebrew
Death's Mantle,7,,,340,,"magical, illusion, fear, emotion, occult",rare,,Homebrew,,,,,,,,,,,,,,,,,Homebrew
Fanged Maw Catalyst,6,,,100,,"magical, poison, catalyst, consumable, death",Uncommon,,Chimeracrafting,,,,,,,,,,,,,,,,,
Ghoul Light Lantern,10,,,900,,"magical, occult, light",uncommon,,Homebrew,,,,,,,,,,,,,,,,,Homebrew
Kyuss Worm Paste,5,,,150,,"consumable, magical",uncommon,L,Dungeon Magazine Issue 126 pg. 38,,,,,,,,,,,,,,,,,
Kyussbane Oil,5,,,150,,"consumable, magical",Uncommon,L,Dungeon Magazine Issue 126 pg. 38,,,,,,,,,,,,,,,,,
Lightning Sword,13,,,3000,,"electricity, magical, sonic",rare,,Homebrew,,,,,,,,,,,,,,,,,Homebrew
Organ Ward Resin,3,,,25,,"alchemical, consumable, chimeric",Uncommon,,Homebrew,,,,,,,,,,,,,,,,,Homebrew
Preserving Salts,1,,,5,,"alchemical, consumable",Common,,Homebrew,,,,,,,,,,,,,,,,,Homebrew
Prismatic Crystal Shard,1,,,5,,"ingredient, magical",,,Homebrew,,,,,,,,,,,,,,,,,Homebrew
Ring of the Wind Dukes,13,,,3000,,"air, electricity, invested, magical",rare,,Homebrew,,,,,,,,,,,,,,,,,Homebrew
Rod of Seven Parts - Fragment One,13,,,,,"artifact, healing, magical, invested",unique,,D&D 3rd Edition Conversion,,,,,,,,,,,,,,,,,
Seal of Law,13,,,,,"artifact, magical",unique,,,,,,,,,,,,,,,,,,,
Silver Diadem of Insight (Awakened),13,,,2800,,"invested, magical",unique,,3rd Edition D&D Conversion,,,,,,,,,,,,,,,,,
Silver Diadem of Insight,3,,,60,,"invested, magical",unique,,3rd Edition D&D Conversion,,,,,,,,,,,,,,,,,
Slimer's Slurp,5,,,29,,"consumable, potion",uncommon,,Homebrew,,,,,,,,,,,,,,,,,Homebrew
Superior Chimeric Harvesting Tools,3,,,75,,magical,Rare,1,Homebrew,,,,,,,,,,,,,,,,,Homebrew
Sword of Aaqa,13,,,3000,,"air, magical",Rare,,3rd Edition D&D Conversion,,,,,,,,,,,,,,,,,
Venomlash Blade,6,,,225,,"magical, poison",Uncommon,,Chimeracrafting,,,,,,,,,,,,,,,,,
Venomlash Talisman,6,,,125,,"magical, poison, talisman, consumable, volatile",Uncommon,,Chimeracrafting,,,,,,,,,,,,,,,,,
Wroggi Frill Catalyst,6,,,80,,"magical, consumable, emotion, fear, catalyst",Uncommon,,Chimeracrafting,,,,,,,,,,,,,,,,,
Wroggi Hide Mantle (Greater),12,,,1800,,"magical, poison, chimeric",Uncommon,,Chimeracrafting,,,,,,,,,,,,,,,,,
Wroggi Hide Mantle (Major),18,,,14000,,"magical, poison, hide",Uncommon,,Chimeracrafting,,,,,,,,,,,,,,,,,
Wroggi Hide Mantle,6,,,250,,"magical, poison, Chimeraic",Uncommon,,Chimeracrafting,,,,,,,,,,,,,,,,,
Icicle,16,,,10000,,"cold, magical, reach",,,Pathfinder GM Core pg. 242,,,,,,,,,,,,,,,,,Paizo
Icy Disposition,11,,,0,,"contract, invested, magical",rare,,Pathfinder #164: Hands of the Devil pg. 75,,,,,,,,,,,,,,,,,Paizo
Illusory Backdrop,10,,,900,,"illusion, magical, structure",rare,3,Pathfinder Lost Omens Rival Academies pg. 56,,,,,,,,,,,,,,,,,Paizo
Illusory Program,1,,,3,,"consumable, illusion, magical",uncommon,,Pathfinder Lost Omens Rival Academies pg. 53,,,,,,,,,,,,,,,,,Paizo
Immaculate Holsters,3,,,52,,"invested, magical",uncommon,,Pathfinder Guns & Gears pg. 180,,,,,,,,,,,,,,,,,Paizo
Immaculate Instrument,12,,,0,,"artifact, divine, mythic",rare,L,Pathfinder War of Immortals pg. 203,,,,,,,,,,,,,,,,,Paizo
Immolation Clan Pistol,10,,,0,,"concussive, cursed, dwarf, fatal-d10, fire, magical",rare,1,Pathfinder Guns & Gears pg. 160,,,,,,,,,,,,,,,,,Paizo
Immovable Arm,9,,,700,,magical,,1,Pathfinder Lost Omens The Grand Bazaar pg. 73,,,,,,,,,,,,,,,,,Paizo
Immovable Tripod,10,,,700,,magical,uncommon,1,Pathfinder Guns & Gears pg. 182,,,,,,,,,,,,,,,,,Paizo
Impact Foam Chassis (Greater),9,,,150,,"consumable, gadget",uncommon,L,Pathfinder Guns & Gears pg. 70,,,,,,,,,,,,,,,,,Paizo
Impact Foam Chassis (Lesser),1,,,3,,"consumable, gadget",uncommon,L,Pathfinder Guns & Gears pg. 70,,,,,,,,,,,,,,,,,Paizo
Impact Foam Chassis (Major),14,,,650,,"consumable, gadget",uncommon,L,Pathfinder Guns & Gears pg. 70,,,,,,,,,,,,,,,,,Paizo
Impact Foam Chassis (Moderate),4,,,15,,"consumable, gadget",uncommon,L,Pathfinder Guns & Gears pg. 70,,,,,,,,,,,,,,,,,Paizo
Impulse Control,1,,,5,,magical,,,Pathfinder Lost Omens The Grand Bazaar pg. 71,,,,,,,,,,,,,,,,,Paizo
Incense Bundle of Annual Blessings,8,,,0,,"consumable, magical",,,Pathfinder Blog,,,,,,,,,,,,,,,,,Paizo
Infernal Health,15,,,0,,"contract, healing, invested, magical",rare,,Pathfinder Lost Omens Legends pg. 10,,,,,,,,,,,,,,,,,Paizo
Inflammation Flask (Greater),12,,,340,,"acid, alchemical, bomb, consumable, disease, splash",uncommon,L,Pathfinder #203: Shepherd of Decay pg. 75,,,,,,,,,,,,,,,,,Paizo
Inflammation Flask (Lesser),2,,,5,,"acid, alchemical, bomb, consumable, disease, splash",uncommon,L,Pathfinder #203: Shepherd of Decay pg. 75,,,,,,,,,,,,,,,,,Paizo
Inflammation Flask (Major),18,,,3750,,"acid, alchemical, bomb, consumable, disease, splash",uncommon,L,Pathfinder #203: Shepherd of Decay pg. 75,,,,,,,,,,,,,,,,,Paizo
Inflammation Flask (Moderate),4,,,15,,"acid, alchemical, bomb, consumable, disease, splash",uncommon,L,Pathfinder #203: Shepherd of Decay pg. 75,,,,,,,,,,,,,,,,,Paizo
Inquisitive Quill,4,,,0,,"intelligent, magical",rare,,Pathfinder Treasure Vault pg. 194,,,,,,,,,,,,,,,,,Paizo
Inspiring Spotlight (Mounted),15,,,650,,"light, magical",uncommon,8,Pathfinder Lost Omens Rival Academies pg. 73,,,,,,,,,,,,,,,,,Paizo
Inspiring Spotlight (Portable),9,,,650,,"light, magical",uncommon,3,Pathfinder Lost Omens Rival Academies pg. 73,,,,,,,,,,,,,,,,,Paizo
Inubrix,8+,,,,,precious,uncommon,,Pathfinder GM Core pg. 253,,,,,,,,,,,,,,,,,Paizo
Iris of the Sky,6,,,240,,"concussive, fatal-aim-d12, magical",unique,1,Pathfinder Guns & Gears pg. 165,,,,,,,,,,,,,,,,,Paizo
Irritating Seedpod (Greater),10,,,190,,"catalyst, consumable, magical",uncommon,L,Pathfinder #203: Shepherd of Decay pg. 77,,,,,,,,,,,,,,,,,Paizo
Irritating Seedpod (Lesser),3,,,11,,"catalyst, consumable, magical",uncommon,L,Pathfinder #203: Shepherd of Decay pg. 77,,,,,,,,,,,,,,,,,Paizo
Irritating Seedpod (Major),14,,,800,,"catalyst, consumable, magical",uncommon,L,Pathfinder #203: Shepherd of Decay pg. 77,,,,,,,,,,,,,,,,,Paizo
Irritating Seedpod,7,,,55,,"catalyst, consumable, magical",uncommon,L,Pathfinder #203: Shepherd of Decay pg. 77,,,,,,,,,,,,,,,,,Paizo
Jahan Waystone,21,,,0,,"artifact, magical, teleportation",rare,,Pathfinder Lost Omens The Mwangi Expanse pg. 207,,,,,,,,,,,,,,,,,Paizo
Jax,8,,,0,,"combination, concussive, cursed, divine, fatal-aim-d10, intelligent",unique,,Pathfinder #179: Cradle of Quartz pg. 77,,,,,,,,,,,,,,,,,Paizo
Kalmaug's Journal,5,,,0,,"grimoire, invested, magical, relic",unique,1,Pathfinder #194: Cult of the Cave Worm pg. 78,,,,,,,,,,,,,,,,,Paizo
Keep Stone,0,,,,,precious,rare,,Pathfinder Lost Omens Highhelm pg. 113,,,,,,,,,,,,,,,,,Paizo
Key to the Stomach,9,,,0,,"contract, invested, magical",rare,,Pathfinder Dark Archive pg. 165,,,,,,,,,,,,,,,,,Paizo
Kimanéz Luminescent Toadstool,3,,,9,,"consumable, fungus, light, magical",rare,L,Pathfinder Lost Omens Rival Academies pg. 107,,,,,,,,,,,,,,,,,Paizo
Kinburi's Sandals of Bounding,9,,,700,,"invested, magical",unique,L,Pathfinder #198: No Breath to Cry pg. 306,,,,,,,,,,,,,,,,,Paizo
Kindled Tome,11,,,900,,"grimoire, intelligent, magical",rare,L,Pathfinder Treasure Vault pg. 195,,,,,,,,,,,,,,,,,Paizo
Kinetic Club,7,,,325,,"backswing, earth, magical, shove",uncommon,2,"Pathfinder #208: Hoof, Cinder, and Storm pg. 77",,,,,,,,,,,,,,,,,Paizo
Kora of the Unending Story,14,,,4500,,"coda, occult, staff",rare,1,Pathfinder #211: The Secret of Deathstalk Tower pg. 83,,,,,,,,,,,,,,,,,Paizo
Kortos Diamond,22,,,0,,"artifact, divine, versatile-p",unique,1,Pathfinder #156: The Apocalypse Prophet pg. 68,,,,,,,,,,,,,,,,,Paizo
Krasovnatype,4,,,15,,"consumable, gadget",uncommon,,Pathfinder Lost Omens Rival Academies pg. 92,,,,,,,,,,,,,,,,,Paizo
Lance of Sun's Radiance,11,,,1450,,"deadly-d8, jousting-d6, light, magical, reach",rare,2,Pathfinder #202: Severed at the Root pg. 77,,,,,,,,,,,,,,,,,Paizo
Large Bore Modifications,5,,,120,,,uncommon,1,Pathfinder Guns & Gears pg. 183,,,,,,,,,,,,,,,,,Paizo
Lastwall Soup (Greater),18,,,3500,,"alchemical, consumable, elixir",uncommon,L,Pathfinder Lost Omens Knights of Lastwall pg. 92,,,,,,,,,,,,,,,,,Paizo
Lastwall Soup (Improved),10,,,160,,"alchemical, consumable, elixir",uncommon,L,Pathfinder Lost Omens Knights of Lastwall pg. 92,,,,,,,,,,,,,,,,,Paizo
Lesser Cube of Nex,20,,,0,,"artifact, magical",unique,,Pathfinder Lost Omens Impossible Lands pg. 304,,,,,,,,,,,,,,,,,Paizo
Leydroth Spellbreaker,17,,,15000,,"concussive, magical, scatter-10",,2,Pathfinder Howl of the Wild pg. rare,,,,,,,,,,,,,,,,,Paizo
Liar's Gun,7,,,360,,"capacity-4, cobbled, concussive, fatal-d8, magical",uncommon,1,Pathfinder Guns & Gears pg. 157,,,,,,,,,,,,,,,,,Paizo
Life-Saver Mail (Greater),20,,,52500,,"invested, magical",,3,Pathfinder GM Core pg. 230,,,,,,,,,,,,,,,,,Paizo
Life-Saver Mail,14,,,4000,,"invested, magical",,3,Pathfinder GM Core pg. 230,,,,,,,,,,,,,,,,,Paizo
Light Writer Plates,6,,,3,,"clockwork, light",rare,,Pathfinder Guns & Gears pg. 88,,,,,,,,,,,,,,,,,Paizo
Lion's Armor (Greater),19,,,30500,,"invested, magical",,,Pathfinder GM Core pg. 230,,,,,,,,,,,,,,,,,Paizo
Lion's Armor,12,,,2000,,"invested, magical",,,Pathfinder GM Core pg. 230,,,,,,,,,,,,,,,,,Paizo
Liver Bloodstone of Arazni,11,,,0,,"artifact, divine",unique,1,Pathfinder Claws of the Tyrant pg. 109,,,,,,,,,,,,,,,,,Paizo
Lodestone Shield,11,,,1350,,magical,,1,Pathfinder GM Core pg. 234,,,,,,,,,,,,,,,,,Paizo
Lost Ember,10,,,0,,"contract, invested, magical",rare,,Pathfinder Dark Archive pg. 165,,,,,,,,,,,,,,,,,Paizo
Lucky Draw Bandolier (Greater),12,,,2000,,"invested, magical",uncommon,,Pathfinder Guns & Gears pg. 180,,,,,,,,,,,,,,,,,Paizo
Lucky Draw Bandolier,9,,,700,,"invested, magical",uncommon,,Pathfinder Guns & Gears pg. 180,,,,,,,,,,,,,,,,,Paizo
Lucky Keepsake,9,,,0,,leshy,,,Pathfinder Lost Omens Character Guide pg. 69,,,,,,,,,,,,,,,,,Paizo
Lung Bloodstone of Arazni,11,,,0,,"artifact, divine",unique,1,Pathfinder Claws of the Tyrant pg. 109,,,,,,,,,,,,,,,,,Paizo
Madcap Top,8,,,459,,magical,rare,L,Pathfinder GM Core pg. 274,,,,,,,,,,,,,,,,,Paizo
Maelstromic Destabilizer (Lesser),2,,,6,,"consumable, gadget, spirit",uncommon,L,Pathfinder Lost Omens Rival Academies pg. 92,,,,,,,,,,,,,,,,,Paizo
Maelstromic Destabilizer (Major),17,,,2750,,"consumable, gadget, spirit",uncommon,L,Pathfinder Lost Omens Rival Academies pg. 92,,,,,,,,,,,,,,,,,Paizo
Maelstromic Destabilizer (Moderate),7,,,65,,"consumable, gadget, spirit",uncommon,L,Pathfinder Lost Omens Rival Academies pg. 92,,,,,,,,,,,,,,,,,Paizo
Magical Prosthetic Eye,1,,,5,,magical,,L,Pathfinder Treasure Vault pg. 105,,,,,,,,,,,,,,,,,Paizo
Magnetic Suit (Greater),10,,,200,,"aura, consumable",,1,Pathfinder Guns & Gears pg. 71,,,,,,,,,,,,,,,,,Paizo
Magnetic Suit (Major),16,,,2000,,"aura, consumable",,1,Pathfinder Guns & Gears pg. 71,,,,,,,,,,,,,,,,,Paizo
Magnetic Suit,4,,,20,,"aura, consumable",,1,Pathfinder Guns & Gears pg. 71,,,,,,,,,,,,,,,,,Paizo
Magnetite Scope (Greater),17,,,16000,,magical,,L,Pathfinder Guns & Gears pg. 181,,,,,,,,,,,,,,,,,Paizo
Magnetite Scope,9,,,800,,magical,,L,Pathfinder Guns & Gears pg. 181,,,,,,,,,,,,,,,,,Paizo
Magnifying Scope (Greater),9,,,800,,magical,,L,Pathfinder Guns & Gears pg. 181,,,,,,,,,,,,,,,,,Paizo
Magnifying Scope (Major),17,,,16000,,magical,,L,Pathfinder Guns & Gears pg. 181,,,,,,,,,,,,,,,,,Paizo
Magnifying Scope,3,,,70,,magical,,L,Pathfinder Guns & Gears pg. 181,,,,,,,,,,,,,,,,,Paizo
Majordomo Torc,6,,,200,,"intelligent, invested, magical",Rare,L,Pathfinder Treasure Vault pg. 195,,,,,,,,,,,,,,,,,Paizo
Malefic Mirror,11,,,0,,"invested, occult, scrying, unholy",Rare,2,Pathfinder NPC Core pg. 107,,,,,,,,,,,,,,,,,Paizo
Mantle of the Grogrisant,18,,,22000,,"invested, primal",Unique,L,Pathfinder Lost Omens Monsters of Myth pg. 35,,,,,,,,,,,,,,,,,Paizo
Marvelous Miniature (Boat),8,,,76,,"consumable, expandable, magical",,,Pathfinder GM Core pg. 268,,,,,,,,,,,,,,,,,Paizo
Marvelous Miniature (Campfire),1,,,1,,"consumable, expandable, magical",,,Pathfinder GM Core,,,,,,,,,,,,,,,,,Paizo
Marvelous Miniature (Chest),3,,,10,,"consumable, expandable, magical",,,Pathfinder GM Core pg. 268,,,,,,,,,,,,,,,,,Paizo
Marvelous Miniature (Horse),4,,,13,,"consumable, expandable, magical",,,Pathfinder GM Core,,,,,,,,,,,,,,,,,Paizo
Marvelous Miniature (Ladder),1,,,3,,"consumable, expandable, magical",,,Pathfinder GM Core,,,,,,,,,,,,,,,,,Paizo
Mat of Resilience (Greater),12,,,1800,,magical,Uncommon,1,Pathfinder #209: Destroyer's Doom pg. 83,,,,,,,,,,,,,,,,,Paizo
Mat of Resilience,7,,,330,,magical,Uncommon,1,Pathfinder #209: Destroyer's Doom pg. 83,,,,,,,,,,,,,,,,,Paizo
Material Essence Disruptor (Greater),11,,,300,,"consumable, gadget",Uncommon,1,Pathfinder Guns & Gears pg. 71,,,,,,,,,,,,,,,,,Paizo
Material Essence Disruptor (Lesser),3,,,12,,"consumable, gadget",Uncommon,1,Pathfinder Guns & Gears pg. 71,,,,,,,,,,,,,,,,,Paizo
Material Essence Disruptor (Major),15,,,1300,,"consumable, gadget",Uncommon,1,Pathfinder Guns & Gears pg. 71,,,,,,,,,,,,,,,,,Paizo
Material Essence Disruptor (Moderate),7,,,70,,"consumable, gadget",Uncommon,1,Pathfinder Guns & Gears pg. 71,,,,,,,,,,,,,,,,,Paizo
Medusa Armor,14,,,0,,"cursed, invested, magical",Rare,2,Pathfinder GM Core pg. 306,,,,,,,,,,,,,,,,,Paizo
Meteor Shot (Greater),12,,,400,,"consumable, fire, magical, splash",Uncommon,,Pathfinder Guns & Gears pg. 171,,,,,,,,,,,,,,,,,Paizo
Meteor Shot (Major),17,,,3000,,"consumable, fire, magical, splash",Uncommon,,Pathfinder Guns & Gears pg. 171,,,,,,,,,,,,,,,,,Paizo
Meteor Shot,7,,,70,,"consumable, fire, magical, splash",Uncommon,,Pathfinder Guns & Gears pg. 171,,,,,,,,,,,,,,,,,Paizo
Metuak's Pendant,5,,,155,,"invested, magical",Unique,L,Pathfinder #176: Lost Mammoth Valley pg. 81,,,,,,,,,,,,,,,,,Paizo
Mindlance,,,,,,,,,,,,,,,,,,,,,,,,,,
Mindmurk Oil,4,,,0,,"alchemical, consumable, ingested, poison",Uncommon,L,Pathfinder Society Scenario #1-23: The Star-Crossed Court,,,,,,,,,,,,,,,,,Paizo
Mindrender Baton,15,,,6500,,"tech, rare",,1,Pathfinder Kingmaker,,,,,,,,,,,,,,,,,Paizo
Minotaur Chair,9,,,600,,magical,,4,Pathfinder Lost Omens The Grand Bazaar,,,,,,,,,,,,,,,,,Paizo
Miogimo's Mask,16,,,9500,,"invested, magical",Unique,L,Pathfinder #161: Belly of the Black Whale,,,,,,,,,,,,,,,,,Paizo
Mirror Implement,,,,,,,,,,,,,,,,,,,,,,,,,,
Mirror of Sorshen,25,,,0,,"artifact, magical",Unique,L,Pathfinder GM Core,,,,,,,,,,,,,,,,,Paizo
Mocker's Swazzle,13,,,3000,,magical,Unique,L,Pathfinder #204: Stage Fright,,,,,,,,,,,,,,,,,Paizo
Monarch,,,,,,,,,,,,,,,,,,,,,,,,,,
Monster Suit,5,,,80,,,Uncommon,2,Pathfinder Lost Omens Rival Academies,,,,,,,,,,,,,,,,,Paizo
Moonkeep Hyacinth,12,,,400,,"consumable, magical, plant",Rare,L,Pathfinder #213: Thirst for Blood,,,,,,,,,,,,,,,,,Paizo
Moonkeep Lily,5,,,30,,"consumable, magical, plant",Rare,L,Pathfinder #213: Thirst for Blood,,,,,,,,,,,,,,,,,Paizo
Moonkeep Orchid,5,,,30,,"consumable, magical, plant",Rare,L,Pathfinder #213: Thirst for Blood,,,,,,,,,,,,,,,,,Paizo
Moritype (Greater),16,,,2000,,"consumable, gadget, void",Rare,L,Pathfinder Lost Omens Rival Academies,,,,,,,,,,,,,,,,,Paizo
moritype,,,,,,,,,,,,,,,,,,,,,,,,,,
Morning Glow,14,,,4456,,"elf, finesse, forceful, magical",Unique,2,Pathfinder #210: Whispers in the Dirt,,,,,,,,,,,,,,,,,Paizo
Motivating Treat Bag,5,,,135,,magical,Uncommon,L,"Pathfinder #208: Hoof, Cinder, and Storm",,,,,,,,,,,,,,,,,Paizo
Mountebank's Passage,15,,,0,,"concussive, fatal-d8, magical",Unique,1,Pathfinder Guns & Gears,,,,,,,,,,,,,,,,,Paizo
Musical Instrument (Handheld),,,,,,,,,,,,,,,,,,,,,,,,,,
Musical Instrument (Heavy),,,,,,,,,,,,,,,,,,,,,,,,,,
Musical Instrument (Virtuoso handheld),3,,,50,,,,1,Pathfinder Player Core,,,,,,,,,,,,,,,,,Paizo
Musical Instrument (Virtuoso heavy),3,,,100,,,,16,Pathfinder Player Core,,,,,,,,,,,,,,,,,Paizo
Musket Staff of Force,4,,,100,,"concussive, fatal-d10, force, magical, staff",Rare,1,Pathfinder NPC Core,,,,,,,,,,,,,,,,,Paizo
Musket Staff of Void,4,,,100,,"concussive, fatal-d10, magical, staff, void",Rare,1,Pathfinder NPC Core,,,,,,,,,,,,,,,,,Paizo
Mutator Onyx,3,,,10,,"alchemical, consumable, earth",Rare,L,Pathfinder Lost Omens Rival Academies,,,,,,,,,,,,,,,,,Paizo
Mycoweave Shield (Major),16,,,40,,,Uncommon,1,Pathfinder #193: Mantle of Gold,,,,,,,,,,,,,,,,,Paizo
Mythic Armor Potency,20,,,70000,,"magical, mythic",Rare,,Pathfinder War of Immortals,,,,,,,,,,,,,,,,,Paizo
Mythic Resilient,20,,,70000,,"magical, mythic",Rare,,Pathfinder War of Immortals,,,,,,,,,,,,,,,,,Paizo
Mythic Striking,20,,,70000,,"magical, mythic",Rare,,Pathfinder War of Immortals,,,,,,,,,,,,,,,,,Paizo
Mythic Weapon Potency,20,,,70000,,"magical, mythic",Rare,,Pathfinder War of Immortals,,,,,,,,,,,,,,,,,Paizo
Nail Bomb (Greater),12,,,350,,"alchemical, bomb, consumable, splash",Uncommon,L,Pathfinder #202: Severed at the Root,,,,,,,,,,,,,,,,,Paizo
Nail Bomb (Lesser),2,,,8,,"alchemical, bomb, consumable, splash",Uncommon,L,Pathfinder #202: Severed at the Root,,,,,,,,,,,,,,,,,Paizo
Nail Bomb (Major),18,,,4000,,"alchemical, bomb, consumable, splash",Uncommon,L,Pathfinder #202: Severed at the Root,,,,,,,,,,,,,,,,,Paizo
Nail Bomb (Moderate),4,,,16,,"alchemical, bomb, consumable, splash",Uncommon,L,Pathfinder #202: Severed at the Root,,,,,,,,,,,,,,,,,Paizo
Navigator's Feather,2,,,6,,"consumable, magical, talisman",Uncommon,L,Pathfinder #202: Severed at the Root,,,,,,,,,,,,,,,,,Paizo
Necrotic Cap (Greater),11,,,350,,"catalyst, consumable, magical",Uncommon,L,Pathfinder #202: Severed at the Root,,,,,,,,,,,,,,,,,Paizo
Necrotic Cap (Lesser),4,,,18,,"catalyst, consumable, magical",Uncommon,L,Pathfinder #202: Severed at the Root,,,,,,,,,,,,,,,,,Paizo
Necrotic Cap (Major),15,,,1200,,"catalyst, consumable, magical",Uncommon,L,Pathfinder #202: Severed at the Root,,,,,,,,,,,,,,,,,Paizo
Necrotic Cap (Moderate),8,,,80,,"catalyst, consumable, magical",Uncommon,L,Pathfinder #202: Severed at the Root,,,,,,,,,,,,,,,,,Paizo
Needle of Undeath,10,,,1150,,magical,Rare,L,Pathfinder #209: Destroyer's Doom,,,,,,,,,,,,,,,,,Paizo
Net Launcher,1,,,16,,,Rare,1,Pathfinder Guns & Gears,,,,,,,,,,,,,,,,,Paizo
Netherwalk Incense,11,,,300,,"consumable, magical, shadow, teleportation",Rare,,Pathfinder #204: Stage Fright,,,,,,,,,,,,,,,,,Paizo
Nightmare's Lament,6,,,230,,"combination, concussive, fatal-d8, magical",Uncommon,1,Pathfinder Howl of the Wild,,,,,,,,,,,,,,,,,Paizo
Nomad's Shawl,7,,,330,,"invested, magical",Uncommon,L,"Pathfinder #208: Hoof, Cinder, and Storm",,,,,,,,,,,,,,,,,Paizo
Nostalgic Pot,7,,,300,,magical,Uncommon,L,"Pathfinder #208: Hoof, Cinder, and Storm",,,,,,,,,,,,,,,,,Paizo
Oath of the Devoted,9,,,0,,"contract, divine, invested, magical",Rare,,Pathfinder Lost Omens The Mwangi Expanse,,,,,,,,,,,,,,,,,Paizo
Oathlamp of Accord,3,,,50,,"light, magical, mental",Rare,L,Pathfinder Lost Omens Rival Academies,,,,,,,,,,,,,,,,,Paizo
Obsidian Edge (Greater),9,,,700,,"combination, concussive, fire, kickback, magical",Uncommon,2,Pathfinder Rage of Elements,,,,,,,,,,,,,,,,,Paizo
Obsidian Edge (Major),12,,,1800,,"combination, concussive, fire, kickback, magical",Uncommon,2,Pathfinder Rage of Elements,,,,,,,,,,,,,,,,,Paizo
Obsidian Edge (True),18,,,22000,,"combination, concussive, fire, kickback, magical",Uncommon,2,Pathfinder Rage of Elements,,,,,,,,,,,,,,,,,Paizo
Obsidian Edge,6,,,250,,"combination, concussive, fire, kickback, magical",Uncommon,2,Pathfinder Rage of Elements,,,,,,,,,,,,,,,,,Paizo
Obsidian,,,,,,,,,,,,,,,,,,,,,,,,,,
Ochre Fulcrum Lens,11,,,1400,,"invested, occult",Unique,2,Pathfinder Abomination Vaults Hardcover Compilation,,,,,,,,,,,,,,,,,Paizo
Oculus of Abaddon,15,,,0,,"artifact, magical",Rare,,Pathfinder Kingmaker,,,,,,,,,,,,,,,,,Paizo
Oil of Potency (Greater),12,,,400,,"consumable, magical, oil",,L,Pathfinder GM Core,,,,,,,,,,,,,,,,,Paizo
Oil of Potency (Major),19,,,8000,,"consumable, magical, oil",,L,Pathfinder GM Core,,,,,,,,,,,,,,,,,Paizo
Old Tillimaquin,12,,,2000,,,Unique,3,Pathfinder Dark Archive,,,,,,,,,,,,,,,,,Paizo
Bloodhound Olfactory Stimulators,5,,,136,,magical,,L,Pathfinder Treasure Vault,,,,,,,,,,,,,,,,,Paizo
Olfactory Stimulators,1,,,5,,magical,,,Pathfinder Treasure Vault,,,,,,,,,,,,,,,,,Paizo
One-Hour Flower,1,,,4,,"consumable, magical",Rare,,Pathfinder Lost Omens Rival Academies,,,,,,,,,,,,,,,,,Paizo
Oracular Hag Eye,4,,,75,,"invested, occult, scrying",Rare,L,Pathfinder #182: Graveclaw,,,,,,,,,,,,,,,,,Paizo
Orb of Dragonkind,25,,,0,,"arcane, artifact, unique",,1,Pathfinder #150: Broken Promises,,,,,,,,,,,,,,,,,Paizo
Orb Shard,20,,,0,,"agile, artifact, finesse, magical, versatile-s",Rare,1,Pathfinder #150: Broken Promises,,,,,,,,,,,,,,,,,Paizo
Orc Warmask,,,,,,,,,,,,,,,,,,,,,,,,,,
Orc Skewermaul,0,,,2,,"brace, orc, two-hand-d10, versatile-p",Uncommon,1,Pathfinder #207: The Resurrection Flood,,,,,,,,,,,,,,,,,Paizo
Osteomancer's Pouch,8,,,480,,magical,Uncommon,,"Pathfinder #208: Hoof, Cinder, and Storm",,,,,,,,,,,,,,,,,Paizo
Overloaded Brain Grenade,10,,,200,,"alchemical, consumable, fire, mental, splash",Unique,1,Pathfinder Special: Fumbus!,,,,,,,,,,,,,,,,,Paizo
Ovinrbaane,,,,,,,,,,,,,,,,,,,,,,,,,,
Pact-Bound Pistol,10,,,0,,"concealable, concussive, cursed, fatal-d10, fire, magical, unholy",Rare,L,Pathfinder Guns & Gears,,,,,,,,,,,,,,,,,Paizo
Pact of Blood-Taking,5,,,0,,"contract, invested, magical, rare",,,Pathfinder #164: Hands of the Devil,,,,,,,,,,,,,,,,,Paizo
palstave,,,,,,,,,,,,,,,,,,,,,,,,,,
Parade armor with flourishes,,,,,,,,,,,,,,,,,,,,,,,,,,
Paradise Light,10,,,1100,,"invested, light, magical",Rare,L,Pathfinder #202: Severed at the Root,,,,,,,,,,,,,,,,,Paizo
Passage Charm,10,,,1000,,"invested, magical, shadow",Rare,L,Pathfinder #202: Severed at the Root,,,,,,,,,,,,,,,,,Paizo
Passage Pane,25,,,0,,"artifact, divine, teleportation",Rare,3,Pathfinder #186: Ghost King's Rage,,,,,,,,,,,,,,,,,Paizo
Pathfinder's Mentor,6,,,200,,"illusion, intelligent, invested, magical",Rare,,Pathfinder Treasure Vault,,,,,,,,,,,,,,,,,Paizo
Pelt of the Beast,,,,,,,,,,,,,,,,,,,,,,,,,,
Pepper Poultice,7,,,55,,"alchemical, consumable",Uncommon,,"Pathfinder #208: Hoof, Cinder, and Storm",,,,,,,,,,,,,,,,,Paizo
Pepperbox,,,,,,,,,,,,,,,,,,,,,,,,,,
Perfected Robes,22,,,0,,"artifact, divine, invested",Rare,L,Pathfinder Treasure Vault,,,,,,,,,,,,,,,,,Paizo
Perfection's First Step,5,,,23,,"consumable, mental, occult, water",Uncommon,,Pathfinder Lost Omens Rival Academies,,,,,,,,,,,,,,,,,Paizo
Persistent Lodestone,7,,,55,,"consumable, magical, talisman",,,Pathfinder Guns & Gears,,,,,,,,,,,,,,,,,Paizo
Peshpine Grenade (Greater),11,,,250,,"alchemical, bomb, consumable, splash",Uncommon,L,Pathfinder #149: Against the Scarlet Triad pg. 77,,,,,,,,,,,,,,,,,Paizo
Peshpine Grenade (Lesser),1,,,3,,"alchemical, bomb, consumable, splash",Uncommon,L,Pathfinder #149: Against the Scarlet Triad pg. 77,,,,,,,,,,,,,,,,,Paizo
Peshpine Grenade (Major),17,,,2500,,"alchemical, bomb, consumable, splash",Uncommon,L,Pathfinder #149: Against the Scarlet Triad pg. 77,,,,,,,,,,,,,,,,,Paizo
Peshpine Grenade (Moderate),3,,,10,,"alchemical, bomb, consumable, splash",Uncommon,L,Pathfinder #149: Against the Scarlet Triad pg. 77,,,,,,,,,,,,,,,,,Paizo
Petrification Cannon,15,,,6500,,"concussive, double-barrel, fatal-d10, magical",Uncommon,1,Pathfinder Guns & Gears,,,,,,,,,,,,,,,,,Paizo
Phantom Piano,12,,,100,,"focused, intelligent, occult",Rare,16,Pathfinder Treasure Vault,,,,,,,,,,,,,,,,,Paizo
Pharasmin Visor,13,,,3000,,"invested, magical",Rare,L,Pathfinder #210: Whispers in the Dirt,,,,,,,,,,,,,,,,,Paizo
Philosopher's Extractor,25,,,0,,"artifact, magical",Rare,8,Pathfinder GM Core,,,,,,,,,,,,,,,,,Paizo
Phoenix Fighting Fan,20,,,0,,"agile, artifact, backstabber, deadly-d6, finesse, magical, monk",Rare,L,Pathfinder #166: Despair on Danger Island,,,,,,,,,,,,,,,,,Paizo
Phoenix Necklace,20,,,0,,"artifact, healing, magical",Rare,,Pathfinder #166: Despair on Danger Island,,,,,,,,,,,,,,,,,Paizo
Piercing Wind,0,,,15,,"combination, concussive, fatal-aim-d10",Uncommon,1,Pathfinder Guns & Gears,,,,,,,,,,,,,,,,,Paizo
Pilgrim's Token,,,,,,,,,,,,,,,,,,,,,,,,,,
Pistol of Wonder,13,,,3000,,"concussive, fatal-d8, magical, rare",,1,Pathfinder Guns & Gears,,,,,,,,,,,,,,,,,Paizo
Pistol Wand,4,,,100,,"concussive, fatal-d8, magical, wand",Rare,1,Pathfinder Guns & Gears,,,,,,,,,,,,,,,,,Paizo
Plate of Yled (Greater),8,,,415,,"bulwark, invested, magical",Rare,4,Pathfinder Wake the Dead #5,,,,,,,,,,,,,,,,,Paizo
Plate of Yled (Major),11,,,1160,,"bulwark, invested, magical",Rare,4,Pathfinder Wake the Dead #5,,,,,,,,,,,,,,,,,Paizo
Plate of Yled (True),14,,,3600,,"bulwark, invested, magical",Rare,4,Pathfinder Wake the Dead #5,,,,,,,,,,,,,,,,,Paizo
Plate of Yled,6,,,250,,"bulwark, invested, magical",Rare,4,Pathfinder Wake the Dead #5,,,,,,,,,,,,,,,,,Paizo
Poison Sedum,,,,,,,,,,,,,,,,,,,,,,,,,,
Portable Seal (Lesser),6,,,45,,"consumable, gadget, magical",Uncommon,1,Pathfinder Lost Omens Rival Academies,,,,,,,,,,,,,,,,,Paizo
Portable Seal (Major),18,,,5000,,"consumable, gadget, magical",Uncommon,1,Pathfinder Lost Omens Rival Academies,,,,,,,,,,,,,,,,,Paizo
Portable Seal (Moderate),12,,,400,,"consumable, gadget, magical",Uncommon,1,Pathfinder Lost Omens Rival Academies,,,,,,,,,,,,,,,,,Paizo
Portable Weapon Mount (Monopod),1,,,2,,,Uncommon,1,Pathfinder Guns & Gears,,,,,,,,,,,,,,,,,Paizo
Portable Weapon Mount (Shielded Tripod),5,,,50,,,Uncommon,3,Pathfinder Guns & Gears,,,,,,,,,,,,,,,,,Paizo
Potency Crystal (Greater),9,,,150,,"consumable, magical, talisman",,,Pathfinder GM Core,,,,,,,,,,,,,,,,,Paizo
Potency Crystal (Major),15,,,1300,,"consumable, magical, talisman",,,Pathfinder GM Core,,,,,,,,,,,,,,,,,Paizo
Potion of Acid Resistance (Greater),14,,,850,,"consumable, magical, potion",,L,Pathfinder GM Core,,,,,,,,,,,,,,,,,Paizo
Potion of Acid Resistance (Lesser),6,,,45,,"consumable, magical, potion",,L,Pathfinder GM Core,,,,,,,,,,,,,,,,,Paizo
Potion of Acid Resistance (Moderate),10,,,180,,"consumable, magical, potion",,L,Pathfinder GM Core,,,,,,,,,,,,,,,,,Paizo
Potion of Cold Resistance (Greater),14,,,850,,"consumable, magical, potion",,L,Pathfinder GM Core,,,,,,,,,,,,,,,,,Paizo
Potion of Cold Resistance (Lesser),6,,,45,,"consumable, magical, potion",,L,Pathfinder GM Core,,,,,,,,,,,,,,,,,Paizo
Potion of Cold Resistance (Moderate),10,,,180,,"consumable, magical, potion",,L,Pathfinder GM Core,,,,,,,,,,,,,,,,,Paizo
Potion of Electricity Resistance (Greater),14,,,850,,"consumable, magical, potion",,L,Pathfinder GM Core,,,,,,,,,,,,,,,,,Paizo
Potion of Electricity Resistance (Lesser),6,,,45,,"consumable, magical, potion",,L,Pathfinder GM Core,,,,,,,,,,,,,,,,,Paizo
Potion of Electricity Resistance (Moderate),10,,,180,,"consumable, magical, potion",,L,Pathfinder GM Core,,,,,,,,,,,,,,,,,Paizo
Potion of Fire Resistance (Greater),14,,,850,,"consumable, magical, potion",,L,Pathfinder GM Core,,,,,,,,,,,,,,,,,Paizo
Potion of Fire Resistance (Lesser),6,,,45,,"consumable, magical, potion",,L,Pathfinder GM Core,,,,,,,,,,,,,,,,,Paizo
Potion of Fire Resistance (Moderate),10,,,180,,"consumable, magical, potion",,L,Pathfinder Core Rulebook,,,,,,,,,,,,,,,,,Paizo
Potion of Passing Fancy,4,,,20,,"consumable, magical, potion, uncommon",,L,"Pathfinder #205: Singer, Stalker, Skinsaw Man",,,,,,,,,,,,,,,,,Paizo
Potion of Retaliation (Greater),12,,,400,,"consumable, magical, potion",,,Pathfinder Player Core 2 pg. 304,,,,,,,,,,,,,,,,,Paizo
Potion of Retaliation (Lesser),3,,,12,,"consumable, magical, potion",,,Pathfinder Player Core 2 pg. 304,,,,,,,,,,,,,,,,,Paizo
Potion of Retaliation (Major),18,,,5000,,"consumable, magical, potion",,,Pathfinder Player Core 2 pg. 304,,,,,,,,,,,,,,,,,Paizo
Potion of Retaliation (Minor),1,,,4,,"consumable, magical, potion",,,Pathfinder Player Core 2 pg. 304,,,,,,,,,,,,,,,,,Paizo
Potion of Retaliation (Moderate),6,,,50,,"consumable, magical, potion",,,Pathfinder Player Core 2 pg. 304,,,,,,,,,,,,,,,,,Paizo
Potion of Sonic Resistance (Greater),14,,,850,,"consumable, magical, potion",,L,Pathfinder GM Core,,,,,,,,,,,,,,,,,Paizo
Potion of Sonic Resistance (Lesser),6,,,45,,"consumable, magical, potion",,L,Pathfinder GM Core,,,,,,,,,,,,,,,,,Paizo
Potion of Sonic Resistance (Moderate),10,,,180,,"consumable, magical, potion",,L,Pathfinder GM Core,,,,,,,,,,,,,,,,,Paizo
Power Suit,,,,,,,,,,,,,,,,,,,,,,,,,,
Practice Target,,,,,,,,,,,,,,,,,,,,,,,,,,
Prankster's Perpetual Pieplate,1,,,12,,magical,Rare,L,Pathfinder Lost Omens Rival Academies,,,,,,,,,,,,,,,,,Paizo
Primal Pollen,5,,,25,,"consumable, inhaled, magical, poison, primal",,L,Pathfinder #201: Pactbreaker,,,,,,,,,,,,,,,,,Paizo
Primordial Flame,23,,,0,,"artifact, cursed, fire, light, magical",Unique,1,Pathfinder #176: Lost Mammoth Valley,,,,,,,,,,,,,,,,,Paizo
Prismatic Dust,1,,,1,,"consumable, magical",Uncommon,,Pathfinder Lost Omens Rival Academies,,,,,,,,,,,,,,,,,Paizo
Psyche Salts (Greater),17,,,3000,,"consumable, magical, potion",Rare,L,Pathfinder #214: The Broken Palace,,,,,,,,,,,,,,,,,Paizo
Psyche Salts (Lesser),5,,,30,,"consumable, magical, potion",Rare,L,Pathfinder #214: The Broken Palace,,,,,,,,,,,,,,,,,Paizo
Psyche Salts (Moderate),9,,,150,,"consumable, magical, potion",Rare,L,Pathfinder #214: The Broken Palace,,,,,,,,,,,,,,,,,Paizo
Puppetmaster Extract,8,,,85,,"alchemical, consumable, contact, poison",Uncommon,L,"Pathfinder #208: Hoof, Cinder, and Storm",,,,,,,,,,,,,,,,,Paizo
Purloining Cloak,18,,,24000,,"apex, intelligent, invested, magical",Rare,L,Pathfinder Treasure Vault,,,,,,,,,,,,,,,,,Paizo
Purple Pepper Powder,8,,,60,,"alchemical, consumable, processed",Uncommon,,"Pathfinder #208: Hoof, Cinder, and Storm",,,,,,,,,,,,,,,,,Paizo
Putrid Sack of Rotting Fruit,3,,,12,,consumable,Uncommon,L,Pathfinder Adventure: A Few Flowers More,,,,,,,,,,,,,,,,,Paizo
Puzzle Box (Simple) (Hollow),,,,,,,,,,,,,,,,,,,,,,,,,,
Puzzle Box (Challenging) (Hollow),3,,,20,,,,L,Pathfinder Lost Omens The Grand Bazaar,,,,,,,,,,,,,,,,,Paizo
Puzzle Box (Complex) (Hollow),1,,,4,,,,L,Pathfinder Lost Omens The Grand Bazaar,,,,,,,,,,,,,,,,,Paizo
Quartz-Coil Rail Transport (Greater),14,,,650,,"consumable, electricity, gadget, teleportation",Uncommon,L,Pathfinder Lost Omens Rival Academies,,,,,,,,,,,,,,,,,Paizo
Quartz-Coil Rail Transport (Lesser),4,,,20,,"consumable, electricity, gadget, teleportation",Uncommon,L,Pathfinder Lost Omens Rival Academies,,,,,,,,,,,,,,,,,Paizo
Quartz-Coil Rail Transport (Major),19,,,8000,,"consumable, electricity, gadget, teleportation",Uncommon,L,Pathfinder Lost Omens Rival Academies,,,,,,,,,,,,,,,,,Paizo
Quartz-Coil Rail Transport (Moderate),9,,,150,,"consumable, electricity, gadget, teleportation",Uncommon,L,Pathfinder Lost Omens Rival Academies,,,,,,,,,,,,,,,,,Paizo
Quick-Change Outfit,2,,,0,,,,,Pathfinder Lost Omens Firebrands,,,,,,,,,,,,,,,,,Paizo
Quickstrike,,,,,,,,,,,,,,,,,,,,,,,,,,
Radiant Spark,25,,,0,,"artifact, occult",Unique,L,Pathfinder #162: Ruins of the Radiant Siege,,,,,,,,,,,,,,,,,Paizo
Raiment,,,,,,,,,,,,,,,,,,,,,,,,,,
Rapier Pistol,0,,,10,,"backstabber, combination, concussive, fatal-d8",Uncommon,1,Pathfinder Guns & Gears,,,,,,,,,,,,,,,,,Paizo
Rattan Armor,,,,,,,,,,,,,,,,,,,,,,,,,,
Razmiri Mask (Gold),14,,,0,,"invested, magical, common",,,Pathfinder Lost Omens Divine Mysteries,,,,,,,,,,,,,,,,,Paizo
Razmiri Mask (Porcelain),18,,,0,,"apex, invested, magical, common",,,Pathfinder Lost Omens Divine Mysteries,,,,,,,,,,,,,,,,,Paizo
Razmiri Mask (Silver),10,,,0,,"invested, magical, common",,,Pathfinder Lost Omens Divine Mysteries,,,,,,,,,,,,,,,,,Paizo
Razmiri Mask,2,,,0,,"invested, magical, common",,,Pathfinder Lost Omens Divine Mysteries,,,,,,,,,,,,,,,,,Paizo
Reading Ring (Greater),12,,,1800,,magical,,,Pathfinder Lost Omens The Grand Bazaar,,,,,,,,,,,,,,,,,Paizo
Reading Ring,1,,,15,,magical,,,Pathfinder Lost Omens The Grand Bazaar,,,,,,,,,,,,,,,,,Paizo
Reaper's Grasp,11,,,0,,"concussive, fatal-d12, kickback, magical",Unique,2,Pathfinder Guns & Gears,,,,,,,,,,,,,,,,,Paizo
Reaper's Shadow,13,,,525,,"alchemical, consumable, injury, poison, virulent, void",Uncommon,L,Pathfinder #203: Shepherd of Decay,,,,,,,,,,,,,,,,,Paizo
Red Dragon's Breath Potion (Adult),12,,,400,,"consumable, fire, magical, potion",,L,Pathfinder Core Rulebook,,,,,,,,,,,,,,,,,Paizo
Red Dragon's Breath Potion (Wyrm),17,,,3000,,"consumable, fire, magical, potion",,L,Pathfinder Core Rulebook,,,,,,,,,,,,,,,,,Paizo
Red Dragon's Breath Potion (Young),7,,,70,,"consumable, fire, magical, potion",,L,Pathfinder Core Rulebook,,,,,,,,,,,,,,,,,Paizo
Red Hand's Satchel,21,,,0,,"artifact, divine, extradimensional, invested, magical",Unique,1,Pathfinder #206: Bring the House Down,,,,,,,,,,,,,,,,,Paizo
Redeemer's Pistol,11,,,1400,,"concealable, concussive, fatal-d10, holy, magical, mental",Unique,L,Pathfinder #180: The Smoking Gun,,,,,,,,,,,,,,,,,Paizo
Redsand Hourglass,23,,,0,,"artifact, divine",Unique,1,Pathfinder #186: Ghost King's Rage,,,,,,,,,,,,,,,,,Paizo
Reinforced Chassis,,,,,,,,,,,,,,,,,,,,,,,,,,
Reinforcing Rune (Greater),13,,,2500,,magical,,,Pathfinder GM Core,,,,,,,,,,,,,,,,,Paizo
Reinforcing Rune (Lesser),7,,,300,,magical,,,Pathfinder GM Core,,,,,,,,,,,,,,,,,Paizo
Reinforcing Rune (Major),16,,,8000,,magical,,,Pathfinder GM Core,,,,,,,,,,,,,,,,,Paizo
Reinforcing Rune (Minor),4,,,75,,magical,,,Pathfinder GM Core,,,,,,,,,,,,,,,,,Paizo
Reinforcing Rune (Moderate),10,,,900,,magical,,,Pathfinder GM Core,,,,,,,,,,,,,,,,,Paizo
Reinforcing Rune (Supreme),19,,,32000,,magical,,,Pathfinder GM Core,,,,,,,,,,,,,,,,,Paizo
Rending Gauntlets (Greater),19,,,32000,,"invested, magical",Uncommon,L,"Pathfinder #208: Hoof, Cinder, and Storm",,,,,,,,,,,,,,,,,Paizo
Rending Gauntlets (Lesser),5,,,130,,"invested, magical",Uncommon,L,"Pathfinder #208: Hoof, Cinder, and Storm",,,,,,,,,,,,,,,,,Paizo
Rending Gauntlets (Moderate),12,,,1700,,"invested, magical",Uncommon,L,"Pathfinder #208: Hoof, Cinder, and Storm",,,,,,,,,,,,,,,,,Paizo
Repeating Crossbow Magazine,,,,,,,,,,,,,,,,,,,,,,,,,,
Repeating Hand Crossbow Magazine,,,,,,,,,,,,,,,,,,,,,,,,,,
Repeating Heavy Crossbow Magazine,,,,,,,,,,,,,,,,,,,,,,,,,,
Repeating Crossbow,1,,,15,,repeating,Uncommon,1,Pathfinder Guns & Gears,,,,,,,,,,,,,,,,,Paizo
Repeating Hand Crossbow,1,,,10,,repeating,Uncommon,L,Pathfinder Guns & Gears,,,,,,,,,,,,,,,,,Paizo
Repeating Heavy Crossbow,1,,,20,,repeating,Uncommon,2,Pathfinder Guns & Gears,,,,,,,,,,,,,,,,,Paizo
Resilient (Greater),14,,,3440,,magical,,,Pathfinder GM Core,,,,,,,,,,,,,,,,,Paizo
Resilient (Major),20,,,49440,,magical,,,Pathfinder GM Core,,,,,,,,,,,,,,,,,Paizo
Retribution,,,,,,,,,,,,,,,,,,,,,,,,,,
Returning Starknife,8,,,430,,"agile, finesse, magical, thrown-20",Uncommon,L,"Pathfinder #208: Hoof, Cinder, and Storm",,,,,,,,,,,,,,,,,Paizo
Ridill,,,,,,,,,,,,,,,,,,,,,,,,,,
Right of Retribution,8,,,0,,"contract, invested, magical",Rare,,Pathfinder #164: Hands of the Devil,,,,,,,,,,,,,,,,,Paizo
Ring of Bestial Friendship,9,,,600,,"cursed, invested, magical",Unique,,Pathfinder Kingmaker,,,,,,,,,,,,,,,,,Paizo
Ring of Sigils (Greater),6,,,225,,"arcane, invested",,,Pathfinder GM Core,,,,,,,,,,,,,,,,,Paizo
Ring of Sigils,1,,,20,,"arcane, invested",,,Pathfinder GM Core,,,,,,,,,,,,,,,,,Paizo
Ring of Truth,10,,,0,,"cursed, invested, magical",Rare,,Pathfinder Gamemastery Guide,,,,,,,,,,,,,,,,,Paizo
Rite of Reinforcement Exoskeleton,1,,,0,,comfort,Rare,,Pathfinder Lost Omens The Mwangi Expanse,,,,,,,,,,,,,,,,,Paizo
Robe of Feathers Fall,8,,,0,,invested,,L,Pathfinder Blog: April Fools,,,,,,,,,,,,,,,,,Paizo
Roc-Shaft Arrow (Greater),15,,,1000,,"consumable, magical",Uncommon,,"Pathfinder #208: Hoof, Cinder, and Storm",,,,,,,,,,,,,,,,,Paizo
Roc-Shaft Arrow (Lesser),5,,,24,,"consumable, magical",Uncommon,,"Pathfinder #208: Hoof, Cinder, and Storm",,,,,,,,,,,,,,,,,Paizo
Roc-Shaft Arrow (Moderate),10,,,160,,"consumable, magical",Uncommon,,"Pathfinder #208: Hoof, Cinder, and Storm",,,,,,,,,,,,,,,,,Paizo
Rod of Razors,15,,,1300,,"magical, reach, tech, versatile-s",Rare,,Pathfinder Kingmaker,,,,,,,,,,,,,,,,,Paizo
Rowan Rifle,16,,,0,,"backstabber, concussive, fatal-d12, primal",Unique,2,Pathfinder Guns & Gears,,,,,,,,,,,,,,,,,Paizo
Rune of Sin (Envy),12,,,1700,,"arcane, invested, tattoo",Uncommon,,Pathfinder Secrets of Magic,,,,,,,,,,,,,,,,,Paizo
Rune of Sin (Gluttony),12,,,1700,,"arcane, invested, tattoo",Uncommon,,Pathfinder Secrets of Magic,,,,,,,,,,,,,,,,,Paizo
Rune of Sin (Greed),12,,,1700,,"arcane, invested, tattoo",Uncommon,,Pathfinder Secrets of Magic,,,,,,,,,,,,,,,,,Paizo
Rune of Sin (Lust),12,,,1700,,"arcane, invested, tattoo",Uncommon,,Pathfinder Secrets of Magic,,,,,,,,,,,,,,,,,Paizo
Rune of Sin (Pride),12,,,1700,,"arcane, illusion, invested, tattoo",Uncommon,,Pathfinder Secrets of Magic,,,,,,,,,,,,,,,,,Paizo
Rune of Sin (Sloth),12,,,1700,,"arcane, invested, tattoo",Uncommon,,Pathfinder Secrets of Magic,,,,,,,,,,,,,,,,,Paizo
Rune of Sin (Wrath),12,,,1700,,"arcane, invested, tattoo",Uncommon,,Pathfinder Secrets of Magic,,,,,,,,,,,,,,,,,Paizo
Runestone,,,,,,,,,,,,,,,,,,,,,,,,,,
Sacred Valkyrie Helm,19,,,40000,,"apex, holy, invested, magical",Rare,L,Pathfinder #206: Bring the House Down,,,,,,,,,,,,,,,,,Paizo
Sage's Bloom,5,,,50,,"consumable, magical, talisman",Uncommon,L,Pathfinder #202: Severed at the Root,,,,,,,,,,,,,,,,,Paizo
Sakura's Sprig,5,,,0,,"consumable, magical, talisman",Rare,,"Pathfinder Society Scenario #6-05: Silver Bark, Golden Blades",,,,,,,,,,,,,,,,,Paizo
sambuca,,,,,,,,,,,,,,,,,,,,,,,,,,
Scale of Igroon,21,,,0,,primal,Rare,L,Pathfinder Treasure Vault,,,,,,,,,,,,,,,,,Paizo
Scarlet Queen,12,,,2000,,"combination, concussive, fatal-d10, fire, magical",Rare,2,Pathfinder Lost Omens Highhelm,,,,,,,,,,,,,,,,,Paizo
Scene Stealer's Tunic,13,,,3000,,"comfort, invested",Unique,L,Pathfinder #204: Stage Fright,,,,,,,,,,,,,,,,,Paizo
Scope of Limning,10,,,900,,magical,,L,Pathfinder Guns & Gears,,,,,,,,,,,,,,,,,Paizo
Scope of Truth,13,,,3000,,magical,,L,Pathfinder Guns & Gears,,,,,,,,,,,,,,,,,Paizo
Screech Shooter (Greater),13,,,3000,,"kickback, magical",Uncommon,2,Pathfinder Guns & Gears,,,,,,,,,,,,,,,,,Paizo
Screech Shooter (Major),17,,,15000,,"kickback, magical",Uncommon,2,Pathfinder Guns & Gears,,,,,,,,,,,,,,,,,Paizo
Screech Shooter,9,,,700,,"kickback, magical",Uncommon,2,Pathfinder Guns & Gears,,,,,,,,,,,,,,,,,Paizo
Scroll of 10th-rank Spell,19,,,8000,,"consumable, magical, scroll",,L,Pathfinder GM Core,,,,,,,,,,,,,,,,,Paizo
Scroll of 1st-rank Spell,1,,,4,,"consumable, magical, scroll",,L,Pathfinder GM Core,,,,,,,,,,,,,,,,,Paizo
Scroll of 2nd-rank Spell,3,,,12,,"consumable, magical, scroll",,L,Pathfinder GM Core,,,,,,,,,,,,,,,,,Paizo
Scroll of 3rd-rank Spell,5,,,30,,"consumable, magical, scroll",,L,Pathfinder GM Core,,,,,,,,,,,,,,,,,Paizo
Scroll of 4th-rank Spell,7,,,70,,"consumable, magical, scroll",,L,Pathfinder GM Core,,,,,,,,,,,,,,,,,Paizo
Scroll of 5th-rank Spell,9,,,150,,"consumable, magical, scroll",,L,Pathfinder GM Core,,,,,,,,,,,,,,,,,Paizo
Scroll of 6th-rank Spell,11,,,300,,"consumable, magical, scroll",,L,Pathfinder GM Core,,,,,,,,,,,,,,,,,Paizo
Scroll of 7th-rank Spell,13,,,600,,"consumable, magical, scroll",,L,Pathfinder GM Core,,,,,,,,,,,,,,,,,Paizo
Scroll of 8th-rank Spell,15,,,1300,,"consumable, magical, scroll",,L,Pathfinder GM Core,,,,,,,,,,,,,,,,,Paizo
Scroll of 9th-rank Spell,17,,,3000,,"consumable, magical, scroll",,L,Pathfinder GM Core,,,,,,,,,,,,,,,,,Paizo
Seed Pod of Rooted Wisdom,2,,,7,,"consumable, magical, mental, plant",Uncommon,L,Pathfinder Lost Omens Rival Academies,,,,,,,,,,,,,,,,,Paizo
Self-Emptying Pocket,9,,,0,,"contract, invested, magical",Rare,,Pathfinder Dark Archive,,,,,,,,,,,,,,,,,Paizo
Serithtial,,,,,,,,,,,,,,,,,,,,,,,,,,
Serpent Dagger,5,,,150,,"agile, finesse, magical, poison, thrown-10, versatile-s",,L,Pathfinder GM Core,,,,,,,,,,,,,,,,,Paizo
Seven-Color Raw Fish Salad,8,,,88,,"consumable, fortune, magical",,1,Pathfinder Blog,,,,,,,,,,,,,,,,,Paizo
Shadefield Knife,9,,,650,,"agile, finesse, magical, thrown-10, versatile-s",Rare,L,"Pathfinder #208: Hoof, Cinder, and Storm",,,,,,,,,,,,,,,,,Paizo
Shadewither Key,22,,,0,,"artifact, cursed, illusion, invested, primal, shadow",Unique,,Pathfinder #187: The Seventh Arch,,,,,,,,,,,,,,,,,Paizo
"Shadowed Scale, the Jungle Secret",22,,,0,,"artifact, invested, magical, primal",Unique,L,Pathfinder #174: Shadows of the Ancients,,,,,,,,,,,,,,,,,Paizo
shadowpiercer,,,,,,,,,,,,,,,,,,,,,,,,,,
Shaping Sweet,2,,,6,,"consumable, magical",Rare,L,Pathfinder Lost Omens Rival Academies,,,,,,,,,,,,,,,,,Paizo
Shard of Self-Destruction,5,,,0,,"cursed, magical",Rare,L,Pathfinder War of Immortals,,,,,,,,,,,,,,,,,Paizo
Shared-Pain Sankeit,14,,,5,,"cursed, invested, laminar, magical",Rare,3,Pathfinder Treasure Vault,,,,,,,,,,,,,,,,,Paizo
Shield Sconce,,,,,,,,,,,,,,,,,,,,,,,,,,
Shield Augmentations,0,,,8,,adjustment,uncommon,,Pathfinder Lost Omens Grand Bazaar pg. 104,,,,,,,,,,,,,,,,,Paizo
Shield Pistol,0,,,6,,"attached-to-shield, concussive, fatal-d8",Uncommon,1,Pathfinder Lost Omens Firebrands,,,,,,,,,,,,,,,,,Paizo
Shifter Prosthesis,6,,,210,,"invested, magical",,1,Pathfinder Lost Omens The Grand Bazaar,,,,,,,,,,,,,,,,,Paizo
Shining Symbol (Greater),9,,,650,,"divine, invested, light",,,Pathfinder GM Core,,,,,,,,,,,,,,,,,Paizo
Shining Symbol (Major),17,,,13500,,"divine, invested, light",,,Pathfinder GM Core,,,,,,,,,,,,,,,,,Paizo
Shining Symbol,3,,,55,,"divine, invested, light",,,Pathfinder GM Core,,,,,,,,,,,,,,,,,Paizo
Shobhad Longrifle,1,,,20,,"backstabber, concussive, fatal-d12, kickback, volley-30",Rare,1,Pathfinder #173: Doorway to the Red Star,,,,,,,,,,,,,,,,,Paizo
Shockguard Coil,10,,,175,,"consumable, magical, talisman",Rare,,Pathfinder Guns & Gears,,,,,,,,,,,,,,,,,Paizo
Shockwave,,,,,,,,,,,,,,,,,,,,,,,,,,
Shot of the First Vault,23,,,0,,"artifact, divine",Rare,,Pathfinder GM Core,,,,,,,,,,,,,,,,,Paizo
Shrine Inarizushi,1,,,0,,"consumable, divine",,L,Pathfinder Blog,,,,,,,,,,,,,,,,,Paizo
Sibling's Coin,1,,,10,,,Uncommon,,Pathfinder Dark Archive,,,,,,,,,,,,,,,,,Paizo
Signifier's Mask,,,,,,,,,,,,,,,,,,,,,,,,,,
Silencer,,,,,,,,,,,,,,,,,,,,,,,,,,
Silencing Shot,11,,,300,,"consumable, illusion, magical",,,Pathfinder Guns & Gears,,,,,,,,,,,,,,,,,Paizo
Silvanshee Collar,19,,,40000,,"apex, holy, invested, magical",Rare,L,Pathfinder #206: Bring the House Down,,,,,,,,,,,,,,,,,Paizo
Silver Orb (Powder),12,,,400,,"alchemical, bomb, consumable",Uncommon,L,Pathfinder Wake the Dead #1 pg. 27,,,,,,,,,,,,,,,,,Paizo
Silver Tripod,1,,,3,,"consumable, force, magical, talisman",,,Pathfinder Guns & Gears,,,,,,,,,,,,,,,,,Paizo
Silver,2+,,,,,precious,,,Pathfinder GM Core pg. 254,,,,,,,,,,,,,,,,,Paizo
Sinew-Song,,,,,,,,,,,,,,,,,,,,,,,,,,
Sisterstone Chunk,3,,,20,,precious,Rare,L,Pathfinder #183: Field of Maidens,,,,,,,,,,,,,,,,,Paizo
Sisterstone Ingot,3,,,200,,precious,Rare,1,Pathfinder #183: Field of Maidens,,,,,,,,,,,,,,,,,Paizo
Size-Changing,,,,,,,,,,,,,,,,,,,,,,,,,,
Skirmisher's Coat,11,,,1300,,"invested, magical",Rare,L,Pathfinder #210: Whispers in the Dirt,,,,,,,,,,,,,,,,,Paizo
Skitter Knot (Greater),11,,,275,,"consumable, magical, talisman",Rare,,Pathfinder #201: Pactbreaker,,,,,,,,,,,,,,,,,Paizo
Skitter Knot (Lesser),6,,,50,,"consumable, magical, talisman",Rare,,Pathfinder #201: Pactbreaker,,,,,,,,,,,,,,,,,Paizo
Skitter Knot (Major),16,,,1800,,"consumable, magical, talisman",Rare,,Pathfinder #201: Pactbreaker,,,,,,,,,,,,,,,,,Paizo
Skybearer's Belt,,,,,,,,,,,,,,,,,,,,,,,,,,
Skysunder,,,,,,,,,,,,,,,,,,,,,,,,,,
Slide Pistol,1,,,16,,"capacity-5, concussive, fatal-d10",Uncommon,2,Pathfinder Guns & Gears,,,,,,,,,,,,,,,,,Paizo
Sling Bullets,,,,,,,,,,,,,,,,,,,,,,,,,,
Sling Darts,,,,,,,,,,,,,,,,,,,,,,,,,,
Slithermaw's Bane (Heroic),20,,,0,,"apex, artifact, flexible, intelligent, invested, magical",Unique,L,Pathfinder #212: A Voice in the Blight,,,,,,,,,,,,,,,,,Paizo
Slithermaw's Bane,15,,,6500,,"flexible, invested, magical",Unique,L,Pathfinder #211: The Secret of Deathstalk Tower,,,,,,,,,,,,,,,,,Paizo
Smoky Hag Eye,8,,,450,,"invested, occult, scrying",Rare,,Pathfinder #182: Graveclaw,,,,,,,,,,,,,,,,,Paizo
Snowcaster's Staff,12,,,1800,,"magical, monk, staff, two-hand-d8",Rare,1,Pathfinder #210: Whispers in the Dirt,,,,,,,,,,,,,,,,,Paizo
Society Portrait,6,,,210,,"magical, uncommon",,1,Pathfinder Dark Archive,,,,,,,,,,,,,,,,,Paizo
Solar Shellflower,5,,,160,,"concussive, fatal-d10, magical",Uncommon,1,Pathfinder Treasure Vault,,,,,,,,,,,,,,,,,Paizo
Solidified Moment of Time,,,,,,,,,,,,,,,,,,,,,,,,,,
Soulcutter (Heroic),20,,,0,,"apex, artifact, elf, finesse, forceful, intelligent, invested, magical",,2,Pathfinder #212: A Voice in the Blight,,,,,,,,,,,,,,,,,Paizo
soulcutter,,,,,,,,,,,,,,,,,,,,,,,,,,
Soulfeeding Mask,17,,,15000,,"invested, magical, unholy",Rare,,"Pathfinder #205: Singer, Stalker, Skinsaw Man",,,,,,,,,,,,,,,,,Paizo
Soulspark Candle,20,,,0,,"artifact, consecration, divine",Rare,,Pathfinder #186: Ghost King's Rage,,,,,,,,,,,,,,,,,Paizo
Spare Wax Cylinder,6,,,3,,,Rare,L,Pathfinder Lost Omens Legends,,,,,,,,,,,,,,,,,Paizo
Spark Dancer,13,,,2900,,"arcane, capacity-3, concussive, fatal-d8, fire",Uncommon,L,Pathfinder Treasure Vault,,,,,,,,,,,,,,,,,Paizo
Spark Wafer,1,,,3,,"alchemical, consumable, fire, light",Uncommon,L,Pathfinder Lost Omens Rival Academies,,,,,,,,,,,,,,,,,Paizo
Sparkwarden,,,,,,,,,,,,,,,,,,,,,,,,,,
Spear of the Destroyer's Flame,20,,,0,,"artifact, magical, reach",Unique,2,Pathfinder Lost Omens Monsters of Myth,,,,,,,,,,,,,,,,,Paizo
Special Ingredient,3,,,0,,,Rare,L,Pathfinder Kingmaker,,,,,,,,,,,,,,,,,Paizo
Specialist's Ring (Abjuration),10,,,1000,,"focused, invested, magical",,,Pathfinder Secrets of Magic,,,,,,,,,,,,,,,,,Paizo
Specialist's Ring (Conjuration),10,,,1000,,"focused, invested, magical",,,Pathfinder Secrets of Magic,,,,,,,,,,,,,,,,,Paizo
Specialist's Ring (Divination),10,,,1000,,"focused, invested, magical",,,Pathfinder Secrets of Magic,,,,,,,,,,,,,,,,,Paizo
Specialist's Ring (Enchantment),10,,,1000,,"focused, invested, magical",,,Pathfinder Secrets of Magic,,,,,,,,,,,,,,,,,Paizo
Specialist's Ring (Evocation),10,,,1000,,"focused, invested, magical",,,Pathfinder Secrets of Magic,,,,,,,,,,,,,,,,,Paizo
Specialist's Ring (Illusion),10,,,1000,,"focused, illusion, invested, magical",,,Pathfinder Secrets of Magic,,,,,,,,,,,,,,,,,Paizo
Specialist's Ring (Necromancy),10,,,1000,,"focused, invested, magical",,,Pathfinder Secrets of Magic,,,,,,,,,,,,,,,,,Paizo
Specialist's Ring (Transmutation),10,,,1000,,"focused, invested, magical",,,Pathfinder Secrets of Magic,,,,,,,,,,,,,,,,,Paizo
Spectacles of Discernment,13,,,3000,,magical,Unique,L,Pathfinder #204: Stage Fright,,,,,,,,,,,,,,,,,Paizo
Spell Reservoir,13,,,2700,,magical,Uncommon,,Pathfinder GM Core,,,,,,,,,,,,,,,,,Paizo
Spellbreaking (Abjuration),13,,,3000,,magical,,,Pathfinder Treasure Vault,,,,,,,,,,,,,,,,,Paizo
Spellbreaking (Conjuration),13,,,3000,,magical,,,Pathfinder Treasure Vault,,,,,,,,,,,,,,,,,Paizo
Spellbreaking (Divination),13,,,3000,,magical,,,Pathfinder Treasure Vault,,,,,,,,,,,,,,,,,Paizo
Spellbreaking (Enchantment),13,,,3000,,magical,,,Pathfinder Treasure Vault,,,,,,,,,,,,,,,,,Paizo
Spellbreaking (Evocation),13,,,3000,,magical,,,Pathfinder Treasure Vault,,,,,,,,,,,,,,,,,Paizo
Spellbreaking (Illusion),13,,,3000,,magical,,,Pathfinder Treasure Vault,,,,,,,,,,,,,,,,,Paizo
Spellbreaking (Necromancy),13,,,3000,,magical,,,Pathfinder Treasure Vault,,,,,,,,,,,,,,,,,Paizo
Spellbreaking (Transmutation),13,,,3000,,magical,,,Pathfinder Treasure Vault,,,,,,,,,,,,,,,,,Paizo
Spellwatch,13,,,3000,,magical,,,Pathfinder Treasure Vault pg. 13,,,,,,,,,,,,,,,,,Paizo
Sphere of Annihilation,27,,,0,,"artifact, magical",Rare,,Pathfinder Gamemastery Guide,,,,,,,,,,,,,,,,,Paizo
Spiced Demonade,2,,,8,,"alchemical, consumable, elixir",Rare,,Pathfinder Lost Omens Rival Academies,,,,,,,,,,,,,,,,,Paizo
Spider Chair,12,,,1800,,"clockwork, magical",Uncommon,3,Pathfinder Guns & Gears,,,,,,,,,,,,,,,,,Paizo
Spider Gun (Greater),9,,,1400,,magical,Uncommon,2,Pathfinder Guns & Gears,,,,,,,,,,,,,,,,,Paizo
Spider Gun (Major),15,,,6500,,magical,Uncommon,2,Pathfinder Guns & Gears,,,,,,,,,,,,,,,,,Paizo
Spider Gun,6,,,250,,magical,Uncommon,2,Pathfinder Guns & Gears,,,,,,,,,,,,,,,,,Paizo
Spider Mold,4,,,20,,"alchemical, consumable, ingested, poison",Uncommon,L,Pathfinder One-Shot #2: Dinner at Lionlodge,,,,,,,,,,,,,,,,,Paizo
Spider Satchel (Greater),12,,,350,,"alchemical, bomb, consumable, poison, splash",Uncommon,L,Pathfinder #203: Shepherd of Decay,,,,,,,,,,,,,,,,,Paizo
Spider Satchel (Lesser),2,,,6,,"alchemical, bomb, consumable, poison, splash",Uncommon,L,Pathfinder #203: Shepherd of Decay,,,,,,,,,,,,,,,,,Paizo
Spider Satchel (Major),18,,,4000,,"alchemical, bomb, consumable, poison, splash",Uncommon,L,Pathfinder #203: Shepherd of Decay,,,,,,,,,,,,,,,,,Paizo
Spider Satchel (Moderate),4,,,16,,"alchemical, bomb, consumable, poison, splash",Uncommon,L,Pathfinder #203: Shepherd of Decay,,,,,,,,,,,,,,,,,Paizo
Spike Launcher,6,,,250,,"backstabber, fatal-aim-d12, kickback, magical",Uncommon,2,Pathfinder Guns & Gears,,,,,,,,,,,,,,,,,Paizo
Spikes,,,,,,,,,,,,,,,,,,,,,,,,,,
Spirit Bulb (Greater),12,,,300,,"consumable, magical, plant",Uncommon,,Pathfinder GM Core,,,,,,,,,,,,,,,,,Paizo
Spirit Bulb (Major),14,,,500,,"consumable, magical, plant",Uncommon,,Pathfinder GM Core,,,,,,,,,,,,,,,,,Paizo
Spirit Bulb,10,,,200,,"consumable, magical, plant",Uncommon,,Pathfinder GM Core,,,,,,,,,,,,,,,,,Paizo
Spleen Bloodstone of Arazni,11,,,0,,"artifact, divine",Unique,1,Pathfinder Claws of the Tyrant,,,,,,,,,,,,,,,,,Paizo
Splendid Skull Mask,,,,,,,,,,,,,,,,,,,,,,,,,,
Splint,,,,,,,,,,,,,,,,,,,,,,,,,,
Spoon Gun,,,,,,,,,,,,,,,,,,,,,,,,,,
Spore Shephard's Staff (Greater),8,,,475,,"magical, staff, two-hand-d8",Uncommon,1,Pathfinder #193: Mantle of Gold,,,,,,,,,,,,,,,,,Paizo
Spore Shephard's Staff (Major),4,,,100,,"magical, staff, two-hand-d8",Uncommon,1,Pathfinder #193: Mantle of Gold,,,,,,,,,,,,,,,,,Paizo
Spore Shephard's Staff,4,,,100,,"magical, staff, two-hand-d8",Uncommon,1,Pathfinder #193: Mantle of Gold,,,,,,,,,,,,,,,,,Paizo
Spray Pellets,,,,,,,,,,,,,,,,,,,,,,,,,,
Spring Heel,5,,,150,,"clockwork, mechanical",Uncommon,1,Pathfinder Treasure Vault,,,,,,,,,,,,,,,,,Paizo
Spyglass Eye,5,,,160,,magical,,L,Pathfinder Treasure Vault,,,,,,,,,,,,,,,,,Paizo
St. Alkitarem's Eye,2,,,28,,"invested, magical",Unique,,Pathfinder #152: Legacy of the Lost God,,,,,,,,,,,,,,,,,Paizo
Staff of Arcane Might (Greater),16,,,10000,,"magical, staff, two-hand-d8",Rare,1,Pathfinder GM Core,,,,,,,,,,,,,,,,,Paizo
Staff of Arcane Might (Major),20,,,90000,,"magical, staff, two-hand-d8",Rare,1,Pathfinder GM Core,,,,,,,,,,,,,,,,,Paizo
Staff of Arcane Might,12,,,1900,,"magical, staff, two-hand-d8",Rare,1,Pathfinder GM Core,,,,,,,,,,,,,,,,,Paizo
Staff of Sun Wukong,20,,,0,,"artifact, divine, monk, parry, reach, trip",Unique,2,Pathfinder Lost Omens Tian Xia Character Guide,,,,,,,,,,,,,,,,,Paizo
Stage Magician's Cloak,13,,,3000,,"invested, magical",Unique,L,Pathfinder #204: Stage Fright,,,,,,,,,,,,,,,,,Paizo
Standard Astrolabe,2,,,30,,,Uncommon,L,Pathfinder Lost Omens Pathfinder Society Guide,,,,,,,,,,,,,,,,,Paizo
Standard Book of Translation (Tien),2,,,25,,,Uncommon,L,Pathfinder Lost Omens Pathfinder Society Guide,,,,,,,,,,,,,,,,,Paizo
Starfaring Cloak,24,,,0,,"artifact, divine, invested, light",Unique,L,Pathfinder Treasure Vault,,,,,,,,,,,,,,,,,Paizo
Starless Scope Lens,9,,,100,,,Rare,,Pathfinder Adventure: Malevolence,,,,,,,,,,,,,,,,,Paizo
Static Muscular Relay,10,,,180,,"consumable, electricity, gadget",Uncommon,L,Pathfinder Lost Omens Rival Academies,,,,,,,,,,,,,,,,,Paizo
Steam Winch,8,,,425,,steam,Rare,2,Pathfinder Guns & Gears,,,,,,,,,,,,,,,,,Paizo
Steamflight Pack,15,,,6000,,"clockwork, steam",Rare,2,Pathfinder Guns & Gears,,,,,,,,,,,,,,,,,Paizo
Stepping Stone Shot (Greater),10,,,185,,"consumable, magical",Uncommon,,Pathfinder Guns & Gears,,,,,,,,,,,,,,,,,Paizo
Stepping Stone Shot,7,,,65,,"consumable, magical",Uncommon,,Pathfinder Guns & Gears,,,,,,,,,,,,,,,,,Paizo
Stone of Unrivaled Skill,17,,,0,,"contract, invested, magical",Rare,,Pathfinder Dark Archive,,,,,,,,,,,,,,,,,Paizo
Stony Hag Eye,6,,,250,,"invested, occult, scrying",Rare,,Pathfinder #182: Graveclaw,,,,,,,,,,,,,,,,,Paizo
Storied Skin,3,,,45,,"invested, magical, tattoo",Uncommon,,Pathfinder #207: The Resurrection Flood,,,,,,,,,,,,,,,,,Paizo
Storm Chair,14,,,4400,,"electricity, magical",Rare,3,Pathfinder Guns & Gears,,,,,,,,,,,,,,,,,Paizo
Stormshard (Greater),12,,,1800,,magical,Uncommon,,"Pathfinder #208: Hoof, Cinder, and Storm",,,,,,,,,,,,,,,,,Paizo
Stormshard (Major),18,,,19000,,magical,Uncommon,,"Pathfinder #208: Hoof, Cinder, and Storm",,,,,,,,,,,,,,,,,Paizo
stormshard,,,,,,,,,,,,,,,,,,,,,,,,,,
Striking (Greater),12,,,1065,,magical,,,Pathfinder GM Core,,,,,,,,,,,,,,,,,Paizo
Striking (Major),19,,,31065,,magical,,,Pathfinder GM Core,,,,,,,,,,,,,,,,,Paizo
Subterfuge Suit,,,,,,,,,,,,,,,,,,,,,,,,,,
Suit of Armoire,13,,,0,,"bulwark, invested, magical, common",,4,Pathfinder Blog: April Fools,,,,,,,,,,,,,,,,,Paizo
Sun Shot,,,,,,,,,,,,,,,,,,,,,,,,,,
Sun Goggles,3,,,20,,,,,Pathfinder NPC Core,,,,,,,,,,,,,,,,,Paizo
Sunken Pistol,8,,,0,,"arcane, concussive, intelligent, scatter-5",Rare,1,Pathfinder Guns & Gears,,,,,,,,,,,,,,,,,Paizo
Support,,,,,,,,,,,,,,,,,,,,,,,,,,
Symbol of Conflict (Greater),10,,,900,,"divine, invested",Uncommon,,Pathfinder GM Core,,,,,,,,,,,,,,,,,Paizo
Symbol of Conflict (Major),18,,,19000,,"divine, invested",Uncommon,,Pathfinder GM Core,,,,,,,,,,,,,,,,,Paizo
Symbol of Conflict,4,,,90,,"divine, invested",Uncommon,,Pathfinder GM Core,,,,,,,,,,,,,,,,,Paizo
Talented Tap Shoes,11,,,1250,,"invested, magical",Rare,L,Pathfinder Lost Omens Rival Academies,,,,,,,,,,,,,,,,,Paizo
Talisman of the Sphere,20,,,0,,"artifact, magical",Rare,,Pathfinder Gamemastery Guide,,,,,,,,,,,,,,,,,Paizo
Taljjae's Mask (The Beast),18,,,0,,"invested, magical",Unique,,Pathfinder Lost Omens Monsters of Myth,,,,,,,,,,,,,,,,,Paizo
Taljjae's Mask (The General),18,,,0,,"invested, magical",Unique,,Pathfinder Lost Omens Monsters of Myth,,,,,,,,,,,,,,,,,Paizo
Taljjae's Mask (The Grandmother),18,,,0,,"invested, magical",Unique,,Pathfinder Lost Omens Monsters of Myth,,,,,,,,,,,,,,,,,Paizo
Taljjae's Mask (The Hermit),18,,,0,,"invested, magical",Unique,,Pathfinder Lost Omens Monsters of Myth,,,,,,,,,,,,,,,,,Paizo
Taljjae's Mask (The Hero),18,,,0,,"invested, magical",Unique,,Pathfinder Lost Omens Monsters of Myth,,,,,,,,,,,,,,,,,Paizo
Taljjae's Mask (The Nobleman),18,,,0,,"invested, magical",Unique,,Pathfinder Lost Omens Monsters of Myth,,,,,,,,,,,,,,,,,Paizo
Taljjae's Mask (The Wanderer),18,,,0,,"invested, magical",Unique,,Pathfinder Lost Omens Monsters of Myth,,,,,,,,,,,,,,,,,Paizo
Tangibility Resonator (Lesser),5,,,25,,"consumable, gadget, sonic",Uncommon,L,Pathfinder Lost Omens Rival Academies,,,,,,,,,,,,,,,,,Paizo
Tangibility Resonator (Major),17,,,2500,,"consumable, gadget, sonic",Uncommon,L,Pathfinder Lost Omens Rival Academies,,,,,,,,,,,,,,,,,Paizo
Tangibility Resonator (Moderate),11,,,300,,"consumable, gadget, sonic",Uncommon,L,Pathfinder Lost Omens Rival Academies,,,,,,,,,,,,,,,,,Paizo
Tears of the Last Azlanti,25,,,0,,"arcane, artifact, invested, unique",,L,Pathfinder #156: The Apocalypse Prophet,,,,,,,,,,,,,,,,,Paizo
Temperbrand,20,,,70000,,"fire, magical, shove",Unique,2,Pathfinder Adventure: Prey for Death,,,,,,,,,,,,,,,,,Paizo
Tenderizer Grenade (Greater),11,,,275,,"acid, alchemical, bomb, consumable, plant, splash",Uncommon,L,Pathfinder #203: Shepherd of Decay,,,,,,,,,,,,,,,,,Paizo
Tenderizer Grenade (Lesser),1,,,4,,"acid, alchemical, bomb, consumable, plant, splash",Uncommon,L,Pathfinder #203: Shepherd of Decay,,,,,,,,,,,,,,,,,Paizo
Tenderizer Grenade (Major),17,,,2750,,"acid, alchemical, bomb, consumable, plant, splash",Uncommon,L,Pathfinder #203: Shepherd of Decay,,,,,,,,,,,,,,,,,Paizo
Tenderizer Grenade (Moderate),3,,,12,,"acid, alchemical, bomb, consumable, plant, splash",Uncommon,L,Pathfinder #203: Shepherd of Decay,,,,,,,,,,,,,,,,,Paizo
Tengu Feather Fan,5,,,0,,primal,Unique,L,Pathfinder Lost Omens Ancestry Guide,,,,,,,,,,,,,,,,,Paizo
Tentacle Cannon (Greater),13,,,2000,,"capacity-5, concussive, fatal-d12, magical",Uncommon,2,Pathfinder Guns & Gears,,,,,,,,,,,,,,,,,Paizo
Tentacle Cannon (Major),17,,,15000,,"capacity-5, concussive, fatal-d12, magical",Uncommon,2,Pathfinder Guns & Gears,,,,,,,,,,,,,,,,,Paizo
Tentacle Cannon,7,,,360,,"capacity-5, concussive, fatal-d12, magical",Uncommon,2,Pathfinder Guns & Gears,,,,,,,,,,,,,,,,,Paizo
The Avalanche,20,,,0,,"artifact, harrow-court, invested, magical",Unique,,Pathfinder #192: Worst of All Possible Worlds,,,,,,,,,,,,,,,,,Paizo
The Bear,20,,,0,,"artifact, harrow-court, invested, magical",Unique,L,Pathfinder #191: The Destiny War,,,,,,,,,,,,,,,,,Paizo
The Beating,20,,,0,,"artifact, harrow-court, invested, magical",Unique,L,Pathfinder #191: The Destiny War,,,,,,,,,,,,,,,,,Paizo
The Betrayal,20,,,0,,"artifact, harrow-court, invested, magical",Unique,,Pathfinder #192: Worst of All Possible Worlds,,,,,,,,,,,,,,,,,Paizo
The Big Sky,20,,,0,,"artifact, harrow-court, invested, magical",Unique,,Pathfinder #190: The Choosing,,,,,,,,,,,,,,,,,Paizo
The Brass Dwarf,20,,,0,,"artifact, harrow-court, invested, magical",Unique,,Pathfinder #190: The Choosing,,,,,,,,,,,,,,,,,Paizo
The Carnival,20,,,0,,"artifact, harrow-court, invested, magical, unique",,,Pathfinder #190: The Choosing,,,,,,,,,,,,,,,,,Paizo
The Courtesan,20,,,0,,"artifact, harrow-court, illusion, invested, magical",Unique,,Pathfinder #192: Worst of All Possible Worlds,,,,,,,,,,,,,,,,,Paizo
The Cricket,20,,,0,,"artifact, harrow-court, invested, magical",Unique,,Pathfinder #192: Worst of All Possible Worlds,,,,,,,,,,,,,,,,,Paizo
The Crows,20,,,0,,"artifact, harrow-court, invested, magical",Unique,,Pathfinder #192: Worst of All Possible Worlds,,,,,,,,,,,,,,,,,Paizo
The Cyclone,20,,,0,,"artifact, harrow-court, invested, magical",Unique,,Pathfinder #191: The Destiny War,,,,,,,,,,,,,,,,,Paizo
The Dance,20,,,0,,"artifact, harrow-court, invested, magical",Unique,,Pathfinder #192: Worst of All Possible Worlds,,,,,,,,,,,,,,,,,Paizo
The Deck of Destiny,25,,,0,,"artifact, invested, magical, unique",,L,Pathfinder #192: Worst of All Possible Worlds,,,,,,,,,,,,,,,,,Paizo
The Demon's Lantern,20,,,0,,"artifact, harrow-court, invested, magical",Unique,,Pathfinder #191: The Destiny War,,,,,,,,,,,,,,,,,Paizo
The Desert,20,,,0,,"artifact, harrow-court, invested, magical",Unique,,Pathfinder #191: The Destiny War,,,,,,,,,,,,,,,,,Paizo
The Eclipse,20,,,0,,"artifact, harrow-court, invested, magical",Unique,,Pathfinder #192: Worst of All Possible Worlds,,,,,,,,,,,,,,,,,Paizo
The Empty Throne,20,,,0,,"artifact, harrow-court, invested, magical",Unique,,Pathfinder #190: The Choosing,,,,,,,,,,,,,,,,,Paizo
The Fiend,20,,,0,,"artifact, harrow-court, illusion, invested, magical",Unique,,Pathfinder #190: The Choosing,,,,,,,,,,,,,,,,,Paizo
The Fool,20,,,0,,"artifact, harrow-court, invested, magical",Unique,,Pathfinder #192: Worst of All Possible Worlds,,,,,,,,,,,,,,,,,Paizo
The Forge,20,,,0,,"artifact, harrow-court, invested, magical",Unique,,Pathfinder #191: The Destiny War,,,,,,,,,,,,,,,,,Paizo
The Hidden Truth,20,,,0,,"artifact, harrow-court, invested, magical",Unique,,Pathfinder #191: The Destiny War,,,,,,,,,,,,,,,,,Paizo
The Inquisitor,20,,,0,,"artifact, harrow-court, invested, magical",Unique,,Pathfinder #192: Worst of All Possible Worlds,,,,,,,,,,,,,,,,,Paizo
The Joke,20,,,0,,"artifact, harrow-court, invested, magical",Unique,,Pathfinder #192: Worst of All Possible Worlds,,,,,,,,,,,,,,,,,Paizo
The Juggler,20,,,0,,"artifact, harrow-court, invested, magical",Unique,,Pathfinder #190: The Choosing,,,,,,,,,,,,,,,,,Paizo
The Keep,20,,,0,,"artifact, harrow-court, invested, magical",Unique,,Pathfinder #191: The Destiny War,,,,,,,,,,,,,,,,,Paizo
The Lens of the Outreaching Eye,20,,,0,,"artifact, invested, magical, scrying",Unique,L,Pathfinder #191: The Destiny War,,,,,,,,,,,,,,,,,Paizo
The Liar,20,,,0,,"artifact, harrow-court, invested, magical",Unique,,Pathfinder #190: The Choosing,,,,,,,,,,,,,,,,,Paizo
The Locksmith,20,,,0,,"artifact, harrow-court, invested, magical",Unique,,Pathfinder #190: The Choosing,,,,,,,,,,,,,,,,,Paizo
The Lost,20,,,0,,"artifact, harrow-court, invested, magical",Unique,,Pathfinder #191: The Destiny War,,,,,,,,,,,,,,,,,Paizo
The Marriage,20,,,0,,"artifact, harrow-court, invested, magical",Unique,,Pathfinder #191: The Destiny War,,,,,,,,,,,,,,,,,Paizo
The Midwife,20,,,0,,"artifact, harrow-court, invested, magical",Unique,,Pathfinder #191: The Destiny War,,,,,,,,,,,,,,,,,Paizo
The Mountain Man,20,,,0,,"artifact, harrow-court, invested, magical",Unique,,Pathfinder #190: The Choosing,,,,,,,,,,,,,,,,,Paizo
The Owl,20,,,0,,"artifact, harrow-court, invested, magical",Unique,,Pathfinder #191: The Destiny War,,,,,,,,,,,,,,,,,Paizo
The Paladin,20,,,0,,"artifact, harrow-court, invested, magical",Unique,,Pathfinder #190: The Choosing,,,,,,,,,,,,,,,,,Paizo
The Peacock,20,,,0,,"artifact, harrow-court, invested, magical",Unique,,Pathfinder #192: Worst of All Possible Worlds,,,,,,,,,,,,,,,,,Paizo
The Publican,20,,,0,,"artifact, harrow-court, invested, magical",Unique,,Pathfinder #190: The Choosing,,,,,,,,,,,,,,,,,Paizo
The Queen Mother,20,,,0,,"artifact, harrow-court, invested, magical",Unique,,Pathfinder #192: Worst of All Possible Worlds,,,,,,,,,,,,,,,,,Paizo
The Rabbit Prince,20,,,0,,"artifact, harrow-court, invested, magical",Unique,,Pathfinder #190: The Choosing,,,,,,,,,,,,,,,,,Paizo
The Rakshasa,20,,,0,,"artifact, harrow-court, invested, magical",Unique,,Pathfinder #190: The Choosing,,,,,,,,,,,,,,,,,Paizo
The Sickness,20,,,0,,"artifact, harrow-court, invested, magical",Unique,,Pathfinder #191: The Destiny War,,,,,,,,,,,,,,,,,Paizo
The Silent Hag,20,,,0,,"artifact, harrow-court, invested, magical",Unique,,Pathfinder #190: The Choosing,,,,,,,,,,,,,,,,,Paizo
The Snakebite,20,,,0,,"artifact, harrow-court, invested, magical, poison",Unique,,Pathfinder #190: The Choosing,,,,,,,,,,,,,,,,,Paizo
The Survivor,20,,,0,,"artifact, harrow-court, invested, magical",Unique,,Pathfinder #191: The Destiny War,,,,,,,,,,,,,,,,,Paizo
The Tangled Briar,20,,,0,,"artifact, harrow-court, invested, magical",Unique,,Pathfinder #191: The Destiny War,,,,,,,,,,,,,,,,,Paizo
The Teamster,20,,,0,,"artifact, harrow-court, invested, magical",Unique,,Pathfinder #192: Worst of All Possible Worlds,,,,,,,,,,,,,,,,,Paizo
The Theater,20,,,0,,"artifact, harrow-court, invested, magical",Unique,,Pathfinder #190: The Choosing,,,,,,,,,,,,,,,,,Paizo
The Trader,20,,,0,,"artifact, harrow-court, invested, magical",Unique,,Pathfinder #192: Worst of All Possible Worlds,,,,,,,,,,,,,,,,,Paizo
The Trumpet,20,,,0,,"artifact, harrow-court, invested, magical",Unique,,Pathfinder #190: The Choosing,,,,,,,,,,,,,,,,,Paizo
The Twin,20,,,0,,"artifact, harrow-court, illusion, invested, magical",Unique,,Pathfinder #192: Worst of All Possible Worlds,,,,,,,,,,,,,,,,,Paizo
The Tyrant,20,,,0,,"artifact, harrow-court, invested, magical",Unique,,Pathfinder #191: The Destiny War,,,,,,,,,,,,,,,,,Paizo
The Unicorn,20,,,0,,"artifact, harrow-court, invested, magical",Unique,,Pathfinder #192: Worst of All Possible Worlds,,,,,,,,,,,,,,,,,Paizo
The Uprising,20,,,0,,"artifact, harrow-court, invested, magical",Unique,,Pathfinder #191: The Destiny War,,,,,,,,,,,,,,,,,Paizo
The Vision,20,,,0,,"artifact, harrow-court, invested, magical",Unique,,Pathfinder #190: The Choosing,,,,,,,,,,,,,,,,,Paizo
The Wanderer,20,,,0,,"artifact, harrow-court, invested, magical",Unique,,Pathfinder #192: Worst of All Possible Worlds,,,,,,,,,,,,,,,,,Paizo
The Waxworks,20,,,0,,"artifact, harrow-court, invested, magical",Unique,,Pathfinder #191: The Destiny War,,,,,,,,,,,,,,,,,Paizo
The Whispering Reeds,10,,,0,,"artifact, occult",Rare,2,Pathfinder #163: Ruins of Gauntlight,,,,,,,,,,,,,,,,,Paizo
The Winged Serpent,20,,,0,,"artifact, harrow-court, invested, magical",Unique,,Pathfinder #192: Worst of All Possible Worlds,,,,,,,,,,,,,,,,,Paizo
Theater Enhancers,1,,,15,,,Uncommon,,Pathfinder Lost Omens Rival Academies,,,,,,,,,,,,,,,,,Paizo
Thorn Brush,15,,,6500,,"holy, magical, versatile-p",Rare,1,"Pathfinder #205: Singer, Stalker, Skinsaw Man",,,,,,,,,,,,,,,,,Paizo
Thrasher Tail,9,,,620,,"clockwork, kobold, mechanical",Rare,1,Pathfinder Treasure Vault,,,,,,,,,,,,,,,,,Paizo
Three-peaked Tree,1,,,12,,"combination, concussive, elf, fatal-d10, parry",Uncommon,2,Pathfinder Guns & Gears,,,,,,,,,,,,,,,,,Paizo
Three-Pillared Yang Na,4,,,80,,"divine, invested, tattoo",Rare,,Pathfinder Lost Omens Rival Academies,,,,,,,,,,,,,,,,,Paizo
Throwing Knife (Extinction Curse),0,,,3,,"agile, finesse, thrown-20, twin",Uncommon,L,Pathfinder #151: The Show Must Go On,,,,,,,,,,,,,,,,,Paizo
Thundercrasher,5,,,155,,"concussive, magical, scatter-10",Uncommon,2,Pathfinder Treasure Vault,,,,,,,,,,,,,,,,,Paizo
Tideplate,10,,,1000,,"invested, magical",,4,Pathfinder GM Core,,,,,,,,,,,,,,,,,Paizo
Tiger's Claw,11,,,1400,,"concealable, concussive, fatal-d10, illusion, primal",Rare,1,Pathfinder Guns & Gears,,,,,,,,,,,,,,,,,Paizo
Titan Nagaji Scales,1,,,0,,comfort,,,Pathfinder Lost Omens Impossible Lands,,,,,,,,,,,,,,,,,Paizo
Toolkit of Bronze Whispers,5,,,50,,"divine, intelligent",Rare,2,Pathfinder Treasure Vault,,,,,,,,,,,,,,,,,Paizo
Toshigami Blossom,15,,,0,,"intelligent, invested, primal",Rare,,Pathfinder Treasure Vault,,,,,,,,,,,,,,,,,Paizo
Tough Skin,1,,,0,,comfort,,,Pathfinder Lost Omens Impossible Lands,,,,,,,,,,,,,,,,,Paizo
Tremorsensors,,,,,,,,,,,,,,,,,,,,,,,,,,
Triggerbrand,,,,,,,,,,,,,,,,,,,,,,,,,,
Tripod,,,,,,,,,,,,,,,,,,,,,,,,,,
Trustworthy Round,3,,,9,,"consumable, magical, common",,,Pathfinder Guns & Gears,,,,,,,,,,,,,,,,,Paizo
Tteokguk of Time Advancement,5,,,0,,"consumable, magical, polymorph",,L,Pathfinder Blog,,,,,,,,,,,,,,,,,Paizo
Tumbler's Belt,13,,,3000,,"invested, magical, unique",,L,Pathfinder #204: Stage Fright,,,,,,,,,,,,,,,,,Paizo
Twig of Knowledge and Memory,1,,,4,,"consumable, magical, mental, plant",Uncommon,L,Pathfinder Lost Omens Rival Academies,,,,,,,,,,,,,,,,,Paizo
Umbrella Injector,0,,,4,,"concealable, finesse, injection, parry",Uncommon,1,Pathfinder Guns & Gears,,,,,,,,,,,,,,,,,Paizo
Underwater firing Mechanism,9,,,600,,magical,Uncommon,,Pathfinder Guns & Gears,,,,,,,,,,,,,,,,,Paizo
Underwater,,,,,,,,,,,,,,,,,,,,,,,,,,
Unending Youth,20,,,0,,"contract, invested, magical",Rare,,Pathfinder Lost Omens Legends,,,,,,,,,,,,,,,,,Paizo
Unfolding Tree House,7,,,340,,"magical, structure, wood",Uncommon,L,Pathfinder #203: Shepherd of Decay,,,,,,,,,,,,,,,,,Paizo
Uniter of Clans,5,,,125,,"invested, magical, relic",Unique,,Pathfinder #193: Mantle of Gold,,,,,,,,,,,,,,,,,Paizo
unnamed-item,,,,25,,,,,Pathfinder Gamemastery Guide,,,,,,,,,,,,,,,,,Paizo
Ursine Avenger Hood,2,,,0,,"artifact, invested, primal",Unique,L,Pathfinder Treasure Vault,,,,,,,,,,,,,,,,,Paizo
Uzunjati Storytelling Amulet,5,,,145,,"invested, magical",Rare,,Pathfinder Lost Omens Rival Academies,,,,,,,,,,,,,,,,,Paizo
Vanishing Shocker (Greater),15,,,1300,,"consumable, electricity, gadget, illusion, magical",Uncommon,L,Pathfinder Lost Omens Rival Academies,,,,,,,,,,,,,,,,,Paizo
Vanishing Shocker (Lesser),7,,,70,,"consumable, electricity, gadget, illusion, magical",Uncommon,L,Pathfinder Lost Omens Rival Academies,,,,,,,,,,,,,,,,,Paizo
Vanishing Shocker (Major),19,,,8000,,"consumable, electricity, gadget, illusion, magical",Uncommon,L,Pathfinder Lost Omens Rival Academies,,,,,,,,,,,,,,,,,Paizo
Vanishing Shocker (Moderate),11,,,300,,"consumable, electricity, gadget, illusion, magical",Uncommon,L,Pathfinder Lost Omens Rival Academies,,,,,,,,,,,,,,,,,Paizo
Vashu's Ninth Life,9,,,700,,"deadly-d8, magical, two-hand-d10, versatile-p",Unique,1,Pathfinder #198: No Breath to Cry,,,,,,,,,,,,,,,,,Paizo
Venom Lash,7,,,350,,"disarm, magical, poison, sweep, trip",Uncommon,1,"Pathfinder #208: Hoof, Cinder, and Storm",,,,,,,,,,,,,,,,,Paizo
Verdant Branch,7,,,360,,"plant, primal",,L,Pathfinder Treasure Vault,,,,,,,,,,,,,,,,,Paizo
Versatile Vial,1,,,0,,"acid, alchemical, bomb, consumable, infused, splash",,,Pathfinder Player Core 2,,,,,,,,,,,,,,,,,Paizo
Vial of the Immortal Wellspring,20,,,0,,"contract, invested, magical",Rare,,Pathfinder Dark Archive,,,,,,,,,,,,,,,,,Paizo
Violet Ray,12,,,1893,,,Rare,2,Pathfinder Guns & Gears,,,,,,,,,,,,,,,,,Paizo
Viridian Crown,20,,,0,,"apex, artifact, invested, primal",Unique,L,Pathfinder #212: A Voice in the Blight,,,,,,,,,,,,,,,,,Paizo
Vitalizing (Greater),14,,,4300,,magical,,,Pathfinder GM Core,,,,,,,,,,,,,,,,,Paizo
Vitalizing,,,,,,,,,,,,,,,,,,,,,,,,,,
Vocal Shells,3,,,50,,clockwork,Rare,,Pathfinder Lost Omens Rival Academies,,,,,,,,,,,,,,,,,Paizo
Voicebox,,,,,,,,,,,,,,,,,,,,,,,,,,
Void Mirror,20,,,0,,"artifact, magical, unique",,3,Pathfinder Adventure: Malevolence,,,,,,,,,,,,,,,,,Paizo
Void Shackles,17,,,12500,,"magical, void",Rare,,Pathfinder #212: A Voice in the Blight,,,,,,,,,,,,,,,,,Paizo
Vyre's Bliss,20,,,8500,,"alchemical, consumable, ingested, poison, virulent",Rare,L,Pathfinder #206: Bring the House Down,,,,,,,,,,,,,,,,,Paizo
Wand Cane,4,,,100,,"magical, wand",,L,Pathfinder Treasure Vault,,,,,,,,,,,,,,,,,Paizo
Wand of Choking Mist (Obscuring Mist),6,,,250,,"magical, wand, water",,L,Pathfinder Treasure Vault,,,,,,,,,,,,,,,,,Paizo
Wand of Choking Mist (Solid Fog),10,,,1000,,"magical, wand, water",,L,Pathfinder Treasure Vault,,,,,,,,,,,,,,,,,Paizo
Wand of Chromatic Burst (4th-level),10,,,1000,,"magical, wand",,L,Pathfinder Treasure Vault,,,,,,,,,,,,,,,,,Paizo
Wand of Chromatic Burst (7th-level),16,,,10000,,"magical, wand",,L,Pathfinder Treasure Vault,,,,,,,,,,,,,,,,,Paizo
Wand of Clinging Rime (7th-level),16,,,10000,,"cold, magical, wand, water",,L,Pathfinder Treasure Vault,,,,,,,,,,,,,,,,,Paizo
Wand of Clinging Rime (8th-level),18,,,24000,,"cold, magical, wand, water",,L,Pathfinder Treasure Vault,,,,,,,,,,,,,,,,,Paizo
Wand of Clinging Rime (9th-level),20,,,70000,,"cold, magical, wand, water",,L,Pathfinder Treasure Vault,,,,,,,,,,,,,,,,,Paizo
Wand of Continuation (1st-Rank Spell),5,,,160,,"magical, wand",,L,Pathfinder GM Core,,,,,,,,,,,,,,,,,Paizo
Wand of Continuation (2nd-Rank Spell),7,,,360,,"magical, wand",,L,Pathfinder GM Core,,,,,,,,,,,,,,,,,Paizo
Wand of Continuation (3rd-Rank Spell),9,,,700,,"magical, wand",,L,Pathfinder GM Core,,,,,,,,,,,,,,,,,Paizo
Wand of Continuation (4th-Rank Spell),11,,,1500,,"magical, wand",,L,Pathfinder GM Core,,,,,,,,,,,,,,,,,Paizo
Wand of Continuation (5th-Rank Spell),13,,,3000,,"magical, wand",,L,Pathfinder GM Core,,,,,,,,,,,,,,,,,Paizo
Wand of Continuation (6th-Rank Spell),15,,,6500,,"magical, wand",,L,Pathfinder GM Core,,,,,,,,,,,,,,,,,Paizo
Wand of Continuation (7th-Rank Spell),17,,,15000,,"magical, wand",,L,Pathfinder GM Core,,,,,,,,,,,,,,,,,Paizo
Wand of Continuation (8th-Rank Spell),19,,,40000,,"magical, wand",,L,Pathfinder GM Core,,,,,,,,,,,,,,,,,Paizo
Wand of Dazzling Rays (3rd-level),8,,,500,,"fire, light, magical, wand",,L,Pathfinder Treasure Vault,,,,,,,,,,,,,,,,,Paizo
Wand of Dazzling Rays (4th-level),10,,,1000,,"fire, light, magical, wand",,L,Pathfinder Treasure Vault,,,,,,,,,,,,,,,,,Paizo
Wand of Dazzling Rays (5th-level),12,,,2000,,"fire, light, magical, wand",,L,Pathfinder Treasure Vault,,,,,,,,,,,,,,,,,Paizo
Wand of Dazzling Rays (6th-level),14,,,4500,,"fire, light, magical, wand",,L,Pathfinder Treasure Vault,,,,,,,,,,,,,,,,,Paizo
Wand of Dazzling Rays (7th-level),16,,,10000,,"fire, light, magical, wand",,L,Pathfinder Treasure Vault,,,,,,,,,,,,,,,,,Paizo
Wand of Dazzling Rays (8th-level),18,,,24000,,"fire, light, magical, wand",,L,Pathfinder Treasure Vault,,,,,,,,,,,,,,,,,Paizo
Wand of Dazzling Rays (9th-level),20,,,70000,,"fire, light, magical, wand",,L,Pathfinder Treasure Vault,,,,,,,,,,,,,,,,,Paizo
Wand of Dumbfounding Doom (3rd-level),8,,,500,,"emotion, fear, incapacitation, magical, mental, prediction, wand",,L,Pathfinder Treasure Vault,,,,,,,,,,,,,,,,,Paizo
Wand of Dumbfounding Doom (4th-level),10,,,1000,,"emotion, fear, incapacitation, magical, mental, prediction, wand",,L,Pathfinder Treasure Vault,,,,,,,,,,,,,,,,,Paizo
Wand of Dumbfounding Doom (5th-level),12,,,2000,,"emotion, fear, incapacitation, magical, mental, prediction, wand",,L,Pathfinder Treasure Vault,,,,,,,,,,,,,,,,,Paizo
Wand of Dumbfounding Doom (6th-level),14,,,4500,,"emotion, fear, incapacitation, magical, mental, prediction, wand",,L,Pathfinder Treasure Vault,,,,,,,,,,,,,,,,,Paizo
Wand of Dumbfounding Doom (7th-level),16,,,10000,,"emotion, fear, incapacitation, magical, mental, prediction, wand",,L,Pathfinder Treasure Vault,,,,,,,,,,,,,,,,,Paizo
Wand of Dumbfounding Doom (8th-level),18,,,24000,,"emotion, fear, incapacitation, magical, mental, prediction, wand",,L,Pathfinder Treasure Vault,,,,,,,,,,,,,,,,,Paizo
Wand of Dumbfounding Doom (9th-level),20,,,70000,,"emotion, fear, incapacitation, magical, mental, prediction, wand",,L,Pathfinder Treasure Vault,,,,,,,,,,,,,,,,,Paizo
Wand of Hawthorn (2nd-level),6,,,250,,"magical, wand",,L,Pathfinder Treasure Vault,,,,,,,,,,,,,,,,,Paizo
Wand of Hawthorn (4th-level),10,,,1000,,"magical, wand",,L,Pathfinder Treasure Vault,,,,,,,,,,,,,,,,,Paizo
Wand of Hawthorn (6th-level),14,,,4500,,"magical, wand",,L,Pathfinder Treasure Vault,,,,,,,,,,,,,,,,,Paizo
Wand of Hawthorn (8th-level),18,,,24000,,"magical, wand",,L,Pathfinder Treasure Vault,,,,,,,,,,,,,,,,,Paizo
Wand of Hybrid Form (2nd-level),6,,,200,,"magical, polymorph, wand",Uncommon,L,Pathfinder Treasure Vault,,,,,,,,,,,,,,,,,Paizo
Wand of Hybrid Form (3rd-level),8,,,450,,"magical, polymorph, wand",Uncommon,L,Pathfinder Treasure Vault,,,,,,,,,,,,,,,,,Paizo
Wand of Hybrid Form (4th-level),10,,,850,,"magical, polymorph, wand",Uncommon,L,Pathfinder Treasure Vault,,,,,,,,,,,,,,,,,Paizo
Wand of Hybrid Form (5th-level),12,,,1750,,"magical, polymorph, wand",Uncommon,L,Pathfinder Treasure Vault,,,,,,,,,,,,,,,,,Paizo
Wand of Hybrid Form (6th-level),14,,,3750,,"magical, polymorph, wand",Uncommon,L,Pathfinder Treasure Vault,,,,,,,,,,,,,,,,,Paizo
Wand of Hybrid Form (7th-level),16,,,8000,,"magical, polymorph, wand",Uncommon,L,Pathfinder Treasure Vault,,,,,,,,,,,,,,,,,Paizo
Wand of Hybrid Form (8th-level),18,,,19000,,"magical, polymorph, wand",Uncommon,L,Pathfinder Treasure Vault,,,,,,,,,,,,,,,,,Paizo
Wand of Hybrid Form (9th-level),20,,,55000,,"magical, polymorph, wand",Uncommon,L,Pathfinder Treasure Vault,,,,,,,,,,,,,,,,,Paizo
Wand of Legerdemain (1st-level),4,,,100,,"magical, wand",,L,Pathfinder Treasure Vault,,,,,,,,,,,,,,,,,Paizo
Wand of Legerdemain (2nd-level),6,,,250,,"magical, wand",,L,Pathfinder Treasure Vault,,,,,,,,,,,,,,,,,Paizo
Wand of Legerdemain (3rd-level),8,,,500,,"magical, wand",,L,Pathfinder Treasure Vault,,,,,,,,,,,,,,,,,Paizo
Wand of Legerdemain (4th-level),10,,,1000,,"magical, wand",,L,Pathfinder Treasure Vault,,,,,,,,,,,,,,,,,Paizo
Wand of Legerdemain (5th-level),12,,,2000,,"magical, wand",,L,Pathfinder Treasure Vault,,,,,,,,,,,,,,,,,Paizo
Wand of Legerdemain (6th-level),14,,,4500,,"magical, wand",,L,Pathfinder Treasure Vault,,,,,,,,,,,,,,,,,Paizo
Wand of Legerdemain (7th-level),16,,,10000,,"magical, wand",,L,Pathfinder Treasure Vault,,,,,,,,,,,,,,,,,Paizo
Wand of Legerdemain (8th-level),18,,,24000,,"magical, wand",,L,Pathfinder Treasure Vault,,,,,,,,,,,,,,,,,Paizo
Wand of Legerdemain (9th-level),20,,,70000,,"magical, wand",,L,Pathfinder Treasure Vault,,,,,,,,,,,,,,,,,Paizo
Wand of Mental Purification (1st-level),4,,,110,,"emotion, healing, magical, mental, wand",,L,Pathfinder Treasure Vault,,,,,,,,,,,,,,,,,Paizo
Wand of Mental Purification (2nd-level),6,,,250,,"emotion, healing, magical, mental, wand",,L,Pathfinder Treasure Vault,,,,,,,,,,,,,,,,,Paizo
Wand of Mental Purification (3rd-level),8,,,500,,"emotion, healing, magical, mental, wand",,L,Pathfinder Treasure Vault,,,,,,,,,,,,,,,,,Paizo
Wand of Mental Purification (4th-level),10,,,1400,,"emotion, healing, magical, mental, wand",,L,Pathfinder Treasure Vault,,,,,,,,,,,,,,,,,Paizo
Wand of Mental Purification (5th-level),12,,,3000,,"emotion, healing, magical, mental, wand",,L,Pathfinder Treasure Vault,,,,,,,,,,,,,,,,,Paizo
Wand of Mental Purification (6th-level),14,,,4500,,"emotion, healing, magical, mental, wand",,L,Pathfinder Treasure Vault,,,,,,,,,,,,,,,,,Paizo
Wand of Mental Purification (7th-level),16,,,10000,,"emotion, healing, magical, mental, wand",,L,Pathfinder Treasure Vault,,,,,,,,,,,,,,,,,Paizo
Wand of Mental Purification (8th-level),18,,,24000,,"emotion, healing, magical, mental, wand",,L,Pathfinder Treasure Vault,,,,,,,,,,,,,,,,,Paizo
Wand of Mental Purification (9th-level),20,,,70000,,"emotion, healing, magical, mental, wand",,L,Pathfinder Treasure Vault,,,,,,,,,,,,,,,,,Paizo
Wand of Mercy (1st-level),4,,,75,,"magical, wand",,L,Pathfinder Treasure Vault,,,,,,,,,,,,,,,,,Paizo
Wand of Mercy (2nd-level),6,,,200,,"magical, wand",,L,Pathfinder Treasure Vault,,,,,,,,,,,,,,,,,Paizo
Wand of Mercy (3rd-level),8,,,425,,"magical, wand",,L,Pathfinder Treasure Vault,,,,,,,,,,,,,,,,,Paizo
Wand of Mercy (4th-level),10,,,850,,"magical, wand",,L,Pathfinder Treasure Vault,,,,,,,,,,,,,,,,,Paizo
Wand of Mercy (5th-level),12,,,1650,,"magical, wand",,L,Pathfinder Treasure Vault,,,,,,,,,,,,,,,,,Paizo
Wand of Mercy (6th-level),14,,,3600,,"magical, wand",,L,Pathfinder Treasure Vault,,,,,,,,,,,,,,,,,Paizo
Wand of Mercy (7th-level),16,,,7900,,"magical, wand",,L,Pathfinder Treasure Vault,,,,,,,,,,,,,,,,,Paizo
Wand of Mercy (8th-level),18,,,19000,,"magical, wand",,L,Pathfinder Treasure Vault,,,,,,,,,,,,,,,,,Paizo
Wand of Mercy (9th-level),20,,,52000,,"magical, wand",,L,Pathfinder Treasure Vault,,,,,,,,,,,,,,,,,Paizo
Wand of Noisome Acid (2nd-Rank Spell),6,,,250,,"acid, magical, wand",Uncommon,L,Pathfinder Treasure Vault,,,,,,,,,,,,,,,,,Paizo
Wand of Noisome Acid (4nd-Rank Spell),10,,,1000,,"acid, magical, wand",Uncommon,L,Pathfinder Treasure Vault,,,,,,,,,,,,,,,,,Paizo
Wand of Noisome Acid (6th-Rank Spell),14,,,4500,,"acid, magical, wand",Uncommon,L,Pathfinder Treasure Vault,,,,,,,,,,,,,,,,,Paizo
Wand of Noisome Acid (8th-Rank Spell),18,,,24000,,"acid, magical, wand",Uncommon,L,Pathfinder Treasure Vault,,,,,,,,,,,,,,,,,Paizo
Wand of Paralytic Shock (3rd-level),8,,,500,,"electricity, magical, mental, wand",,L,Pathfinder Treasure Vault,,,,,,,,,,,,,,,,,Paizo
Wand of Paralytic Shock (7th-level),16,,,10000,,"electricity, magical, mental, wand",,L,Pathfinder Treasure Vault,,,,,,,,,,,,,,,,,Paizo
Wand of Pernicious Poison (Purple Worm Sting),14,,,4500,,"magical, poison, wand",,L,Pathfinder Treasure Vault,,,,,,,,,,,,,,,,,Paizo
Wand of Pernicious Poison (Spider Sting),4,,,100,,"magical, poison, wand",,L,Pathfinder Treasure Vault,,,,,,,,,,,,,,,,,Paizo
Wand of Reaching (1st-level),4,,,100,,"magical, wand",,L,Pathfinder Treasure Vault,,,,,,,,,,,,,,,,,Paizo
Wand of Reaching (2nd-level),6,,,250,,"magical, wand",,L,Pathfinder Treasure Vault,,,,,,,,,,,,,,,,,Paizo
Wand of Reaching (3rd-level),8,,,500,,"magical, wand",,L,Pathfinder Treasure Vault,,,,,,,,,,,,,,,,,Paizo
Wand of Reaching (4th-level),10,,,1000,,"magical, wand",,L,Pathfinder Treasure Vault,,,,,,,,,,,,,,,,,Paizo
Wand of Reaching (5th-level),12,,,2000,,"magical, wand",,L,Pathfinder Treasure Vault,,,,,,,,,,,,,,,,,Paizo
Wand of Reaching (6th-level),14,,,4500,,"magical, wand",,L,Pathfinder Treasure Vault,,,,,,,,,,,,,,,,,Paizo
Wand of Reaching (7th-level),16,,,10000,,"magical, wand",,L,Pathfinder Treasure Vault,,,,,,,,,,,,,,,,,Paizo
Wand of Reaching (8th-level),18,,,24000,,"magical, wand",,L,Pathfinder Treasure Vault,,,,,,,,,,,,,,,,,Paizo
Wand of Reaching (9th-level),20,,,70000,,"magical, wand",,L,Pathfinder Treasure Vault,,,,,,,,,,,,,,,,,Paizo
Wand of Refracting Rays (4th-level),11,,,1400,,"light, magical, wand",Uncommon,L,Pathfinder Treasure Vault,,,,,,,,,,,,,,,,,Paizo
Wand of Refracting Rays (7th-level),15,,,6500,,"light, magical, wand",Uncommon,L,Pathfinder Treasure Vault,,,,,,,,,,,,,,,,,Paizo
Wand of Rolling Flames (2nd-level),6,,,250,,"fire, magical, wand",,L,Pathfinder Treasure Vault,,,,,,,,,,,,,,,,,Paizo
Wand of Rolling Flames (3rd-level),8,,,500,,"fire, magical, wand",,L,Pathfinder Treasure Vault,,,,,,,,,,,,,,,,,Paizo
Wand of Rolling Flames (4th-level),10,,,1000,,"fire, magical, wand",,L,Pathfinder Treasure Vault,,,,,,,,,,,,,,,,,Paizo
Wand of Rolling Flames (5th-level),12,,,2000,,"fire, magical, wand",,L,Pathfinder Treasure Vault,,,,,,,,,,,,,,,,,Paizo
Wand of Rolling Flames (6th-level),14,,,4500,,"fire, magical, wand",,L,Pathfinder Treasure Vault,,,,,,,,,,,,,,,,,Paizo
Wand of Rolling Flames (7th-level),16,,,10000,,"fire, magical, wand",,L,Pathfinder Treasure Vault,,,,,,,,,,,,,,,,,Paizo
Wand of Rolling Flames (8th-level),18,,,24000,,"fire, magical, wand",,L,Pathfinder Treasure Vault,,,,,,,,,,,,,,,,,Paizo
Wand of Rolling Flames (9th-level),20,,,70000,,"fire, magical, wand",,L,Pathfinder Treasure Vault,,,,,,,,,,,,,,,,,Paizo
Wand of Shardstorm (1st-Rank Spell),5,,,160,,"force, magical, wand",,L,Pathfinder GM Core,,,,,,,,,,,,,,,,,Paizo
Wand of Shardstorm (3rd-Rank Spell),9,,,700,,"force, magical, wand",,L,Pathfinder GM Core,,,,,,,,,,,,,,,,,Paizo
Wand of Shardstorm (5th-Rank Spell),13,,,3000,,"force, magical, wand",,L,Pathfinder GM Core,,,,,,,,,,,,,,,,,Paizo
Wand of Shardstorm (7th-Rank Spell),17,,,15000,,"force, magical, wand",,L,Pathfinder GM Core,,,,,,,,,,,,,,,,,Paizo
Wand of Spiritual Warfare (2nd-Rank Spell),7,,,360,,"force, magical, wand",Uncommon,L,Pathfinder Lost Omens The Grand Bazaar,,,,,,,,,,,,,,,,,Paizo
Wand of Spiritual Warfare (4th-Rank Spell),11,,,1400,,"force, magical, wand",Uncommon,L,Pathfinder Lost Omens The Grand Bazaar,,,,,,,,,,,,,,,,,Paizo
Wand of Spiritual Warfare (6th-Rank Spell),15,,,6500,,"force, magical, wand",Uncommon,L,Pathfinder Lost Omens The Grand Bazaar,,,,,,,,,,,,,,,,,Paizo
Wand of Spiritual Warfare (8th-Rank Spell),19,,,40000,,"force, magical, wand",Uncommon,L,Pathfinder Lost Omens The Grand Bazaar,,,,,,,,,,,,,,,,,Paizo
Wand Of Splintered Sorrows (Rank 2),6,,,250,,"attack, concentrate, magical, manipulate, wand, wood",Uncommon,L,Pathfinder #202: Severed at the Root,,,,,,,,,,,,,,,,,Paizo
Wand Of Splintered Sorrows (Rank 4),10,,,1000,,"attack, concentrate, magical, manipulate, wand, wood",Uncommon,L,Pathfinder #202: Severed at the Root,,,,,,,,,,,,,,,,,Paizo
Wand Of Splintered Sorrows (Rank 6),14,,,4500,,"attack, concentrate, magical, manipulate, wand, wood",Uncommon,L,Pathfinder #202: Severed at the Root,,,,,,,,,,,,,,,,,Paizo
Wand Of Splintered Sorrows (Rank 8),18,,,24000,,"attack, concentrate, magical, manipulate, wand, wood",Uncommon,L,Pathfinder #202: Severed at the Root,,,,,,,,,,,,,,,,,Paizo
Wand of Teeming Ghosts (2nd-Rank Spell),6,,,250,,"magical, wand",Uncommon,L,Pathfinder Treasure Vault,,,,,,,,,,,,,,,,,Paizo
Wand of Teeming Ghosts (3rd-Rank Spell),8,,,500,,"magical, wand",Uncommon,L,Pathfinder Treasure Vault,,,,,,,,,,,,,,,,,Paizo
Wand of Teeming Ghosts (4th-Rank Spell),10,,,1000,,"magical, wand",Uncommon,L,Pathfinder Treasure Vault,,,,,,,,,,,,,,,,,Paizo
Wand of Teeming Ghosts (5th-Rank Spell),12,,,2000,,"magical, wand",Uncommon,L,Pathfinder Treasure Vault,,,,,,,,,,,,,,,,,Paizo
Wand of Teeming Ghosts (6th-Rank Spell),14,,,4500,,"magical, wand",Uncommon,L,Pathfinder Treasure Vault,,,,,,,,,,,,,,,,,Paizo
Wand of Teeming Ghosts (7th-Rank Spell),16,,,10000,,"magical, wand",Uncommon,L,Pathfinder Treasure Vault,,,,,,,,,,,,,,,,,Paizo
Wand of Teeming Ghosts (8th-Rank Spell),18,,,24000,,"magical, wand",Uncommon,L,Pathfinder Treasure Vault,,,,,,,,,,,,,,,,,Paizo
Wand of Teeming Ghosts (9th-Rank Spell),20,,,70000,,"magical, wand",Uncommon,L,Pathfinder Treasure Vault,,,,,,,,,,,,,,,,,Paizo
Wand of Thundering Echoes (3rd-Rank Spell),9,,,700,,"magical, sonic, wand",Uncommon,L,Pathfinder Lost Omens The Grand Bazaar,,,,,,,,,,,,,,,,,Paizo
Wand of Thundering Echoes (4th-Rank Spell),11,,,1500,,"magical, sonic, wand",Uncommon,L,Pathfinder Lost Omens The Grand Bazaar,,,,,,,,,,,,,,,,,Paizo
Wand of Thundering Echoes (5th-Rank Spell),13,,,3000,,"magical, sonic, wand",Uncommon,L,Pathfinder Lost Omens The Grand Bazaar,,,,,,,,,,,,,,,,,Paizo
Wand of Thundering Echoes (6th-Rank Spell),15,,,6500,,"magical, sonic, wand",Uncommon,L,Pathfinder Lost Omens The Grand Bazaar,,,,,,,,,,,,,,,,,Paizo
Wand of Thundering Echoes (7th-Rank Spell),17,,,15000,,"magical, sonic, wand",Uncommon,L,Pathfinder Lost Omens The Grand Bazaar,,,,,,,,,,,,,,,,,Paizo
Wand of Thundering Echoes (8th-Rank Spell),19,,,40000,,"magical, sonic, wand",Uncommon,L,Pathfinder Lost Omens The Grand Bazaar,,,,,,,,,,,,,,,,,Paizo
Wand of Toxic Blades (6th-level),15,,,6000,,"force, magical, poison, wand",,L,Pathfinder Treasure Vault,,,,,,,,,,,,,,,,,Paizo
Wand of Toxic Blades (7th-level),17,,,14000,,"force, magical, poison, wand",,L,Pathfinder Treasure Vault,,,,,,,,,,,,,,,,,Paizo
Wand of Toxic Blades (8th-level),19,,,37500,,"force, magical, poison, wand",,L,Pathfinder Treasure Vault,,,,,,,,,,,,,,,,,Paizo
Wand of Wearing Dance,18,,,24000,,"magical, mental, wand",,L,Pathfinder Treasure Vault,,,,,,,,,,,,,,,,,Paizo
Wand of Widening (1st-Rank Spell),4,,,100,,"magical, wand",,L,Pathfinder GM Core,,,,,,,,,,,,,,,,,Paizo
Wand of Widening (2nd-Rank Spell),6,,,250,,"magical, wand",,L,Pathfinder GM Core,,,,,,,,,,,,,,,,,Paizo
Wand of Widening (3rd-Rank Spell),8,,,500,,"magical, wand",,L,Pathfinder GM Core,,,,,,,,,,,,,,,,,Paizo
Wand of Widening (4th-Rank Spell),10,,,1000,,"magical, wand",,L,Pathfinder GM Core,,,,,,,,,,,,,,,,,Paizo
Wand of Widening (5th-Rank Spell),12,,,2000,,"magical, wand",,L,Pathfinder GM Core,,,,,,,,,,,,,,,,,Paizo
Wand of Widening (6th-Rank Spell),14,,,4500,,"magical, wand",,L,Pathfinder GM Core,,,,,,,,,,,,,,,,,Paizo
Wand of Widening (7th-Rank Spell),16,,,10000,,"magical, wand",,L,Pathfinder GM Core,,,,,,,,,,,,,,,,,Paizo
Wand of Widening (8th-Rank Spell),18,,,24000,,"magical, wand",,L,Pathfinder GM Core,,,,,,,,,,,,,,,,,Paizo
Wand of Widening (9th-Rank Spell),20,,,70000,,"magical, wand",,L,Pathfinder GM Core,,,,,,,,,,,,,,,,,Paizo
Wandering Pipe,11,,,0,,"artifact, invested, magical, mythic",Unique,,Pathfinder War of Immortals,,,,,,,,,,,,,,,,,Paizo
War Gavel,0,,,2,,versatile-p,Uncommon,1,Pathfinder War of Immortals,,,,,,,,,,,,,,,,,Paizo
War Javelin,0,,,1,,"tethered, thrown-30",Uncommon,1,Pathfinder War of Immortals,,,,,,,,,,,,,,,,,Paizo
Warpglass,17,,,,,precious,rare,,Pathfinder #162: Ruins of the Radiant Siege pg. 74,,,,,,,,,,,,,,,,,Paizo
Wasul Reed Mask,,,,,,,,,,,,,,,,,,,,,,,,,,
Waterproof Firearm Carrying Case,,,,,,,,,,,,,,,,,,,,,,,,,,
Wayfinderfinder,,,,,,,,,,,,,,,,,,,,,,,,,,
Weapon of False Wounds,,,,,,,,,,,,,,,,,,,,,,,,,,
Weapon Potency (+4),,,,,,,,,,,,,,,,,,,,,,,,,,
What Doors We Open,,,,,,,,,,,,,,,,,,,,,,,,,,
Wheel Blades,,,,,,,,,,,,,,,,,,,,,,,,,,
Wheel Spikes,,,,,,,,,,,,,,,,,,,,,,,,,,
Wheelchair,,,,,,,,,,,,,,,,,,,,,,,,,,
Whisperer of Souls,,,,,,,,,,,,,,,,,,,,,,,,,,
White Cleome's Eye,,,,,,,,,,,,,,,,,,,,,,,,,,
Wide landscape by an expert,,,,,,,,,,,,,,,,,,,,,,,,,,
Windborne Platform,,,,,,,,,,,,,,,,,,,,,,,,,,
Wintershot (Heroic),,,,,,,,,,,,,,,,,,,,,,,,,,
Wintershot,,,,,,,,,,,,,,,,,,,,,,,,,,
Witch Token,,,,,,,,,,,,,,,,,,,,,,,,,,
Wood-Rotted Root (Greater),,,,,,,,,,,,,,,,,,,,,,,,,,
Wood-Rotted Root (Lesser),,,,,,,,,,,,,,,,,,,,,,,,,,
Wood-Rotted Root (Major),,,,,,,,,,,,,,,,,,,,,,,,,,
Wood-Rotted Root (Moderate),,,,,,,,,,,,,,,,,,,,,,,,,,
Wooden Taws,,,,,,,,,,,,,,,,,,,,,,,,,,
Worldforge,,,,,,,,,,,,,,,,,,,,,,,,,,
Wrestler's Armbands,,,,,,,,,,,,,,,,,,,,,,,,,,
Zarothrask's Contract,9,,,0,,"contract, invested, occult",Rare,,Pathfinder Lost Omens Rival Academies,,,,,,,,,,,,,,,,,Paizo
Zetogeki Hide Armor,8,,,500,,"earth, invested, magical",Uncommon,2,"Pathfinder #208: Hoof, Cinder, and Storm",,,,,,,,,,,,,,,,,Paizo
