item,path,target_layout,possible_database_matches,export_errors,Name,Source,Rarity,Traits,ItemLevel,AddedPrice,AddedPricePerBulk,Prerequisite,Type,Publisher_Source,Subtype,Cost,Curse,Bulk,Adventuring,Alchemist,Arcane,Blacksmith,Scribe,Bowyer,General,Jewelry,Leatherworker,Music_Games,Illicit,Tailor,Temple,Armorer,Weaponsmith,Tattooist
Ablative Armor Plating (Greater),F:\Obsidian\PF2e-Core-Vault\3-Rules\Character Building\Equipment\A\ablative-armor-plating-greater.md,worn_item,,,Ablative Armor Plating (Greater),Pathfinder Guns & Gears pg. 66,uncommon,"consumable, gadget",7,,,,,Paizo,,70,,1,,,,,,,,,,,,,,,,
Ablative Armor Plating (Lesser),F:\Obsidian\PF2e-Core-Vault\3-Rules\Character Building\Equipment\A\ablative-armor-plating-lesser.md,worn_item,,,Ablative Armor Plating (Lesser),Pathfinder Guns & Gears pg. 66,uncommon,"consumable, gadget",1,,,,,Paizo,,4,,1,,,,,,,,,,,,,,,,
Ablative Armor Plating (Major),F:\Obsidian\PF2e-Core-Vault\3-Rules\Character Building\Equipment\A\ablative-armor-plating-major.md,worn_item,,,Ablative Armor Plating (Major),Pathfinder Guns & Gears pg. 66,uncommon,"consumable, gadget",13,,,,,Paizo,,600,,1,,,,,,,,,,,,,,,,
Ablative Armor Plating (Moderate),F:\Obsidian\PF2e-Core-Vault\3-Rules\Character Building\Equipment\A\ablative-armor-plating-moderate.md,worn_item,,,Ablative Armor Plating (Moderate),Pathfinder Guns & Gears pg. 66,uncommon,"consumable, gadget",3,,,,,Paizo,,12,,1,,,,,,,,,,,,,,,,
Ablative Armor Plating (True),F:\Obsidian\PF2e-Core-Vault\3-Rules\Character Building\Equipment\A\ablative-armor-plating-true.md,worn_item,,,Ablative Armor Plating (True),Pathfinder Guns & Gears pg. 66,uncommon,"consumable, gadget",19,,,,,Paizo,,8000,,1,,,,,,,,,,,,,,,,
Ablative Shield Plating (Greater),F:\Obsidian\PF2e-Core-Vault\3-Rules\Character Building\Equipment\A\ablative-shield-plating-greater.md,worn_item,,,Ablative Shield Plating (Greater),Pathfinder Guns & Gears pg. 67,uncommon,"consumable, gadget",7,,,,,Paizo,,70,,1,,,,,,,,,,,,,,,,
Ablative Shield Plating (Lesser),F:\Obsidian\PF2e-Core-Vault\3-Rules\Character Building\Equipment\A\ablative-shield-plating-lesser.md,worn_item,,,Ablative Shield Plating (Lesser),Pathfinder Guns & Gears pg. 67,uncommon,"consumable, gadget",1,,,,,Paizo,,4,,1,,,,,,,,,,,,,,,,
Ablative Shield Plating (Major),F:\Obsidian\PF2e-Core-Vault\3-Rules\Character Building\Equipment\A\ablative-shield-plating-major.md,worn_item,,,Ablative Shield Plating (Major),Pathfinder Guns & Gears pg. 67,uncommon,"consumable, gadget",13,,,,,Paizo,,600,,1,,,,,,,,,,,,,,,,
Ablative Shield Plating (Moderate),F:\Obsidian\PF2e-Core-Vault\3-Rules\Character Building\Equipment\A\ablative-shield-plating-moderate.md,worn_item,,,Ablative Shield Plating (Moderate),Pathfinder Guns & Gears pg. 67,uncommon,"consumable, gadget",3,,,,,Paizo,,12,,1,,,,,,,,,,,,,,,,
Ablative Shield Plating (True),F:\Obsidian\PF2e-Core-Vault\3-Rules\Character Building\Equipment\A\ablative-shield-plating-true.md,worn_item,,,Ablative Shield Plating (True),Pathfinder Guns & Gears pg. 67,uncommon,"consumable, gadget",19,,,,,Paizo,,8000,,1,,,,,,,,,,,,,,,,
Abysium Buckler (High Grade),F:\Obsidian\PF2e-Core-Vault\3-Rules\Character Building\Equipment\A\abysium-buckler-high-grade.md,material,Abysium Armor (High-Grade); Abysium Weapon (High-Grade); Abysium Shield (High-Grade),,Abysium Buckler (High Grade),Pathfinder Lost Omens Grand Bazaar pg. 96,rare,,16,8000,,,,Paizo,,,,,,,,,,,,,,,,,,,,
Abysium Buckler (Standard Grade),F:\Obsidian\PF2e-Core-Vault\3-Rules\Character Building\Equipment\A\abysium-buckler-standard-grade.md,material,Abysium Armor (Standard-Grade); Abysium Weapon (Standard-Grade); Abysium Shield (Standard-Grade),,Abysium Buckler (Standard Grade),Pathfinder Lost Omens Grand Bazaar pg. 96,rare,,8,400,,,,Paizo,,,,,,,,,,,,,,,,,,,,
Abysium Object (High Grade),F:\Obsidian\PF2e-Core-Vault\3-Rules\Character Building\Equipment\A\abysium-object-high-grade.md,material,Abysium Armor (High-Grade); Abysium Weapon (High-Grade); Abysium Shield (High-Grade),,Abysium Object (High Grade),Pathfinder Lost Omens Grand Bazaar pg. 96,rare,precious,16,7500,,,,Paizo,,,,,,,,,,,,,,,,,,,,
Abysium Object (Standard Grade),F:\Obsidian\PF2e-Core-Vault\3-Rules\Character Building\Equipment\A\abysium-object-standard-grade.md,material,Abysium Armor (Standard-Grade); Abysium Weapon (Standard-Grade); Abysium Shield (Standard-Grade),,Abysium Object (Standard Grade),Pathfinder Lost Omens Grand Bazaar pg. 96,rare,precious,8,450,,,,Paizo,,,,,,,,,,,,,,,,,,,,
Abysium,F:\Obsidian\PF2e-Core-Vault\3-Rules\Character Building\Equipment\A\abysium.md,worn_item,Abysium Ingot; Abysium Chunk,,Abysium,Pathfinder Lost Omens Grand Bazaar pg. 96,rare,precious,0,,,,,Paizo,,,,,,,,,,,,,,,,,,,,
Accolade Robe (Greater),F:\Obsidian\PF2e-Core-Vault\3-Rules\Character Building\Equipment\A\accolade-robe-greater.md,worn_item,Cloister Robe (Greater),,Accolade Robe (Greater),Pathfinder GM Core pg. 284,,"arcane, focused, invested",17,,,,,Paizo,,13500,,L,,,,,,,,,,,,,,,,
Accolade Robe,F:\Obsidian\PF2e-Core-Vault\3-Rules\Character Building\Equipment\A\accolade-robe.md,worn_item,,,Accolade Robe,Pathfinder GM Core pg. 284,,"arcane, focused, invested",10,,,,,Paizo,,1000,,L,,,,,,,,,,,,,,,,
Adamantine Buckler (High Grade),F:\Obsidian\PF2e-Core-Vault\3-Rules\Character Building\Equipment\A\adamantine-buckler-high-grade.md,material,Adamantine Armor (High-Grade); Adamantine Weapon (High-Grade); Adamantine Shield (High-Grade),,Adamantine Buckler (High Grade),Pathfinder GM Core pg. 233,uncommon,,16,8000,,,,Paizo,,,,,,,,,,,,,,,,,,,,
Adamantine Buckler (Standard Grade),F:\Obsidian\PF2e-Core-Vault\3-Rules\Character Building\Equipment\A\adamantine-buckler-standard-grade.md,material,Adamantine Armor (Standard-Grade); Adamantine Weapon (Standard-Grade); Adamantine Shield (Standard-Grade),,Adamantine Buckler (Standard Grade),Pathfinder GM Core pg. 233,uncommon,,8,400,,,,Paizo,,,,,,,,,,,,,,,,,,,,
Adamantine Echo,F:\Obsidian\PF2e-Core-Vault\3-Rules\Character Building\Equipment\A\adamantine-echo.md,worn_item,Adamantine Chunk; Adamantine Ingot; Adamantine Flake,,Adamantine Echo,Pathfinder #193: Mantle of Gold pg. 83,unique,"earth, invested, magical, relic",5,,,,,Paizo,,0,,L,,,,,,,,,,,,,,,,
Adamantine Object (High Grade),F:\Obsidian\PF2e-Core-Vault\3-Rules\Character Building\Equipment\A\adamantine-object-high-grade.md,material,Adamantine Armor (High-Grade); Adamantine Weapon (High-Grade); Adamantine Shield (High-Grade),,Adamantine Object (High Grade),Pathfinder GM Core pg. 253,uncommon,precious,16,6000,,,,Paizo,,,,,,,,,,,,,,,,,,,,
Adamantine Object (Standard Grade),F:\Obsidian\PF2e-Core-Vault\3-Rules\Character Building\Equipment\A\adamantine-object-standard-grade.md,material,Adamantine Armor (Standard-Grade); Adamantine Weapon (Standard-Grade); Adamantine Shield (Standard-Grade),,Adamantine Object (Standard Grade),Pathfinder GM Core pg. 253,uncommon,precious,8,350,,,,Paizo,,,,,,,,,,,,,,,,,,,,
Adamantine,F:\Obsidian\PF2e-Core-Vault\3-Rules\Character Building\Equipment\A\adamantine.md,worn_item,Adamantine Ingot; Adamantine Flake; Adamantine Chunk,,Adamantine,Pathfinder GM Core pg. 253,uncommon,precious,0,,,,,Paizo,,,,,,,,,,,,,,,,,,,,
Adaptive Cogwheel,F:\Obsidian\PF2e-Core-Vault\3-Rules\Character Building\Equipment\A\adaptive-cogwheel.md,worn_item,,,Adaptive Cogwheel,Pathfinder Guns & Gears pg. 84,,"consumable, magical, talisman",2,,,,,Paizo,,5,,,,,,,,,,,,,,,,,,
Admonishing Band,F:\Obsidian\PF2e-Core-Vault\3-Rules\Character Building\Equipment\A\admonishing-band.md,worn_item,,,Admonishing Band,Pathfinder Guns & Gears pg. 184,,"consumable, magical, talisman",4,,,,,Paizo,,20,,,,,,,,,,,,,,,,,,
Aeon Stone (Envisioning),F:\Obsidian\PF2e-Core-Vault\3-Rules\Character Building\Equipment\A\aeon-stone-envisioning.md,worn_item,Aeon Stone (Nourishing),,Aeon Stone (Envisioning),Pathfinder GM Core pg. 284,uncommon,"invested, magical",8,,,,,Paizo,,425,,,,,,,,,,,,,,,,,,
Aeon Stone (Formulating),F:\Obsidian\PF2e-Core-Vault\3-Rules\Character Building\Equipment\A\aeon-stone-formulating.md,worn_item,Aeon Stone (Delaying),,Aeon Stone (Formulating),Pathfinder #213: Thirst for Blood,uncommon,"invested, magical",4,,,,,Paizo,,75,,,,,,,,,,,,,,,,,,
Aeon Stone (Peering),F:\Obsidian\PF2e-Core-Vault\3-Rules\Character Building\Equipment\A\aeon-stone-peering.md,worn_item,Aeon Stone (Delaying); Aeon Stone (Nourishing); Aeon Stone (Amplifying),,Aeon Stone (Peering),Pathfinder GM Core pg. 284,uncommon,"invested, magical",16,,,,,Paizo,,8500,,,,,,,,,,,,,,,,,,
Aeon Stone (Preserving),F:\Obsidian\PF2e-Core-Vault\3-Rules\Character Building\Equipment\A\aeon-stone-preserving.md,worn_item,Aeon Stone (Nourishing); Aeon Stone (Delaying),,Aeon Stone (Preserving),Pathfinder GM Core pg. 284,uncommon,"invested, magical",5,,,,,Paizo,,150,,,,,,,,,,,,,,,,,,
Aeon Stone (Repairing),F:\Obsidian\PF2e-Core-Vault\3-Rules\Character Building\Equipment\A\aeon-stone-repairing.md,worn_item,Aeon Stone (Delaying); Aeon Stone (Nourishing); Aeon Stone (Amplifying),,Aeon Stone (Repairing),Pathfinder #213: Thirst for Blood,uncommon,"invested, magical",4,,,,,Paizo,,75,,,,,,,,,,,,,,,,,,
Aeon Stone (Smoothing),F:\Obsidian\PF2e-Core-Vault\3-Rules\Character Building\Equipment\A\aeon-stone-smoothing.md,worn_item,Aeon Stone (Nourishing),,Aeon Stone (Smoothing),Pathfinder GM Core pg. 284,uncommon,"invested, magical",7,,,,,Paizo,,310,,,,,,,,,,,,,,,,,,
Aeon Stone (Sprouting),F:\Obsidian\PF2e-Core-Vault\3-Rules\Character Building\Equipment\A\aeon-stone-sprouting.md,worn_item,Aeon Stone (Nourishing),,Aeon Stone (Sprouting),Pathfinder GM Core pg. 284,uncommon,"invested, magical",6,,,,,Paizo,,220,,,,,,,,,,,,,,,,,,
Aether Appendage,F:\Obsidian\PF2e-Core-Vault\3-Rules\Character Building\Equipment\A\aether-appendage.md,worn_item,,,Aether Appendage,Pathfinder Treasure Vault pg. 108,uncommon,"incorporeal, magical",5,,,,,Paizo,,160,,L,,,,,,,,,,,,,,,,
Aetheric Irritant (Greater),F:\Obsidian\PF2e-Core-Vault\3-Rules\Character Building\Equipment\A\aetheric-irritant-greater.md,worn_item,,,Aetheric Irritant (Greater),Pathfinder Lost Omens Rival Academies pg. 92,uncommon,"consumable, gadget, sonic",11,,,,,Paizo,,275,,L,,,,,,,,,,,,,,,,
Aetheric Irritant (Lesser),F:\Obsidian\PF2e-Core-Vault\3-Rules\Character Building\Equipment\A\aetheric-irritant-lesser.md,worn_item,,,Aetheric Irritant (Lesser),Pathfinder Lost Omens Rival Academies pg. 92,uncommon,"consumable, gadget, sonic",1,,,,,Paizo,,4,,L,,,,,,,,,,,,,,,,
Aetheric Irritant (Major),F:\Obsidian\PF2e-Core-Vault\3-Rules\Character Building\Equipment\A\aetheric-irritant-major.md,worn_item,,,Aetheric Irritant (Major),Pathfinder Lost Omens Rival Academies pg. 92,uncommon,"consumable, gadget, sonic",17,,,,,Paizo,,2750,,L,,,,,,,,,,,,,,,,
Aetheric Irritant (Moderate),F:\Obsidian\PF2e-Core-Vault\3-Rules\Character Building\Equipment\A\aetheric-irritant-moderate.md,worn_item,,,Aetheric Irritant (Moderate),Pathfinder Lost Omens Rival Academies pg. 92,uncommon,"consumable, gadget, sonic",3,,,,,Paizo,,11,,L,,,,,,,,,,,,,,,,
Affinity Stones,F:\Obsidian\PF2e-Core-Vault\3-Rules\Character Building\Equipment\A\affinity-stones.md,worn_item,,,Affinity Stones,Pathfinder Lost Omens Highhelm pg. 115,rare,"artifact, invested, magical",9,,,,,Paizo,,0,,,,,,,,,,,,,,,,,,
Air Cartridge Firing System,F:\Obsidian\PF2e-Core-Vault\3-Rules\Character Building\Equipment\A\air-cartridge-firing-system.md,worn_item,,,Air Cartridge Firing System,Pathfinder Guns & Gears pg. 183,uncommon,,4,,,,,Paizo,,75,,,,,,,,,,,,,,,,,,
Air Repeater,F:\Obsidian\PF2e-Core-Vault\3-Rules\Character Building\Equipment\A\air-repeater.md,worn_item,Paired (Greater),,Air Repeater,Pathfinder Guns & Gears pg. 152,uncommon,"agile, repeating",0,,,,,Paizo,,4,,L,,,,,,,,,,,,,,,,
Alcohol,F:\Obsidian\PF2e-Core-Vault\3-Rules\Character Building\Equipment\A\Alcohol.md,worn_item,,,Alcohol,Pathfinder Gamemastery Guide pg. 120,,"alchemical, consumable, drug, ingested, poison",,,,,,Paizo,,1,,1,,,,,,,,,,,,,,,,
Alicorn Trigger,F:\Obsidian\PF2e-Core-Vault\3-Rules\Character Building\Equipment\A\alicorn-trigger.md,worn_item,Alicorn Hair,,Alicorn Trigger,Pathfinder Howl of the Wild pg. 104,rare,"concussive, fatal-aim-d12, magical",15,,,,,Paizo,,6500,,1,,,,,,,,,,,,,,,,
Alloy Orb (Exquisite High-Grade),F:\Obsidian\PF2e-Core-Vault\3-Rules\Character Building\Equipment\A\alloy-orb-exquisite-high-grade.md,material,,,Alloy Orb (Exquisite High-Grade),Pathfinder GM Core pg. 263,uncommon,"consumable, magical, talisman",18,4500,,,,Paizo,,,,,,,,,,,,,,,,,,,,
Alloy Orb (Exquisite Standard-Grade),F:\Obsidian\PF2e-Core-Vault\3-Rules\Character Building\Equipment\A\alloy-orb-exquisite-standard-grade.md,material,,,Alloy Orb (Exquisite Standard-Grade),Pathfinder GM Core pg. 263,uncommon,"consumable, magical, talisman",12,400,,,,Paizo,,,,,,,,,,,,,,,,,,,,
Alloy Orb (High-Grade),F:\Obsidian\PF2e-Core-Vault\3-Rules\Character Building\Equipment\A\alloy-orb-high-grade.md,material,,,Alloy Orb (High-Grade),Pathfinder GM Core pg. 263,,"consumable, magical, talisman",16,1500,,,,Paizo,,,,,,,,,,,,,,,,,,,,
Alloy Orb (Low-Grade),F:\Obsidian\PF2e-Core-Vault\3-Rules\Character Building\Equipment\A\alloy-orb-low-grade.md,material,,,Alloy Orb (Low-Grade),Pathfinder GM Core pg. 263,,"consumable, magical, talisman",3,10,,,,Paizo,,,,,,,,,,,,,,,,,,,,
Alloy Orb (Standard-Grade),F:\Obsidian\PF2e-Core-Vault\3-Rules\Character Building\Equipment\A\alloy-orb-standard-grade.md,material,Noqual Armor (Standard-Grade); Abysium Armor (Standard-Grade),,Alloy Orb (Standard-Grade),Pathfinder GM Core pg. 263,,"consumable, magical, talisman",8,80,,,,Paizo,,,,,,,,,,,,,,,,,,,,
Amphibious Chair,F:\Obsidian\PF2e-Core-Vault\3-Rules\Character Building\Equipment\A\amphibious-chair.md,worn_item,,,Amphibious Chair,Pathfinder Lost Omens The Grand Bazaar pg. 71,,magical,9,,,,,Paizo,,575,,,,,,,,,,,,,,,,,,
Amulet of Kinship's Strength,F:\Obsidian\PF2e-Core-Vault\3-Rules\Character Building\Equipment\A\amulet-of-kinships-strength.md,worn_item,,,Amulet of Kinship's Strength,Pathfinder #209: Destroyer's Doom pg. 82,uncommon,"invested, magical",12,,,,,Paizo,,2000,,L,,,,,,,,,,,,,,,,
Ancestral Embrace,F:\Obsidian\PF2e-Core-Vault\3-Rules\Character Building\Equipment\A\ancestral-embrace.md,worn_item,Ancestral Geometry,,Ancestral Embrace,Pathfinder #174: Shadows of the Ancients pg. 76,unique,"artifact, divine, invested",26,,,,,Paizo,,0,,1,,,,,,,,,,,,,,,,
Angelic Opera Cloak,F:\Obsidian\PF2e-Core-Vault\3-Rules\Character Building\Equipment\A\angelic-opera-cloak.md,worn_item,,,Angelic Opera Cloak,Pathfinder #206: Bring the House Down pg. 81,rare,"apex, holy, invested, magical",19,,,,,Paizo,,40000,,L,,,,,,,,,,,,,,,,
Anima Robe (Artifact),F:\Obsidian\PF2e-Core-Vault\3-Rules\Character Building\Equipment\A\anima-robe-artifact.md,worn_item,,,Anima Robe (Artifact),Pathfinder #212: A Voice in the Blight pg. 72,unique,"apex, artifact, illusion, intelligent, invested, magical",20,,,,,Paizo,,0,,L,,,,,,,,,,,,,,,,
Anima Robe,F:\Obsidian\PF2e-Core-Vault\3-Rules\Character Building\Equipment\A\anima-robe.md,worn_item,Animal Bed; Animate Object,,Anima Robe,Pathfinder #211: The Secret of Deathstalk Tower pg. 81,unique,"illusion, invested, magical",15,,,,,Paizo,,6500,,L,,,,,,,,,,,,,,,,
Animate Dreamer,F:\Obsidian\PF2e-Core-Vault\3-Rules\Character Building\Equipment\A\animate-dreamer.md,worn_item,,,Animate Dreamer,Pathfinder Guns & Gears pg. 161,rare,"concussive, dwarf, intelligent, kickback, occult, scatter-10",15,,,,,Paizo,,0,,2,,,,,,,,,,,,,,,,
Animated,F:\Obsidian\PF2e-Core-Vault\3-Rules\Character Building\Equipment\A\Animated.md,worn_item,Animal Bed,,Animated,Pathfinder GM Core pg. 236,uncommon,magical,13,,,,,Paizo,,2700,,,,,,,,,,,,,,,,,,
Antifungal Salve (Greater),F:\Obsidian\PF2e-Core-Vault\3-Rules\Character Building\Equipment\A\antifungal-salve-greater.md,worn_item,,,Antifungal Salve (Greater),Pathfinder #210: Whispers in the Dirt pg. 77,,"alchemical, consumable",10,,,,,Paizo,,160,,L,,,,,,,,,,,,,,,,
Antifungal Salve (Lesser),F:\Obsidian\PF2e-Core-Vault\3-Rules\Character Building\Equipment\A\antifungal-salve-lesser.md,worn_item,,,Antifungal Salve (Lesser),Pathfinder #210: Whispers in the Dirt pg. 77,,"alchemical, consumable",1,,,,,Paizo,,3,,L,,,,,,,,,,,,,,,,
Antifungal Salve (Major),F:\Obsidian\PF2e-Core-Vault\3-Rules\Character Building\Equipment\A\antifungal-salve-major.md,worn_item,,,Antifungal Salve (Major),Pathfinder #210: Whispers in the Dirt pg. 77,,"alchemical, consumable",14,,,,,Paizo,,675,,L,,,,,,,,,,,,,,,,
Antifungal Salve (Moderate),F:\Obsidian\PF2e-Core-Vault\3-Rules\Character Building\Equipment\A\antifungal-salve-moderate.md,worn_item,Antiplague (Moderate),,Antifungal Salve (Moderate),Pathfinder #210: Whispers in the Dirt pg. 77,,"alchemical, consumable",6,,,,,Paizo,,35,,L,,,,,,,,,,,,,,,,
Apotheosis Knife,F:\Obsidian\PF2e-Core-Vault\3-Rules\Character Building\Equipment\A\apotheosis-knife.md,worn_item,,,Apotheosis Knife,Pathfinder #212: A Voice in the Blight pg. 79,rare,"agile, finesse, magical, thrown-10, unholy, versatile-s",20,,,,,Paizo,,60000,,L,,,,,,,,,,,,,,,,
Apparition Gloves,F:\Obsidian\PF2e-Core-Vault\3-Rules\Character Building\Equipment\A\apparition-gloves.md,worn_item,,,Apparition Gloves,Pathfinder Treasure Vault pg. 109,,magical,2,,,,,Paizo,,25,,L,,,,,,,,,,,,,,,,
Aquarium Lamp,F:\Obsidian\PF2e-Core-Vault\3-Rules\Character Building\Equipment\A\aquarium-lamp.md,worn_item,,,Aquarium Lamp,Pathfinder Guns & Gears pg. 84,uncommon,"electricity, light",8,,,,,Paizo,,1500,,20,,,,,,,,,,,,,,,,
Arboreal Staff,F:\Obsidian\PF2e-Core-Vault\3-Rules\Character Building\Equipment\A\arboreal-staff.md,worn_item,Boreal Staff; Boreal Staff (Major),,Arboreal Staff,Pathfinder Treasure Vault pg. 193,rare,"intelligent, magical, primal, staff, two-hand-d8",12,,,,,Paizo,,1750,,1,,,,,,,,,,,,,,,,
Arboreal Wand (Rank 2),F:\Obsidian\PF2e-Core-Vault\3-Rules\Character Building\Equipment\A\arboreal-wand-rank-2.md,worn_item,,,Arboreal Wand (Rank 2),Pathfinder #201: Pactbreaker pg. 81,rare,"healing, magical, vitality, wand",9,,,,,Paizo,,700,,L,,,,,,,,,,,,,,,,
Arboreal Wand (Rank 3),F:\Obsidian\PF2e-Core-Vault\3-Rules\Character Building\Equipment\A\arboreal-wand-rank-3.md,worn_item,,,Arboreal Wand (Rank 3),Pathfinder #201: Pactbreaker pg. 241,rare,"healing, magical, vitality, wand",11,,,,,Paizo,,1400,,L,,,,,,,,,,,,,,,,
Arboreal Wand (Rank 4),F:\Obsidian\PF2e-Core-Vault\3-Rules\Character Building\Equipment\A\arboreal-wand-rank-4.md,worn_item,,,Arboreal Wand (Rank 4),Pathfinder #201: Pactbreaker pg. 241,rare,"healing, magical, vitality, wand",13,,,,,Paizo,,3000,,L,,,,,,,,,,,,,,,,
Arboreal Wand (Rank 5),F:\Obsidian\PF2e-Core-Vault\3-Rules\Character Building\Equipment\A\arboreal-wand-rank-5.md,worn_item,,,Arboreal Wand (Rank 5),Pathfinder #201: Pactbreaker pg. 241,rare,"healing, magical, vitality, wand",15,,,,,Paizo,,6500,,L,,,,,,,,,,,,,,,,
Arboreal Wand (Rank 6),F:\Obsidian\PF2e-Core-Vault\3-Rules\Character Building\Equipment\A\arboreal-wand-rank-6.md,worn_item,,,Arboreal Wand (Rank 6),Pathfinder #201: Pactbreaker pg. 241,rare,"healing, magical, vitality, wand",17,,,,,Paizo,,15000,,L,,,,,,,,,,,,,,,,
Arboreal Wand (Rank 7),F:\Obsidian\PF2e-Core-Vault\3-Rules\Character Building\Equipment\A\arboreal-wand-rank-7.md,worn_item,,,Arboreal Wand (Rank 7),Pathfinder #201: Pactbreaker pg. 241,rare,"healing, magical, vitality, wand",19,,,,,Paizo,,40000,,L,,,,,,,,,,,,,,,,
Arboreal's Revenge,F:\Obsidian\PF2e-Core-Vault\3-Rules\Character Building\Equipment\A\arboreals-revenge.md,worn_item,,,Arboreal's Revenge,Pathfinder Guns & Gears pg. 160,rare,"concussive, cursed, magical, scatter-10",6,,,,,Paizo,,0,,2,,,,,,,,,,,,,,,,
Aroden's Hearthstone,F:\Obsidian\PF2e-Core-Vault\3-Rules\Character Building\Equipment\A\arodens-hearthstone.md,worn_item,Skarja's Heartstone,,Aroden's Hearthstone,Pathfinder #156: The Apocalypse Prophet pg. 66,unique,"arcane, artifact",25,,,,,Paizo,,0,,L,,,,,,,,,,,,,,,,
Aromatic Ammunition,F:\Obsidian\PF2e-Core-Vault\3-Rules\Character Building\Equipment\A\aromatic-ammunition.md,worn_item,Resonating Ammunition; Ghost Ammunition; Sampling Ammunition,,Aromatic Ammunition,Pathfinder Guns & Gears pg. 168,,"alchemical, consumable",2,,,,,Paizo,,5,,,,,,,,,,,,,,,,,,
Arquebus,F:\Obsidian\PF2e-Core-Vault\3-Rules\Character Building\Equipment\A\Arquebus.md,basic,,,Arquebus,Pathfinder NPC Core pg. 50,,"concussive, fatal-d12, kickback",0,,,,Martial Ranged,Paizo,,8,,2,,,,,,,,,,,,,,,,
Arrows (Bludgeon),F:\Obsidian\PF2e-Core-Vault\3-Rules\Character Building\Equipment\A\arrows-bludgeon.md,worn_item,,,Arrows (Bludgeon),Homebrew,uncommon,,,,,,,Homebrew,,1,,L,,,,,,,,,,,,,,,,
Arrows,F:\Obsidian\PF2e-Core-Vault\3-Rules\Character Building\Equipment\A\Arrows.md,worn_item,Arrows (10),,Arrows,Pathfinder Player Core pg. 280,,,,,,,,Paizo,,1,,L,,,,,,,,,,,,,,,,
Ashes of the War God,F:\Obsidian\PF2e-Core-Vault\3-Rules\Character Building\Equipment\A\ashes-of-the-war-god.md,worn_item,,,Ashes of the War God,Pathfinder #206: Bring the House Down pg. 81,rare,"consumable, magical",20,,,,,Paizo,,14000,,,,,,,,,,,,,,,,,,
Astral (Greater),F:\Obsidian\PF2e-Core-Vault\3-Rules\Character Building\Equipment\A\astral-(greater).md,worn_item,Trackless (Greater); Frost Vial (Greater); Tree Sap (Greater),,Astral (Greater),Pathfinder GM Core pg. 236,,"magical, spirit",15,,,,,Paizo,,6000,,,,,,,,,,,,,,,,,,
Astral,F:\Obsidian\PF2e-Core-Vault\3-Rules\Character Building\Equipment\A\Astral.md,worn_item,,,Astral,Pathfinder GM Core pg. 236,,"magical, spirit",8,,,,,Paizo,,450,,,,,,,,,,,,,,,,,,
Aurochs Hide Armor,F:\Obsidian\PF2e-Core-Vault\3-Rules\Character Building\Equipment\A\aurochs-hide-armor.md,basic,Hide Armor,,Aurochs Hide Armor,Pathfinder #209: Destroyer's Doom pg. 82,uncommon,"invested, magical",10,,,,Medium,Paizo,,1000,,2,,,,,,,,,,,,,,,,
Aurochs Jerky,F:\Obsidian\PF2e-Core-Vault\3-Rules\Character Building\Equipment\A\aurochs-jerky.md,worn_item,,,Aurochs Jerky,"Pathfinder #208: Hoof, Cinder, and Storm pg. 80",uncommon,"alchemical, consumable, processed",9,,,,,Paizo,,80,,,,,,,,,,,,,,,,,,
Aurochs' Might Tattoo (Greater),F:\Obsidian\PF2e-Core-Vault\3-Rules\Character Building\Equipment\A\aurochs-might-tattoo-greater.md,worn_item,Faith Tattoo (Greater),,Aurochs' Might Tattoo (Greater),Pathfinder #207: The Resurrection Flood pg. 79,uncommon,"invested, magical, tattoo",18,,,,,Paizo,,20000,,,,,,,,,,,,,,,,,,
Aurochs' Might Tattoo (Lesser),F:\Obsidian\PF2e-Core-Vault\3-Rules\Character Building\Equipment\A\aurochs-might-tattoo-lesser.md,worn_item,,,Aurochs' Might Tattoo (Lesser),Pathfinder #207: The Resurrection Flood pg. 79,uncommon,"invested, magical, tattoo",8,,,,,Paizo,,475,,,,,,,,,,,,,,,,,,
Aurochs' Might Tattoo (Moderate),F:\Obsidian\PF2e-Core-Vault\3-Rules\Character Building\Equipment\A\aurochs-might-tattoo-moderate.md,worn_item,,,Aurochs' Might Tattoo (Moderate),Pathfinder #207: The Resurrection Flood pg. 79,uncommon,"invested, magical, tattoo",13,,,,,Paizo,,2575,,,,,,,,,,,,,,,,,,
Avernal Cape,F:\Obsidian\PF2e-Core-Vault\3-Rules\Character Building\Equipment\A\avernal-cape.md,worn_item,,,Avernal Cape,Pathfinder #194: Cult of the Cave Worm pg. 78,unique,"earth, invested, magical, relic",5,,,,,Paizo,,0,,L,,,,,,,,,,,,,,,,
Awakened Adamantine Shot,F:\Obsidian\PF2e-Core-Vault\3-Rules\Character Building\Equipment\A\awakened-adamantine-shot.md,worn_item,,,Awakened Adamantine Shot,Pathfinder Guns & Gears pg. 168,uncommon,"consumable, magical",18,,,,,Paizo,,3500,,,,,,,,,,,,,,,,,,
Awakened Cold Iron Shot,F:\Obsidian\PF2e-Core-Vault\3-Rules\Character Building\Equipment\A\awakened-cold-iron-shot.md,worn_item,,,Awakened Cold Iron Shot,Pathfinder Guns & Gears pg. 168,uncommon,"consumable, magical",17,,,,,Paizo,,2300,,,,,,,,,,,,,,,,,,
Awakened Silver Shot,F:\Obsidian\PF2e-Core-Vault\3-Rules\Character Building\Equipment\A\awakened-silver-shot.md,worn_item,,,Awakened Silver Shot,Pathfinder Guns & Gears pg. 168,uncommon,"consumable, magical",17,,,,,Paizo,,2300,,,,,,,,,,,,,,,,,,
Axe Musket,F:\Obsidian\PF2e-Core-Vault\3-Rules\Character Building\Equipment\A\axe-musket.md,basic,,,Axe Musket,Pathfinder Guns & Gears pg. 159,uncommon,"combination, concussive, fatal-d10",1,,,,Martial Ranged/Melee,Paizo,,10,,2,,,,,,,,,,,,,,,,
Axe of the Dwarven Lords,F:\Obsidian\PF2e-Core-Vault\3-Rules\Character Building\Equipment\A\axe-of-the-dwarven-lords.md,worn_item,,,Axe of the Dwarven Lords,Pathfinder Gamemastery Guide pg. 106,unique,"dwarf, magical, sweep, thrown-30, two-hand-d12",26,,,,,Paizo,,0,,3,,,,,,,,,,,,,,,,
Backpack Ballista Bolt,F:\Obsidian\PF2e-Core-Vault\3-Rules\Character Building\Equipment\B\backpack-ballista-bolt.md,basic,,,Backpack Ballista Bolt,Pathfinder Guns and Gears pg. 62,uncommon,,0,,,,Ammunition Ranged,Paizo,,1,,L,,,,,,,,,,,,,,,,
Backpack Ballista,F:\Obsidian\PF2e-Core-Vault\3-Rules\Character Building\Equipment\B\backpack-ballista.md,basic,,,Backpack Ballista,Pathfinder Guns & Gears pg. 62,uncommon,,1,,,,Martial Ranged,Paizo,,18,,2,,,,,,,,,,,,,,,,
Backpack Catapult Stone,F:\Obsidian\PF2e-Core-Vault\3-Rules\Character Building\Equipment\B\backpack-catapult-stone.md,basic,,,Backpack Catapult Stone,Pathfinder Guns and Gears pg. 62,uncommon,,0,,,,Ammunition Ranged,Paizo,,1,,1,,,,,,,,,,,,,,,,
Backpack Catapult,F:\Obsidian\PF2e-Core-Vault\3-Rules\Character Building\Equipment\B\backpack-catapult.md,basic,,,Backpack Catapult,Pathfinder Guns & Gears pg. 62,uncommon,volley-50,1,,,,Advanced Ranged,Paizo,,20,,3,,,,,,,,,,,,,,,,
Bakuwa Lizardfolk Bony Plates,F:\Obsidian\PF2e-Core-Vault\3-Rules\Character Building\Equipment\B\bakuwa-lizardfolk-bony-plates.md,worn_item,,,Bakuwa Lizardfolk Bony Plates,Pathfinder Lost Omens Tian Xia Character Guide,uncommon,"aquadynamic, comfort",1,,,,,Paizo,,0,,,,,,,,,,,,,,,,,,
Bane Ammunition (Greater),F:\Obsidian\PF2e-Core-Vault\3-Rules\Character Building\Equipment\B\bane-ammunition-greater.md,worn_item,Bane Ammunition - Fey (Greater); Bane Ammunition - Ooze (Greater); Bane Ammunition - Giant (Greater),,Bane Ammunition (Greater),Pathfinder Treasure Vault pg. 42,,"alchemical, consumable, poison",11,,,,,Paizo,,250,,,,,,,,,,,,,,,,,,
Bane Ammunition (Lesser),F:\Obsidian\PF2e-Core-Vault\3-Rules\Character Building\Equipment\B\bane-ammunition-lesser.md,worn_item,Bane Ammunition - Fey (Lesser); Bane Ammunition - Ooze (Lesser); Bane Ammunition - Giant (Lesser),,Bane Ammunition (Lesser),Pathfinder Treasure Vault pg. 42,,"alchemical, consumable, poison",1,,,,,Paizo,,3,,,,,,,,,,,,,,,,,,
Bane Ammunition (Moderate),F:\Obsidian\PF2e-Core-Vault\3-Rules\Character Building\Equipment\B\bane-ammunition-moderate.md,worn_item,Bane Ammunition - Fey (Moderate); Bane Ammunition - Ooze (Moderate); Bane Ammunition - Giant (Moderate),,Bane Ammunition (Moderate),Pathfinder Treasure Vault pg. 42,,"alchemical, consumable, poison",5,,,,,Paizo,,25,,,,,,,,,,,,,,,,,,
Barricade Buster,F:\Obsidian\PF2e-Core-Vault\3-Rules\Character Building\Equipment\B\barricade-buster.md,basic,Barricade Stone (Sphere); Barricade Stone (Cube),,Barricade Buster,Pathfinder Treasure Vault pg. 30,uncommon,"kickback, orc, razing, repeating, volley-20",1,,,,Advanced Ranged,Paizo,,9,,3,,,,,,,,,,,,,,,,
Basic Face Mask,F:\Obsidian\PF2e-Core-Vault\3-Rules\Character Building\Equipment\B\basic-face-mask.md,worn_item,,unrecognized Publisher_Source for source='Treasure Vault',Basic Face Mask,Treasure Vault pg. 105,,,0,,,,,,,3,,,,,,,,,,,,,,,,,,
Batsbreath Cane,F:\Obsidian\PF2e-Core-Vault\3-Rules\Character Building\Equipment\B\batsbreath-cane.md,worn_item,,,Batsbreath Cane,Pathfinder Treasure Vault pg. 105,,"finesse, magical, sweep",10,,,,,Paizo,,950,,L,,,,,,,,,,,,,,,,
Beekeeper's Smoker,F:\Obsidian\PF2e-Core-Vault\3-Rules\Character Building\Equipment\B\beekeepers-smoker.md,worn_item,,,Beekeeper's Smoker,Pathfinder #201: Pactbreaker pg. 48,uncommon,,1,,,,,Paizo,,1,,,,,,,,,,,,,,,,,,
Bellicose Dagger,F:\Obsidian\PF2e-Core-Vault\3-Rules\Character Building\Equipment\B\bellicose-dagger.md,worn_item,Belicose Dagger,,Bellicose Dagger,Pathfinder Treasure Vault pg. 190,rare,"agile, cursed, finesse, magical, thrown-10, versatile-s",7,,,,,Paizo,,0,,L,,,,,,,,,,,,,,,,
Big Boom Gun,F:\Obsidian\PF2e-Core-Vault\3-Rules\Character Building\Equipment\B\big-boom-gun.md,basic,,,Big Boom Gun,Pathfinder Guns & Gears pg. 157,uncommon,"cobbled, fatal-d12, goblin, modular",1,,,,Martial Ranged,Paizo,,10,,2,,,,,,,,,,,,,,,,
Bitterblood Elixir,F:\Obsidian\PF2e-Core-Vault\3-Rules\Character Building\Equipment\B\bitterblood-elixir.md,worn_item,,,Bitterblood Elixir,Pathfinder #214: The Broken Palace,rare,"alchemical, consumable, elixir",6,,,,,Paizo,,40,,L,,,,,,,,,,,,,,,,
Black Ash (Greater),F:\Obsidian\PF2e-Core-Vault\3-Rules\Character Building\Equipment\B\black-ash-greater.md,worn_item,Slick (Greater); Ashen (Greater); Black Tendril Shot (Greater),,Black Ash (Greater),Pathfinder #210: Whispers in the Dirt pg. 78,rare,"catalyst, consumable, magical",10,,,,,Paizo,,200,,,,,,,,,,,,,,,,,,
Black Ash (Major),F:\Obsidian\PF2e-Core-Vault\3-Rules\Character Building\Equipment\B\black-ash-major.md,worn_item,,,Black Ash (Major),Pathfinder #210: Whispers in the Dirt pg. 78,rare,"catalyst, consumable, magical",15,,,,,Paizo,,1300,,,,,,,,,,,,,,,,,,
Black Ash,F:\Obsidian\PF2e-Core-Vault\3-Rules\Character Building\Equipment\B\black-ash.md,worn_item,,,Black Ash,Pathfinder #210: Whispers in the Dirt pg. 78,rare,"catalyst, consumable, magical",5,,,,,Paizo,,30,,,,,,,,,,,,,,,,,,
Black King,F:\Obsidian\PF2e-Core-Vault\3-Rules\Character Building\Equipment\B\black-king.md,worn_item,,,Black King,Pathfinder Lost Omens Highhelm pg. 58,rare,"concussive, magical, scatter-20, void",15,,,,,Paizo,,6250,,2,,,,,,,,,,,,,,,,
Black Powder (Dose),F:\Obsidian\PF2e-Core-Vault\3-Rules\Character Building\Equipment\B\black-powder-dose.md,worn_item,,,Black Powder (Dose),Pathfinder Guns and Gears pg. 169,Uncommon,"Alchemical, Consumable",0,,,,,Paizo,,1,,,,,,,,,,,,,,,,,,
Black Powder (Horn),F:\Obsidian\PF2e-Core-Vault\3-Rules\Character Building\Equipment\B\black-powder-horn.md,worn_item,,,Black Powder (Horn),Pathfinder Guns & Gears pg. 169,uncommon,"alchemical, consumable",2,,,,,Paizo,,5,,5,,,,,,,,,,,,,,,,
Black Powder (Keg),F:\Obsidian\PF2e-Core-Vault\3-Rules\Character Building\Equipment\B\black-powder-keg.md,worn_item,,,Black Powder (Keg),Pathfinder Guns & Gears pg. 169,uncommon,"alchemical, consumable",6,,,,,Paizo,,50,,50,,,,,,,,,,,,,,,,
Black Powder Knuckle Dusters (Melee),F:\Obsidian\PF2e-Core-Vault\3-Rules\Character Building\Equipment\B\black-powder-knuckle-dusters-melee.md,worn_item,,,Black Powder Knuckle Dusters (Melee),Pathfinder Guns & Gears pg. 159,uncommon,"combination, agile, critical fusion, monk",0,,,,,Paizo,,8,,L,,,,,,,,,,,,,,,,
Black Powder Knuckle Dusters (Ranged),F:\Obsidian\PF2e-Core-Vault\3-Rules\Character Building\Equipment\B\black-powder-knuckle-dusters-ranged.md,worn_item,,,Black Powder Knuckle Dusters (Ranged),Pathfinder Guns & Gears pg. 159,uncommon,"combination, concussive, fatal-d8, monk",0,,,,,Paizo,,8,,L,,,,,,,,,,,,,,,,
Blackaxe,F:\Obsidian\PF2e-Core-Vault\3-Rules\Character Building\Equipment\B\Blackaxe.md,worn_item,,,Blackaxe,Pathfinder Monster Core pg. 329,unique,"artifact, cursed, primal, unholy",25,,,,,Paizo,,,,2,,,,,,,,,,,,,,,,
Blade of Fallen Stars,F:\Obsidian\PF2e-Core-Vault\3-Rules\Character Building\Equipment\B\blade-of-fallen-stars.md,worn_item,Astrolabe of Falling Stars,,Blade of Fallen Stars,Pathfinder Lost Omens Highhelm pg. 115,unique,"artifact, combination, evocation",22,,,,,Paizo,,,,2,,,,,,,,,,,,,,,,
Blast Boots (Greater),F:\Obsidian\PF2e-Core-Vault\3-Rules\Character Building\Equipment\B\blast-boots-greater.md,worn_item,Blood Booster (Greater),,Blast Boots (Greater),Pathfinder Guns & Gears pg. 67,uncommon,"consumable, gadget",9,,,,,Paizo,,140,,L,,,,,,,,,,,,,,,,
Blast Boots (Lesser),F:\Obsidian\PF2e-Core-Vault\3-Rules\Character Building\Equipment\B\blast-boots-lesser.md,worn_item,,,Blast Boots (Lesser),Pathfinder Guns & Gears pg. 67,uncommon,"consumable, gadget",1,,,,,Paizo,,3,,L,,,,,,,,,,,,,,,,
Blast Boots (Major),F:\Obsidian\PF2e-Core-Vault\3-Rules\Character Building\Equipment\B\blast-boots-major.md,worn_item,,,Blast Boots (Major),Pathfinder Guns & Gears pg. 67,uncommon,"consumable, gadget",17,,,,,Paizo,,2750,,L,,,,,,,,,,,,,,,,
Blast Boots (Moderate),F:\Obsidian\PF2e-Core-Vault\3-Rules\Character Building\Equipment\B\blast-boots-moderate.md,worn_item,Blood Booster (Moderate); Blight Bomb (Moderate),,Blast Boots (Moderate),Pathfinder Guns & Gears pg. 67,uncommon,"consumable, gadget",3,,,,,Paizo,,11,,L,,,,,,,,,,,,,,,,
Blast Foot (Greater),F:\Obsidian\PF2e-Core-Vault\3-Rules\Character Building\Equipment\B\blast-foot-greater.md,worn_item,Blast Lance (Greater); Beast Staff (Greater); Blasting Stone (Greater),,Blast Foot (Greater),Pathfinder Lost Omens The Grand Bazaar pg. 73,,"invested, magical",10,,,,,Paizo,,1000,,1,,,,,,,,,,,,,,,,
Blast Foot,F:\Obsidian\PF2e-Core-Vault\3-Rules\Character Building\Equipment\B\blast-foot.md,worn_item,,,Blast Foot,Pathfinder Lost Omens The Grand Bazaar pg. 73,,"invested, magical",6,,,,,Paizo,,250,,1,,,,,,,,,,,,,,,,
Bleachguard Doll,F:\Obsidian\PF2e-Core-Vault\3-Rules\Character Building\Equipment\B\bleachguard-doll.md,worn_item,,,Bleachguard Doll,Pathfinder Treasure Vault pg. 194,rare,"intelligent, magical",8,,,,,Paizo,,0,,L,,,,,,,,,,,,,,,,
Blood-Drinker Blade (Greater),F:\Obsidian\PF2e-Core-Vault\3-Rules\Character Building\Equipment\B\blood-drinker-blade-greater.md,worn_item,Bloodbane (Greater),,Blood-Drinker Blade (Greater),Pathfinder #213: Thirst for Blood,uncommon,"agile, finesse, magical, versatile-s",9,,,,,Paizo,,700,,L,,,,,,,,,,,,,,,,
Blood-Drinker Blade,F:\Obsidian\PF2e-Core-Vault\3-Rules\Character Building\Equipment\B\blood-drinker-blade.md,worn_item,Blink Blade,,Blood-Drinker Blade,Pathfinder #213: Thirst for Blood,uncommon,"agile, finesse, magical, versatile-s",5,,,,,Paizo,,160,,L,,,,,,,,,,,,,,,,
Blood Drinker,F:\Obsidian\PF2e-Core-Vault\3-Rules\Character Building\Equipment\B\Blood-Drinker.md,worn_item,,,Blood Drinker,Pathfinder Prey for Death pg. 101,unique,magical,16,,,,,Paizo,,24000,,L,,,,,,,,,,,,,,,,
Blood Pack Squib,F:\Obsidian\PF2e-Core-Vault\3-Rules\Character Building\Equipment\B\blood-pack-squib.md,worn_item,,,Blood Pack Squib,Pathfinder Lost Omens Rival Academies pg. 56,uncommon,"consumable, magical",2,,,,,Paizo,,6,,,,,,,,,,,,,,,,,,
Bloodline Robe,F:\Obsidian\PF2e-Core-Vault\3-Rules\Character Building\Equipment\B\bloodline-robe.md,worn_item,Bloodline Robe - Hag; Bloodline Robe - Fey; Bloodline Robe - Nymph,,Bloodline Robe,Pathfinder Treasure Vault pg. 147,,"focused, invested, magical",12,,,,,Paizo,,2000,,1,,,,,,,,,,,,,,,,
Bloodroot Shield,F:\Obsidian\PF2e-Core-Vault\3-Rules\Character Building\Equipment\B\bloodroot-shield.md,worn_item,Dart Shield,,Bloodroot Shield,Pathfinder #202: Severed at the Root pg. 80,uncommon,"magical, void, wood",9,,,,,Paizo,,600,,1,,,,,,,,,,,,,,,,
Bloodseeker Beak (Greater),F:\Obsidian\PF2e-Core-Vault\3-Rules\Character Building\Equipment\B\bloodseeker-beak-greater.md,worn_item,Bloodseeker Beak; Bloodbane (Greater); Blood Booster (Greater),,Bloodseeker Beak (Greater),Pathfinder GM Core pg. 263,,"consumable, magical, talisman",8,,,,,Paizo,,100,,L,,,,,,,,,,,,,,,,
Bloodstone Doll (Major),F:\Obsidian\PF2e-Core-Vault\3-Rules\Character Building\Equipment\B\bloodstone-doll-major.md,worn_item,,,Bloodstone Doll (Major),Pathfinder Lost Omens Rival Academies pg. 101,rare,"consumable, magical",16,,,,,Paizo,,1800,,L,,,,,,,,,,,,,,,,
Bloodstone Doll (Minor),F:\Obsidian\PF2e-Core-Vault\3-Rules\Character Building\Equipment\B\bloodstone-doll-minor.md,worn_item,,,Bloodstone Doll (Minor),Pathfinder Lost Omens Rival Academies pg. 101,rare,"consumable, magical",4,,,,,Paizo,,15,,L,,,,,,,,,,,,,,,,
Bloodstone Doll (Moderate),F:\Obsidian\PF2e-Core-Vault\3-Rules\Character Building\Equipment\B\bloodstone-doll-moderate.md,worn_item,Blood Booster (Moderate); Blood Sight Elixir (Moderate); Bloodhound Mask (Moderate),,Bloodstone Doll (Moderate),Pathfinder Lost Omens Rival Academies pg. 101,rare,"consumable, magical",10,,,,,Paizo,,180,,L,,,,,,,,,,,,,,,,
Blowgun Darts,F:\Obsidian\PF2e-Core-Vault\3-Rules\Character Building\Equipment\B\blowgun-darts.md,basic,Blowgun darts (10); Blowgun,,Blowgun Darts,Pathfinder Player Core pg. 280,,,0,,,,Ammunition Ranged,Paizo,,5,,,,,,,,,,,,,,,,,,
Blunderbuss,F:\Obsidian\PF2e-Core-Vault\3-Rules\Character Building\Equipment\B\Blunderbuss.md,basic,,,Blunderbuss,Pathfinder Guns and Gears pg. 152,uncommon,"concussive, scatter 10 ft.",0,,,,Martial Ranged,Paizo,,6,,,,,,,,,,,,,,,,,,
Boastful Hunter,F:\Obsidian\PF2e-Core-Vault\3-Rules\Character Building\Equipment\B\boastful-hunter.md,worn_item,,,Boastful Hunter,Pathfinder Guns & Gears pg. 162,rare,"concussive, fatal-aim-d12, intelligent, primal",3,,,,,Paizo,,0,,1,,,,,,,,,,,,,,,,
Bogeyman Breath,F:\Obsidian\PF2e-Core-Vault\3-Rules\Character Building\Equipment\B\bogeyman-breath.md,worn_item,,,Bogeyman Breath,Pathfinder #203: Shepherd of Decay pg. 76,uncommon,"alchemical, consumable, fear, inhaled, mental, poison",11,,,,,Paizo,,360,,L,,,,,,,,,,,,,,,,
Bolts,F:\Obsidian\PF2e-Core-Vault\3-Rules\Character Building\Equipment\B\Bolts.md,basic,Bolts (10),,Bolts,Pathfinder Player Core pg. 280,,,0,,,,Ammunition Ranged,Paizo,,1,,,,,,,,,,,,,,,,,,
Book of Lost Days,F:\Obsidian\PF2e-Core-Vault\3-Rules\Character Building\Equipment\B\book-of-lost-days.md,worn_item,,,Book of Lost Days,Pathfinder Dark Archive pg. 160,unique,"cursed, magical, enchantment",15,,,,,Paizo,,0,,1,,,,,,,,,,,,,,,,
Boots of the Blight,F:\Obsidian\PF2e-Core-Vault\3-Rules\Character Building\Equipment\B\boots-of-the-blight.md,worn_item,,,Boots of the Blight,Pathfinder #210: Whispers in the Dirt pg. 78,uncommon,"invested, magical",12,,,,,Paizo,,1800,,L,,,,,,,,,,,,,,,,
Bootstrap Respirator,F:\Obsidian\PF2e-Core-Vault\3-Rules\Character Building\Equipment\B\bootstrap-respirator.md,worn_item,,,Bootstrap Respirator,Pathfinder Treasure Vault pg. 105,uncommon,mechanical,8,,,,,Paizo,,450,,L,,,,,,,,,,,,,,,,
Bottled Air,F:\Obsidian\PF2e-Core-Vault\3-Rules\Character Building\Equipment\B\bottled-air.md,worn_item,Bottled Roc; Bottled Night,,Bottled Air,Pathfinder GM Core pg. 273,,"air, magical",7,,,,,Paizo,,320,,L,,,,,,,,,,,,,,,,
Bottomless Purse,F:\Obsidian\PF2e-Core-Vault\3-Rules\Character Building\Equipment\B\bottomless-purse.md,worn_item,Bottomless Stein,,Bottomless Purse,Pathfinder Dark Archive pg. 164,rare,"contract, invested, magical",8,,,,,Paizo,,0,,,,,,,,,,,,,,,,,,
Bougainvillea Blossom (Greater),F:\Obsidian\PF2e-Core-Vault\3-Rules\Character Building\Equipment\B\bougainvillea-blossom-greater.md,worn_item,,,Bougainvillea Blossom (Greater),Pathfinder #202: Severed at the Root pg. 78,uncommon,"catalyst, consumable, magical",11,,,,,Paizo,,300,,L,,,,,,,,,,,,,,,,
Bougainvillea Blossom (Lesser),F:\Obsidian\PF2e-Core-Vault\3-Rules\Character Building\Equipment\B\bougainvillea-blossom-lesser.md,worn_item,,,Bougainvillea Blossom (Lesser),Pathfinder #202: Severed at the Root pg. 78,uncommon,"catalyst, consumable, magical",3,,,,,Paizo,,10,,L,,,,,,,,,,,,,,,,
Bougainvillea Blossom (Major),F:\Obsidian\PF2e-Core-Vault\3-Rules\Character Building\Equipment\B\bougainvillea-blossom-major.md,worn_item,,,Bougainvillea Blossom (Major),Pathfinder #202: Severed at the Root pg. 78,uncommon,"catalyst, consumable, magical",15,,,,,Paizo,,1200,,L,,,,,,,,,,,,,,,,
Bougainvillea Blossom (Moderate),F:\Obsidian\PF2e-Core-Vault\3-Rules\Character Building\Equipment\B\bougainvillea-blossom-moderate.md,worn_item,,,Bougainvillea Blossom (Moderate),Pathfinder #202: Severed at the Root pg. 78,uncommon,"catalyst, consumable, magical",7,,,,,Paizo,,60,,L,,,,,,,,,,,,,,,,
Boughshatter,F:\Obsidian\PF2e-Core-Vault\3-Rules\Character Building\Equipment\B\Boughshatter.md,worn_item,,,Boughshatter,Pathfinder #203 Shepherd of Decay pg. 79,uncommon,"earth, magical, poison",13,,,,,Paizo,,2875,,,,,,,,,,,,,,,,,,
Bow of Sun Slaying,F:\Obsidian\PF2e-Core-Vault\3-Rules\Character Building\Equipment\B\bow-of-sun-slaying.md,worn_item,,,Bow of Sun Slaying,Pathfinder Lost Omens Tian Xia Character Guide pg. 131,unique,"artifact, cold, deadly-d10, divine, propulsive",20,,,,,Paizo,,0,,1,,,,,,,,,,,,,,,,
Box of Unspoiling (Type I),F:\Obsidian\PF2e-Core-Vault\3-Rules\Character Building\Equipment\B\box-of-unspoiling-type-i.md,worn_item,,,Box of Unspoiling (Type I),"Pathfinder #208: Hoof, Cinder, and Storm pg. 80",uncommon,"extradimensional, magical",5,,,,,Paizo,,200,,1,,,,,,,,,,,,,,,,
Box of Unspoiling (Type II),F:\Obsidian\PF2e-Core-Vault\3-Rules\Character Building\Equipment\B\box-of-unspoiling-type-ii.md,worn_item,,,Box of Unspoiling (Type II),"Pathfinder #208: Hoof, Cinder, and Storm pg. 80",uncommon,"extradimensional, magical",8,,,,,Paizo,,575,,1,,,,,,,,,,,,,,,,
Box of Unspoiling (Type III),F:\Obsidian\PF2e-Core-Vault\3-Rules\Character Building\Equipment\B\box-of-unspoiling-type-iii.md,worn_item,,,Box of Unspoiling (Type III),"Pathfinder #208: Hoof, Cinder, and Storm pg. 80",uncommon,"extradimensional, magical",12,,,,,Paizo,,1640,,1,,,,,,,,,,,,,,,,
Box of Unspoiling (Type IV),F:\Obsidian\PF2e-Core-Vault\3-Rules\Character Building\Equipment\B\box-of-unspoiling-type-iv.md,worn_item,,,Box of Unspoiling (Type IV),"Pathfinder #208: Hoof, Cinder, and Storm pg. 80",uncommon,"extradimensional, magical",14,,,,,Paizo,,3600,,1,,,,,,,,,,,,,,,,
Bracers of Pain,F:\Obsidian\PF2e-Core-Vault\3-Rules\Character Building\Equipment\B\bracers-of-pain.md,worn_item,Bracers of Devotion,,Bracers of Pain,Pathfinder #209: Destroyer's Doom pg. 83,uncommon,"invested, magical",12,,,,,Paizo,,2200,,L,,,,,,,,,,,,,,,,
Brain Cylinder,F:\Obsidian\PF2e-Core-Vault\3-Rules\Character Building\Equipment\B\brain-cylinder.md,worn_item,,,Brain Cylinder,Pathfinder Adventure: Malevolence pg. 66,,magical,6,,,,,Paizo,,250,,1,,,,,,,,,,,,,,,,
Branch Attendant's Mask,F:\Obsidian\PF2e-Core-Vault\3-Rules\Character Building\Equipment\B\branch-attendants-mask.md,worn_item,,,Branch Attendant's Mask,Pathfinder Lost Omens Rival Academies pg. 69,uncommon,"invested, magical",2,,,,,Paizo,,25,,,,,,,,,,,,,,,,,,
Breath Blaster (Greater),F:\Obsidian\PF2e-Core-Vault\3-Rules\Character Building\Equipment\B\breath-blaster-greater.md,worn_item,Boreal Staff (Greater); Beastmaster's Sigil (Greater),,Breath Blaster (Greater),Pathfinder Guns & Gears pg. 154,uncommon,"concussive, magical, scatter-10",14,,,,,Paizo,,4500,,2,,,,,,,,,,,,,,,,
Breath Blaster (Major),F:\Obsidian\PF2e-Core-Vault\3-Rules\Character Building\Equipment\B\breath-blaster-major.md,worn_item,,,Breath Blaster (Major),Pathfinder Guns & Gears pg. 154,uncommon,"concussive, magical, scatter-10",18,,,,,Paizo,,24000,,2,,,,,,,,,,,,,,,,
Breath Blaster,F:\Obsidian\PF2e-Core-Vault\3-Rules\Character Building\Equipment\B\breath-blaster.md,worn_item,,,Breath Blaster,Pathfinder Guns & Gears pg. 154,uncommon,"concussive, magical, scatter-10",8,,,,,Paizo,,500,,2,,,,,,,,,,,,,,,,
Breech Ejectors,F:\Obsidian\PF2e-Core-Vault\3-Rules\Character Building\Equipment\B\breech-ejectors.md,worn_item,,,Breech Ejectors,Pathfinder Guns & Gears pg. 183,uncommon,consumable,3,,,,,Paizo,,10,,,,,,,,,,,,,,,,,,
Briar,F:\Obsidian\PF2e-Core-Vault\3-Rules\Character Building\Equipment\B\Briar.md,worn_item,,,Briar,Pathfinder Kingmaker Adventure Path pg. 584,unique,"artifact, evocation, magical, transformation",20,,,,,Paizo,,,,,,,,,,,,,,,,,,,,
Burglar's Rosebud (Greater),F:\Obsidian\PF2e-Core-Vault\3-Rules\Character Building\Equipment\B\burglars-rosebud-greater.md,worn_item,,,Burglar's Rosebud (Greater),Pathfinder #203: Shepherd of Decay pg. 76,uncommon,"consumable, emotion, mental, plant, wood",8,,,,,Paizo,,100,,L,,,,,,,,,,,,,,,,
Burglar's Rosebud,F:\Obsidian\PF2e-Core-Vault\3-Rules\Character Building\Equipment\B\burglars-rosebud.md,worn_item,,,Burglar's Rosebud,Pathfinder #203: Shepherd of Decay pg. 76,uncommon,"consumable, emotion, mental, plant, wood",3,,,,,Paizo,,10,,L,,,,,,,,,,,,,,,,
Burial Oil (Greater),F:\Obsidian\PF2e-Core-Vault\3-Rules\Character Building\Equipment\B\burial-oil-greater.md,worn_item,Brilliant (Greater),,Burial Oil (Greater),Pathfinder Treasure Vault pg. 86,uncommon,"consumable, magical, oil",11,,,,,Paizo,,250,,L,,,,,,,,,,,,,,,,
Burial Oil,F:\Obsidian\PF2e-Core-Vault\3-Rules\Character Building\Equipment\B\burial-oil.md,worn_item,,,Burial Oil,Pathfinder Treasure Vault pg. 86,uncommon,"consumable, magical",3,,,,,Paizo,,10,,L,,,,,,,,,,,,,,,,
Cloak of Eyes,F:\Obsidian\PF2e-Core-Vault\3-Rules\Character Building\Equipment\Battlezoo Bestiary - Equipment\Cloak of Eyes.md,worn_item,Cloak of Repute,unrecognized Publisher_Source for source='',Cloak of Eyes,,,,,,,,,,,,,,,,,,,,,,,,,,,,,
Ice Zuggle Orb,F:\Obsidian\PF2e-Core-Vault\3-Rules\Character Building\Equipment\Battlezoo Bestiary - Equipment\Ice Zuggle Orb.md,worn_item,,unrecognized Publisher_Source for source='',Ice Zuggle Orb,,,,,,,,,,,,,,,,,,,,,,,,,,,,,
Runebranded Hide,F:\Obsidian\PF2e-Core-Vault\3-Rules\Character Building\Equipment\Battlezoo Bestiary - Equipment\Runebranded Hide.md,worn_item,,unrecognized Publisher_Source for source='',Runebranded Hide,,,,,,,,,,,,,,,,,,,,,,,,,,,,,
Salt Stake,F:\Obsidian\PF2e-Core-Vault\3-Rules\Character Building\Equipment\Battlezoo Bestiary - Equipment\Salt Stake.md,worn_item,,unrecognized Publisher_Source for source='',Salt Stake,,,,,,,,,,,,,,,,,,,,,,,,,,,,,
Silken Tail,F:\Obsidian\PF2e-Core-Vault\3-Rules\Character Building\Equipment\Battlezoo Bestiary - Equipment\Silken Tail.md,worn_item,,unrecognized Publisher_Source for source='',Silken Tail,,,,,,,,,,,,,,,,,,,,,,,,,,,,,
Skagappa,F:\Obsidian\PF2e-Core-Vault\3-Rules\Character Building\Equipment\Battlezoo Bestiary - Equipment\Skagappa.md,worn_item,,unrecognized Publisher_Source for source='',Skagappa,,,,,,,,,,,,,,,,,,,,,,,,,,,,,
Chochori Whistlespear,F:\Obsidian\PF2e-Core-Vault\3-Rules\Character Building\Equipment\Battlezoo Indigo Isles - Equipment\Chochori Whistlespear.md,worn_item,,unrecognized Publisher_Source for source='',Chochori Whistlespear,,,,,,,,,,,,,,,,,,,,,,,,,,,,,
Earthrune,F:\Obsidian\PF2e-Core-Vault\3-Rules\Character Building\Equipment\Battlezoo Indigo Isles - Equipment\Earthrune.md,worn_item,,unrecognized Publisher_Source for source='',Earthrune,,,,,,,,,,,,,,,,,,,,,,,,,,,,,
Emberstaff (Greater),F:\Obsidian\PF2e-Core-Vault\3-Rules\Character Building\Equipment\Battlezoo Indigo Isles - Equipment\Emberstaff (Greater).md,worn_item,Zombie Staff (Greater); Beast Staff (Greater); Composer Staff (Greater),unrecognized Publisher_Source for source='',Emberstaff (Greater),,,,,,,,,,,,,,,,,,,,,,,,,,,,,
Emberstaff (Major),F:\Obsidian\PF2e-Core-Vault\3-Rules\Character Building\Equipment\Battlezoo Indigo Isles - Equipment\Emberstaff (Major).md,worn_item,Zombie Staff (Major); Beast Staff (Major); Composer Staff (Major),unrecognized Publisher_Source for source='',Emberstaff (Major),,,,,,,,,,,,,,,,,,,,,,,,,,,,,
Emberstaff,F:\Obsidian\PF2e-Core-Vault\3-Rules\Character Building\Equipment\Battlezoo Indigo Isles - Equipment\Emberstaff.md,worn_item,Gambler's Staff; Zombie Staff; Ember Dust,unrecognized Publisher_Source for source='',Emberstaff,,,,,,,,,,,,,,,,,,,,,,,,,,,,,
Galtzagorri Hook Spear,F:\Obsidian\PF2e-Core-Vault\3-Rules\Character Building\Equipment\Battlezoo Indigo Isles - Equipment\Galtzagorri Hook Spear.md,worn_item,,unrecognized Publisher_Source for source='',Galtzagorri Hook Spear,,,,,,,,,,,,,,,,,,,,,,,,,,,,,
Hardriggan Jagblade,F:\Obsidian\PF2e-Core-Vault\3-Rules\Character Building\Equipment\Battlezoo Indigo Isles - Equipment\Hardriggan Jagblade.md,worn_item,,unrecognized Publisher_Source for source='',Hardriggan Jagblade,,,,,,,,,,,,,,,,,,,,,,,,,,,,,
Old Woody,F:\Obsidian\PF2e-Core-Vault\3-Rules\Character Building\Equipment\Battlezoo Indigo Isles - Equipment\Old Woody.md,worn_item,,unrecognized Publisher_Source for source='',Old Woody,,,,,,,,,,,,,,,,,,,,,,,,,,,,,
Liquid Euphoria,F:\Obsidian\PF2e-Core-Vault\3-Rules\Character Building\Equipment\Battlezoo Strange and Unusual - Equipment\Liquid Euphoria.md,worn_item,,unrecognized Publisher_Source for source='',Liquid Euphoria,,,,,,,,,,,,,,,,,,,,,,,,,,,,,
Cane of the Maelstrom,F:\Obsidian\PF2e-Core-Vault\3-Rules\Character Building\Equipment\C\cane-of-the-maelstrom.md,worn_item,Fiddle of the Maestro,,Cane of the Maelstrom,Pathfinder #162: Ruins of the Radiant Siege pg. 73,unique,"artifact, cursed, divine, thrown-10",22,,,,,Paizo,,0,,L,,,,,,,,,,,,,,,,
Cane Pistol,F:\Obsidian\PF2e-Core-Vault\3-Rules\Character Building\Equipment\C\cane-pistol.md,basic,,,Cane Pistol,Pathfinder Guns & Gears pg. 159,uncommon,"combination, concealable, concussive, fatal-d8",0,,,,Melee/Ranged Martial,Paizo,,8,,1,,,,,,,,,,,,,,,,
Cane,F:\Obsidian\PF2e-Core-Vault\3-Rules\Character Building\Equipment\C\Cane.md,worn_item,Candle; Cage; Bane,,Cane,Pathfinder Player Core pg. 293,,,0,,,,,Paizo,,5,,,,,,,,,,,,,,,,,,
Canopy Bulwark,F:\Obsidian\PF2e-Core-Vault\3-Rules\Character Building\Equipment\C\canopy-bulwark.md,worn_item,,,Canopy Bulwark,Pathfinder #201: Pactbreaker pg. 81,rare,"invested, laminar, magical",8,,,,,Paizo,,550,,1,,,,,,,,,,,,,,,,
Castrovel's Beacon,F:\Obsidian\PF2e-Core-Vault\3-Rules\Character Building\Equipment\C\castrovels-beacon.md,worn_item,,,Castrovel's Beacon,Pathfinder #210: Whispers in the Dirt pg. 77,unique,"deadly-d8, disarm, finesse, magical",14,,,,,Paizo,,4500,,1,,,,,,,,,,,,,,,,
Cauterizing Torch,F:\Obsidian\PF2e-Core-Vault\3-Rules\Character Building\Equipment\C\cauterizing-torch.md,worn_item,,,Cauterizing Torch,Pathfinder Guns & Gears pg. 67,uncommon,"consumable, gadget",2,,,,,Paizo,,10,,L,,,,,,,,,,,,,,,,
Cayden's Tankard,F:\Obsidian\PF2e-Core-Vault\3-Rules\Character Building\Equipment\C\caydens-tankard.md,worn_item,,,Cayden's Tankard,Pathfinder Treasure Vault pg. 178,unique,"agile, artifact, divine, thrown-20",25,,,,,Paizo,,0,,L,,,,,,,,,,,,,,,,
Chain,F:\Obsidian\PF2e-Core-Vault\3-Rules\Character Building\Equipment\C\chain.md,worn_item,Chakri,,Chain,Pathfinder Player Core pg. 287,,,0,,,,,Paizo,,4,,1,,,,,,,,,,,,,,,,
Chair of Inventions,F:\Obsidian\PF2e-Core-Vault\3-Rules\Character Building\Equipment\C\chair-of-inventions.md,worn_item,,,Chair of Inventions,Pathfinder Treasure Vault,,magical,8,,,,,Paizo,,875,,1,,,,,,,,,,,,,,,,
Chalice of Ozem,F:\Obsidian\PF2e-Core-Vault\3-Rules\Character Building\Equipment\C\chalice-of-ozem.md,worn_item,,,Chalice of Ozem,Pathfinder Claws of the Tyrant pg. 110,unique,"artifact, divine",11,,,,,Paizo,,0,,L,,,,,,,,,,,,,,,,
Chalk,F:\Obsidian\PF2e-Core-Vault\3-Rules\Character Building\Equipment\C\Chalk.md,worn_item,Chakri,,Chalk,Pathfinder Player Core pg. 287,,,0,,,,,Paizo,,1,,,,,,,,,,,,,,,,,,
Chaplain's Cudgel,F:\Obsidian\PF2e-Core-Vault\3-Rules\Character Building\Equipment\C\chaplains-cudgel.md,worn_item,,,Chaplain's Cudgel,Pathfinder GM Core,,"magical, shove",9,,,,,Paizo,,650,,1,,,,,,,,,,,,,,,,
Charm of Resistance (Greater),F:\Obsidian\PF2e-Core-Vault\3-Rules\Character Building\Equipment\C\charm-of-resistance-greater.md,worn_item,Potion of Resistance (Greater),,Charm of Resistance (Greater),Pathfinder GM Core pg. 287,,"invested, magical",10,,,,,Paizo,,975,,,,,,,,,,,,,,,,,,
Charm of Resistance (Major),F:\Obsidian\PF2e-Core-Vault\3-Rules\Character Building\Equipment\C\charm-of-resistance-major.md,worn_item,,,Charm of Resistance (Major),Pathfinder GM Core pg. 287,,"invested, magical",14,,,,,Paizo,,4400,,,,,,,,,,,,,,,,,,
Charm of Resistance,F:\Obsidian\PF2e-Core-Vault\3-Rules\Character Building\Equipment\C\charm-of-resistance.md,worn_item,,,Charm of Resistance,Pathfinder GM Core pg. 287,,"invested, magical",6,,,,,Paizo,,245,,,,,,,,,,,,,,,,,,
Choral Toga,F:\Obsidian\PF2e-Core-Vault\3-Rules\Character Building\Equipment\C\choral-toga.md,worn_item,,,Choral Toga,Pathfinder #206: Bring the House Down pg. 81,rare,"apex, holy, invested, magical",19,,,,,Paizo,,40000,,L,,,,,,,,,,,,,,,,
Cindergrass Cloak,F:\Obsidian\PF2e-Core-Vault\3-Rules\Character Building\Equipment\C\cindergrass-cloak.md,worn_item,,,Cindergrass Cloak,"Pathfinder #208: Hoof, Cinder, and Storm pg. 80",uncommon,"invested, magical",7,,,,,Paizo,,250,,L,,,,,,,,,,,,,,,,
Cindergrass Poultice,F:\Obsidian\PF2e-Core-Vault\3-Rules\Character Building\Equipment\C\cindergrass-poultice.md,worn_item,,,Cindergrass Poultice,"Pathfinder #208: Hoof, Cinder, and Storm pg. 80",uncommon,"consumable, healing, magical, oil",6,,,,,Paizo,,33,,L,,,,,,,,,,,,,,,,
Cipher of Elemental Planes,F:\Obsidian\PF2e-Core-Vault\3-Rules\Character Building\Equipment\C\cipher-of-elemental-planes.md,worn_item,Cipher of the Elemental Planes,,Cipher of Elemental Planes,Pathfinder Rage of Elements pg. 224,rare,magical,16,,,,,Paizo,,9000,,L,,,,,,,,,,,,,,,,
Clan Pistol,F:\Obsidian\PF2e-Core-Vault\3-Rules\Character Building\Equipment\C\clan-pistol.md,basic,,,Clan Pistol,Pathfinder Guns & Gears pg. 152,uncommon,"concussive, dwarf, fatal-d10",0,,,,Martial Ranged,Paizo,,5,,L,,,,,,,,,,,,,,,,
Clawed Bracers,F:\Obsidian\PF2e-Core-Vault\3-Rules\Character Building\Equipment\C\clawed-bracers.md,worn_item,,,Clawed Bracers,Pathfinder GM Core pg. 287,,"invested, primal",7,,,,,Paizo,,325,,L,,,,,,,,,,,,,,,,
Clay Sphere (Greater),F:\Obsidian\PF2e-Core-Vault\3-Rules\Character Building\Equipment\C\clay-sphere-greater.md,worn_item,Ashen (Greater); Cloister Robe (Greater),,Clay Sphere (Greater),Pathfinder #202: Severed at the Root pg. 80,uncommon,"magical, spellheart",6,,,,,Paizo,,225,,L,,,,,,,,,,,,,,,,
Clay Sphere (Major),F:\Obsidian\PF2e-Core-Vault\3-Rules\Character Building\Equipment\C\clay-sphere-major.md,worn_item,,,Clay Sphere (Major),Pathfinder #202: Severed at the Root pg. 80,uncommon,"magical, spellheart",14,,,,,Paizo,,4200,,L,,,,,,,,,,,,,,,,
Clay Sphere,F:\Obsidian\PF2e-Core-Vault\3-Rules\Character Building\Equipment\C\clay-sphere.md,worn_item,,,Clay Sphere,Pathfinder #202: Severed at the Root pg. 80,uncommon,"magical, spellheart",3,,,,,Paizo,,55,,L,,,,,,,,,,,,,,,,
Clear Cutter's Axe,F:\Obsidian\PF2e-Core-Vault\3-Rules\Character Building\Equipment\C\clear-cutters-axe.md,worn_item,,,Clear Cutter's Axe,Pathfinder #202: Severed at the Root pg. 77,rare,"agile, magical, sweep, thrown-10",9,,,,,Paizo,,600,,L,,,,,,,,,,,,,,,,
Cleft Head Marking (Greater),F:\Obsidian\PF2e-Core-Vault\3-Rules\Character Building\Equipment\C\cleft-head-marking-greater.md,worn_item,,,Cleft Head Marking (Greater),Pathfinder #207: The Resurrection Flood pg. 79,rare,"invested, magical, tattoo",10,,,,,Paizo,,850,,,,,,,,,,,,,,,,,,
Cleft Head Marking (Lesser),F:\Obsidian\PF2e-Core-Vault\3-Rules\Character Building\Equipment\C\cleft-head-marking-lesser.md,worn_item,,,Cleft Head Marking (Lesser),Pathfinder #207: The Resurrection Flood pg. 79,rare,"invested, magical, tattoo",4,,,,,Paizo,,80,,,,,,,,,,,,,,,,,,
Cloak of Swiftness,F:\Obsidian\PF2e-Core-Vault\3-Rules\Character Building\Equipment\C\cloak-of-swiftness.md,worn_item,Oil of Swiftness,,Cloak of Swiftness,Pathfinder GM Core pg. 270,,"apex, invested, magical",17,,,,,Paizo,,15000,,,,,,,,,,,,,,,,,,
Clockwork Sun,F:\Obsidian\PF2e-Core-Vault\3-Rules\Character Building\Equipment\C\clockwork-sun.md,basic,Clockwork Heels; Clockwork Songbird; Clockwork Disguise,,Clockwork Sun,Pathfinder #214: The Broken Palace pg. 80,rare,"arcane, artifact, clockwork",20,,,,Shield,Paizo,,0,,24,,,,,,,,,,,,,,,,
Cloud Pouch,F:\Obsidian\PF2e-Core-Vault\3-Rules\Character Building\Equipment\C\cloud-pouch.md,worn_item,,,Cloud Pouch,Pathfinder GM Core pg. 273,,"magical, water",6,,,,,Paizo,,225,,1,,,,,,,,,,,,,,,,
Coat Pistol,F:\Obsidian\PF2e-Core-Vault\3-Rules\Character Building\Equipment\C\coat-pistol.md,basic,,,Coat Pistol,Pathfinder Guns & Gears pg. 152,uncommon,"concealable, concussive, fatal-d8",0,,,,Simple Ranged,Paizo,,5,,L,,,,,,,,,,,,,,,,
Cold Iron Buckler (High Grade),F:\Obsidian\PF2e-Core-Vault\3-Rules\Character Building\Equipment\C\cold-iron-buckler-high-grade.md,material,Cold Iron Armor (High-Grade); Cold Iron Weapon (High-Grade); Cold Iron Shield (High-Grade),,Cold Iron Buckler (High Grade),Pathfinder GM Core pg. 233,,,15,5000,,,,Paizo,,,,,,,,,,,,,,,,,,,,
Cold Iron Buckler (Low Grade),F:\Obsidian\PF2e-Core-Vault\3-Rules\Character Building\Equipment\C\cold-iron-buckler-low-grade.md,material,Cold Iron Armor (Low-Grade); Cold Iron Weapon (Low-Grade); Cold Iron Shield (Low-Grade),,Cold Iron Buckler (Low Grade),Pathfinder GM Core pg. 233,,,2,30,,,,Paizo,,,,,,,,,,,,,,,,,,,,
Cold Iron Buckler (Standard Grade),F:\Obsidian\PF2e-Core-Vault\3-Rules\Character Building\Equipment\C\cold-iron-buckler-standard-grade.md,material,Cold Iron Armor (Standard-Grade); Cold Iron Weapon (Standard-Grade); Cold Iron Shield (Standard-Grade),,Cold Iron Buckler (Standard Grade),Pathfinder GM Core pg. 233,,,7,300,,,,Paizo,,,,,,,,,,,,,,,,,,,,
Cold Iron Object (High Grade),F:\Obsidian\PF2e-Core-Vault\3-Rules\Character Building\Equipment\C\cold-iron-object-high-grade.md,material,Cold Iron Armor (High-Grade); Cold Iron Weapon (High-Grade); Cold Iron Shield (High-Grade),,Cold Iron Object (High Grade),Pathfinder GM Core pg. 253,,precious,15,4500,,,,Paizo,,,,,,,,,,,,,,,,,,,,
Cold Iron Object (Low Grade),F:\Obsidian\PF2e-Core-Vault\3-Rules\Character Building\Equipment\C\cold-iron-object-low-grade.md,material,Cold Iron Armor (Low-Grade); Cold Iron Weapon (Low-Grade); Cold Iron Shield (Low-Grade),,Cold Iron Object (Low Grade),Pathfinder GM Core pg. 253,,precious,2,20,,,,Paizo,,,,,,,,,,,,,,,,,,,,
Cold Iron Object (Standard Grade),F:\Obsidian\PF2e-Core-Vault\3-Rules\Character Building\Equipment\C\cold-iron-object-standard-grade.md,material,Cold Iron Armor (Standard-Grade); Cold Iron Weapon (Standard-Grade); Cold Iron Shield (Standard-Grade),,Cold Iron Object (Standard Grade),Pathfinder GM Core pg. 253,,precious,7,250,,,,Paizo,,,,,,,,,,,,,,,,,,,,
Cold Iron,F:\Obsidian\PF2e-Core-Vault\3-Rules\Character Building\Equipment\C\cold-iron.md,worn_item,Cold Iron Ingot; Cold Iron Chunk,,Cold Iron,Pathfinder GM Core pg. 253,,precious,2,,,,,Paizo,,,,,,,,,,,,,,,,,,,,
Coldstar Pistols,F:\Obsidian\PF2e-Core-Vault\3-Rules\Character Building\Equipment\C\coldstar-pistols.md,worn_item,,,Coldstar Pistols,Pathfinder Treasure Vault pg. 178,unique,"agile, artifact, concealable, concussive, fatal-d10, magical",23,,,,,Paizo,,0,,1,,,,,,,,,,,,,,,,
Combat Fishing Pole,F:\Obsidian\PF2e-Core-Vault\3-Rules\Character Building\Equipment\C\combat-fishing-pole.md,basic,,,Combat Fishing Pole,Pathfinder War of Immortals pg. 147,uncommon,"tethered, thrown-20, versatile-p",0,,,,Martial Melee,Paizo,,4,,L,,,,,,,,,,,,,,,,
Compound Eyes,F:\Obsidian\PF2e-Core-Vault\3-Rules\Character Building\Equipment\C\compound-eyes.md,worn_item,,,Compound Eyes,Pathfinder Howl of the Wild pg. 98,,"fortune, graft, invested, magical",4,,,,,Paizo,,75,,,,,,,,,,,,,,,,,,
Concealed Holster,F:\Obsidian\PF2e-Core-Vault\3-Rules\Character Building\Equipment\C\concealed-holster.md,worn_item,,,Concealed Holster,Pathfinder Guns & Gears pg. 179,uncommon,,3,,,,,Paizo,,25,,L,,,,,,,,,,,,,,,,
confabulator,F:\Obsidian\PF2e-Core-Vault\3-Rules\Character Building\Equipment\C\Confabulator.md,worn_item,,,confabulator,Pathfinder Treasure Vault pg. 109,uncommon,"illusion, magical",3,,,,,Paizo,,55,,,,,,,,,,,,,,,,,,
Conspirator's Cookie,F:\Obsidian\PF2e-Core-Vault\3-Rules\Character Building\Equipment\C\conspirators-cookie.md,worn_item,,,Conspirator's Cookie,Pathfinder Lost Omens Rival Academies pg. 29,rare,"consumable, magical",4,,,,,Paizo,,15,,L,,,,,,,,,,,,,,,,
Countering Charm (Greater),F:\Obsidian\PF2e-Core-Vault\3-Rules\Character Building\Equipment\C\countering-charm-greater.md,worn_item,,,Countering Charm (Greater),Pathfinder GM Core pg. 287,uncommon,"invested, magical",15,,,,,Paizo,,5500,,L,,,,,,,,,,,,,,,,
Countering Charm (Major),F:\Obsidian\PF2e-Core-Vault\3-Rules\Character Building\Equipment\C\countering-charm-major.md,worn_item,,,Countering Charm (Major),Pathfinder GM Core pg. 287,uncommon,"invested, magical",18,,,,,Paizo,,20000,,L,,,,,,,,,,,,,,,,
Countering Charm,F:\Obsidian\PF2e-Core-Vault\3-Rules\Character Building\Equipment\C\countering-charm.md,worn_item,,,Countering Charm,Pathfinder GM Core pg. 287,uncommon,"invested, magical",11,,,,,Paizo,,1200,,L,,,,,,,,,,,,,,,,
Creeping Death,F:\Obsidian\PF2e-Core-Vault\3-Rules\Character Building\Equipment\C\creeping-death.md,worn_item,,,Creeping Death,Pathfinder #202: Severed at the Root pg. 17,rare,"alchemical, consumable, contact, poison",6,,,,,Paizo,,45,,L,,,,,,,,,,,,,,,,
Crimson Fulcrum Lens,F:\Obsidian\PF2e-Core-Vault\3-Rules\Character Building\Equipment\C\crimson-fulcrum-lens.md,worn_item,,,Crimson Fulcrum Lens,Pathfinder #165: Eyes of Empty Death pg. 75,unique,"invested, occult",9,,,,,Paizo,,700,,1,,,,,,,,,,,,,,,,
Crooner's Cravat,F:\Obsidian\PF2e-Core-Vault\3-Rules\Character Building\Equipment\C\crooners-cravat.md,worn_item,,,Crooner's Cravat,Pathfinder #204: Stage Fright pg. 80,unique,"invested, magical",13,,,,,Paizo,,3000,,,,,,,,,,,,,,,,,,
Crown of the Kobold King,F:\Obsidian\PF2e-Core-Vault\3-Rules\Character Building\Equipment\C\crown-of-the-kobold-king.md,worn_item,,,Crown of the Kobold King,Pathfinder Adventure: Crown of the Kobold King pg. 114,unique,"invested, magical",9,,,,,Paizo,,700,,,,,,,,,,,,,,,,,,
Crown of Witchcraft (Greater),F:\Obsidian\PF2e-Core-Vault\3-Rules\Character Building\Equipment\C\crown-of-witchcraft-greater.md,worn_item,Crown of the Fire Eater; Crown of the Fire Eater (Greater),,Crown of Witchcraft (Greater),Pathfinder GM Core pg. 288,,"focused, invested, magical",18,,,,,Paizo,,21000,,,,,,,,,,,,,,,,,,
Crown of Witchcraft,F:\Obsidian\PF2e-Core-Vault\3-Rules\Character Building\Equipment\C\crown-of-witchcraft.md,worn_item,,,Crown of Witchcraft,Pathfinder GM Core pg. 288,,"focused, invested, magical",10,,,,,Paizo,,1000,,,,,,,,,,,,,,,,,,
Crushing Bough Bracers,F:\Obsidian\PF2e-Core-Vault\3-Rules\Character Building\Equipment\C\crushing-bough-bracers.md,worn_item,Crushing (Greater),,Crushing Bough Bracers,Pathfinder #203: Shepherd of Decay pg. 76,uncommon,"invested, magical",13,,,,,Paizo,,2500,,L,,,,,,,,,,,,,,,,
Cryolite Eye,F:\Obsidian\PF2e-Core-Vault\3-Rules\Character Building\Equipment\C\cryolite-eye.md,worn_item,,,Cryolite Eye,Pathfinder Dark Archive pg. 164,rare,"contract, invested, magical",6,,,,,Paizo,,0,,,,,,,,,,,,,,,,,,
Cryomister (Greater),F:\Obsidian\PF2e-Core-Vault\3-Rules\Character Building\Equipment\C\cryomister-greater.md,worn_item,Cloister Robe (Greater); Frost (Greater); Jyoti's Feather (Greater),,Cryomister (Greater),Pathfinder Guns & Gears pg. 68,uncommon,"cold, consumable, gadget",11,,,,,Paizo,,250,,L,,,,,,,,,,,,,,,,
Cryomister (Lesser),F:\Obsidian\PF2e-Core-Vault\3-Rules\Character Building\Equipment\C\cryomister-lesser.md,worn_item,Cloister Robe (Lesser),,Cryomister (Lesser),Pathfinder Guns & Gears pg. 68,uncommon,"cold, consumable, gadget",1,,,,,Paizo,,3,,L,,,,,,,,,,,,,,,,
Cryomister (Major),F:\Obsidian\PF2e-Core-Vault\3-Rules\Character Building\Equipment\C\cryomister-major.md,worn_item,Cloister Robe (Major); Jyoti's Feather (Major),,Cryomister (Major),Pathfinder Guns & Gears pg. 68,uncommon,"cold, consumable, gadget",17,,,,,Paizo,,2500,,L,,,,,,,,,,,,,,,,
Cryomister (Moderate),F:\Obsidian\PF2e-Core-Vault\3-Rules\Character Building\Equipment\C\cryomister-moderate.md,worn_item,Cloister Robe (Moderate),,Cryomister (Moderate),Pathfinder Guns & Gears pg. 68,uncommon,"cold, consumable, gadget",5,,,,,Paizo,,25,,L,,,,,,,,,,,,,,,,
Cube of Nex,F:\Obsidian\PF2e-Core-Vault\3-Rules\Character Building\Equipment\C\cube-of-nex.md,worn_item,,,Cube of Nex,Pathfinder Lost Omens Impossible Lands pg. 305,unique,"artifact, magical",25,,,,,Paizo,,0,,,,,,,,,,,,,,,,,,
Curious Teardrop,F:\Obsidian\PF2e-Core-Vault\3-Rules\Character Building\Equipment\C\curious-teardrop.md,worn_item,,,Curious Teardrop,Pathfinder Rage of Elements pg. 148,rare,"divine, intelligent, invested, metal",16,,,,,Paizo,,0,,,,,,,,,,,,,,,,,,
Cursed Immaculate Instrument,F:\Obsidian\PF2e-Core-Vault\3-Rules\Character Building\Equipment\C\cursed-immaculate-instrument.md,worn_item,,,Cursed Immaculate Instrument,Pathfinder War of Immortals pg. 203,rare,"artifact, cursed, divine, mythic",12,,,,,Paizo,,0,,L,,,,,,,,,,,,,,,,
Cythbikian Staff,F:\Obsidian\PF2e-Core-Vault\3-Rules\Character Building\Equipment\C\cythbikian-staff.md,worn_item,,,Cythbikian Staff,Pathfinder #202: Severed at the Root pg. 80,unique,"fungus, magical, staff, two-hand-d8",15,,,,,Paizo,,5800,,1,,,,,,,,,,,,,,,,
Dagger Pistol,F:\Obsidian\PF2e-Core-Vault\3-Rules\Character Building\Equipment\D\dagger-pistol.md,basic,,,Dagger Pistol,Pathfinder Guns & Gears pg. 159,uncommon,"combination, concussive, fatal-d8, agile, critical fusion, finesse, thrown 10ft., versatile s",0,,,,Martial Ranged/Melee,Paizo,,8,,L,,,,,,,,,,,,,,,,
darkening-poison,F:\Obsidian\PF2e-Core-Vault\3-Rules\Character Building\Equipment\D\darkening-poison.md,worn_item,,,darkening-poison,Pathfinder Monster Core pg. 48,uncommon,"consumable, poison",0,,,,,Paizo,,5,,,,,,,,,,,,,,,,,,
Darkvision Scope (Greater),F:\Obsidian\PF2e-Core-Vault\3-Rules\Character Building\Equipment\D\darkvision-scope-greater.md,worn_item,Darkvision Elixir (Greater),,Darkvision Scope (Greater),Pathfinder Guns & Gears pg. 180,,magical,15,,,,,Paizo,,5500,,L,,,,,,,,,,,,,,,,
Darkvision Scope,F:\Obsidian\PF2e-Core-Vault\3-Rules\Character Building\Equipment\D\darkvision-scope.md,worn_item,,,Darkvision Scope,Pathfinder Guns & Gears pg. 180,,magical,5,,,,,Paizo,,160,,L,,,,,,,,,,,,,,,,
Dart Umbrella,F:\Obsidian\PF2e-Core-Vault\3-Rules\Character Building\Equipment\D\dart-umbrella.md,basic,,,Dart Umbrella,Pathfinder Guns & Gears pg. 63,uncommon,"agile, concealable, nonlethal",0,,,,Martial Ranged,Paizo,,1,,1,,,,,,,,,,,,,,,,
Dawnflower Beads,F:\Obsidian\PF2e-Core-Vault\3-Rules\Character Building\Equipment\D\dawnflower-beads.md,worn_item,,,Dawnflower Beads,Pathfinder Treasure Vault pg. 194,rare,"divine, healing, intelligent, vitality",11,,,,,Paizo,,1400,,,,,,,,,,,,,,,,,,
Dawnsilver Buckler (High Grade),F:\Obsidian\PF2e-Core-Vault\3-Rules\Character Building\Equipment\D\dawnsilver-buckler-high-grade.md,material,Dawnsilver Armor (High-Grade); Dawnsilver Weapon (High-Grade),,Dawnsilver Buckler (High Grade),Pathfinder GM Core pg. 233,uncommon,,16,8000,,,,Paizo,,,,,,,,,,,,,,,,,,,,
Dawnsilver Buckler (Standard Grade),F:\Obsidian\PF2e-Core-Vault\3-Rules\Character Building\Equipment\D\dawnsilver-buckler-standard-grade.md,material,Dawnsilver Armor (Standard-Grade); Dawnsilver Weapon (Standard-Grade); Silver Armor (Standard-Grade),,Dawnsilver Buckler (Standard Grade),Pathfinder GM Core pg. 233,uncommon,,8,400,,,,Paizo,,,,,,,,,,,,,,,,,,,,
Dawnsilver Chunk,F:\Obsidian\PF2e-Core-Vault\3-Rules\Character Building\Equipment\D\dawnsilver-chunk.md,worn_item,Silver Chunk,,Dawnsilver Chunk,Pathfinder GM Core pg. 253,uncommon,precious,8,,,,,Paizo,,500,,,,,,,,,,,,,,,,,,
Dawnsilver Ingot,F:\Obsidian\PF2e-Core-Vault\3-Rules\Character Building\Equipment\D\dawnsilver-ingot.md,worn_item,Silver Ingot,,Dawnsilver Ingot,Pathfinder GM Core pg. 253,uncommon,precious,8,,,,,Paizo,,5000,,,,,,,,,,,,,,,,,,
Dawnsilver Object (High Grade),F:\Obsidian\PF2e-Core-Vault\3-Rules\Character Building\Equipment\D\dawnsilver-object-high-grade.md,material,Dawnsilver Armor (High-Grade); Dawnsilver Weapon (High-Grade),,Dawnsilver Object (High Grade),Pathfinder GM Core pg. 254,uncommon,precious,16,6000,,,,Paizo,,,,,,,,,,,,,,,,,,,,
Dawnsilver Object (Standard Grade),F:\Obsidian\PF2e-Core-Vault\3-Rules\Character Building\Equipment\D\dawnsilver-object-standard-grade.md,material,Dawnsilver Armor (Standard-Grade); Dawnsilver Weapon (Standard-Grade); Silver Armor (Standard-Grade),,Dawnsilver Object (Standard Grade),Pathfinder GM Core pg. 253,uncommon,precious,8,350,,,,Paizo,,,,,,,,,,,,,,,,,,,,
Dawnsilver Shield (High Grade),F:\Obsidian\PF2e-Core-Vault\3-Rules\Character Building\Equipment\D\dawnsilver-shield-high-grade.md,material,Silver Shield (High-Grade); Dawnsilver Weapon (High-Grade); Adamantine Shield (High-Grade),,Dawnsilver Shield (High Grade),Pathfinder GM Core pg. 233,uncommon,,16,8800,,,,Paizo,,,,,,,,,,,,,,,,,,,,
Dawnsilver Shield (Standard Grade),F:\Obsidian\PF2e-Core-Vault\3-Rules\Character Building\Equipment\D\dawnsilver-shield-standard-grade.md,material,Silver Shield (Standard-Grade); Dawnsilver Weapon (Standard-Grade); Adamantine Shield (Standard-Grade),,Dawnsilver Shield (Standard Grade),Pathfinder GM Core pg. 233,uncommon,,8,440,,,,Paizo,,,,,,,,,,,,,,,,,,,,
Dawnsilver Tree,F:\Obsidian\PF2e-Core-Vault\3-Rules\Character Building\Equipment\D\dawnsilver-tree.md,worn_item,,,Dawnsilver Tree,Pathfinder Guns & Gears pg. 153,uncommon,"concussive, elf, fatal-d10, parry",0,,,,,Paizo,,7,,1,,,,,,,,,,,,,,,,
Dawnsilver,F:\Obsidian\PF2e-Core-Vault\3-Rules\Character Building\Equipment\D\dawnsilver.md,worn_item,,,Dawnsilver,Pathfinder GM Core pg. 253,uncommon,precious,8+,,,,,Paizo,,,,,,,,,,,,,,,,,,,,
Deathstalk Mushroom,F:\Obsidian\PF2e-Core-Vault\3-Rules\Character Building\Equipment\D\deathstalk-mushroom.md,worn_item,,,Deathstalk Mushroom,Pathfinder #211: The Secret of Deathstalk Tower pg. 83,rare,"alchemical, consumable, ingested, poison, virulent",16,,,,,Paizo,,2000,,L,,,,,,,,,,,,,,,,
Decaying (Greater),F:\Obsidian\PF2e-Core-Vault\3-Rules\Character Building\Equipment\D\decaying-(greater).md,worn_item,Menacing (Greater); Quenching (Greater); Hauling (Greater),,Decaying (Greater),Pathfinder GM Core pg. 237,,"acid, magical, void",15,,,,,Paizo,,6500,,,,,,,,,,,,,,,,,,
Decaying,F:\Obsidian\PF2e-Core-Vault\3-Rules\Character Building\Equipment\D\Decaying.md,worn_item,,,Decaying,Pathfinder GM Core pg. 237,,"acid, magical, void",15,,,,,Paizo,,6500,,,,,,,,,,,,,,,,,,
Deck of Harrowed Tales,F:\Obsidian\PF2e-Core-Vault\3-Rules\Character Building\Equipment\D\deck-of-harrowed-tales.md,worn_item,,,Deck of Harrowed Tales,Pathfinder #191: The Destiny War pg. 71,unique,"artifact, magical",20,,,,,Paizo,,0,,L,,,,,,,,,,,,,,,,
Deck of Many Things,F:\Obsidian\PF2e-Core-Vault\3-Rules\Character Building\Equipment\D\deck-of-many-things.md,worn_item,,,Deck of Many Things,Pathfinder Gamemastery Guide pg. 107,rare,"artifact, magical",22,,,,,Paizo,,0,,,,,,,,,,,,,,,,,,
Defoliation Bomb (Greater),F:\Obsidian\PF2e-Core-Vault\3-Rules\Character Building\Equipment\D\defoliation-bomb-greater.md,worn_item,Lodestone Bomb (Greater); Desolation Locket (Greater); Retaliation (Greater),,Defoliation Bomb (Greater),Pathfinder #202: Severed at the Root pg. 77,uncommon,"alchemical, bomb, consumable, splash, void",12,,,,,Paizo,,350,,L,,,,,,,,,,,,,,,,
Defoliation Bomb (Lesser),F:\Obsidian\PF2e-Core-Vault\3-Rules\Character Building\Equipment\D\defoliation-bomb-lesser.md,worn_item,Retaliation (Lesser); Demolition Fulu (Lesser),,Defoliation Bomb (Lesser),Pathfinder #202: Severed at the Root pg. 77,uncommon,"alchemical, bomb, consumable, splash, void",2,,,,,Paizo,,7,,L,,,,,,,,,,,,,,,,
Defoliation Bomb (Major),F:\Obsidian\PF2e-Core-Vault\3-Rules\Character Building\Equipment\D\defoliation-bomb-major.md,worn_item,Desolation Locket (Major); Retaliation (Major),,Defoliation Bomb (Major),Pathfinder #202: Severed at the Root pg. 77,uncommon,"alchemical, bomb, consumable, splash, void",18,,,,,Paizo,,3600,,L,,,,,,,,,,,,,,,,
Defoliation Bomb (Moderate),F:\Obsidian\PF2e-Core-Vault\3-Rules\Character Building\Equipment\D\defoliation-bomb-moderate.md,worn_item,Retaliation (Moderate); Demolition Fulu (Moderate); Necrotic Bomb (Moderate),,Defoliation Bomb (Moderate),Pathfinder #202: Severed at the Root pg. 77,uncommon,"alchemical, bomb, consumable, splash, void",4,,,,,Paizo,,18,,L,,,,,,,,,,,,,,,,
Demon Bone Tiles (Brimorak),F:\Obsidian\PF2e-Core-Vault\3-Rules\Character Building\Equipment\D\demon-bone-tiles-brimorak.md,worn_item,,,Demon Bone Tiles (Brimorak),Pathfinder Lost Omens Rival Academies pg. 111,rare,"catalyst, consumable, magical, unholy",5,,,,,Paizo,,28,,L,,,,,,,,,,,,,,,,
Demon Bone Tiles (Pusk),F:\Obsidian\PF2e-Core-Vault\3-Rules\Character Building\Equipment\D\demon-bone-tiles-pusk.md,worn_item,,,Demon Bone Tiles (Pusk),Pathfinder Lost Omens Rival Academies pg. 111,rare,"catalyst, consumable, magical, unholy",2,,,,,Paizo,,7,,L,,,,,,,,,,,,,,,,
Demon Bone Tiles (Seraptis),F:\Obsidian\PF2e-Core-Vault\3-Rules\Character Building\Equipment\D\demon-bone-tiles-seraptis.md,worn_item,,,Demon Bone Tiles (Seraptis),Pathfinder Lost Omens Rival Academies pg. 111,rare,"catalyst, consumable, magical, unholy",15,,,,,Paizo,,1200,,L,,,,,,,,,,,,,,,,
Demon-Hunting Bands,F:\Obsidian\PF2e-Core-Vault\3-Rules\Character Building\Equipment\D\demon-hunting-bands.md,worn_item,,,Demon-Hunting Bands,Pathfinder Lost Omens Rival Academies pg. 66,rare,"consumable, divine, holy, talisman",3,,,,,Paizo,,10,,,,,,,,,,,,,,,,,,
Demon's Knot,F:\Obsidian\PF2e-Core-Vault\3-Rules\Character Building\Equipment\D\demons-knot.md,worn_item,Demon Mask; Demon Dust,,Demon's Knot,Pathfinder #195: Heavy is the Crown pg. 79,unique,"artifact, cursed, invested, magical, unholy",15,,,,,Paizo,,0,,L,,,,,,,,,,,,,,,,
Deployable Cover (Ballistic Cover),F:\Obsidian\PF2e-Core-Vault\3-Rules\Character Building\Equipment\D\deployable-cover-ballistic-cover.md,worn_item,,,Deployable Cover (Ballistic Cover),Pathfinder Guns & Gears pg. 64,uncommon,,2,,,,,Paizo,,35,,1,,,,,,,,,,,,,,,,
Deployable Cover,F:\Obsidian\PF2e-Core-Vault\3-Rules\Character Building\Equipment\D\deployable-cover.md,worn_item,,,Deployable Cover,Pathfinder Guns & Gears pg. 64,uncommon,,1,,,,,Paizo,,15,,1,,,,,,,,,,,,,,,,
Devil's Luck,F:\Obsidian\PF2e-Core-Vault\3-Rules\Character Building\Equipment\D\devils-luck.md,worn_item,,,Devil's Luck,Pathfinder #164: Hands of the Devil pg. 74,rare,"contract, fortune, invested, magical",3,,,,,Paizo,,0,,,,,,,,,,,,,,,,,,
Dezullon Fountain,F:\Obsidian\PF2e-Core-Vault\3-Rules\Character Building\Equipment\D\dezullon-fountain.md,worn_item,,,Dezullon Fountain,Pathfinder Treasure Vault pg. 36,uncommon,"acid, agile, magical, plant, repeating",11,,,,,Paizo,,1300,,L,,,,,,,,,,,,,,,,
Digly's Oil of Sympathy (Greater),F:\Obsidian\PF2e-Core-Vault\3-Rules\Character Building\Equipment\D\diglys-oil-of-sympathy-greater.md,worn_item,,,Digly's Oil of Sympathy (Greater),Pathfinder NPC Core pg. 65,rare,"consumable, healing, magical, oil",12,,,,,Paizo,,400,,L,,,,,,,,,,,,,,,,
Digly's Oil of Sympathy (Lesser),F:\Obsidian\PF2e-Core-Vault\3-Rules\Character Building\Equipment\D\diglys-oil-of-sympathy-lesser.md,worn_item,,,Digly's Oil of Sympathy (Lesser),Pathfinder NPC Core pg. 65,rare,"consumable, healing, magical, oil",3,,,,,Paizo,,12,,L,,,,,,,,,,,,,,,,
Digly's Oil of Sympathy (Major),F:\Obsidian\PF2e-Core-Vault\3-Rules\Character Building\Equipment\D\diglys-oil-of-sympathy-major.md,worn_item,,,Digly's Oil of Sympathy (Major),Pathfinder NPC Core pg. 65,rare,"consumable, healing, magical, oil",18,,,,,Paizo,,5000,,L,,,,,,,,,,,,,,,,
Digly's Oil of Sympathy (Minor),F:\Obsidian\PF2e-Core-Vault\3-Rules\Character Building\Equipment\D\diglys-oil-of-sympathy-minor.md,worn_item,,,Digly's Oil of Sympathy (Minor),Pathfinder NPC Core pg. 65,rare,"consumable, healing, magical, oil",1,,,,,Paizo,,4,,L,,,,,,,,,,,,,,,,
Digly's Oil of Sympathy (Moderate),F:\Obsidian\PF2e-Core-Vault\3-Rules\Character Building\Equipment\D\diglys-oil-of-sympathy-moderate.md,worn_item,,,Digly's Oil of Sympathy (Moderate),Pathfinder NPC Core pg. 65,rare,"consumable, healing, magical, oil",6,,,,,Paizo,,50,,L,,,,,,,,,,,,,,,,
Dirt Sea in a Jar,F:\Obsidian\PF2e-Core-Vault\3-Rules\Character Building\Equipment\D\dirt-sea-in-a-jar.md,worn_item,,,Dirt Sea in a Jar,Pathfinder #209: Destroyer's Doom pg. 83,uncommon,magical,9,,,,,Paizo,,880,,L,,,,,,,,,,,,,,,,
Djezet Alloy Object (High Grade),F:\Obsidian\PF2e-Core-Vault\3-Rules\Character Building\Equipment\D\djezet-alloy-object-high-grade.md,material,Djezet Armor (High-Grade),,Djezet Alloy Object (High Grade),Pathfinder Lost Omens Grand Bazaar pg. 97,rare,precious,16,7000,,,,Paizo,,,,,,,,,,,,,,,,,,,,
Djezet Alloy Object (Standard Grade),F:\Obsidian\PF2e-Core-Vault\3-Rules\Character Building\Equipment\D\djezet-alloy-object-standard-grade.md,material,Djezet Armor (Standard-Grade); Djezet Weapon (Standard-Grade); Djezet Shield (Standard-Grade),,Djezet Alloy Object (Standard Grade),Pathfinder Lost Omens Grand Bazaar pg. 97,rare,precious,8,400,,,,Paizo,,,,,,,,,,,,,,,,,,,,
Djezet Buckler (High Grade),F:\Obsidian\PF2e-Core-Vault\3-Rules\Character Building\Equipment\D\djezet-buckler-high-grade.md,material,Djezet Armor (High-Grade); Djezet Weapon (High-Grade); Djezet Shield (High-Grade),,Djezet Buckler (High Grade),Pathfinder Lost Omens Grand Bazaar pg. 98,rare,,16,8000,,,,Paizo,,,,,,,,,,,,,,,,,,,,
Djezet Buckler (Standard Grade),F:\Obsidian\PF2e-Core-Vault\3-Rules\Character Building\Equipment\D\djezet-buckler-standard-grade.md,material,Djezet Armor (Standard-Grade); Djezet Weapon (Standard-Grade); Djezet Shield (Standard-Grade),,Djezet Buckler (Standard Grade),Pathfinder Lost Omens Grand Bazaar pg. 98,rare,,9,600,,,,Paizo,,,,,,,,,,,,,,,,,,,,
Djezet,F:\Obsidian\PF2e-Core-Vault\3-Rules\Character Building\Equipment\D\djezet.md,worn_item,Djezet Mass; Djezet Dose,,Djezet,Pathfinder Lost Omens Grand Bazaar pg. 97,rare,precious,0,,,,,Paizo,,,,,,,,,,,,,,,,,,,,
Doll (Surprise),F:\Obsidian\PF2e-Core-Vault\3-Rules\Character Building\Equipment\D\doll-surprise.md,worn_item,Doll (Exquisite Surprise),,Doll (Surprise),Pathfinder NPC Core,,,1,,,,,Paizo,,1,,L,,,,,,,,,,,,,,,,
Double-Barreled Musket,F:\Obsidian\PF2e-Core-Vault\3-Rules\Character Building\Equipment\D\double-barreled-musket.md,basic,,,Double-Barreled Musket,Pathfinder Guns & Gears pg. 152,uncommon,"concussive, double-barrel, fatal-d10",1,,,,Martial Ranged,Paizo,,11,,1,,,,,,,,,,,,,,,,
Double-Barreled Pistol,F:\Obsidian\PF2e-Core-Vault\3-Rules\Character Building\Equipment\D\double-barreled-pistol.md,basic,,,Double-Barreled Pistol,Pathfinder Guns & Gears pg. 152,uncommon,"concussive, double-barrel, fatal-d8",0,,,,Martial Ranged,Paizo,,6,,1,,,,,,,,,,,,,,,,
Dr. Ushernacht's Astonishing Ink (Major),F:\Obsidian\PF2e-Core-Vault\3-Rules\Character Building\Equipment\D\dr.-ushernachts-astonishing-ink-major.md,worn_item,,,Dr. Ushernacht's Astonishing Ink (Major),Pathfinder Lost Omens Rival Academies pg. 89,uncommon,"alchemical, consumable",10,,,,,Paizo,,160,,L,,,,,,,,,,,,,,,,
Dr. Ushernacht's Astonishing Ink (Minor),F:\Obsidian\PF2e-Core-Vault\3-Rules\Character Building\Equipment\D\dr.-ushernachts-astonishing-ink-minor.md,worn_item,,,Dr. Ushernacht's Astonishing Ink (Minor),Pathfinder Lost Omens Rival Academies pg. 89,uncommon,"alchemical, consumable",3,,,,,Paizo,,10,,L,,,,,,,,,,,,,,,,
Dr. Ushernacht's Astonishing Ink (Moderate),F:\Obsidian\PF2e-Core-Vault\3-Rules\Character Building\Equipment\D\dr.-ushernachts-astonishing-ink-moderate.md,worn_item,,,Dr. Ushernacht's Astonishing Ink (Moderate),Pathfinder Lost Omens Rival Academies pg. 89,uncommon,"alchemical, consumable",10,,,,,Paizo,,160,,L,,,,,,,,,,,,,,,,
Draconal Mask,F:\Obsidian\PF2e-Core-Vault\3-Rules\Character Building\Equipment\D\draconal-mask.md,worn_item,,,Draconal Mask,Pathfinder #206: Bring the House Down pg. 81,rare,"apex, holy, invested, magical",19,,,,,Paizo,,40000,,L,,,,,,,,,,,,,,,,
Dragon-Lotus Drum,F:\Obsidian\PF2e-Core-Vault\3-Rules\Character Building\Equipment\D\dragon-lotus-drum.md,worn_item,,,Dragon-Lotus Drum,Pathfinder War of Immortals pg. 150,unique,"artifact, magical, mythic",24,,,,,Paizo,,0,,1,,,,,,,,,,,,,,,,
Dragon Mouth Pistol,F:\Obsidian\PF2e-Core-Vault\3-Rules\Character Building\Equipment\D\dragon-mouth-pistol.md,basic,,,Dragon Mouth Pistol,Pathfinder NPC Core pg. 50,uncommon,"concussive, scatter 5ft.",0,,,,Martial Ranged,Paizo,,7,,,,,,,,,,,,,,,,,,
Dragon Turtle Plate,F:\Obsidian\PF2e-Core-Vault\3-Rules\Character Building\Equipment\D\dragon-turtle-plate.md,worn_item,Dragon Turtle Scale; Dragon Turtle Artillery; Dragonplate,,Dragon Turtle Plate,Pathfinder Treasure Vault pg. 15,,"aquadynamic, invested, magical",9,,,,,Paizo,,700,,3,,,,,,,,,,,,,,,,
Dragon Turtle Scale (Greater),F:\Obsidian\PF2e-Core-Vault\3-Rules\Character Building\Equipment\D\dragon-turtle-scale-(greater).md,worn_item,Dragon Turtle Scale; Dragon Turtle Armor,,Dragon Turtle Scale (Greater),Pathfinder GM Core pg. 264,,"consumable, magical, talisman",8,,,,,Paizo,,75,,,,,,,,,,,,,,,,,,
Dragonclaw Scutcheon,F:\Obsidian\PF2e-Core-Vault\3-Rules\Character Building\Equipment\D\dragonclaw-scutcheon.md,worn_item,Dragonclaw Scutcheon - Omen; Dragonclaw Scutcheon - Mirage; Dragonclaw Scutcheon - Horned,,Dragonclaw Scutcheon,Pathfinder Treasure Vault pg. 173,,"consumable, magical, talisman",16,,,,,Paizo,,1600,,,,,,,,,,,,,,,,,,
Dragonhide Armor (High Grade),F:\Obsidian\PF2e-Core-Vault\3-Rules\Character Building\Equipment\D\dragonhide-armor-high-grade.md,material,Dragonhide Armor - Primal (High-Grade); Dragonhide Armor - Occult (High-Grade); Dragonhide Armor - Divine (High-Grade),,Dragonhide Armor (High Grade),Pathfinder Player Core 2 pg. 276,uncommon,,19,32000,3200,,,Paizo,,,,,,,,,,,,,,,,,,,,
Dragonhide Armor (Standard Grade),F:\Obsidian\PF2e-Core-Vault\3-Rules\Character Building\Equipment\D\dragonhide-armor-standard-grade.md,material,Dragonhide Armor - Primal (Standard-Grade); Dragonhide Armor - Occult (Standard-Grade); Dragonhide Armor - Divine (Standard Grade),,Dragonhide Armor (Standard Grade),Pathfinder Player Core 2 pg. 276,uncommon,,12,1600,160,,,Paizo,,,,,,,,,,,,,,,,,,,,
Dragonhide Buckler (High Grade),F:\Obsidian\PF2e-Core-Vault\3-Rules\Character Building\Equipment\D\dragonhide-buckler-high-grade.md,material,Dragonhide (High-Grade Red); Dragonhide (High-Grade Gold); Dragonhide (High-Grade Blue),,Dragonhide Buckler (High Grade),Pathfinder Player Core 2 pg. 277,uncommon,,16,8000,,,,Paizo,,,,,,,,,,,,,,,,,,,,
Dragonhide Buckler (Standard Grade),F:\Obsidian\PF2e-Core-Vault\3-Rules\Character Building\Equipment\D\dragonhide-buckler-standard-grade.md,material,Dragonhide Shield - Primal (Standard-Grade); Dragonhide Shield - Arcane (Standard-Grade); Dragonhide Armor - Primal (Standard-Grade),,Dragonhide Buckler (Standard Grade),Pathfinder Player Core 2 pg. 277,uncommon,,8,400,,,,Paizo,,,,,,,,,,,,,,,,,,,,
Dragonhide Shield (High Grade),F:\Obsidian\PF2e-Core-Vault\3-Rules\Character Building\Equipment\D\dragonhide-shield-high-grade.md,material,Dragonhide Shield - Primal (High-Grade); Dragonhide Shield - Occult (High-Grade); Dragonhide Shield - Divine (High-Grade),,Dragonhide Shield (High Grade),Pathfinder Player Core 2 pg. 277,uncommon,,16,8800,,,,Paizo,,,,,,,,,,,,,,,,,,,,
Dragonhide Shield (Standard Grade),F:\Obsidian\PF2e-Core-Vault\3-Rules\Character Building\Equipment\D\dragonhide-shield-standard-grade.md,material,Dragonhide Shield - Primal (Standard-Grade); Dragonhide Shield - Occult (Standard-Grade); Dragonhide Shield - Divine (Standard-Grade),,Dragonhide Shield (Standard Grade),Pathfinder Player Core 2 pg. 277,uncommon,,8,440,,,,Paizo,,,,,,,,,,,,,,,,,,,,
Dragonhide,F:\Obsidian\PF2e-Core-Vault\3-Rules\Character Building\Equipment\D\dragonhide.md,worn_item,Dragonhide (Red); Dragonhide (Gold); Dragonhide (Blue),,Dragonhide,Pathfinder Player Core 2 pg. 276,uncommon,precious,0,,,,,Paizo,,,,,,,,,,,,,,,,,,,,
Dragon's Blood Pudding,F:\Obsidian\PF2e-Core-Vault\3-Rules\Character Building\Equipment\D\dragons-blood-pudding.md,worn_item,Dragon's Blood Pudding (Major); Dragon's Blood Pudding (Greater); Dragon's Blood Pudding (Moderate),,Dragon's Blood Pudding,Pathfinder Lost Omens The Grand Bazaar pg. 46,uncommon,"alchemical, consumable",2,,,,,Paizo,,5,,L,,,,,,,,,,,,,,,,
Dragon's Crest,F:\Obsidian\PF2e-Core-Vault\3-Rules\Character Building\Equipment\D\dragons-crest.md,worn_item,Dragon's Creast; Dragonscale Staff,,Dragon's Crest,Pathfinder Lost Omens The Grand Bazaar pg. 104,uncommon,adjustment,1,,,,,Paizo,,10,,,,,,,,,,,,,,,,,,
Dragontooth Leiomano,F:\Obsidian\PF2e-Core-Vault\3-Rules\Character Building\Equipment\D\dragontooth-leiomano.md,worn_item,,,Dragontooth Leiomano,Pathfinder Treasure Vault pg. 36,uncommon,"fatal-d10, magical, versatile-s",13,,,,,Paizo,,3000,,1,,,,,,,,,,,,,,,,
Dragontooth Trophy,F:\Obsidian\PF2e-Core-Vault\3-Rules\Character Building\Equipment\D\dragontooth-trophy.md,worn_item,Dragontooth Trophy - Omen; Dragontooth Trophy - Mirage; Dragontooth Trophy - Horned,,Dragontooth Trophy,Pathfinder Treasure Vault pg. 93,,"consumable, magical, talisman",14,,,,,Paizo,,800,,,,,,,,,,,,,,,,,,
Drake Rifle,F:\Obsidian\PF2e-Core-Vault\3-Rules\Character Building\Equipment\D\drake-rifle.md,basic,,,Drake Rifle,Pathfinder Guns & Gears pg. 154,uncommon,magical,4,,,,Martial Ranged,Paizo,,100,,2,,,,,,,,,,,,,,,,
Dream Lens,F:\Obsidian\PF2e-Core-Vault\3-Rules\Character Building\Equipment\D\dream-lens.md,worn_item,Dream Pollen Snare,,Dream Lens,Pathfinder #200: Seven Dooms for Sandpoint pg. 182,rare,"artifact, magical",20,,,,,Paizo,,0,,10,,,,,,,,,,,,,,,,
Dreaming Round,F:\Obsidian\PF2e-Core-Vault\3-Rules\Character Building\Equipment\D\dreaming-round.md,worn_item,,,Dreaming Round,Pathfinder Guns & Gears pg. 169,uncommon,"consumable, incapacitation, magical, mental, sleep",14,,,,,Paizo,,900,,,,,,,,,,,,,,,,,,
Drop of Convergent Waters,F:\Obsidian\PF2e-Core-Vault\3-Rules\Character Building\Equipment\D\drop-of-convergent-waters.md,worn_item,,,Drop of Convergent Waters,Pathfinder Lost Omens Rival Academies pg. 79,rare,"consumable, magical, talisman, water",2,,,,,Paizo,,7,,,,,,,,,,,,,,,,,,
Drumish Pearl Token,F:\Obsidian\PF2e-Core-Vault\3-Rules\Character Building\Equipment\D\drumish-pearl-token.md,worn_item,,,Drumish Pearl Token,Pathfinder #210: Whispers in the Dirt pg. 79,rare,"invested, magical",11,,,,,Paizo,,1200,,,,,,,,,,,,,,,,,,
Duchy Defender,F:\Obsidian\PF2e-Core-Vault\3-Rules\Character Building\Equipment\D\duchy-defender.md,basic,,,Duchy Defender,Pathfinder Guns & Gears pg. 162,rare,"concussive, fatal-d10, intelligent, occult",13,,,,Simple Ranged,Paizo,,0,,1,,,,,,,,,,,,,,,,
Dueling Pistol,F:\Obsidian\PF2e-Core-Vault\3-Rules\Character Building\Equipment\D\dueling-pistol.md,basic,,,Dueling Pistol,Pathfinder NPC Core pg. 50,uncommon,"concealable, concussive, fatal-d10",1,,,,Martial Ranged,Paizo,,12,,L,,,,,,,,,,,,,,,,
Dullahan Codex,F:\Obsidian\PF2e-Core-Vault\3-Rules\Character Building\Equipment\D\dullahan-codex.md,worn_item,,,Dullahan Codex,Pathfinder Treasure Vault,unique,"cursed, grimoire, magical",20,,,,,Paizo,,0,,L,,,,,,,,,,,,,,,,
Durian Bomb (Greater),F:\Obsidian\PF2e-Core-Vault\3-Rules\Character Building\Equipment\D\durian-bomb-greater.md,worn_item,Junk Bomb (Greater); Skunk Bomb (Greater); Mud Bomb (Greater),,Durian Bomb (Greater),Pathfinder #203: Shepherd of Decay pg. 77,uncommon,"alchemical, bomb, consumable, olfactory, plant, splash",11,,,,,Paizo,,275,,L,,,,,,,,,,,,,,,,
Durian Bomb (Lesser),F:\Obsidian\PF2e-Core-Vault\3-Rules\Character Building\Equipment\D\durian-bomb-lesser.md,worn_item,Junk Bomb (Lesser); Skunk Bomb (Lesser); Mud Bomb (Lesser),,Durian Bomb (Lesser),Pathfinder #203: Shepherd of Decay pg. 77,uncommon,"alchemical, bomb, consumable, olfactory, plant, splash",1,,,,,Paizo,,4,,L,,,,,,,,,,,,,,,,
Durian Bomb (Major),F:\Obsidian\PF2e-Core-Vault\3-Rules\Character Building\Equipment\D\durian-bomb-major.md,worn_item,Junk Bomb (Major); Skunk Bomb (Major); Mud Bomb (Major),,Durian Bomb (Major),Pathfinder #203: Shepherd of Decay pg. 77,uncommon,"alchemical, bomb, consumable, olfactory, plant, splash",17,,,,,Paizo,,2750,,L,,,,,,,,,,,,,,,,
Durian Bomb (Moderate),F:\Obsidian\PF2e-Core-Vault\3-Rules\Character Building\Equipment\D\durian-bomb-moderate.md,worn_item,Junk Bomb (Moderate); Skunk Bomb (Moderate); Mud Bomb (Moderate),,Durian Bomb (Moderate),Pathfinder #203: Shepherd of Decay pg. 77,uncommon,"alchemical, bomb, consumable, olfactory, plant, splash",3,,,,,Paizo,,12,,L,,,,,,,,,,,,,,,,
Duskwood Branch,F:\Obsidian\PF2e-Core-Vault\3-Rules\Character Building\Equipment\D\duskwood-branch.md,worn_item,Darkwood Branch,,Duskwood Branch,Pathfinder GM Core pg. 254,uncommon,precious,8,,,,,Paizo,,500,,,,,,,,,,,,,,,,,,
Duskwood Buckler (High Grade),F:\Obsidian\PF2e-Core-Vault\3-Rules\Character Building\Equipment\D\duskwood-buckler-high-grade.md,material,Duskwood Armor (High-Grade); Duskwood Weapon (High-Grade),,Duskwood Buckler (High Grade),Pathfinder GM Core pg. 233,uncommon,,16,8000,,,,Paizo,,,,,,,,,,,,,,,,,,,,
Duskwood Buckler (Standard Grade),F:\Obsidian\PF2e-Core-Vault\3-Rules\Character Building\Equipment\D\duskwood-buckler-standard-grade.md,material,Duskwood Armor (Standard-Grade); Duskwood Weapon (Standard-Grade); Darkwood Shield (Standard-Grade),,Duskwood Buckler (Standard Grade),Pathfinder GM Core pg. 233,uncommon,,8,400,,,,Paizo,,,,,,,,,,,,,,,,,,,,
Duskwood Lumber,F:\Obsidian\PF2e-Core-Vault\3-Rules\Character Building\Equipment\D\duskwood-lumber.md,worn_item,Darkwood Lumber,,Duskwood Lumber,Pathfinder GM Core pg. 254,uncommon,precious,8,,,,,Paizo,,5000,,,,,,,,,,,,,,,,,,
Duskwood Object (High Grade),F:\Obsidian\PF2e-Core-Vault\3-Rules\Character Building\Equipment\D\duskwood-object-high-grade.md,material,Duskwood Armor (High-Grade); Duskwood Weapon (High-Grade),,Duskwood Object (High Grade),Pathfinder GM Core pg. 254,uncommon,precious,16,6000,,,,Paizo,,,,,,,,,,,,,,,,,,,,
Duskwood Object (Standard Grade),F:\Obsidian\PF2e-Core-Vault\3-Rules\Character Building\Equipment\D\duskwood-object-standard-grade.md,material,Duskwood Armor (Standard-Grade); Duskwood Weapon (Standard-Grade); Darkwood Shield (Standard-Grade),,Duskwood Object (Standard Grade),Pathfinder GM Core pg. 254,uncommon,precious,8,350,,,,Paizo,,,,,,,,,,,,,,,,,,,,
Duskwood Shield (High Grade),F:\Obsidian\PF2e-Core-Vault\3-Rules\Character Building\Equipment\D\duskwood-shield-high-grade.md,material,Darkwood Shield (High-Grade); Duskwood Weapon (High-Grade); Duskwood Armor (High-Grade),,Duskwood Shield (High Grade),Pathfinder GM Core pg. 233,uncommon,,16,8800,,,,Paizo,,,,,,,,,,,,,,,,,,,,
Duskwood Shield (Standard Grade),F:\Obsidian\PF2e-Core-Vault\3-Rules\Character Building\Equipment\D\duskwood-shield-standard-grade.md,material,Darkwood Shield (Standard-Grade); Duskwood Weapon (Standard-Grade); Duskwood Armor (Standard-Grade),,Duskwood Shield (Standard Grade),Pathfinder GM Core pg. 233,uncommon,,8,440,,,,Paizo,,,,,,,,,,,,,,,,,,,,
Duskwood Tower Shield (High Grade),F:\Obsidian\PF2e-Core-Vault\3-Rules\Character Building\Equipment\D\duskwood-tower-shield-high-grade.md,material,Darkwood Shield (High-Grade); Duskwood Weapon (High-Grade); Silver Shield (High-Grade),,Duskwood Tower Shield (High Grade),Pathfinder GM Core pg. 233,uncommon,,16,11200,,,,Paizo,,,,,,,,,,,,,,,,,,,,
Duskwood Tower Shield (Standard Grade),F:\Obsidian\PF2e-Core-Vault\3-Rules\Character Building\Equipment\D\duskwood-tower-shield-standard-grade.md,material,Darkwood Shield (Standard-Grade); Duskwood Weapon (Standard-Grade); Silver Shield (Standard-Grade),,Duskwood Tower Shield (Standard Grade),Pathfinder GM Core pg. 233,uncommon,,8,560,,,,Paizo,,,,,,,,,,,,,,,,,,,,
Duskwood,F:\Obsidian\PF2e-Core-Vault\3-Rules\Character Building\Equipment\D\duskwood.md,worn_item,,,Duskwood,Pathfinder GM Core pg. 254,uncommon,precious,0,,,,,Paizo,,,,,,,,,,,,,,,,,,,,
Dust Goggles,F:\Obsidian\PF2e-Core-Vault\3-Rules\Character Building\Equipment\D\dust-goggles.md,worn_item,Stalk Goggles; Day Goggles,,Dust Goggles,"Pathfinder #208: Hoof, Cinder, and Storm pg. 80",uncommon,magical,8,,,,,Paizo,,250,,,,,,,,,,,,,,,,,,
Dwarven Scattergun,F:\Obsidian\PF2e-Core-Vault\3-Rules\Character Building\Equipment\D\dwarven-scattergun.md,basic,,,Dwarven Scattergun,Pathfinder Guns & Gears pg. 153,uncommon,"concussive, dwarf, kickback, scatter-10",1,,,,Advanced Ranged,Paizo,,10,,2,,,,,,,,,,,,,,,,
Earplugs,F:\Obsidian\PF2e-Core-Vault\3-Rules\Character Building\Equipment\E\earplugs.md,worn_item,,,Earplugs,Pathfinder Guns and Gears pg. 179,,,0,,,,,Paizo,,1,,,,,,,,,,,,,,,,,,
Ebon Fulcrum Lens,F:\Obsidian\PF2e-Core-Vault\3-Rules\Character Building\Equipment\E\ebon-fulcrum-lens.md,worn_item,,,Ebon Fulcrum Lens,Pathfinder Abomination Vaults Hardcover Compilation pg. 75,unique,"invested, occult",12,,,,,Paizo,,2000,,L,,,,,,,,,,,,,,,,
Echo Token,F:\Obsidian\PF2e-Core-Vault\3-Rules\Character Building\Equipment\E\echo-token.md,worn_item,,,Echo Token,Pathfinder Lost Omens Rival Academies pg. 29,rare,"consumable, magical",1,,,,,Paizo,,3,,L,,,,,,,,,,,,,,,,
Eclipse,F:\Obsidian\PF2e-Core-Vault\3-Rules\Character Building\Equipment\E\eclipse.md,worn_item,,,Eclipse,Pathfinder #146 Cult of Cinders pg. 72,Unique,"evocation, light, magical, agile, deadly d6, finesse, thrown 20ft, versatile s",8,,,,,Paizo,,450,,,,,,,,,,,,,,,,,,
Elder Sign,F:\Obsidian\PF2e-Core-Vault\3-Rules\Character Building\Equipment\E\elder-sign.md,worn_item,,,Elder Sign,Pathfinder Gamemastery Guide pg. 108,rare,"artifact, occult",25,,,,,Paizo,,0,,1,,,,,,,,,,,,,,,,
Electrocable,F:\Obsidian\PF2e-Core-Vault\3-Rules\Character Building\Equipment\E\electrocable.md,worn_item,,,Electrocable,Pathfinder Guns and Gears pg. 87,rare,"electricity, fire",3,,,,,Paizo,,45,,,,,,,,,,,,,,,,,,
Electromuscular Stimulator,F:\Obsidian\PF2e-Core-Vault\3-Rules\Character Building\Equipment\E\electromuscular-stimulator.md,worn_item,,,Electromuscular Stimulator,Pathfinder Guns & Gears pg. 68,rare,"consumable, gadget",5,,,,,Paizo,,30,,1,,,,,,,,,,,,,,,,
Elemental Ammunition (Greater),F:\Obsidian\PF2e-Core-Vault\3-Rules\Character Building\Equipment\E\elemental-ammunition-greater.md,worn_item,Elemental Ammunition - Fire  (Greater); Elemental Ammunition - Cold  (Greater); Elemental Ammunition - Acid  (Greater),,Elemental Ammunition (Greater),Pathfinder Treasure Vault pg. 42,,"damage type, alchemical, consumable, splash",11,,,,,Paizo,,210,,,,,,,,,,,,,,,,,,
Elemental Ammunition (Lesser),F:\Obsidian\PF2e-Core-Vault\3-Rules\Character Building\Equipment\E\elemental-ammunition-lesser.md,worn_item,Elemental Ammunition - Fire (Lesser); Elemental Ammunition - Cold (Lesser); Elemental Ammunition - Acid (Lesser),,Elemental Ammunition (Lesser),Pathfinder Treasure Vault pg. 42,,"damage type, alchemical, consumable, splash",1,,,,,Paizo,,3,,,,,,,,,,,,,,,,,,
Elemental Ammunition (Moderate),F:\Obsidian\PF2e-Core-Vault\3-Rules\Character Building\Equipment\E\elemental-ammunition-moderate.md,worn_item,Elemental Ammunition - Fire (Moderate); Elemental Ammunition - Cold (Moderate); Elemental Ammunition - Acid (Moderate),,Elemental Ammunition (Moderate),Pathfinder Treasure Vault pg. 42,,"acid, alchemical, consumable, splash",5,,,,,Paizo,,21,,,,,,,,,,,,,,,,,,
Elemental Fragment (Greater),F:\Obsidian\PF2e-Core-Vault\3-Rules\Character Building\Equipment\E\elemental-fragment-greater.md,worn_item,Elemental Fragment - Air (Greater); Elemental Fragment - Wood (Greater); Elemental Fragment - Fire (Greater),,Elemental Fragment (Greater),Pathfinder Rage of Elements pg. 224,uncommon,"consumable, magical",12,,,,,Paizo,,300,,,,,,,,,,,,,,,,,,
Elemental Fragment (Major),F:\Obsidian\PF2e-Core-Vault\3-Rules\Character Building\Equipment\E\elemental-fragment-major.md,worn_item,Elemental Fragment - Air (Major); Elemental Fragment - Wood (Major); Elemental Fragment - Fire (Major),,Elemental Fragment (Major),Pathfinder Rage of Elements pg. 224,uncommon,"consumable, magical",14,,,,,Paizo,,500,,,,,,,,,,,,,,,,,,
Elemental Fragment,F:\Obsidian\PF2e-Core-Vault\3-Rules\Character Building\Equipment\E\elemental-fragment.md,worn_item,Elemental Fragment - Air (Major); Elemental Fragment - Wood (Major); Elemental Fragment - Fire (Major),,Elemental Fragment,Pathfinder Rage of Elements pg. 224,uncommon,"consumable, magical",10,,,,,Paizo,,200,,,,,,,,,,,,,,,,,,
Elemental Gem,F:\Obsidian\PF2e-Core-Vault\3-Rules\Character Building\Equipment\E\elemental-gem.md,worn_item,Elemental Gem - Blue-Green,,Elemental Gem,Pathfinder Core Rulebook pg. 570,,"consumable, magical",10,,,,,Paizo,,200,,,,,,,,,,,,,,,,,,
Emerald Fulcrum Lens,F:\Obsidian\PF2e-Core-Vault\3-Rules\Character Building\Equipment\E\emerald-fulcrum-lens.md,worn_item,,,Emerald Fulcrum Lens,Pathfinder #165: Eyes of Empty Death,,"invested, occult, void, unique",10,,,,,Paizo,,1000,,3,,,,,,,,,,,,,,,,
Emerald Grasshopper (Greater),F:\Obsidian\PF2e-Core-Vault\3-Rules\Character Building\Equipment\E\emerald-grasshopper-greater.md,worn_item,Emerald Grasshopper,,Emerald Grasshopper (Greater),Pathfinder GM Core pg. 264,,"consumable, magical, talisman",9,,,,,Paizo,,150,,,,,,,,,,,,,,,,,,
Empathy Charm,F:\Obsidian\PF2e-Core-Vault\3-Rules\Character Building\Equipment\E\empathy-charm.md,worn_item,,,Empathy Charm,Pathfinder Treasure Vault pg. 105,uncommon,"companion, magical",2,,,,,Paizo,,35,,,,,,,,,,,,,,,,,,
Empty Hand Marking,F:\Obsidian\PF2e-Core-Vault\3-Rules\Character Building\Equipment\E\empty-hand-marking.md,worn_item,,,Empty Hand Marking,Pathfinder #207: The Resurrection Flood pg. 79,rare,"invested, magical, tattoo",5,,,,,Paizo,,135,,,,,,,,,,,,,,,,,,
Energized Cartridge,F:\Obsidian\PF2e-Core-Vault\3-Rules\Character Building\Equipment\E\energized-cartridge.md,worn_item,,,Energized Cartridge,Pathfinder Guns & Gears pg. 184,,"consumable, magical, talisman",4,,,,,Paizo,,20,,,,,,,,,,,,,,,,,,
Energizing Treat,F:\Obsidian\PF2e-Core-Vault\3-Rules\Character Building\Equipment\E\energizing-treat.md,worn_item,Energizing Tea; Energizing; Energizing Lattice,,Energizing Treat,Pathfinder Treasure Vault pg. 96,,"consumable, magical",7,,,,,Paizo,,70,,,,,,,,,,,,,,,,,,
Energy Breath Potion (Greater),F:\Obsidian\PF2e-Core-Vault\3-Rules\Character Building\Equipment\E\energy-breath-potion-greater.md,worn_item,Energy Breath Potion - Fire (Greater); Energy Breath Potion - Cold (Greater); Energy Breath Potion - Acid (Greater),,Energy Breath Potion (Greater),Pathfinder GM Core pg. 259,,"consumable, magical, potion",17,,,,,Paizo,,3000,,L,,,,,,,,,,,,,,,,
Energy Breath Potion (Lesser),F:\Obsidian\PF2e-Core-Vault\3-Rules\Character Building\Equipment\E\energy-breath-potion-lesser.md,worn_item,Energy Breath Potion - Fire (Lesser); Energy Breath Potion - Cold (Lesser); Energy Breath Potion - Acid (Lesser),,Energy Breath Potion (Lesser),Pathfinder GM Core pg. 259,,"consumable, magical, potion",7,,,,,Paizo,,70,,L,,,,,,,,,,,,,,,,
Energy Breath Potion (Moderate),F:\Obsidian\PF2e-Core-Vault\3-Rules\Character Building\Equipment\E\energy-breath-potion-moderate.md,worn_item,Energy Breath Potion - Fire (Moderate); Energy Breath Potion - Cold (Moderate); Energy Breath Potion - Acid (Moderate),,Energy Breath Potion (Moderate),Pathfinder GM Core pg. 259,,"acid, consumable, magical, potion",12,,,,,Paizo,,400,,L,,,,,,,,,,,,,,,,
Energy Mutagen (Greater),F:\Obsidian\PF2e-Core-Vault\3-Rules\Character Building\Equipment\E\energy-mutagen-greater.md,worn_item,Energy Mutagen - Fire (Greater); Energy Mutagen - Cold (Greater); Energy Mutagen - Acid (Greater),,Energy Mutagen (Greater),Pathfinder Treasure Vault pg. 60,,"alchemical, consumable, elixir, mutagen, polymorph",11,,,,,Paizo,,300,,L,,,,,,,,,,,,,,,,
Energy Mutagen (Lesser),F:\Obsidian\PF2e-Core-Vault\3-Rules\Character Building\Equipment\E\energy-mutagen-lesser.md,worn_item,Energy Mutagen - Fire (Lesser); Energy Mutagen - Cold (Lesser); Energy Mutagen - Acid (Lesser),,Energy Mutagen (Lesser),Pathfinder Treasure Vault pg. 60,,"alchemical, consumable, elixir, mutagen, polymorph",1,,,,,Paizo,,4,,L,,,,,,,,,,,,,,,,
Energy Mutagen (Major),F:\Obsidian\PF2e-Core-Vault\3-Rules\Character Building\Equipment\E\energy-mutagen-major.md,worn_item,Energy Mutagen - Fire (Major); Energy Mutagen - Cold (Major); Energy Mutagen - Acid (Major),,Energy Mutagen (Major),Pathfinder Treasure Vault pg. 60,,"alchemical, consumable, elixir, mutagen, polymorph",17,,,,,Paizo,,3000,,L,,,,,,,,,,,,,,,,
Energy Mutagen (Moderate),F:\Obsidian\PF2e-Core-Vault\3-Rules\Character Building\Equipment\E\energy-mutagen-moderate.md,worn_item,Energy Mutagen - Fire (Moderate); Energy Mutagen - Cold (Moderate); Energy Mutagen - Acid (Moderate),,Energy Mutagen (Moderate),Pathfinder Treasure Vault pg. 60,,"alchemical, consumable, elixir, mutagen, polymorph",3,,,,,Paizo,,12,,L,,,,,,,,,,,,,,,,
Energy-Resistant (Greater),F:\Obsidian\PF2e-Core-Vault\3-Rules\Character Building\Equipment\E\energy-resistant-greater.md,worn_item,Energy-Resistant - Fire (Greater); Energy-Resistant - Cold (Greater); Energy-Resistant - Acid (Greater),,Energy-Resistant (Greater),Pathfinder GM Core pg. 226,,magical,12,,,,,Paizo,,1650,,,,,,,,,,,,,,,,,,
Energy-Resistant,F:\Obsidian\PF2e-Core-Vault\3-Rules\Character Building\Equipment\E\Energy-Resistant.md,worn_item,Energy-Resistant - Fire; Energy-Resistant - Cold; Energy-Resistant - Acid,,Energy-Resistant,Pathfinder GM Core pg. 226,,magical,8,,,,,Paizo,,420,,,,,,,,,,,,,,,,,,
Energy Robe of Acid,F:\Obsidian\PF2e-Core-Vault\3-Rules\Character Building\Equipment\E\energy-robe-of-acid.md,worn_item,Energy Robe (Acid); Energy Robe (Fire); Energy Robe (Cold),,Energy Robe of Acid,Pathfinder Lost Omens The Grand Bazaar pg. 50,uncommon,"invested, magical",9,,,,,Paizo,,575,,L,,,,,,,,,,,,,,,,
Energy Robe of Cold,F:\Obsidian\PF2e-Core-Vault\3-Rules\Character Building\Equipment\E\energy-robe-of-cold.md,worn_item,Energy Robe (Cold); Energy Robe (Acid); Energy Robe (Fire),,Energy Robe of Cold,Pathfinder Lost Omens The Grand Bazaar pg. 50,uncommon,"invested, magical",8,,,,,Paizo,,450,,L,,,,,,,,,,,,,,,,
Energy Robe of Electricity,F:\Obsidian\PF2e-Core-Vault\3-Rules\Character Building\Equipment\E\energy-robe-of-electricity.md,worn_item,Energy Robe (Electricity); Energy-Resistant - Electricity,,Energy Robe of Electricity,Pathfinder Lost Omens The Grand Bazaar pg. 50,uncommon,"invested, magical",10,,,,,Paizo,,900,,L,,,,,,,,,,,,,,,,
Energy Robe of Fire,F:\Obsidian\PF2e-Core-Vault\3-Rules\Character Building\Equipment\E\energy-robe-of-fire.md,worn_item,Energy Robe (Fire); Energy Robe (Cold); Energy Robe (Acid),,Energy Robe of Fire,Pathfinder Lost Omens The Grand Bazaar pg. 50,uncommon,"invested, magical",7,,,,,Paizo,,320,,L,,,,,,,,,,,,,,,,
Energy Toxin Bottle,F:\Obsidian\PF2e-Core-Vault\3-Rules\Character Building\Equipment\E\energy-toxin-bottle.md,worn_item,,,Energy Toxin Bottle,Pathfinder Treasure Vault pg. 191,rare,"consumable, cursed, magical, potion",7,,,,,Paizo,,0,,L,,,,,,,,,,,,,,,,
Enhanced Hearing Aids,F:\Obsidian\PF2e-Core-Vault\3-Rules\Character Building\Equipment\E\enhanced-hearing-aids.md,worn_item,,,Enhanced Hearing Aids,Pathfinder Lost Omens The Grand Bazaar pg. 68,,magical,3,,,,,Paizo,,50,,,,,,,,,,,,,,,,,,
Entertainer's Cincture (Greater),F:\Obsidian\PF2e-Core-Vault\3-Rules\Character Building\Equipment\E\entertainers-cincture-greater.md,worn_item,Entertainer's Lute (Greater),,Entertainer's Cincture (Greater),Pathfinder GM Core pg. 289,,"focused, invested, occult",17,,,,,Paizo,,13000,,,,,,,,,,,,,,,,,,
Entertainer's Cincture,F:\Obsidian\PF2e-Core-Vault\3-Rules\Character Building\Equipment\E\entertainers-cincture.md,worn_item,Entertainer's Lute,,Entertainer's Cincture,Pathfinder GM Core pg. 289,,"focused, invested, occult",10,,,,,Paizo,,1000,,,,,,,,,,,,,,,,,,
Eroding Bullet,F:\Obsidian\PF2e-Core-Vault\3-Rules\Character Building\Equipment\E\eroding-bullet.md,worn_item,Dispersing Bullet,,Eroding Bullet,Pathfinder Guns & Gears pg. 169,uncommon,"acid, alchemical, consumable",5,,,,,Paizo,,22,,,,,,,,,,,,,,,,,,
Erraticannon,F:\Obsidian\PF2e-Core-Vault\3-Rules\Character Building\Equipment\E\erraticannon.md,worn_item,,,Erraticannon,Pathfinder #180: The Smoking Gun pg. 75,rare,"magical, transmutation",9,,,,,Paizo,,700,,,,,,,,,,,,,,,,,,
Essence Charm,F:\Obsidian\PF2e-Core-Vault\3-Rules\Character Building\Equipment\E\essence-charm.md,worn_item,Essence Charm (Nature); Essence Charm (Arcana); Essence Charm (Stealth),,Essence Charm,Pathfinder #214: The Broken Palace pg. 81,rare,"invested, magical",4,,,,,Paizo,,100,,,,,,,,,,,,,,,,,,
Essence Forge (Greater),F:\Obsidian\PF2e-Core-Vault\3-Rules\Character Building\Equipment\E\essence-forge-greater.md,worn_item,,,Essence Forge (Greater),Pathfinder #214: The Broken Palace pg. 79,rare,magical,18,,,,,Paizo,,24000,,20,,,,,,,,,,,,,,,,
Essence Forge (Lesser),F:\Obsidian\PF2e-Core-Vault\3-Rules\Character Building\Equipment\E\essence-forge-lesser.md,worn_item,,,Essence Forge (Lesser),Pathfinder #214: The Broken Palace pg. 79,rare,magical,6,,,,,Paizo,,250,,20,,,,,,,,,,,,,,,,
Essence Forge (Moderate),F:\Obsidian\PF2e-Core-Vault\3-Rules\Character Building\Equipment\E\essence-forge-moderate.md,worn_item,,,Essence Forge (Moderate),Pathfinder #214: The Broken Palace pg. 79,rare,magical,12,,,,,Paizo,,2000,,20,,,,,,,,,,,,,,,,
Essence Prism,F:\Obsidian\PF2e-Core-Vault\3-Rules\Character Building\Equipment\E\essence-prism.md,worn_item,,,Essence Prism,Pathfinder Gamemastery Guide pg. 108,unique,artifact,28,,,,,Paizo,,0,,5,,,,,,,,,,,,,,,,
Eternal Eruption of Barrowsiege,F:\Obsidian\PF2e-Core-Vault\3-Rules\Character Building\Equipment\E\eternal-eruption-of-barrowsiege.md,worn_item,,,Eternal Eruption of Barrowsiege,Pathfinder GM Core pg. 273,,"fire, magical",19,,,,,Paizo,,40000,,L,,,,,,,,,,,,,,,,
Eternal Eruption of Blackpeak,F:\Obsidian\PF2e-Core-Vault\3-Rules\Character Building\Equipment\E\eternal-eruption-of-blackpeak.md,worn_item,,,Eternal Eruption of Blackpeak,Pathfinder GM Core pg. 273,,"fire, magical",7,,,,,Paizo,,360,,L,,,,,,,,,,,,,,,,
Eternal Eruption of Droskar's Crag,F:\Obsidian\PF2e-Core-Vault\3-Rules\Character Building\Equipment\E\eternal-eruption-of-droskars-crag.md,worn_item,,,Eternal Eruption of Droskar's Crag,Pathfinder GM Core pg. 273,,"fire, magical",13,,,,,Paizo,,3000,,L,,,,,,,,,,,,,,,,
Eternal Eruption of Ka,F:\Obsidian\PF2e-Core-Vault\3-Rules\Character Building\Equipment\E\eternal-eruption-of-ka.md,worn_item,,,Eternal Eruption of Ka,Pathfinder GM Core pg. 273,,"fire, magical",15,,,,,Paizo,,6500,,L,,,,,,,,,,,,,,,,
Eternal Eruption of Mhar Massif,F:\Obsidian\PF2e-Core-Vault\3-Rules\Character Building\Equipment\E\eternal-eruption-of-mhar-massif.md,worn_item,,,Eternal Eruption of Mhar Massif,Pathfinder GM Core pg. 273,,"fire, magical",11,,,,,Paizo,,1400,,L,,,,,,,,,,,,,,,,
Eternal Eruption of Pale Mountain,F:\Obsidian\PF2e-Core-Vault\3-Rules\Character Building\Equipment\E\eternal-eruption-of-pale-mountain.md,worn_item,,,Eternal Eruption of Pale Mountain,Pathfinder GM Core pg. 273,,"fire, magical",9,,,,,Paizo,,700,,L,,,,,,,,,,,,,,,,
Eternal Eruption of Sakalayo,F:\Obsidian\PF2e-Core-Vault\3-Rules\Character Building\Equipment\E\eternal-eruption-of-sakalayo.md,worn_item,,,Eternal Eruption of Sakalayo,Pathfinder GM Core pg. 273,,"fire, magical",17,,,,,Paizo,,15000,,L,,,,,,,,,,,,,,,,
Eternal Eruption,F:\Obsidian\PF2e-Core-Vault\3-Rules\Character Building\Equipment\E\eternal-eruption.md,worn_item,,,Eternal Eruption,Pathfinder GM Core pg. 273,,"fire, magical",5,,,,,Paizo,,160,,L,,,,,,,,,,,,,,,,
Etheric Essence Disruptor (Greater),F:\Obsidian\PF2e-Core-Vault\3-Rules\Character Building\Equipment\E\etheric-essence-disruptor-greater.md,worn_item,,,Etheric Essence Disruptor (Greater),Pathfinder Guns & Gears pg. 68,uncommon,"consumable, gadget",11,,,,,Paizo,,300,,1,,,,,,,,,,,,,,,,
Etheric Essence Disruptor (Lesser),F:\Obsidian\PF2e-Core-Vault\3-Rules\Character Building\Equipment\E\etheric-essence-disruptor-lesser.md,worn_item,,,Etheric Essence Disruptor (Lesser),Pathfinder Guns & Gears pg. 68,uncommon,"consumable, gadget",3,,,,,Paizo,,12,,1,,,,,,,,,,,,,,,,
Etheric Essence Disruptor (Major),F:\Obsidian\PF2e-Core-Vault\3-Rules\Character Building\Equipment\E\etheric-essence-disruptor-major.md,worn_item,,,Etheric Essence Disruptor (Major),Pathfinder Guns & Gears pg. 68,uncommon,"consumable, gadget",15,,,,,Paizo,,1300,,1,,,,,,,,,,,,,,,,
Etheric Essence Disruptor (Moderate),F:\Obsidian\PF2e-Core-Vault\3-Rules\Character Building\Equipment\E\etheric-essence-disruptor-moderate.md,worn_item,,,Etheric Essence Disruptor (Moderate),Pathfinder Guns & Gears pg. 68,uncommon,"consumable, gadget",7,,,,,Paizo,,70,,1,,,,,,,,,,,,,,,,
Euphorium,F:\Obsidian\PF2e-Core-Vault\3-Rules\Character Building\Equipment\E\euphorium.md,worn_item,,,Euphorium,"Pathfinder #205: Singer, Stalker, Skinsaw Man pg. 81",uncommon,"alchemical, consumable, processed",7,,,,,Paizo,,60,,,,,,,,,,,,,,,,,,
Everlight Crystal,F:\Obsidian\PF2e-Core-Vault\3-Rules\Character Building\Equipment\E\everlight-crystal.md,worn_item,,,Everlight Crystal,Pathfinder GM Core pg. 273,,"light, magical",1,,,,,Paizo,,15,,L,,,,,,,,,,,,,,,,
Explosive Dogslicer,F:\Obsidian\PF2e-Core-Vault\3-Rules\Character Building\Equipment\E\explosive-dogslicer.md,basic,,,Explosive Dogslicer,Pathfinder Guns & Gears pg. 159,uncommon,"backstabber, combination, goblin",1,,,,Advanced Melee/Ranged,Paizo,,10,,2,,,,,,,,,,,,,,,,
Explosive Mine (Greater),F:\Obsidian\PF2e-Core-Vault\3-Rules\Character Building\Equipment\E\explosive-mine-greater.md,worn_item,Explosive Ammunition (Greater),,Explosive Mine (Greater),Pathfinder Guns & Gears pg. 69,uncommon,"consumable, gadget",12,,,,,Paizo,,400,,L,,,,,,,,,,,,,,,,
Explosive Mine (Lesser),F:\Obsidian\PF2e-Core-Vault\3-Rules\Character Building\Equipment\E\explosive-mine-lesser.md,worn_item,Explosive Missive,,Explosive Mine (Lesser),Pathfinder Guns & Gears pg. 69,uncommon,"consumable, gadget",1,,,,,Paizo,,4,,L,,,,,,,,,,,,,,,,
Explosive Mine (Major),F:\Obsidian\PF2e-Core-Vault\3-Rules\Character Building\Equipment\E\explosive-mine-major.md,worn_item,,,Explosive Mine (Major),Pathfinder Guns & Gears pg. 69,uncommon,"consumable, gadget",18,,,,,Paizo,,4000,,L,,,,,,,,,,,,,,,,
Explosive Mine (Moderate),F:\Obsidian\PF2e-Core-Vault\3-Rules\Character Building\Equipment\E\explosive-mine-moderate.md,worn_item,,,Explosive Mine (Moderate),Pathfinder Guns & Gears pg. 69,uncommon,"consumable, gadget",6,,,,,Paizo,,40,,L,,,,,,,,,,,,,,,,
Exsanguinating Ammunition (Greater),F:\Obsidian\PF2e-Core-Vault\3-Rules\Character Building\Equipment\E\exsanguinating-ammunition-greater.md,worn_item,Rusting Ammunition (Greater); Transposition Ammunition (Greater); Explosive Ammunition (Greater),,Exsanguinating Ammunition (Greater),Pathfinder Guns & Gears pg. 170,,"alchemical, consumable",8,,,,,Paizo,,80,,,,,,,,,,,,,,,,,,
Exsanguinating Ammunition (Major),F:\Obsidian\PF2e-Core-Vault\3-Rules\Character Building\Equipment\E\exsanguinating-ammunition-major.md,worn_item,Resonating Ammunition,,Exsanguinating Ammunition (Major),Pathfinder Guns & Gears pg. 170,,"alchemical, consumable",12,,,,,Paizo,,360,,,,,,,,,,,,,,,,,,
Exsanguinating Ammunition,F:\Obsidian\PF2e-Core-Vault\3-Rules\Character Building\Equipment\E\exsanguinating-ammunition.md,worn_item,Resonating Ammunition; Shining Ammunition; Penetrating Ammunition,,Exsanguinating Ammunition,Pathfinder Guns & Gears pg. 170,,"alchemical, consumable",4,,,,,Paizo,,15,,,,,,,,,,,,,,,,,,
Extendable Tail,F:\Obsidian\PF2e-Core-Vault\3-Rules\Character Building\Equipment\E\extendable-tail.md,worn_item,Extendable Pincer,,Extendable Tail,Pathfinder Treasure Vault pg. 108,,mechanical,3,,,,,Paizo,,10,,1,,,,,,,,,,,,,,,,
Eye of the Unseen (Greater),F:\Obsidian\PF2e-Core-Vault\3-Rules\Character Building\Equipment\E\eye-of-the-unseen-greater.md,worn_item,,,Eye of the Unseen (Greater),Pathfinder Lost Omens The Grand Bazaar pg. 73,,"invested, magical",14,,,,,Paizo,,4000,,L,,,,,,,,,,,,,,,,
Eye of the Unseen,F:\Obsidian\PF2e-Core-Vault\3-Rules\Character Building\Equipment\E\eye-of-the-unseen.md,worn_item,,,Eye of the Unseen,Pathfinder Lost Omens The Grand Bazaar pg. 73,,"invested, magical",8,,,,,Paizo,,450,,L,,,,,,,,,,,,,,,,
Eye of the Wise,F:\Obsidian\PF2e-Core-Vault\3-Rules\Character Building\Equipment\E\eye-of-the-wise.md,worn_item,Eye of the Mantis,,Eye of the Wise,Pathfinder #147: Tomorrow Must Burn pg. 72,unique,"artifact, invested",11,,,,,Paizo,,0,,L,,,,,,,,,,,,,,,,
Eyes of the Moonwarden,F:\Obsidian\PF2e-Core-Vault\3-Rules\Character Building\Equipment\E\eyes-of-the-moonwarden.md,worn_item,,,Eyes of the Moonwarden,"Pathfinder #208: Hoof, Cinder, and Storm pg. 80",uncommon,"invested, magical",9,,,,,Paizo,,620,,L,,,,,,,,,,,,,,,,
Faerie Dragonet Liqueur (Greater),F:\Obsidian\PF2e-Core-Vault\3-Rules\Character Building\Equipment\F\faerie-dragonet-liqueur-greater.md,worn_item,Fey Dragonet Liqueur (Greater); Fey Dragonet Liqueur (LEsser); Fey Dragonet Liqueur,,Faerie Dragonet Liqueur (Greater),Pathfinder Treasure Vault pg. 89,uncommon,"consumable, magical, mental, potion",17,,,,,Paizo,,3000,,L,,,,,,,,,,,,,,,,
Faerie Dragonet Liqueur (Lesser),F:\Obsidian\PF2e-Core-Vault\3-Rules\Character Building\Equipment\F\faerie-dragonet-liqueur-lesser.md,worn_item,Fey Dragonet Liqueur (LEsser); Fey Dragonet Liqueur (Greater); Fey Dragonet Liqueur,,Faerie Dragonet Liqueur (Lesser),Pathfinder Treasure Vault pg. 89,uncommon,"consumable, magical, mental, potion",7,,,,,Paizo,,70,,L,,,,,,,,,,,,,,,,
Faerie Dragon Liqueur,F:\Obsidian\PF2e-Core-Vault\3-Rules\Character Building\Equipment\F\faerie-dragonet-liqueur.md,worn_item,Fey Dragonet Liqueur; Fey Dragonet Liqueur (LEsser); Fey Dragonet Liqueur (Greater),,Faerie Dragon Liqueur,Pathfinder Treasure Vault pg. 89,uncommon,"consumable, magical, mental, potion",12,,,,,Paizo,,400,,L,,,,,,,,,,,,,,,,
Faerie Queen's Bower,F:\Obsidian\PF2e-Core-Vault\3-Rules\Character Building\Equipment\F\faerie-queens-bower.md,worn_item,,,Faerie Queen's Bower,Pathfinder Treasure Vault pg. 194,rare,"divine, intelligent, invested, laminar",13,,,,,Paizo,,0,,1,,,,,,,,,,,,,,,,
Fairy Bullet,F:\Obsidian\PF2e-Core-Vault\3-Rules\Character Building\Equipment\F\fairy-bullet.md,worn_item,,,Fairy Bullet,Pathfinder Guns & Gears pg. 170,uncommon,"consumable, fey, magical",7,,,,,Paizo,,65,,,,,,,,,,,,,,,,,,
Falconsight Eye,F:\Obsidian\PF2e-Core-Vault\3-Rules\Character Building\Equipment\F\falconsight-eye.md,worn_item,,,Falconsight Eye,Pathfinder Treasure Vault pg. 108,uncommon,magical,6,,,,,Paizo,,200,,L,,,,,,,,,,,,,,,,
Farlight Stone,F:\Obsidian\PF2e-Core-Vault\3-Rules\Character Building\Equipment\F\farlight-stone.md,worn_item,,,Farlight Stone,Pathfinder #213: Thirst for Blood pg. 82,uncommon,"light, magical",2,,,,,Paizo,,35,,L,,,,,,,,,,,,,,,,
Faultline Hammer,F:\Obsidian\PF2e-Core-Vault\3-Rules\Character Building\Equipment\F\faultline-hammer.md,worn_item,,,Faultline Hammer,"Pathfinder #208: Hoof, Cinder, and Storm pg. 77",uncommon,"magical, razing, shove, two-hand-d10, versatile-p",6,,,,,Paizo,,250,,2,,,,,,,,,,,,,,,,
Feral Linguist (Greater),F:\Obsidian\PF2e-Core-Vault\3-Rules\Character Building\Equipment\F\feral-linguist-greater.md,worn_item,Revealing Mist (Greater); Sealing Chest (Greater); Flaming Star (Greater),,Feral Linguist (Greater),Pathfinder #202: Severed at the Root pg. 78,uncommon,"catalyst, consumable, magical",8,,,,,Paizo,,85,,L,,,,,,,,,,,,,,,,
Feral Linguist,F:\Obsidian\PF2e-Core-Vault\3-Rules\Character Building\Equipment\F\feral-linguist.md,worn_item,,,Feral Linguist,Pathfinder #202: Severed at the Root pg. 78,uncommon,"catalyst, consumable, magical",1,,,,,Paizo,,3,,L,,,,,,,,,,,,,,,,
Fiendbreaker (Artifact),F:\Obsidian\PF2e-Core-Vault\3-Rules\Character Building\Equipment\F\fiendbreaker-artifact.md,worn_item,,,Fiendbreaker (Artifact),Pathfinder #212: A Voice in the Blight pg. 72,unique,"apex, artifact, divine, intelligent, invested, magical, monk, staff",20,,,,,Paizo,,0,,1,,,,,,,,,,,,,,,,
Fiendbreaker,F:\Obsidian\PF2e-Core-Vault\3-Rules\Character Building\Equipment\F\fiendbreaker.md,worn_item,,,Fiendbreaker,Pathfinder #211: The Secret of Deathstalk Tower pg. 81,unique,"divine, staff",15,,,,,Paizo,,6500,,,,,,,,,,,,,,,,,,
Fiendish Teleportation,F:\Obsidian\PF2e-Core-Vault\3-Rules\Character Building\Equipment\F\fiendish-teleportation.md,worn_item,,,Fiendish Teleportation,Pathfinder Lost Omens Legends pg. 10,Rare,"contract, invested, magical",11,,,,,Paizo,,0,,,,,,,,,,,,,,,,,,
Fiend's Hunger,F:\Obsidian\PF2e-Core-Vault\3-Rules\Character Building\Equipment\F\fiends-hunger.md,worn_item,,,Fiend's Hunger,Pathfinder #196: The Summer That Never Was pg. 81,unique,"agile, finesse, magical, thrown-10, versatile-s",4,,,,,Paizo,,100,,L,,,,,,,,,,,,,,,,
Fighting Oar,F:\Obsidian\PF2e-Core-Vault\3-Rules\Character Building\Equipment\F\fighting-oar.md,basic,Fighting Fan,,Fighting Oar,Pathfinder War of Immortals pg. 147,uncommon,"sweep, versatile-s",0,,,,Simple Melee,Paizo,,5,,2,,,,,,,,,,,,,,,,
Final Blade,F:\Obsidian\PF2e-Core-Vault\3-Rules\Character Building\Equipment\F\final-blade.md,worn_item,,,Final Blade,Pathfinder Adventure: Night of the Gray Death pg. 53,rare,"artifact, death, occult",20,,,,,Paizo,,0,,40,,,,,,,,,,,,,,,,
Final Scalecloak,F:\Obsidian\PF2e-Core-Vault\3-Rules\Character Building\Equipment\F\final-scalecloak.md,worn_item,,,Final Scalecloak,Pathfinder War of Immortals pg. 151,unique,"artifact, invested, magical, mythic",20,,,,,Paizo,,0,,L,,,,,,,,,,,,,,,,
Fire Lance,F:\Obsidian\PF2e-Core-Vault\3-Rules\Character Building\Equipment\F\fire-lance.md,basic,,,Fire Lance,Pathfinder Guns & Gears pg. 153,uncommon,fatal-d10,0,,,,Simple Ranged,Paizo,,3,,2,,,,,,,,,,,,,,,,
Firearm Cleaning Kit,F:\Obsidian\PF2e-Core-Vault\3-Rules\Character Building\Equipment\F\firearm-cleaning-kit.md,worn_item,,unrecognized Publisher_Source for source='Gunes and Gears',Firearm Cleaning Kit,Gunes and Gears pg. 179,uncommon,,0,,,,,,,1,,,,,,,,,,,,,,,,,,
Fishing Lure,F:\Obsidian\PF2e-Core-Vault\3-Rules\Character Building\Equipment\F\fishing-lure.md,basic,Fishing Tackle,,Fishing Lure,Pathfinder War of Immortals pg. 147,uncommon,,0,,,,Martial Melee,Paizo,,2,,,,,,,,,,,,,,,,,,
Flare Beacon (Greater),F:\Obsidian\PF2e-Core-Vault\3-Rules\Character Building\Equipment\F\flare-beacon-greater.md,worn_item,,,Flare Beacon (Greater),Pathfinder Guns & Gears pg. 69,uncommon,"consumable, gadget",10,,,,,Paizo,,180,,L,,,,,,,,,,,,,,,,
Flare Beacon (Lesser),F:\Obsidian\PF2e-Core-Vault\3-Rules\Character Building\Equipment\F\flare-beacon-lesser.md,worn_item,,,Flare Beacon (Lesser),Pathfinder Guns & Gears pg. 69,uncommon,"consumable, gadget",1,,,,,Paizo,,4,,L,,,,,,,,,,,,,,,,
Flare Beacon (Major),F:\Obsidian\PF2e-Core-Vault\3-Rules\Character Building\Equipment\F\flare-beacon-major.md,worn_item,,,Flare Beacon (Major),Pathfinder Guns & Gears pg. 69,uncommon,"consumable, gadget",16,,,,,Paizo,,1500,,L,,,,,,,,,,,,,,,,
Flare Beacon (Moderate),F:\Obsidian\PF2e-Core-Vault\3-Rules\Character Building\Equipment\F\flare-beacon-moderate.md,worn_item,,,Flare Beacon (Moderate),Pathfinder Guns & Gears pg. 69,uncommon,"consumable, gadget",6,,,,,Paizo,,35,,L,,,,,,,,,,,,,,,,
Flawed Orb of Gold Dragonkind,F:\Obsidian\PF2e-Core-Vault\3-Rules\Character Building\Equipment\F\flawed-orb-of-gold-dragonkind.md,worn_item,,,Flawed Orb of Gold Dragonkind,Pathfinder #150: Broken Promises pg. 75,unique,"artifact, magical",25,,,,,Paizo,,0,,1,,,,,,,,,,,,,,,,
Fleshrender,F:\Obsidian\PF2e-Core-Vault\3-Rules\Character Building\Equipment\F\fleshrender.md,worn_item,,,Fleshrender,Pathfinder Prey for Death pg. 102,Unique,magical,16,,,,,Paizo,,24000,,,,,,,,,,,,,,,,,,
Flingflenser,F:\Obsidian\PF2e-Core-Vault\3-Rules\Character Building\Equipment\F\Flingflenser.md,basic,,,Flingflenser,Pathfinder Guns and Gears pg. 153,uncommon,"backstabber, fatal d10, goblin, scatter 5ft",0,,,,Advanced Ranged,Paizo,,5,,,,,,,,,,,,,,,,,,
Flintlock Musket,F:\Obsidian\PF2e-Core-Vault\3-Rules\Character Building\Equipment\F\flintlock-musket.md,worn_item,,,Flintlock Musket,Pathfinder Guns & Gears pg. 153,uncommon,"concussive, fatal-d10",0,,,,,Paizo,,5,,1,,,,,,,,,,,,,,,,
Flintlock Pistol,F:\Obsidian\PF2e-Core-Vault\3-Rules\Character Building\Equipment\F\flintlock-pistol.md,worn_item,,,Flintlock Pistol,Pathfinder Guns & Gears pg. 153,uncommon,"concussive, fatal-d8",0,,,,,Paizo,,4,,1,,,,,,,,,,,,,,,,
Flowing Water (Greater),F:\Obsidian\PF2e-Core-Vault\3-Rules\Character Building\Equipment\F\flowing-water-greater.md,worn_item,Wind-Catcher (Greater); Folding Boat (Greater); Flaming Star (Greater),,Flowing Water (Greater),Pathfinder #207: The Resurrection Flood pg. 80,uncommon,"invested, magical, tattoo",11,,,,,Paizo,,1200,,,,,,,,,,,,,,,,,,
Flowing Water (Lesser),F:\Obsidian\PF2e-Core-Vault\3-Rules\Character Building\Equipment\F\flowing-water-lesser.md,worn_item,,,Flowing Water (Lesser),Pathfinder #207: The Resurrection Flood pg. 80,uncommon,"invested, magical, tattoo",3,,,,,Paizo,,55,,,,,,,,,,,,,,,,,,
Flowing Water (Moderate),F:\Obsidian\PF2e-Core-Vault\3-Rules\Character Building\Equipment\F\flowing-water-moderate.md,worn_item,,,Flowing Water (Moderate),Pathfinder #207: The Resurrection Flood pg. 80,uncommon,"invested, magical, tattoo",7,,,,,Paizo,,320,,,,,,,,,,,,,,,,,,
Flying Broomstick,F:\Obsidian\PF2e-Core-Vault\3-Rules\Character Building\Equipment\F\flying-broomstick.md,worn_item,,,Flying Broomstick,Pathfinder GM Core,,magical,12,,,,,Paizo,,1900,,1,,,,,,,,,,,,,,,,
Forgefather's Seal,F:\Obsidian\PF2e-Core-Vault\3-Rules\Character Building\Equipment\F\forgefathers-seal.md,worn_item,,,Forgefather's Seal,Pathfinder GM Core pg. 300,unique,"artifact, divine",24,,,,,Paizo,,0,,,,,,,,,,,,,,,,,,
Forgotten Signet,F:\Obsidian\PF2e-Core-Vault\3-Rules\Character Building\Equipment\F\forgotten-signet.md,worn_item,Forgotten Shell,,Forgotten Signet,Pathfinder Treasure Vault pg. 179,rare,"artifact, invested, magical",21,,,,,Paizo,,0,,,,,,,,,,,,,,,,,,
Forked Bipod,F:\Obsidian\PF2e-Core-Vault\3-Rules\Character Building\Equipment\F\forked-bipod.md,basic,,,Forked Bipod,Pathfinder Guns & Gears pg. 152,,"agile, deadly-d6, finesse",0,,,,Simple Melee,Paizo,,3,,L,,,,,,,,,,,,,,,,
Formulated Sunlight,F:\Obsidian\PF2e-Core-Vault\3-Rules\Character Building\Equipment\F\formulated-sunlight.md,worn_item,,,Formulated Sunlight,Pathfinder Lost Omens Character Guide,,consumable,,,,,,Paizo,,40,,,,,,,,,,,,,,,,,,
Fox Marble,F:\Obsidian\PF2e-Core-Vault\3-Rules\Character Building\Equipment\F\fox-marble.md,worn_item,Marbles,,Fox Marble,Pathfinder Adventure Path #168: King of the Mountain,uncommon,,,,,,,Paizo,,0,,,,,,,,,,,,,,,,,,
Foxglove Token (Greater),F:\Obsidian\PF2e-Core-Vault\3-Rules\Character Building\Equipment\F\foxglove-token-greater.md,worn_item,,,Foxglove Token (Greater),Pathfinder #202: Severed at the Root pg. 78,uncommon,"magical, poison, spellheart",8,,,,,Paizo,,425,,L,,,,,,,,,,,,,,,,
Foxglove Token (Major),F:\Obsidian\PF2e-Core-Vault\3-Rules\Character Building\Equipment\F\foxglove-token-major.md,worn_item,,,Foxglove Token (Major),Pathfinder #202: Severed at the Root pg. 78,uncommon,"magical, poison, spellheart",12,,,,,Paizo,,1750,,L,,,,,,,,,,,,,,,,
Foxglove Token,F:\Obsidian\PF2e-Core-Vault\3-Rules\Character Building\Equipment\F\foxglove-token.md,worn_item,,,Foxglove Token,Pathfinder #202: Severed at the Root pg. 78,uncommon,"magical, poison, spellheart",3,,,,,Paizo,,55,,L,,,,,,,,,,,,,,,,
Freedom's Flame,F:\Obsidian\PF2e-Core-Vault\3-Rules\Character Building\Equipment\F\freedoms-flame.md,worn_item,,,Freedom's Flame,Pathfinder War of Immortals pg. 151,unique,"artifact, magical, mythic, razing, versatile-p",21,,,,,Paizo,,0,,1,,,,,,,,,,,,,,,,
Frog Chair,F:\Obsidian\PF2e-Core-Vault\3-Rules\Character Building\Equipment\F\frog-chair.md,worn_item,,,Frog Chair,Pathfinder Guns & Gears pg. 91,uncommon,"clockwork, magical",8,,,,,Paizo,,475,,3,,,,,,,,,,,,,,,,
Frost Fair Yanyuedao,F:\Obsidian\PF2e-Core-Vault\3-Rules\Character Building\Equipment\F\frost-fair-yanyuedao.md,worn_item,,,Frost Fair Yanyuedao,Pathfinder Lost Omens Tian Xia Character Guide,Unique,"artifact, cold, deadly-d8, forceful, magical, reach",14,,,,,Paizo,,0,,2,,,,,,,,,,,,,,,,
Frozen Lava of Barrowsiege,F:\Obsidian\PF2e-Core-Vault\3-Rules\Character Building\Equipment\F\frozen-lava-of-barrowsiege.md,worn_item,,,Frozen Lava of Barrowsiege,Pathfinder GM Core pg. 268,,"consumable, fire, magical",19,,,,,Paizo,,8000,,,,,,,,,,,,,,,,,,
Frozen Lava of Blackpeak,F:\Obsidian\PF2e-Core-Vault\3-Rules\Character Building\Equipment\F\frozen-lava-of-blackpeak.md,worn_item,,,Frozen Lava of Blackpeak,Pathfinder GM Core pg. 268,,"consumable, fire, magical",7,,,,,Paizo,,70,,,,,,,,,,,,,,,,,,
Frozen Lava of Droskar's Crag,F:\Obsidian\PF2e-Core-Vault\3-Rules\Character Building\Equipment\F\frozen-lava-of-droskars-crag.md,worn_item,,,Frozen Lava of Droskar's Crag,Pathfinder GM Core pg. 268,,"consumable, fire, magical",13,,,,,Paizo,,600,,,,,,,,,,,,,,,,,,
Frozen Lava of Ka,F:\Obsidian\PF2e-Core-Vault\3-Rules\Character Building\Equipment\F\frozen-lava-of-ka.md,worn_item,,,Frozen Lava of Ka,Pathfinder GM Core pg. 268,,"consumable, fire, magical",15,,,,,Paizo,,1300,,,,,,,,,,,,,,,,,,
Frozen Lava of Mhar Massif,F:\Obsidian\PF2e-Core-Vault\3-Rules\Character Building\Equipment\F\frozen-lava-of-mhar-massif.md,worn_item,,,Frozen Lava of Mhar Massif,Pathfinder GM Core pg. 268,,"consumable, fire, magical",11,,,,,Paizo,,300,,,,,,,,,,,,,,,,,,
Frozen Lava of Pale Mountain,F:\Obsidian\PF2e-Core-Vault\3-Rules\Character Building\Equipment\F\frozen-lava-of-pale-mountain.md,worn_item,,,Frozen Lava of Pale Mountain,Pathfinder GM Core pg. 268,,"consumable, fire, magical",9,,,,,Paizo,,150,,,,,,,,,,,,,,,,,,
Frozen Lava of Sakalayo,F:\Obsidian\PF2e-Core-Vault\3-Rules\Character Building\Equipment\F\frozen-lava-of-sakalayo.md,worn_item,,,Frozen Lava of Sakalayo,Pathfinder GM Core pg. 268,,"consumable, fire, magical",17,,,,,Paizo,,3000,,,,,,,,,,,,,,,,,,
Frozen Lava,F:\Obsidian\PF2e-Core-Vault\3-Rules\Character Building\Equipment\F\frozen-lava.md,worn_item,,,Frozen Lava,Pathfinder GM Core pg. 268,,"consumable, fire, magical",5,,,,,Paizo,,30,,,,,,,,,,,,,,,,,,
Frying Pan,F:\Obsidian\PF2e-Core-Vault\3-Rules\Character Building\Equipment\F\frying-pan.md,basic,Sifting Pan,,Frying Pan,Pathfinder Treasure Vault pg. 27,,"fatal-d8, halfling",0,,,,Club Simple,Paizo,,1,,L,,,,,,,,,,,,,,,,
Fulcrum Lattice,F:\Obsidian\PF2e-Core-Vault\3-Rules\Character Building\Equipment\F\fulcrum-lattice.md,worn_item,,,Fulcrum Lattice,Pathfinder #165: Eyes of Empty Death pg. 76,unique,occult,11,,,,,Paizo,,1200,,2,,,,,,,,,,,,,,,,
Fulmination Fang,F:\Obsidian\PF2e-Core-Vault\3-Rules\Character Building\Equipment\F\fulmination-fang.md,worn_item,,,Fulmination Fang,Pathfinder Howl of the Wild pg. 104,uncommon,"combination, concussive, kickback, magical",4,,,,,Paizo,,115,,2,,,,,,,,,,,,,,,,
Galvasphere,F:\Obsidian\PF2e-Core-Vault\3-Rules\Character Building\Equipment\G\Galvasphere.md,worn_item,Vapor Sphere,,Galvasphere,Pathfinder Guns & Gears pg. 82,rare,consumable,4,,,,,Paizo,,20,,,,,,,,,,,,,,,,,,
Gamtu Hat,F:\Obsidian\PF2e-Core-Vault\3-Rules\Character Building\Equipment\G\gamtu-hat.md,worn_item,,,Gamtu Hat,Pathfinder Lost Omens Tian Xia Character Guide,,magical,5,,,,,Paizo,,0,,L,,,,,,,,,,,,,,,,
Gasping Lament (Greater),F:\Obsidian\PF2e-Core-Vault\3-Rules\Character Building\Equipment\G\gasping-lament-greater.md,worn_item,,,Gasping Lament (Greater),"Pathfinder #205: Singer, Stalker, Skinsaw Man pg. 85",rare,"coda, invested, magical, staff",17,,,,,Paizo,,14500,,,,,,,,,,,,,,,,,,
Gasping Lament,F:\Obsidian\PF2e-Core-Vault\3-Rules\Character Building\Equipment\G\gasping-lament.md,worn_item,,,Gasping Lament,"Pathfinder #205: Singer, Stalker, Skinsaw Man pg. 85",rare,"coda, invested, magical, staff",12,,,,,Paizo,,2000,,,,,,,,,,,,,,,,,,
Gearblade,F:\Obsidian\PF2e-Core-Vault\3-Rules\Character Building\Equipment\G\Gearblade.md,worn_item,Searing Blade; Sparkblade; Air Bladder,,Gearblade,Pathfinder #161: Belly of the Black Whale pg. 79,rare,"clockwork, invested, magical",17,,,,,Paizo,,13000,,,,,,,,,,,,,,,,,,
Gelid Shard,F:\Obsidian\PF2e-Core-Vault\3-Rules\Character Building\Equipment\G\gelid-shard.md,worn_item,,,Gelid Shard,Pathfinder Treasure Vault,rare,"arcane, artifact, cold, invested",2,,,,,Paizo,,0,,,,,,,,,,,,,,,,,,
Ghost Stone,F:\Obsidian\PF2e-Core-Vault\3-Rules\Character Building\Equipment\G\ghost-stone.md,worn_item,Ghost Dust,,Ghost Stone,Pathfinder #200: Seven Dooms for Sandpoint,Unique,magical,7,,,,,Paizo,,0,,18,,,,,,,,,,,,,,,,
Ghosthand's Comet,F:\Obsidian\PF2e-Core-Vault\3-Rules\Character Building\Equipment\G\ghosthands-comet.md,worn_item,,,Ghosthand's Comet,Pathfinder Treasure Vault,Unique,"artifact, backstabber, concussive, fatal-d12, kickback, magical",23,,,,,Paizo,,0,,2,,,,,,,,,,,,,,,,
Gladius,F:\Obsidian\PF2e-Core-Vault\3-Rules\Character Building\Equipment\G\gladius.md,basic,,,Gladius,Pathfinder War of Immortals pg. 147,uncommon,"deadly d10, versatile s",0,,,,Martial Melee,Paizo,,1,,,,,,,,,,,,,,,,,,
Glittering Scarab,F:\Obsidian\PF2e-Core-Vault\3-Rules\Character Building\Equipment\G\glittering-scarab.md,worn_item,Glittering Snare,,Glittering Scarab,Pathfinder Dark Archive pg. 82,uncommon,,1,,,,,Paizo,,10,,,,,,,,,,,,,,,,,,
Glue Bullet,F:\Obsidian\PF2e-Core-Vault\3-Rules\Character Building\Equipment\G\glue-bullet.md,worn_item,,,Glue Bullet,Pathfinder Guns & Gears pg. 170,uncommon,"alchemical, consumable",4,,,,,Paizo,,16,,,,,,,,,,,,,,,,,,
Gnome Amalgam Musket,F:\Obsidian\PF2e-Core-Vault\3-Rules\Character Building\Equipment\G\gnome-amalgam-musket.md,basic,,,Gnome Amalgam Musket,Pathfinder Guns & Gears pg. 159,uncommon,"combination, concussive, fatal-d10, gnome",1,,,,Martial Melee/Ranged,Paizo,,10,,2,,,,,,,,,,,,,,,,
Golden Gloves,F:\Obsidian\PF2e-Core-Vault\3-Rules\Character Building\Equipment\G\golden-gloves.md,worn_item,Golden Goose,,Golden Gloves,Pathfinder #206: Bring the House Down pg. 82,rare,"apex, holy, invested, magical",19,,,,,Paizo,,40000,,L,,,,,,,,,,,,,,,,
Goo Grenade (Greater),F:\Obsidian\PF2e-Core-Vault\3-Rules\Character Building\Equipment\G\goo-grenade-greater.md,worn_item,Star Grenade (Greater); Ready (Greater); Dread (Greater),,Goo Grenade (Greater),Pathfinder Lost Omens Impossible Lands pg. 306,uncommon,"alchemical, bomb, consumable, splash",11,,,,,Paizo,,250,,L,,,,,,,,,,,,,,,,
Goo Grenade (Lesser),F:\Obsidian\PF2e-Core-Vault\3-Rules\Character Building\Equipment\G\goo-grenade-lesser.md,worn_item,Star Grenade (Lesser); Dread (Lesser),,Goo Grenade (Lesser),Pathfinder Lost Omens Impossible Lands pg. 306,uncommon,"alchemical, bomb, consumable, splash",1,,,,,Paizo,,3,,L,,,,,,,,,,,,,,,,
Goo Grenade (Major),F:\Obsidian\PF2e-Core-Vault\3-Rules\Character Building\Equipment\G\goo-grenade-major.md,worn_item,Star Grenade (Major),,Goo Grenade (Major),Pathfinder Lost Omens Impossible Lands pg. 306,uncommon,"alchemical, bomb, consumable, splash",17,,,,,Paizo,,2500,,L,,,,,,,,,,,,,,,,
Goo Grenade (Moderate),F:\Obsidian\PF2e-Core-Vault\3-Rules\Character Building\Equipment\G\goo-grenade-moderate.md,worn_item,Star Grenade (Moderate); Dread (Moderate); Spellsap Grenade (Moderate),,Goo Grenade (Moderate),Pathfinder Lost Omens Impossible Lands pg. 306,uncommon,"alchemical, bomb, consumable, splash",3,,,,,Paizo,,10,,L,,,,,,,,,,,,,,,,
Gorum's Tear,F:\Obsidian\PF2e-Core-Vault\3-Rules\Character Building\Equipment\G\gorums-tear.md,worn_item,,,Gorum's Tear,Pathfinder #209: Destroyer's Doom pg. 83,uncommon,"consumable, magical, talisman",8,,,,,Paizo,,80,,,,,,,,,,,,,,,,,,
Gossip's Eye,F:\Obsidian\PF2e-Core-Vault\3-Rules\Character Building\Equipment\G\gossips-eye.md,worn_item,,,Gossip's Eye,Pathfinder Treasure Vault pg. 108,,magical,8,,,,,Paizo,,30,,L,,,,,,,,,,,,,,,,
Granny's Hedge Trimmer,F:\Obsidian\PF2e-Core-Vault\3-Rules\Character Building\Equipment\G\grannys-hedge-trimmer.md,basic,,,Granny's Hedge Trimmer,Pathfinder Adventure: Little Trouble in Big Absalom,rare,magical,1,,,,Melee Simple,Paizo,,0,,,,,,,,,,,,,,,,,,
Grappling Arrow,F:\Obsidian\PF2e-Core-Vault\3-Rules\Character Building\Equipment\G\grappling-arrow.md,worn_item,Tripline Arrow; Grappling Hook; Grappling Bolt,,Grappling Arrow,Pathfinder Lost Omens Pathfinder Society Guide pg. 115,uncommon,,0,,,,,Paizo,,2,,,,,,,,,,,,,,,,,,
Grappling Gun (Clockwork),F:\Obsidian\PF2e-Core-Vault\3-Rules\Character Building\Equipment\G\grappling-gun-(clockwork).md,worn_item,,,Grappling Gun (Clockwork),Pathfinder Guns & Gears pg. 64,Uncommon,,1,,,,,Paizo,,15,,1,,,,,,,,,,,,,,,,
Grappling Gun,F:\Obsidian\PF2e-Core-Vault\3-Rules\Character Building\Equipment\G\grappling-gun.md,worn_item,Grappling Hook; Grappling Bolt,,Grappling Gun,Pathfinder Guns & Gears pg. 64,uncommon,,0,,,,,Paizo,,3,,,,,,,,,,,,,,,,,,
Gray Prince,F:\Obsidian\PF2e-Core-Vault\3-Rules\Character Building\Equipment\G\gray-prince.md,worn_item,,,Gray Prince,Pathfinder Lost Omens Highhelm pg. 59,rare,"magical, modular, void",8,,,,,Paizo,,500,,1,,,,,,,,,,,,,,,,
Graymist,F:\Obsidian\PF2e-Core-Vault\3-Rules\Character Building\Equipment\G\graymist.md,worn_item,,,Graymist,Pathfinder #206: Bring the House Down pg. 83,unique,"apex, artifact, divine, intelligent, invested",21,,,,,Paizo,,,,,,,,,,,,,,,,,,,,
Grim Trophy (Greater),F:\Obsidian\PF2e-Core-Vault\3-Rules\Character Building\Equipment\G\grim-trophy-greater.md,worn_item,Grim Trophy,,Grim Trophy (Greater),Pathfinder GM Core pg. 265,,"consumable, magical, talisman",11,,,,,Paizo,,250,,,,,,,,,,,,,,,,,,
Grisantian Pelt Object (High Grade),F:\Obsidian\PF2e-Core-Vault\3-Rules\Character Building\Equipment\G\grisantian-pelt-object-high-grade.md,material,Grisantian Pelt Armor (High-Grade),,Grisantian Pelt Object (High Grade),Pathfinder Monsters of Legend pg. 35,rare,precious,18,12000,,,,Paizo,,,,,,,,,,,,,,,,,,,,
Grisantian Pelt Object (Standard Grade),F:\Obsidian\PF2e-Core-Vault\3-Rules\Character Building\Equipment\G\grisantian-pelt-object-standard-grade.md,material,Grisantian Pelt Armor (Standard-Grade),,Grisantian Pelt Object (Standard Grade),Pathfinder Monsters of Legend pg. 35,rare,precious,12,1200,,,,Paizo,,,,,,,,,,,,,,,,,,,,
Grisantian Pelt,F:\Obsidian\PF2e-Core-Vault\3-Rules\Character Building\Equipment\G\grisantian-pelt.md,worn_item,,,Grisantian Pelt,Pathfinder Monsters of Myth pg. 35,rare,precious,12+,,,,,Paizo,,,,,,,,,,,,,,,,,,,,
Grolna,F:\Obsidian\PF2e-Core-Vault\3-Rules\Character Building\Equipment\G\grolna.md,worn_item,,,Grolna,Pathfinder #157: Devil at the Dreaming Palace pg. 81,uncommon,"alchemical, consumable, drug, ingested, poison",1,,,,,Paizo,,3,,,,,,,,,,,,,,,,,,
Growth Gun,F:\Obsidian\PF2e-Core-Vault\3-Rules\Character Building\Equipment\G\growth-gun.md,worn_item,,,Growth Gun,Pathfinder Guns & Gears pg. 155,uncommon,"magical, modular",9,,,,,Paizo,,700,,1,,,,,,,,,,,,,,,,
Guide Harness,F:\Obsidian\PF2e-Core-Vault\3-Rules\Character Building\Equipment\G\guide-harness.md,worn_item,Harness; Shield Harness,,Guide Harness,Pathfinder Treasure Vault pg. 105,,companion,1,,,,,Paizo,,5,,1,,,,,,,,,,,,,,,,
Guiding Star Orb (Heroic),F:\Obsidian\PF2e-Core-Vault\3-Rules\Character Building\Equipment\G\guiding-star-orb-heroic.md,worn_item,,,Guiding Star Orb (Heroic),Pathfinder #212: A Voice in the Blight pg. 73,unique,"apex, artifact, intelligent, invested, magical",20,,,,,Paizo,,0,,L,,,,,,,,,,,,,,,,
Guiding Star Orb,F:\Obsidian\PF2e-Core-Vault\3-Rules\Character Building\Equipment\G\guiding-star-orb.md,worn_item,Guiding Star,,Guiding Star Orb,Pathfinder #211: The Secret of Deathstalk Tower pg. 81,unique,magical,15,,,,,Paizo,,6500,,L,,,,,,,,,,,,,,,,
Gun Sword,F:\Obsidian\PF2e-Core-Vault\3-Rules\Character Building\Equipment\G\gun-sword.md,basic,,,Gun Sword,Pathfinder Guns & Gears pg. 159,uncommon,"combination, concussive, kickback",1,,,,Marital Melee/Ranged,Paizo,,13,,2,,,,,,,,,,,,,,,,
Gunner's Bandolier,F:\Obsidian\PF2e-Core-Vault\3-Rules\Character Building\Equipment\G\gunners-bandolier.md,worn_item,Thrower's Bandolier; Bandolier,,Gunner's Bandolier,Pathfinder Guns & Gears pg. 179,uncommon,"invested, magical",3,,,,,Paizo,,60,,,,,,,,,,,,,,,,,,
Gunner's Saddle,F:\Obsidian\PF2e-Core-Vault\3-Rules\Character Building\Equipment\G\gunners-saddle.md,worn_item,,,Gunner's Saddle,Pathfinder Guns & Gears pg. 182,uncommon,,2,,,,,Paizo,,20,,2,,,,,,,,,,,,,,,,
Gut-Ripper,F:\Obsidian\PF2e-Core-Vault\3-Rules\Character Building\Equipment\G\gut-ripper.md,worn_item,,,Gut-Ripper,Pathfinder War of Immortals pg. 171,unique,"magical, mythic, trip, deadly d10",7,,,,,Paizo,,0,,,,,,,,,,,,,,,,,,
Gyroscopic Stabilizer,F:\Obsidian\PF2e-Core-Vault\3-Rules\Character Building\Equipment\G\gyroscopic-stabilizer.md,worn_item,,,Gyroscopic Stabilizer,Pathfinder #179: Cradle of Quartz pg. 77,uncommon,magical,4,,,,,Paizo,,115,,L,,,,,,,,,,,,,,,,
Halcyon Heart,F:\Obsidian\PF2e-Core-Vault\3-Rules\Character Building\Equipment\H\halcyon-heart.md,worn_item,,,Halcyon Heart,Pathfinder #174: Shadows of the Ancients pg. 77,rare,"artifact, magical",21,,,,,Paizo,,0,,1,,,,,,,,,,,,,,,,
Hallajin Key,F:\Obsidian\PF2e-Core-Vault\3-Rules\Character Building\Equipment\H\hallajin-key.md,worn_item,,,Hallajin Key,Pathfinder Society Scenario #4-11: Prisoners of the Electric Castle,unique,"intelligent, magical",7,,,,,Paizo,,0,,L,,,,,,,,,,,,,,,,
Hammer Gun,F:\Obsidian\PF2e-Core-Vault\3-Rules\Character Building\Equipment\H\hammer-gun.md,basic,Hammer,,Hammer Gun,Pathfinder Guns & Gears pg. 159,uncommon,"combination, concussive, fatal-d10, critical fusion, shove",1,,,,Martial Melee/Ranged,Paizo,,13,,2,,,,,,,,,,,,,,,,
Hand Cannon,F:\Obsidian\PF2e-Core-Vault\3-Rules\Character Building\Equipment\H\hand-cannon.md,basic,,,Hand Cannon,Pathfinder Guns & Gears pg. 153,uncommon,modular,0,,,,Simple Ranged,Paizo,,3,,1,,,,,,,,,,,,,,,,
Hand-Hewed Face,F:\Obsidian\PF2e-Core-Vault\3-Rules\Character Building\Equipment\H\hand-hewed-face.md,worn_item,,,Hand-Hewed Face,Pathfinder Dark Archive pg. 164,rare,"contract, invested, magical",7,,,,,Paizo,,0,,,,,,,,,,,,,,,,,,
Handwraps of Mighty Blows,F:\Obsidian\PF2e-Core-Vault\3-Rules\Character Building\Equipment\H\handwraps-of-mighty-blows.md,basic,Handwraps of Mighty Blows (+1); Handwraps of Mighty Blows (+2 Striking); Handwraps of Mighty Blows (+1 Striking),,Handwraps of Mighty Blows,Pathfinder GM Core pg. 290,,"invested, magical, unarmed",2,,,,Melee,Paizo,,35,,,,,,,,,,,,,,,,,,
Harmona Gun,F:\Obsidian\PF2e-Core-Vault\3-Rules\Character Building\Equipment\H\harmona-gun.md,basic,,,Harmona Gun,Pathfinder Guns & Gears pg. 153,uncommon,kickback,0,,,,Martial Ranged,Paizo,,8,,2,,,,,,,,,,,,,,,,
Heart Bloodstone of Arazni,F:\Obsidian\PF2e-Core-Vault\3-Rules\Character Building\Equipment\H\heart-bloodstone-of-arazni.md,worn_item,,,Heart Bloodstone of Arazni,Pathfinder Claws of the Tyrant pg. 109,unique,"artifact, divine",11,,,,,Paizo,,0,,1,,,,,,,,,,,,,,,,
Heartmoss (Greater),F:\Obsidian\PF2e-Core-Vault\3-Rules\Character Building\Equipment\H\heartmoss-greater.md,worn_item,Reef Heart (Greater); Healer's Gel (Greater); Healer's Gloves (Greater),,Heartmoss (Greater),Pathfinder #202: Severed at the Root pg. 79,uncommon,"healing, magical, spellheart",8,,,,,Paizo,,450,,L,,,,,,,,,,,,,,,,
Heartmoss (Major),F:\Obsidian\PF2e-Core-Vault\3-Rules\Character Building\Equipment\H\heartmoss-major.md,worn_item,,,Heartmoss (Major),Pathfinder #202: Severed at the Root pg. 79,uncommon,"healing, magical, spellheart",12,,,,,Paizo,,1750,,L,,,,,,,,,,,,,,,,
Heartmoss,F:\Obsidian\PF2e-Core-Vault\3-Rules\Character Building\Equipment\H\heartmoss.md,worn_item,,,Heartmoss,Pathfinder #202: Severed at the Root pg. 79,uncommon,"healing, magical, spellheart",3,,,,,Paizo,,55,,L,,,,,,,,,,,,,,,,
Herald's Ring,F:\Obsidian\PF2e-Core-Vault\3-Rules\Character Building\Equipment\H\heralds-ring.md,worn_item,Heartblood Ring,,Herald's Ring,Pathfinder #204: Stage Fright pg. 80,unique,"invested, magical",13,,,,,Paizo,,3000,,,,,,,,,,,,,,,,,,
Hero's Plate (Greater),F:\Obsidian\PF2e-Core-Vault\3-Rules\Character Building\Equipment\H\heros-plate-greater.md,worn_item,Seer's Flute (Greater); Frost (Greater); Pheromone Flare (Greater),,Hero's Plate (Greater),Pathfinder #202: Severed at the Root pg. 77,rare,"bulwark, invested, magical",18,,,,,Paizo,,22500,,4,,,,,,,,,,,,,,,,
Hero's Plate,F:\Obsidian\PF2e-Core-Vault\3-Rules\Character Building\Equipment\H\heros-plate.md,worn_item,,,Hero's Plate,Pathfinder #202: Severed at the Root pg. 77,rare,"bulwark, invested, magical",10,,,,,Paizo,,1000,,4,,,,,,,,,,,,,,,,
Hex Blaster,F:\Obsidian\PF2e-Core-Vault\3-Rules\Character Building\Equipment\H\hex-blaster.md,worn_item,,,Hex Blaster,Pathfinder #180: The Smoking Gun pg. 73,unique,"concussive, cursed, emotion, fatal-d12, fear, kickback, mental, occult",11,,,,,Paizo,,1400,,2,,,,,,,,,,,,,,,,
Hidden Pocket Outfit,F:\Obsidian\PF2e-Core-Vault\3-Rules\Character Building\Equipment\H\hidden-pocket-outfit.md,worn_item,,,Hidden Pocket Outfit,Pathfinder Lost Omens Rival Academies pg. 56,uncommon,,4,,,,,Paizo,,75,,L,,,,,,,,,,,,,,,,
Hippopotamus Klar,F:\Obsidian\PF2e-Core-Vault\3-Rules\Character Building\Equipment\H\hippopotamus-klar.md,worn_item,Hippotamus Klar,,Hippopotamus Klar,Pathfinder Howl of the Wild pg. 100,uncommon,"integrated-1d6-s-versatile-p, invested, magical",10,,,,,Paizo,,1000,,1,,,,,,,,,,,,,,,,
Hongbao of Many Things,F:\Obsidian\PF2e-Core-Vault\3-Rules\Character Building\Equipment\H\hongbao-of-many-things.md,worn_item,,,Hongbao of Many Things,Pathfinder Blog,,magical,5,,,,,Paizo,,0,,L,,,,,,,,,,,,,,,,
Hongrui's Gratitude,F:\Obsidian\PF2e-Core-Vault\3-Rules\Character Building\Equipment\H\hongruis-gratitude.md,worn_item,,,Hongrui's Gratitude,Pathfinder #196: The Summer That Never Was pg. 303,unique,"invested, magical",3,,,,,Paizo,,60,,L,,,,,,,,,,,,,,,,
Horn of Exorcism,F:\Obsidian\PF2e-Core-Vault\3-Rules\Character Building\Equipment\H\horn-of-exorcism.md,worn_item,,,Horn of Exorcism,Pathfinder GM Core pg. 274,,magical,11,,,,,Paizo,,1250,,L,,,,,,,,,,,,,,,,
Horn of Rust,F:\Obsidian\PF2e-Core-Vault\3-Rules\Character Building\Equipment\H\horn-of-rust.md,worn_item,,,Horn of Rust,Pathfinder Adventure: Rusthenge pg. unique,,"artifact, invested, magical",5,,,,,Paizo,,0,,L,,,,,,,,,,,,,,,,
Horned Hand Rests (Greater),F:\Obsidian\PF2e-Core-Vault\3-Rules\Character Building\Equipment\H\horned-hand-rests-greater.md,worn_item,Arachnid Harness (Greater),,Horned Hand Rests (Greater),Pathfinder Lost Omens The Grand Bazaar pg. 72,,"companion, invested, magical",13,,,,,Paizo,,2750,,1,,,,,,,,,,,,,,,,
Horned Hand Rests,F:\Obsidian\PF2e-Core-Vault\3-Rules\Character Building\Equipment\H\horned-hand-rests.md,worn_item,,,Horned Hand Rests,Pathfinder Lost Omens The Grand Bazaar pg. 72,,"companion, invested, magical",6,,,,,Paizo,,225,,1,,,,,,,,,,,,,,,,
Horns of Naraga,F:\Obsidian\PF2e-Core-Vault\3-Rules\Character Building\Equipment\H\horns-of-naraga.md,worn_item,,,Horns of Naraga,Pathfinder Gamemastery Guide pg. 109,unique,"artifact, invested, magical",26,,,,,Paizo,,0,,2,,,,,,,,,,,,,,,,
Howler Pistol,F:\Obsidian\PF2e-Core-Vault\3-Rules\Character Building\Equipment\H\howler-pistol.md,worn_item,,,Howler Pistol,Pathfinder Howl of the Wild pg. 104,rare,"magical, scatter-5",10,,,,,Paizo,,1100,,1,,,,,,,,,,,,,,,,
Humbug Pocket (Greater),F:\Obsidian\PF2e-Core-Vault\3-Rules\Character Building\Equipment\H\humbug-pocket-greater.md,worn_item,,,Humbug Pocket (Greater),Pathfinder GM Core pg. 290,,"invested, occult",17,,,,,Paizo,,12500,,,,,,,,,,,,,,,,,,
Humbug Pocket,F:\Obsidian\PF2e-Core-Vault\3-Rules\Character Building\Equipment\H\humbug-pocket.md,worn_item,,,Humbug Pocket,Pathfinder GM Core pg. 290,,"invested, occult",9,,,,,Paizo,,650,,,,,,,,,,,,,,,,,,
Hunter's Anthem,F:\Obsidian\PF2e-Core-Vault\3-Rules\Character Building\Equipment\H\hunters-anthem.md,worn_item,Hunter's Bane,,Hunter's Anthem,Pathfinder GM Core pg. 242,,"deadly-d10, magical, volley-30",11,,,,,Paizo,,1300,,2,,,,,,,,,,,,,,,,
Hunter's Brooch,F:\Obsidian\PF2e-Core-Vault\3-Rules\Character Building\Equipment\H\hunters-brooch.md,worn_item,Hunter's Bow; Hunter's Hagbook,,Hunter's Brooch,Pathfinder #164: Hands of the Devil pg. 71,unique,"divine, invested, vitality",4,,,,,Paizo,,80,,L,,,,,,,,,,,,,,,,
Hunter's Dawn,F:\Obsidian\PF2e-Core-Vault\3-Rules\Character Building\Equipment\H\hunters-dawn.md,worn_item,Hunter's Bane; Hunter's Bow,,Hunter's Dawn,Pathfinder #156: The Apocalypse Prophet pg. 67,unique,"arcane, artifact, thrown-10",23,,,,,Paizo,,0,,1,,,,,,,,,,,,,,,,
Hydrocannon,F:\Obsidian\PF2e-Core-Vault\3-Rules\Character Building\Equipment\H\Hydrocannon.md,worn_item,,,Hydrocannon,Pathfinder Howl of the Wild pg. 104,uncommon,"magical, modular",5,,,,,Paizo,,150,,,,,,,,,,,,,,,,,,
Hyldarf's Fang,F:\Obsidian\PF2e-Core-Vault\3-Rules\Character Building\Equipment\H\hyldarfs-fang.md,worn_item,,,Hyldarf's Fang,Pathfinder Guns & Gears pg. 164,unique,"magical, modular",15,,,,,Paizo,,0,,1,,,,,,,,,,,,,,,,
Abominable Missives of the Atrophied,F:\Obsidian\PF2e-Core-Vault\3-Rules\Character Building\Equipment\Harvest Compendium Equipment\A\Abominable Missives of the Atrophied.md,worn_item,,unrecognized Publisher_Source for source='',Abominable Missives of the Atrophied,,,,,,,,,,,,,,,,,,,,,,,,,,,,,
Adamantine Golem Engine Core,F:\Obsidian\PF2e-Core-Vault\3-Rules\Character Building\Equipment\Harvest Compendium Equipment\A\Adamantine Golem Engine Core.md,worn_item,,unrecognized Publisher_Source for source='',Adamantine Golem Engine Core,,,,,,,,,,,,,,,,,,,,,,,,,,,,,
Alchemical Golem Engine Core,F:\Obsidian\PF2e-Core-Vault\3-Rules\Character Building\Equipment\Harvest Compendium Equipment\A\Alchemical Golem Engine Core.md,worn_item,,unrecognized Publisher_Source for source='',Alchemical Golem Engine Core,,,,,,,,,,,,,,,,,,,,,,,,,,,,,
Alghollthu Eyes,F:\Obsidian\PF2e-Core-Vault\3-Rules\Character Building\Equipment\Harvest Compendium Equipment\A\Alghollthu Eyes.md,worn_item,Alghollthu Lash,unrecognized Publisher_Source for source='',Alghollthu Eyes,,,,,,,,,,,,,,,,,,,,,,,,,,,,,
Alghollthu Master Tentacles,F:\Obsidian\PF2e-Core-Vault\3-Rules\Character Building\Equipment\Harvest Compendium Equipment\A\Alghollthu Master Tentacles.md,worn_item,,unrecognized Publisher_Source for source='',Alghollthu Master Tentacles,,,,,,,,,,,,,,,,,,,,,,,,,,,,,
Alghollthu Mucus (Greater),F:\Obsidian\PF2e-Core-Vault\3-Rules\Character Building\Equipment\Harvest Compendium Equipment\A\Alghollthu Mucus (Greater).md,worn_item,,unrecognized Publisher_Source for source='',Alghollthu Mucus (Greater),,,,,,,,,,,,,,,,,,,,,,,,,,,,,
Alghollthu Mucus,F:\Obsidian\PF2e-Core-Vault\3-Rules\Character Building\Equipment\Harvest Compendium Equipment\A\Alghollthu Mucus.md,worn_item,Alghollthu Lash,unrecognized Publisher_Source for source='',Alghollthu Mucus,,,,,,,,,,,,,,,,,,,,,,,,,,,,,
Alghollthu Rawhide,F:\Obsidian\PF2e-Core-Vault\3-Rules\Character Building\Equipment\Harvest Compendium Equipment\A\Alghollthu Rawhide.md,worn_item,Alghollthu Lash,unrecognized Publisher_Source for source='',Alghollthu Rawhide,,,,,,,,,,,,,,,,,,,,,,,,,,,,,
Alicorn Dust,F:\Obsidian\PF2e-Core-Vault\3-Rules\Character Building\Equipment\Harvest Compendium Equipment\A\Alicorn Dust.md,worn_item,Lich Dust,unrecognized Publisher_Source for source='',Alicorn Dust,,,,,,,,,,,,,,,,,,,,,,,,,,,,,
Alicorn Staff,F:\Obsidian\PF2e-Core-Vault\3-Rules\Character Building\Equipment\Harvest Compendium Equipment\A\Alicorn Staff.md,worn_item,,unrecognized Publisher_Source for source='',Alicorn Staff,,,,,,,,,,,,,,,,,,,,,,,,,,,,,
Amulet of Seduction,F:\Obsidian\PF2e-Core-Vault\3-Rules\Character Building\Equipment\Harvest Compendium Equipment\A\Amulet of Seduction.md,worn_item,,unrecognized Publisher_Source for source='',Amulet of Seduction,,,,,,,,,,,,,,,,,,,,,,,,,,,,,
Ancient Copper Dragon Head Spikes,F:\Obsidian\PF2e-Core-Vault\3-Rules\Character Building\Equipment\Harvest Compendium Equipment\A\Ancient Copper Dragon Head Spikes.md,worn_item,,unrecognized Publisher_Source for source='',Ancient Copper Dragon Head Spikes,,,,,,,,,,,,,,,,,,,,,,,,,,,,,
Ancient Dragon Fangs (Black or Copper),F:\Obsidian\PF2e-Core-Vault\3-Rules\Character Building\Equipment\Harvest Compendium Equipment\A\Ancient Dragon Fangs (Black or Copper).md,worn_item,,unrecognized Publisher_Source for source='',Ancient Dragon Fangs (Black or Copper),,,,,,,,,,,,,,,,,,,,,,,,,,,,,
Ancient Dragon Fangs (Blue or Bronze),F:\Obsidian\PF2e-Core-Vault\3-Rules\Character Building\Equipment\Harvest Compendium Equipment\A\Ancient Dragon Fangs (Blue or Bronze).md,worn_item,,unrecognized Publisher_Source for source='',Ancient Dragon Fangs (Blue or Bronze),,,,,,,,,,,,,,,,,,,,,,,,,,,,,
"Ancient Dragon Fangs (Brass, Gold, or Red)","F:\Obsidian\PF2e-Core-Vault\3-Rules\Character Building\Equipment\Harvest Compendium Equipment\A\Ancient Dragon Fangs (Brass, Gold, or Red).md",worn_item,,unrecognized Publisher_Source for source='',"Ancient Dragon Fangs (Brass, Gold, or Red)",,,,,,,,,,,,,,,,,,,,,,,,,,,,,
Ancient Dragon Fangs (Green),F:\Obsidian\PF2e-Core-Vault\3-Rules\Character Building\Equipment\Harvest Compendium Equipment\A\Ancient Dragon Fangs (Green).md,worn_item,,unrecognized Publisher_Source for source='',Ancient Dragon Fangs (Green),,,,,,,,,,,,,,,,,,,,,,,,,,,,,
Ancient Dragon Fangs (Silver or White),F:\Obsidian\PF2e-Core-Vault\3-Rules\Character Building\Equipment\Harvest Compendium Equipment\A\Ancient Dragon Fangs (Silver or White).md,worn_item,,unrecognized Publisher_Source for source='',Ancient Dragon Fangs (Silver or White),,,,,,,,,,,,,,,,,,,,,,,,,,,,,
Ancient Dragon Head,F:\Obsidian\PF2e-Core-Vault\3-Rules\Character Building\Equipment\Harvest Compendium Equipment\A\Ancient Dragon Head.md,worn_item,,unrecognized Publisher_Source for source='',Ancient Dragon Head,,,,,,,,,,,,,,,,,,,,,,,,,,,,,
Angel Blood,F:\Obsidian\PF2e-Core-Vault\3-Rules\Character Building\Equipment\Harvest Compendium Equipment\A\Angel Blood.md,worn_item,,unrecognized Publisher_Source for source='',Angel Blood,,,,,,,,,,,,,,,,,,,,,,,,,,,,,
Animal Precision Ammunition,F:\Obsidian\PF2e-Core-Vault\3-Rules\Character Building\Equipment\Harvest Compendium Equipment\A\Animal Precision Ammunition.md,worn_item,,unrecognized Publisher_Source for source='',Animal Precision Ammunition,,,,,,,,,,,,,,,,,,,,,,,,,,,,,
Animal Carapace,F:\Obsidian\PF2e-Core-Vault\3-Rules\Character Building\Equipment\Harvest Compendium Equipment\A\animal-carapace.md,worn_item,,unrecognized Publisher_Source for source='Harvest Compendium',Animal Carapace,Harvest Compendium,,creature-component,,,,,,,,1,,,,,,,,,,,,,,,,,,
Animal Hide,F:\Obsidian\PF2e-Core-Vault\3-Rules\Character Building\Equipment\Harvest Compendium Equipment\A\animal-hide.md,worn_item,Animal Blind; Animal Bed,unrecognized Publisher_Source for source='Harvest Compendium',Animal Hide,Harvest Compendium pg. 23,,creature-component,,,,,,,,5,,,,,,,,,,,,,,,,,,
Ankylosaurus Tail,F:\Obsidian\PF2e-Core-Vault\3-Rules\Character Building\Equipment\Harvest Compendium Equipment\A\ankylosaurus-tail.md,worn_item,,unrecognized Publisher_Source for source='Harvest Compendium',Ankylosaurus Tail,Harvest Compendium,,creature-component,4,,,,,,,30,,,,,,,,,,,,,,,,,,
Apple,F:\Obsidian\PF2e-Core-Vault\3-Rules\Character Building\Equipment\Harvest Compendium Equipment\A\Apple.md,worn_item,,unrecognized Publisher_Source for source='',Apple,,,,,,,,,,,,,,,,,,,,,,,,,,,,,
Apron (Functions as Leather Armor),F:\Obsidian\PF2e-Core-Vault\3-Rules\Character Building\Equipment\Harvest Compendium Equipment\A\Apron (Functions as Leather Armor).md,worn_item,,unrecognized Publisher_Source for source='',Apron (Functions as Leather Armor),,,,,,,,,,,,,,,,,,,,,,,,,,,,,
Apron (Functions as Padded Armor),F:\Obsidian\PF2e-Core-Vault\3-Rules\Character Building\Equipment\Harvest Compendium Equipment\A\Apron (Functions as Padded Armor).md,worn_item,,unrecognized Publisher_Source for source='',Apron (Functions as Padded Armor),,,,,,,,,,,,,,,,,,,,,,,,,,,,,
Arboreal Bark Strips,F:\Obsidian\PF2e-Core-Vault\3-Rules\Character Building\Equipment\Harvest Compendium Equipment\A\arboreal-bark-strips.md,worn_item,,unrecognized Publisher_Source for source='Harvest Compendium',Arboreal Bark Strips,Harvest Compendium,,"consumable, creature-component",2,,,,,,,5,,,,,,,,,,,,,,,,,,
Arboreal Sap,F:\Obsidian\PF2e-Core-Vault\3-Rules\Character Building\Equipment\Harvest Compendium Equipment\A\arboreal-sap.md,worn_item,Arboreal Boots; Boreal Staff,unrecognized Publisher_Source for source='Harvest Compendium',Arboreal Sap,Harvest Compendium,,ingredient,1,,,,,,,2,,,,,,,,,,,,,,,,,,
Archon Core,F:\Obsidian\PF2e-Core-Vault\3-Rules\Character Building\Equipment\Harvest Compendium Equipment\A\Archon Core.md,worn_item,,unrecognized Publisher_Source for source='',Archon Core,,,,,,,,,,,,,,,,,,,,,,,,,,,,,
Archon Ichor,F:\Obsidian\PF2e-Core-Vault\3-Rules\Character Building\Equipment\Harvest Compendium Equipment\A\Archon Ichor.md,worn_item,,unrecognized Publisher_Source for source='',Archon Ichor,,,,,,,,,,,,,,,,,,,,,,,,,,,,,
Assorted Jewelry,F:\Obsidian\PF2e-Core-Vault\3-Rules\Character Building\Equipment\Harvest Compendium Equipment\A\Assorted Jewelry.md,worn_item,,unrecognized Publisher_Source for source='',Assorted Jewelry,,,,,,,,,,,,,,,,,,,,,,,,,,,,,
Astradaemon Hide,F:\Obsidian\PF2e-Core-Vault\3-Rules\Character Building\Equipment\Harvest Compendium Equipment\A\Astradaemon Hide.md,worn_item,,unrecognized Publisher_Source for source='',Astradaemon Hide,,,,,,,,,,,,,,,,,,,,,,,,,,,,,
Astradaemon Tail,F:\Obsidian\PF2e-Core-Vault\3-Rules\Character Building\Equipment\Harvest Compendium Equipment\A\Astradaemon Tail.md,worn_item,,unrecognized Publisher_Source for source='',Astradaemon Tail,,,,,,,,,,,,,,,,,,,,,,,,,,,,,
Astrolabe,F:\Obsidian\PF2e-Core-Vault\3-Rules\Character Building\Equipment\Harvest Compendium Equipment\A\Astrolabe.md,worn_item,,unrecognized Publisher_Source for source='',Astrolabe,,,,,,,,,,,,,,,,,,,,,,,,,,,,,
Astronomer Spellbook,F:\Obsidian\PF2e-Core-Vault\3-Rules\Character Building\Equipment\Harvest Compendium Equipment\A\Astronomer Spellbook.md,worn_item,,unrecognized Publisher_Source for source='',Astronomer Spellbook,,,,,,,,,,,,,,,,,,,,,,,,,,,,,
Balor Ash,F:\Obsidian\PF2e-Core-Vault\3-Rules\Character Building\Equipment\Harvest Compendium Equipment\B\Balor Ash.md,worn_item,,unrecognized Publisher_Source for source='',Balor Ash,,,,,,,,,,,,,,,,,,,,,,,,,,,,,
Baomal Heads,F:\Obsidian\PF2e-Core-Vault\3-Rules\Character Building\Equipment\Harvest Compendium Equipment\B\Baomal Heads.md,worn_item,,unrecognized Publisher_Source for source='',Baomal Heads,,,,,,,,,,,,,,,,,,,,,,,,,,,,,
Baomal Shellplates,F:\Obsidian\PF2e-Core-Vault\3-Rules\Character Building\Equipment\Harvest Compendium Equipment\B\Baomal Shellplates.md,worn_item,,unrecognized Publisher_Source for source='',Baomal Shellplates,,,,,,,,,,,,,,,,,,,,,,,,,,,,,
Baomal Teeth,F:\Obsidian\PF2e-Core-Vault\3-Rules\Character Building\Equipment\Harvest Compendium Equipment\B\Baomal Teeth.md,worn_item,,unrecognized Publisher_Source for source='',Baomal Teeth,,,,,,,,,,,,,,,,,,,,,,,,,,,,,
Barguest Rawhide,F:\Obsidian\PF2e-Core-Vault\3-Rules\Character Building\Equipment\Harvest Compendium Equipment\B\Barguest Rawhide.md,worn_item,,unrecognized Publisher_Source for source='',Barguest Rawhide,,,,,,,,,,,,,,,,,,,,,,,,,,,,,
Barguest Teeth,F:\Obsidian\PF2e-Core-Vault\3-Rules\Character Building\Equipment\Harvest Compendium Equipment\B\Barguest Teeth.md,worn_item,,unrecognized Publisher_Source for source='',Barguest Teeth,,,,,,,,,,,,,,,,,,,,,,,,,,,,,
Basilisk Gullet Oil,F:\Obsidian\PF2e-Core-Vault\3-Rules\Character Building\Equipment\Harvest Compendium Equipment\B\basilisk-gullet-oil.md,worn_item,,unrecognized Publisher_Source for source='Harvest Compendium',Basilisk Gullet Oil,Harvest Compendium,uncommon,"consumable, magical, oil",4,,,,,,,20,,,,,,,,,,,,,,,,,,
Basilisk Teeth,F:\Obsidian\PF2e-Core-Vault\3-Rules\Character Building\Equipment\Harvest Compendium Equipment\B\basilisk-teeth.md,worn_item,Basilisk Eye,unrecognized Publisher_Source for source='Harvest Compendium',Basilisk Teeth,Harvest Compendium,uncommon,"consumable, magical, talisman",2,,,,,,,5,,,,,,,,,,,,,,,,,,
Bear Claws,F:\Obsidian\PF2e-Core-Vault\3-Rules\Character Building\Equipment\Harvest Compendium Equipment\B\Bear Claws.md,worn_item,,unrecognized Publisher_Source for source='',Bear Claws,,,,,,,,,,,,,,,,,,,,,,,,,,,,,
Big Crocodile Teeth,F:\Obsidian\PF2e-Core-Vault\3-Rules\Character Building\Equipment\Harvest Compendium Equipment\B\Big Crocodile Teeth.md,worn_item,,unrecognized Publisher_Source for source='',Big Crocodile Teeth,,,,,,,,,,,,,,,,,,,,,,,,,,,,,
Big Deinosuchus Teeth,F:\Obsidian\PF2e-Core-Vault\3-Rules\Character Building\Equipment\Harvest Compendium Equipment\B\Big Deinosuchus Teeth.md,worn_item,,unrecognized Publisher_Source for source='',Big Deinosuchus Teeth,,,,,,,,,,,,,,,,,,,,,,,,,,,,,
Bloodseeker Proboscis,F:\Obsidian\PF2e-Core-Vault\3-Rules\Character Building\Equipment\Harvest Compendium Equipment\B\Bloodseeker Proboscis.md,worn_item,,unrecognized Publisher_Source for source='',Bloodseeker Proboscis,,,,,,,,,,,,,,,,,,,,,,,,,,,,,
Bloody Wemmuth Sap,F:\Obsidian\PF2e-Core-Vault\3-Rules\Character Building\Equipment\Harvest Compendium Equipment\B\Bloody Wemmuth Sap.md,worn_item,,unrecognized Publisher_Source for source='',Bloody Wemmuth Sap,,,,,,,,,,,,,,,,,,,,,,,,,,,,,
Bloody Talon,F:\Obsidian\PF2e-Core-Vault\3-Rules\Character Building\Equipment\Harvest Compendium Equipment\B\bloody-talon.md,worn_item,Bloody Fang,unrecognized Publisher_Source for source='Harvest Compendium',Bloody Talon,Harvest Compendium pg. 142,,"consumable, magical, talisman",1,,,,,,,5,,,,,,,,,,,,,,,,,,
Boar Tusk,F:\Obsidian\PF2e-Core-Vault\3-Rules\Character Building\Equipment\Harvest Compendium Equipment\B\boar-tusk.md,worn_item,,unrecognized Publisher_Source for source='Harvest Compendium*',Boar Tusk,Harvest Compendium* pg. 142,,"consumable, magical, talisman",3,,,,,,,8,,,,,,,,,,,,,,,,,,
Bola Bolts,F:\Obsidian\PF2e-Core-Vault\3-Rules\Character Building\Equipment\Harvest Compendium Equipment\B\Bola Bolts.md,worn_item,,unrecognized Publisher_Source for source='',Bola Bolts,,,,,,,,,,,,,,,,,,,,,,,,,,,,,
Bone Javelin,F:\Obsidian\PF2e-Core-Vault\3-Rules\Character Building\Equipment\Harvest Compendium Equipment\B\Bone Javelin.md,worn_item,Javelin,unrecognized Publisher_Source for source='',Bone Javelin,,,,,,,,,,,,,,,,,,,,,,,,,,,,,
Book of Sigils,F:\Obsidian\PF2e-Core-Vault\3-Rules\Character Building\Equipment\Harvest Compendium Equipment\B\Book of Sigils.md,worn_item,,unrecognized Publisher_Source for source='',Book of Sigils,,,,,,,,,,,,,,,,,,,,,,,,,,,,,
Book on Law and Rhetoric,F:\Obsidian\PF2e-Core-Vault\3-Rules\Character Building\Equipment\Harvest Compendium Equipment\B\Book on Law and Rhetoric.md,worn_item,,unrecognized Publisher_Source for source='',Book on Law and Rhetoric,,,,,,,,,,,,,,,,,,,,,,,,,,,,,
Boots of Trackless Steps,F:\Obsidian\PF2e-Core-Vault\3-Rules\Character Building\Equipment\Harvest Compendium Equipment\B\Boots of Trackless Steps.md,worn_item,,unrecognized Publisher_Source for source='',Boots of Trackless Steps,,,,,,,,,,,,,,,,,,,,,,,,,,,,,
Brain Collector Claw,F:\Obsidian\PF2e-Core-Vault\3-Rules\Character Building\Equipment\Harvest Compendium Equipment\B\Brain Collector Claw.md,worn_item,,unrecognized Publisher_Source for source='',Brain Collector Claw,,,,,,,,,,,,,,,,,,,,,,,,,,,,,
Brain Collector Teeth,F:\Obsidian\PF2e-Core-Vault\3-Rules\Character Building\Equipment\Harvest Compendium Equipment\B\Brain Collector Teeth.md,worn_item,,unrecognized Publisher_Source for source='',Brain Collector Teeth,,,,,,,,,,,,,,,,,,,,,,,,,,,,,
Brain Collector Venom,F:\Obsidian\PF2e-Core-Vault\3-Rules\Character Building\Equipment\Harvest Compendium Equipment\B\Brain Collector Venom.md,worn_item,,unrecognized Publisher_Source for source='',Brain Collector Venom,,,,,,,,,,,,,,,,,,,,,,,,,,,,,
Bulette Shellplate Armor (High-Grade),F:\Obsidian\PF2e-Core-Vault\3-Rules\Character Building\Equipment\Harvest Compendium Equipment\B\bulette-shellplate-armor-high-grade.md,material,,unrecognized Publisher_Source for source='Harvest Compendium',Bulette Shellplate Armor (High-Grade),Harvest Compendium pg. 150,uncommon,,16,8200,,,,,,,,,,,,,,,,,,,,,,,,
Bulette Shellplate Armor (Low-Grade),F:\Obsidian\PF2e-Core-Vault\3-Rules\Character Building\Equipment\Harvest Compendium Equipment\B\bulette-shellplate-armor-low-grade.md,material,,unrecognized Publisher_Source for source='Harvest Compendium',Bulette Shellplate Armor (Low-Grade),Harvest Compendium pg. 150,uncommon,,5,140,,,,,,,,,,,,,,,,,,,,,,,,
Bulette Shellplate Armor (Standard-Grade),F:\Obsidian\PF2e-Core-Vault\3-Rules\Character Building\Equipment\Harvest Compendium Equipment\B\bulette-shellplate-armor-standard-grade.md,material,,unrecognized Publisher_Source for source='Harvest Compendium',Bulette Shellplate Armor (Standard-Grade),Harvest Compendium pg. 150,uncommon,,8,480,,,,,,,,,,,,,,,,,,,,,,,,
Bulette Shellplates,F:\Obsidian\PF2e-Core-Vault\3-Rules\Character Building\Equipment\Harvest Compendium Equipment\B\bulette-shellplates.md,worn_item,,unrecognized Publisher_Source for source='Harvest Compendium',Bulette Shellplates,Harvest Compendium pg. 24,,creature-component,8,,,,,,,25,,,,,,,,,,,,,,,,,,
Bulette Sole Patches,F:\Obsidian\PF2e-Core-Vault\3-Rules\Character Building\Equipment\Harvest Compendium Equipment\B\bulette-sole-patches.md,worn_item,,unrecognized Publisher_Source for source='Harvest Compendium',Bulette Sole Patches,Harvest Compendium pg. 24,,ingredient,5,,,,,,,15,,,,,,,,,,,,,,,,,,
Bulette Teeth,F:\Obsidian\PF2e-Core-Vault\3-Rules\Character Building\Equipment\Harvest Compendium Equipment\B\bulette-teeth.md,worn_item,,unrecognized Publisher_Source for source='Harvest Compendium',Bulette Teeth,Harvest Compendium pg. 24,,creature-component,2,,,,,,,1,,,,,,,,,,,,,,,,,,
Bunyip Scent Gland,F:\Obsidian\PF2e-Core-Vault\3-Rules\Character Building\Equipment\Harvest Compendium Equipment\B\Bunyip Scent Gland.md,worn_item,,unrecognized Publisher_Source for source='',Bunyip Scent Gland,,,,,,,,,,,,,,,,,,,,,,,,,,,,,
Caligni Dust,F:\Obsidian\PF2e-Core-Vault\3-Rules\Character Building\Equipment\Harvest Compendium Equipment\C\Caligni Dust.md,worn_item,,unrecognized Publisher_Source for source='',Caligni Dust,,,,,,,,,,,,,,,,,,,,,,,,,,,,,
Carver's Kit,F:\Obsidian\PF2e-Core-Vault\3-Rules\Character Building\Equipment\Harvest Compendium Equipment\C\carvers-kit.md,worn_item,,unrecognized Publisher_Source for source='Harvest Compendium',Carver's Kit,Harvest Compendium,,,,,,,,,,4,,,,,,,,,,,,,,,,,,
Cassisian Helm,F:\Obsidian\PF2e-Core-Vault\3-Rules\Character Building\Equipment\Harvest Compendium Equipment\C\Cassisian Helm.md,worn_item,Cassisian Helmet,unrecognized Publisher_Source for source='',Cassisian Helm,,,,,,,,,,,,,,,,,,,,,,,,,,,,,
Cauthooj Beak,F:\Obsidian\PF2e-Core-Vault\3-Rules\Character Building\Equipment\Harvest Compendium Equipment\C\Cauthooj Beak.md,worn_item,,unrecognized Publisher_Source for source='',Cauthooj Beak,,,,,,,,,,,,,,,,,,,,,,,,,,,,,
Cauthooj Feathers,F:\Obsidian\PF2e-Core-Vault\3-Rules\Character Building\Equipment\Harvest Compendium Equipment\C\Cauthooj Feathers.md,worn_item,,unrecognized Publisher_Source for source='',Cauthooj Feathers,,,,,,,,,,,,,,,,,,,,,,,,,,,,,
Cauthooj Foot Claws,F:\Obsidian\PF2e-Core-Vault\3-Rules\Character Building\Equipment\Harvest Compendium Equipment\C\Cauthooj Foot Claws.md,worn_item,,unrecognized Publisher_Source for source='',Cauthooj Foot Claws,,,,,,,,,,,,,,,,,,,,,,,,,,,,,
Cauthooj Vocal Cords,F:\Obsidian\PF2e-Core-Vault\3-Rules\Character Building\Equipment\Harvest Compendium Equipment\C\Cauthooj Vocal Cords.md,worn_item,,unrecognized Publisher_Source for source='',Cauthooj Vocal Cords,,,,,,,,,,,,,,,,,,,,,,,,,,,,,
Cave Worm Rawhide,F:\Obsidian\PF2e-Core-Vault\3-Rules\Character Building\Equipment\Harvest Compendium Equipment\C\Cave Worm Rawhide.md,worn_item,,unrecognized Publisher_Source for source='',Cave Worm Rawhide,,,,,,,,,,,,,,,,,,,,,,,,,,,,,
Cave Worm Stinger,F:\Obsidian\PF2e-Core-Vault\3-Rules\Character Building\Equipment\Harvest Compendium Equipment\C\Cave Worm Stinger.md,worn_item,,unrecognized Publisher_Source for source='',Cave Worm Stinger,,,,,,,,,,,,,,,,,,,,,,,,,,,,,
Cave Worm Teeth,F:\Obsidian\PF2e-Core-Vault\3-Rules\Character Building\Equipment\Harvest Compendium Equipment\C\Cave Worm Teeth.md,worn_item,,unrecognized Publisher_Source for source='',Cave Worm Teeth,,,,,,,,,,,,,,,,,,,,,,,,,,,,,
Celestial Feathers,F:\Obsidian\PF2e-Core-Vault\3-Rules\Character Building\Equipment\Harvest Compendium Equipment\C\Celestial Feathers.md,worn_item,Celestial Peach (Life); Celestial Hair,unrecognized Publisher_Source for source='',Celestial Feathers,,,,,,,,,,,,,,,,,,,,,,,,,,,,,
Centaur Tail Hair,F:\Obsidian\PF2e-Core-Vault\3-Rules\Character Building\Equipment\Harvest Compendium Equipment\C\Centaur Tail Hair.md,worn_item,,unrecognized Publisher_Source for source='',Centaur Tail Hair,,,,,,,,,,,,,,,,,,,,,,,,,,,,,
Ceremonial Robes,F:\Obsidian\PF2e-Core-Vault\3-Rules\Character Building\Equipment\Harvest Compendium Equipment\C\Ceremonial Robes.md,worn_item,,unrecognized Publisher_Source for source='',Ceremonial Robes,,,,,,,,,,,,,,,,,,,,,,,,,,,,,
Ceustodaemon Blood,F:\Obsidian\PF2e-Core-Vault\3-Rules\Character Building\Equipment\Harvest Compendium Equipment\C\Ceustodaemon Blood.md,worn_item,,unrecognized Publisher_Source for source='',Ceustodaemon Blood,,,,,,,,,,,,,,,,,,,,,,,,,,,,,
Ceustodaemon Eyes,F:\Obsidian\PF2e-Core-Vault\3-Rules\Character Building\Equipment\Harvest Compendium Equipment\C\Ceustodaemon Eyes.md,worn_item,,unrecognized Publisher_Source for source='',Ceustodaemon Eyes,,,,,,,,,,,,,,,,,,,,,,,,,,,,,
Ceustodaemon Horns,F:\Obsidian\PF2e-Core-Vault\3-Rules\Character Building\Equipment\Harvest Compendium Equipment\C\Ceustodaemon Horns.md,worn_item,,unrecognized Publisher_Source for source='',Ceustodaemon Horns,,,,,,,,,,,,,,,,,,,,,,,,,,,,,
Charred Feathers,F:\Obsidian\PF2e-Core-Vault\3-Rules\Character Building\Equipment\Harvest Compendium Equipment\C\Charred Feathers.md,worn_item,,unrecognized Publisher_Source for source='',Charred Feathers,,,,,,,,,,,,,,,,,,,,,,,,,,,,,
Chimera Claws,F:\Obsidian\PF2e-Core-Vault\3-Rules\Character Building\Equipment\Harvest Compendium Equipment\C\Chimera Claws.md,worn_item,Chimera Flail,unrecognized Publisher_Source for source='',Chimera Claws,,,,,,,,,,,,,,,,,,,,,,,,,,,,,
Chimera Wings,F:\Obsidian\PF2e-Core-Vault\3-Rules\Character Building\Equipment\Harvest Compendium Equipment\C\Chimera Wings.md,worn_item,,unrecognized Publisher_Source for source='',Chimera Wings,,,,,,,,,,,,,,,,,,,,,,,,,,,,,
Chuul Claw,F:\Obsidian\PF2e-Core-Vault\3-Rules\Character Building\Equipment\Harvest Compendium Equipment\C\Chuul Claw.md,worn_item,,unrecognized Publisher_Source for source='',Chuul Claw,,,,,,,,,,,,,,,,,,,,,,,,,,,,,
Chuul Tentacles,F:\Obsidian\PF2e-Core-Vault\3-Rules\Character Building\Equipment\Harvest Compendium Equipment\C\Chuul Tentacles.md,worn_item,,unrecognized Publisher_Source for source='',Chuul Tentacles,,,,,,,,,,,,,,,,,,,,,,,,,,,,,
Cinder Smog Cannister,F:\Obsidian\PF2e-Core-Vault\3-Rules\Character Building\Equipment\Harvest Compendium Equipment\C\Cinder Smog Cannister.md,worn_item,,unrecognized Publisher_Source for source='',Cinder Smog Cannister,,,,,,,,,,,,,,,,,,,,,,,,,,,,,
Clay Golem Engine Core,F:\Obsidian\PF2e-Core-Vault\3-Rules\Character Building\Equipment\Harvest Compendium Equipment\C\Clay Golem Engine Core.md,worn_item,,unrecognized Publisher_Source for source='',Clay Golem Engine Core,,,,,,,,,,,,,,,,,,,,,,,,,,,,,
Cleansed Water,F:\Obsidian\PF2e-Core-Vault\3-Rules\Character Building\Equipment\Harvest Compendium Equipment\C\Cleansed Water.md,worn_item,,unrecognized Publisher_Source for source='',Cleansed Water,,,,,,,,,,,,,,,,,,,,,,,,,,,,,
Cleansing Potion (Lesser),F:\Obsidian\PF2e-Core-Vault\3-Rules\Character Building\Equipment\Harvest Compendium Equipment\C\Cleansing Potion (Lesser).md,worn_item,Healing Potion (Lesser); Roaring Potion (Lesser); Blasting Stone (Lesser),unrecognized Publisher_Source for source='',Cleansing Potion (Lesser),,,,,,,,,,,,,,,,,,,,,,,,,,,,,
Cleansing Potion (Moderate),F:\Obsidian\PF2e-Core-Vault\3-Rules\Character Building\Equipment\Harvest Compendium Equipment\C\Cleansing Potion (Moderate).md,worn_item,Healing Potion (Moderate); Roaring Potion (Moderate); Blasting Stone (Moderate),unrecognized Publisher_Source for source='',Cleansing Potion (Moderate),,,,,,,,,,,,,,,,,,,,,,,,,,,,,
Cloak of Flexibility,F:\Obsidian\PF2e-Core-Vault\3-Rules\Character Building\Equipment\Harvest Compendium Equipment\C\Cloak of Flexibility.md,worn_item,,unrecognized Publisher_Source for source='',Cloak of Flexibility,,,,,,,,,,,,,,,,,,,,,,,,,,,,,
Cloak of Flying,F:\Obsidian\PF2e-Core-Vault\3-Rules\Character Building\Equipment\Harvest Compendium Equipment\C\Cloak of Flying.md,worn_item,Cloak of Feline Rest,unrecognized Publisher_Source for source='',Cloak of Flying,,,,,,,,,,,,,,,,,,,,,,,,,,,,,
Cloak of Magic Protection,F:\Obsidian\PF2e-Core-Vault\3-Rules\Character Building\Equipment\Harvest Compendium Equipment\C\Cloak of Magic Protection.md,worn_item,,unrecognized Publisher_Source for source='',Cloak of Magic Protection,,,,,,,,,,,,,,,,,,,,,,,,,,,,,
Cloak of Reactive Resistance,F:\Obsidian\PF2e-Core-Vault\3-Rules\Character Building\Equipment\Harvest Compendium Equipment\C\Cloak of Reactive Resistance.md,worn_item,,unrecognized Publisher_Source for source='',Cloak of Reactive Resistance,,,,,,,,,,,,,,,,,,,,,,,,,,,,,
Cloaker Hide,F:\Obsidian\PF2e-Core-Vault\3-Rules\Character Building\Equipment\Harvest Compendium Equipment\C\Cloaker Hide.md,worn_item,,unrecognized Publisher_Source for source='',Cloaker Hide,,,,,,,,,,,,,,,,,,,,,,,,,,,,,
Cloaker Vocal Cords,F:\Obsidian\PF2e-Core-Vault\3-Rules\Character Building\Equipment\Harvest Compendium Equipment\C\Cloaker Vocal Cords.md,worn_item,,unrecognized Publisher_Source for source='',Cloaker Vocal Cords,,,,,,,,,,,,,,,,,,,,,,,,,,,,,
Cockatrice Beak Points,F:\Obsidian\PF2e-Core-Vault\3-Rules\Character Building\Equipment\Harvest Compendium Equipment\C\Cockatrice Beak Points.md,worn_item,,unrecognized Publisher_Source for source='',Cockatrice Beak Points,,,,,,,,,,,,,,,,,,,,,,,,,,,,,
Construction Schematics,F:\Obsidian\PF2e-Core-Vault\3-Rules\Character Building\Equipment\Harvest Compendium Equipment\C\Construction Schematics.md,worn_item,,unrecognized Publisher_Source for source='',Construction Schematics,,,,,,,,,,,,,,,,,,,,,,,,,,,,,
Corruption Essence,F:\Obsidian\PF2e-Core-Vault\3-Rules\Character Building\Equipment\Harvest Compendium Equipment\C\Corruption Essence.md,worn_item,Corruption Cassock,unrecognized Publisher_Source for source='',Corruption Essence,,,,,,,,,,,,,,,,,,,,,,,,,,,,,
Court Garb,F:\Obsidian\PF2e-Core-Vault\3-Rules\Character Building\Equipment\Harvest Compendium Equipment\C\Court Garb.md,worn_item,,unrecognized Publisher_Source for source='',Court Garb,,,,,,,,,,,,,,,,,,,,,,,,,,,,,
Crag Linnorm Hide,F:\Obsidian\PF2e-Core-Vault\3-Rules\Character Building\Equipment\Harvest Compendium Equipment\C\Crag Linnorm Hide.md,worn_item,,unrecognized Publisher_Source for source='',Crag Linnorm Hide,,,,,,,,,,,,,,,,,,,,,,,,,,,,,
Creation Oil,F:\Obsidian\PF2e-Core-Vault\3-Rules\Character Building\Equipment\Harvest Compendium Equipment\C\Creation Oil.md,worn_item,Ration Tonic; Obfuscation Oil,unrecognized Publisher_Source for source='',Creation Oil,,,,,,,,,,,,,,,,,,,,,,,,,,,,,
Creep Vine Armor,F:\Obsidian\PF2e-Core-Vault\3-Rules\Character Building\Equipment\Harvest Compendium Equipment\C\creep-vine-armor.md,worn_item,,,Creep Vine Armor,Homebrew,,"invested, magical, plant",3,,,,,Homebrew,,20,,,,,,,,,,,,,,,,,,
Creep Vine,F:\Obsidian\PF2e-Core-Vault\3-Rules\Character Building\Equipment\Harvest Compendium Equipment\C\creep-vine.md,worn_item,,,Creep Vine,Homebrew,,"ingredient, plant",,,,,,Homebrew,,5,,,,,,,,,,,,,,,,,,
Crystalline Dust,F:\Obsidian\PF2e-Core-Vault\3-Rules\Character Building\Equipment\Harvest Compendium Equipment\C\Crystalline Dust.md,worn_item,,unrecognized Publisher_Source for source='',Crystalline Dust,,,,,,,,,,,,,,,,,,,,,,,,,,,,,
Cultist Garb,F:\Obsidian\PF2e-Core-Vault\3-Rules\Character Building\Equipment\Harvest Compendium Equipment\C\Cultist Garb.md,worn_item,,unrecognized Publisher_Source for source='',Cultist Garb,,,,,,,,,,,,,,,,,,,,,,,,,,,,,
Curse-Breaker Claws,F:\Obsidian\PF2e-Core-Vault\3-Rules\Character Building\Equipment\Harvest Compendium Equipment\C\Curse-Breaker Claws.md,worn_item,,unrecognized Publisher_Source for source='',Curse-Breaker Claws,,,,,,,,,,,,,,,,,,,,,,,,,,,,,
Cursed Sand,F:\Obsidian\PF2e-Core-Vault\3-Rules\Character Building\Equipment\Harvest Compendium Equipment\C\Cursed Sand.md,worn_item,,unrecognized Publisher_Source for source='',Cursed Sand,,,,,,,,,,,,,,,,,,,,,,,,,,,,,
Cutlery,F:\Obsidian\PF2e-Core-Vault\3-Rules\Character Building\Equipment\Harvest Compendium Equipment\C\Cutlery.md,worn_item,,unrecognized Publisher_Source for source='',Cutlery,,,,,,,,,,,,,,,,,,,,,,,,,,,,,
Daemon Precision Ammunition,F:\Obsidian\PF2e-Core-Vault\3-Rules\Character Building\Equipment\Harvest Compendium Equipment\D\Daemon Precision Ammunition.md,worn_item,,unrecognized Publisher_Source for source='',Daemon Precision Ammunition,,,,,,,,,,,,,,,,,,,,,,,,,,,,,
Daemon Teeth,F:\Obsidian\PF2e-Core-Vault\3-Rules\Character Building\Equipment\Harvest Compendium Equipment\D\Daemon Teeth.md,worn_item,,unrecognized Publisher_Source for source='',Daemon Teeth,,,,,,,,,,,,,,,,,,,,,,,,,,,,,
Daeodon Heart,F:\Obsidian\PF2e-Core-Vault\3-Rules\Character Building\Equipment\Harvest Compendium Equipment\D\daeodon-heart.md,worn_item,,unrecognized Publisher_Source for source='Harvest Compendium',Daeodon Heart,Harvest Compendium pg. 23,,"consumable, creature-component, edible",4,,,,,,,20,,,,,,,,,,,,,,,,,,
Dark Naga Eyes,F:\Obsidian\PF2e-Core-Vault\3-Rules\Character Building\Equipment\Harvest Compendium Equipment\D\Dark Naga Eyes.md,worn_item,,unrecognized Publisher_Source for source='',Dark Naga Eyes,,,,,,,,,,,,,,,,,,,,,,,,,,,,,
Dark Naga Skull,F:\Obsidian\PF2e-Core-Vault\3-Rules\Character Building\Equipment\Harvest Compendium Equipment\D\Dark Naga Skull.md,worn_item,Staring Skull,unrecognized Publisher_Source for source='',Dark Naga Skull,,,,,,,,,,,,,,,,,,,,,,,,,,,,,
Darkness Grenade (Lesser),F:\Obsidian\PF2e-Core-Vault\3-Rules\Character Building\Equipment\Harvest Compendium Equipment\D\Darkness Grenade (Lesser).md,worn_item,Star Grenade (Lesser); Peshspine Grenade (Lesser),unrecognized Publisher_Source for source='',Darkness Grenade (Lesser),,,,,,,,,,,,,,,,,,,,,,,,,,,,,
Darkness Grenade (Moderate),F:\Obsidian\PF2e-Core-Vault\3-Rules\Character Building\Equipment\Harvest Compendium Equipment\D\Darkness Grenade (Moderate).md,worn_item,Star Grenade (Moderate); Peshspine Grenade (Moderate); Spellsap Grenade (Moderate),unrecognized Publisher_Source for source='',Darkness Grenade (Moderate),,,,,,,,,,,,,,,,,,,,,,,,,,,,,
Deadly Mantis Leg Tips,F:\Obsidian\PF2e-Core-Vault\3-Rules\Character Building\Equipment\Harvest Compendium Equipment\D\Deadly Mantis Leg Tips.md,worn_item,,unrecognized Publisher_Source for source='',Deadly Mantis Leg Tips,,,,,,,,,,,,,,,,,,,,,,,,,,,,,
Deinonychus Claw,F:\Obsidian\PF2e-Core-Vault\3-Rules\Character Building\Equipment\Harvest Compendium Equipment\D\deinonychus-claw.md,worn_item,,unrecognized Publisher_Source for source='Harvest Compendium',Deinonychus Claw,Harvest Compendium pg. 40,uncommon,"consumable, magical, talisman",2,,,,,,,5,,,,,,,,,,,,,,,,,,
Deinosuchus Teeth,F:\Obsidian\PF2e-Core-Vault\3-Rules\Character Building\Equipment\Harvest Compendium Equipment\D\Deinosuchus Teeth.md,worn_item,,unrecognized Publisher_Source for source='',Deinosuchus Teeth,,,,,,,,,,,,,,,,,,,,,,,,,,,,,
Demon Cruor,F:\Obsidian\PF2e-Core-Vault\3-Rules\Character Building\Equipment\Harvest Compendium Equipment\D\Demon Cruor.md,worn_item,Demon Armor,unrecognized Publisher_Source for source='',Demon Cruor,,,,,,,,,,,,,,,,,,,,,,,,,,,,,
Demonologist Spellbook,F:\Obsidian\PF2e-Core-Vault\3-Rules\Character Building\Equipment\Harvest Compendium Equipment\D\Demonologist Spellbook.md,worn_item,,unrecognized Publisher_Source for source='',Demonologist Spellbook,,,,,,,,,,,,,,,,,,,,,,,,,,,,,
Devil Heart,F:\Obsidian\PF2e-Core-Vault\3-Rules\Character Building\Equipment\Harvest Compendium Equipment\D\Devil Heart.md,worn_item,,unrecognized Publisher_Source for source='',Devil Heart,,,,,,,,,,,,,,,,,,,,,,,,,,,,,
Devil Hide (Greater),F:\Obsidian\PF2e-Core-Vault\3-Rules\Character Building\Equipment\Harvest Compendium Equipment\D\Devil Hide (Greater).md,worn_item,,unrecognized Publisher_Source for source='',Devil Hide (Greater),,,,,,,,,,,,,,,,,,,,,,,,,,,,,
Devil Hide,F:\Obsidian\PF2e-Core-Vault\3-Rules\Character Building\Equipment\Harvest Compendium Equipment\D\Devil Hide.md,worn_item,Devil's Trident,unrecognized Publisher_Source for source='',Devil Hide,,,,,,,,,,,,,,,,,,,,,,,,,,,,,
Devil's Swill,F:\Obsidian\PF2e-Core-Vault\3-Rules\Character Building\Equipment\Harvest Compendium Equipment\D\Devil's Swill.md,worn_item,,unrecognized Publisher_Source for source='',Devil's Swill,,,,,,,,,,,,,,,,,,,,,,,,,,,,,
Dhampir Wizard Spellbook,F:\Obsidian\PF2e-Core-Vault\3-Rules\Character Building\Equipment\Harvest Compendium Equipment\D\Dhampir Wizard Spellbook.md,worn_item,,unrecognized Publisher_Source for source='',Dhampir Wizard Spellbook,,,,,,,,,,,,,,,,,,,,,,,,,,,,,
Dinosaur Teeth,F:\Obsidian\PF2e-Core-Vault\3-Rules\Character Building\Equipment\Harvest Compendium Equipment\D\dinosaur-teeth.md,worn_item,,unrecognized Publisher_Source for source='Harvest Compendium',Dinosaur Teeth,Harvest Compendium pg. 40,,creature-component,2,,,,,,,1,,,,,,,,,,,,,,,,,,
Displacement Cloak,F:\Obsidian\PF2e-Core-Vault\3-Rules\Character Building\Equipment\Harvest Compendium Equipment\D\Displacement Cloak.md,worn_item,,unrecognized Publisher_Source for source='',Displacement Cloak,,,,,,,,,,,,,,,,,,,,,,,,,,,,,
Distilled Daemon Pestilence,F:\Obsidian\PF2e-Core-Vault\3-Rules\Character Building\Equipment\Harvest Compendium Equipment\D\Distilled Daemon Pestilence.md,worn_item,,unrecognized Publisher_Source for source='',Distilled Daemon Pestilence,,,,,,,,,,,,,,,,,,,,,,,,,,,,,
Distilled Kraken Ink,F:\Obsidian\PF2e-Core-Vault\3-Rules\Character Building\Equipment\Harvest Compendium Equipment\D\Distilled Kraken Ink.md,worn_item,,unrecognized Publisher_Source for source='',Distilled Kraken Ink,,,,,,,,,,,,,,,,,,,,,,,,,,,,,
Distilled Otyugh Stench,F:\Obsidian\PF2e-Core-Vault\3-Rules\Character Building\Equipment\Harvest Compendium Equipment\D\Distilled Otyugh Stench.md,worn_item,,unrecognized Publisher_Source for source='',Distilled Otyugh Stench,,,,,,,,,,,,,,,,,,,,,,,,,,,,,
Draconic Ammunition (Black or Copper),F:\Obsidian\PF2e-Core-Vault\3-Rules\Character Building\Equipment\Harvest Compendium Equipment\D\Draconic Ammunition (Black or Copper).md,worn_item,,unrecognized Publisher_Source for source='',Draconic Ammunition (Black or Copper),,,,,,,,,,,,,,,,,,,,,,,,,,,,,
Draconic Ammunition (Blue or Bronze),F:\Obsidian\PF2e-Core-Vault\3-Rules\Character Building\Equipment\Harvest Compendium Equipment\D\Draconic Ammunition (Blue or Bronze).md,worn_item,,unrecognized Publisher_Source for source='',Draconic Ammunition (Blue or Bronze),,,,,,,,,,,,,,,,,,,,,,,,,,,,,
"Draconic Ammunition (Brass, Gold, or Red)","F:\Obsidian\PF2e-Core-Vault\3-Rules\Character Building\Equipment\Harvest Compendium Equipment\D\Draconic Ammunition (Brass, Gold, or Red).md",worn_item,,unrecognized Publisher_Source for source='',"Draconic Ammunition (Brass, Gold, or Red)",,,,,,,,,,,,,,,,,,,,,,,,,,,,,
Draconic Ammunition (Green),F:\Obsidian\PF2e-Core-Vault\3-Rules\Character Building\Equipment\Harvest Compendium Equipment\D\Draconic Ammunition (Green).md,worn_item,,unrecognized Publisher_Source for source='',Draconic Ammunition (Green),,,,,,,,,,,,,,,,,,,,,,,,,,,,,
Draconic Ammunition (Silver or White),F:\Obsidian\PF2e-Core-Vault\3-Rules\Character Building\Equipment\Harvest Compendium Equipment\D\Draconic Ammunition (Silver or White).md,worn_item,,unrecognized Publisher_Source for source='',Draconic Ammunition (Silver or White),,,,,,,,,,,,,,,,,,,,,,,,,,,,,
Dragon Blood (Adult),F:\Obsidian\PF2e-Core-Vault\3-Rules\Character Building\Equipment\Harvest Compendium Equipment\D\Dragon Blood (Adult).md,worn_item,,unrecognized Publisher_Source for source='',Dragon Blood (Adult),,,,,,,,,,,,,,,,,,,,,,,,,,,,,
Dragon Blood (Wyrm),F:\Obsidian\PF2e-Core-Vault\3-Rules\Character Building\Equipment\Harvest Compendium Equipment\D\Dragon Blood (Wyrm).md,worn_item,,unrecognized Publisher_Source for source='',Dragon Blood (Wyrm),,,,,,,,,,,,,,,,,,,,,,,,,,,,,
Dragon Blood (Young),F:\Obsidian\PF2e-Core-Vault\3-Rules\Character Building\Equipment\Harvest Compendium Equipment\D\Dragon Blood (Young).md,worn_item,,unrecognized Publisher_Source for source='',Dragon Blood (Young),,,,,,,,,,,,,,,,,,,,,,,,,,,,,
Dragon Fangs (Black or Copper),F:\Obsidian\PF2e-Core-Vault\3-Rules\Character Building\Equipment\Harvest Compendium Equipment\D\Dragon Fangs (Black or Copper).md,worn_item,,unrecognized Publisher_Source for source='',Dragon Fangs (Black or Copper),,,,,,,,,,,,,,,,,,,,,,,,,,,,,
Dragon Fangs (Blue or Bronze),F:\Obsidian\PF2e-Core-Vault\3-Rules\Character Building\Equipment\Harvest Compendium Equipment\D\Dragon Fangs (Blue or Bronze).md,worn_item,,unrecognized Publisher_Source for source='',Dragon Fangs (Blue or Bronze),,,,,,,,,,,,,,,,,,,,,,,,,,,,,
"Dragon Fangs (Brass, Gold, or Red)","F:\Obsidian\PF2e-Core-Vault\3-Rules\Character Building\Equipment\Harvest Compendium Equipment\D\Dragon Fangs (Brass, Gold, or Red).md",worn_item,,unrecognized Publisher_Source for source='',"Dragon Fangs (Brass, Gold, or Red)",,,,,,,,,,,,,,,,,,,,,,,,,,,,,
Dragon Fangs (Green),F:\Obsidian\PF2e-Core-Vault\3-Rules\Character Building\Equipment\Harvest Compendium Equipment\D\Dragon Fangs (Green).md,worn_item,,unrecognized Publisher_Source for source='',Dragon Fangs (Green),,,,,,,,,,,,,,,,,,,,,,,,,,,,,
Dragon Fangs (Silver or White),F:\Obsidian\PF2e-Core-Vault\3-Rules\Character Building\Equipment\Harvest Compendium Equipment\D\Dragon Fangs (Silver or White).md,worn_item,,unrecognized Publisher_Source for source='',Dragon Fangs (Silver or White),,,,,,,,,,,,,,,,,,,,,,,,,,,,,
Dragon Head Teeth,F:\Obsidian\PF2e-Core-Vault\3-Rules\Character Building\Equipment\Harvest Compendium Equipment\D\Dragon Head Teeth.md,worn_item,,unrecognized Publisher_Source for source='',Dragon Head Teeth,,,,,,,,,,,,,,,,,,,,,,,,,,,,,
Dragon Sole Patches (Green),F:\Obsidian\PF2e-Core-Vault\3-Rules\Character Building\Equipment\Harvest Compendium Equipment\D\Dragon Sole Patches (Green).md,worn_item,,unrecognized Publisher_Source for source='',Dragon Sole Patches (Green),,,,,,,,,,,,,,,,,,,,,,,,,,,,,
Dragon Teeth (Black or Copper),F:\Obsidian\PF2e-Core-Vault\3-Rules\Character Building\Equipment\Harvest Compendium Equipment\D\Dragon Teeth (Black or Copper).md,worn_item,,unrecognized Publisher_Source for source='',Dragon Teeth (Black or Copper),,,,,,,,,,,,,,,,,,,,,,,,,,,,,
Dragon Teeth (Blue or Bronze),F:\Obsidian\PF2e-Core-Vault\3-Rules\Character Building\Equipment\Harvest Compendium Equipment\D\Dragon Teeth (Blue or Bronze).md,worn_item,,unrecognized Publisher_Source for source='',Dragon Teeth (Blue or Bronze),,,,,,,,,,,,,,,,,,,,,,,,,,,,,
"Dragon Teeth (Brass, Gold, or Red)","F:\Obsidian\PF2e-Core-Vault\3-Rules\Character Building\Equipment\Harvest Compendium Equipment\D\Dragon Teeth (Brass, Gold, or Red).md",worn_item,,unrecognized Publisher_Source for source='',"Dragon Teeth (Brass, Gold, or Red)",,,,,,,,,,,,,,,,,,,,,,,,,,,,,
Dragon Teeth (Green),F:\Obsidian\PF2e-Core-Vault\3-Rules\Character Building\Equipment\Harvest Compendium Equipment\D\Dragon Teeth (Green).md,worn_item,Dragonhide (Green),unrecognized Publisher_Source for source='',Dragon Teeth (Green),,,,,,,,,,,,,,,,,,,,,,,,,,,,,
Dragon Teeth (Silver or White),F:\Obsidian\PF2e-Core-Vault\3-Rules\Character Building\Equipment\Harvest Compendium Equipment\D\Dragon Teeth (Silver or White).md,worn_item,,unrecognized Publisher_Source for source='',Dragon Teeth (Silver or White),,,,,,,,,,,,,,,,,,,,,,,,,,,,,
Dragon Turtle Shellplates,F:\Obsidian\PF2e-Core-Vault\3-Rules\Character Building\Equipment\Harvest Compendium Equipment\D\Dragon Turtle Shellplates.md,worn_item,Dragon Turtle Scale,unrecognized Publisher_Source for source='',Dragon Turtle Shellplates,,,,,,,,,,,,,,,,,,,,,,,,,,,,,
Dragon Turtle Teeth,F:\Obsidian\PF2e-Core-Vault\3-Rules\Character Building\Equipment\Harvest Compendium Equipment\D\Dragon Turtle Teeth.md,worn_item,Dragon Turtle Scale; Dragon Turtle Artillery,unrecognized Publisher_Source for source='',Dragon Turtle Teeth,,,,,,,,,,,,,,,,,,,,,,,,,,,,,
Dragon Wing,F:\Obsidian\PF2e-Core-Vault\3-Rules\Character Building\Equipment\Harvest Compendium Equipment\D\Dragon Wing.md,worn_item,,unrecognized Publisher_Source for source='',Dragon Wing,,,,,,,,,,,,,,,,,,,,,,,,,,,,,
Dragonhide,F:\Obsidian\PF2e-Core-Vault\3-Rules\Character Building\Equipment\Harvest Compendium Equipment\D\Dragonhide.md,worn_item,Dragonhide (Red); Dragonhide (Gold); Dragonhide (Blue),unrecognized Publisher_Source for source='',Dragonhide,,,,,,,,,,,,,,,,,,,,,,,,,,,,,
Drakauthix Tendrils,F:\Obsidian\PF2e-Core-Vault\3-Rules\Character Building\Equipment\Harvest Compendium Equipment\D\Drakauthix Tendrils.md,worn_item,,unrecognized Publisher_Source for source='',Drakauthix Tendrils,,,,,,,,,,,,,,,,,,,,,,,,,,,,,
Drake Teeth (Acid),F:\Obsidian\PF2e-Core-Vault\3-Rules\Character Building\Equipment\Harvest Compendium Equipment\D\Drake Teeth (Acid).md,worn_item,,unrecognized Publisher_Source for source='',Drake Teeth (Acid),,,,,,,,,,,,,,,,,,,,,,,,,,,,,
Drake Teeth (Cold),F:\Obsidian\PF2e-Core-Vault\3-Rules\Character Building\Equipment\Harvest Compendium Equipment\D\Drake Teeth (Cold).md,worn_item,,unrecognized Publisher_Source for source='',Drake Teeth (Cold),,,,,,,,,,,,,,,,,,,,,,,,,,,,,
Drake Teeth (Electricity),F:\Obsidian\PF2e-Core-Vault\3-Rules\Character Building\Equipment\Harvest Compendium Equipment\D\Drake Teeth (Electricity).md,worn_item,,unrecognized Publisher_Source for source='',Drake Teeth (Electricity),,,,,,,,,,,,,,,,,,,,,,,,,,,,,
Drake Teeth (Fire),F:\Obsidian\PF2e-Core-Vault\3-Rules\Character Building\Equipment\Harvest Compendium Equipment\D\Drake Teeth (Fire).md,worn_item,,unrecognized Publisher_Source for source='',Drake Teeth (Fire),,,,,,,,,,,,,,,,,,,,,,,,,,,,,
Drake Teeth (Poison),F:\Obsidian\PF2e-Core-Vault\3-Rules\Character Building\Equipment\Harvest Compendium Equipment\D\Drake Teeth (Poison).md,worn_item,,unrecognized Publisher_Source for source='',Drake Teeth (Poison),,,,,,,,,,,,,,,,,,,,,,,,,,,,,
Drake Hide,F:\Obsidian\PF2e-Core-Vault\3-Rules\Character Building\Equipment\Harvest Compendium Equipment\D\drake-hide.md,worn_item,,unrecognized Publisher_Source for source='Harvest Compendium',Drake Hide,Harvest Compendium pg. 64,,trophy,5,,,,,,,10,,,,,,,,,,,,,,,,,,
Drunkard's Outfit,F:\Obsidian\PF2e-Core-Vault\3-Rules\Character Building\Equipment\Harvest Compendium Equipment\D\Drunkard's Outfit.md,worn_item,,unrecognized Publisher_Source for source='',Drunkard's Outfit,,,,,,,,,,,,,,,,,,,,,,,,,,,,,
Dryad Leaves,F:\Obsidian\PF2e-Core-Vault\3-Rules\Character Building\Equipment\Harvest Compendium Equipment\D\Dryad Leaves.md,worn_item,,unrecognized Publisher_Source for source='',Dryad Leaves,,,,,,,,,,,,,,,,,,,,,,,,,,,,,
Dust of Lifeguarding (Greater),F:\Obsidian\PF2e-Core-Vault\3-Rules\Character Building\Equipment\Harvest Compendium Equipment\D\Dust of Lifeguarding (Greater).md,worn_item,,unrecognized Publisher_Source for source='',Dust of Lifeguarding (Greater),,,,,,,,,,,,,,,,,,,,,,,,,,,,,
Dust of Lifeguarding,F:\Obsidian\PF2e-Core-Vault\3-Rules\Character Building\Equipment\Harvest Compendium Equipment\D\Dust of Lifeguarding.md,worn_item,,unrecognized Publisher_Source for source='',Dust of Lifeguarding,,,,,,,,,,,,,,,,,,,,,,,,,,,,,
Eagle Feathers,F:\Obsidian\PF2e-Core-Vault\3-Rules\Character Building\Equipment\Harvest Compendium Equipment\E\Eagle Feathers.md,worn_item,Balisse Feather; Hodag Leather,unrecognized Publisher_Source for source='',Eagle Feathers,,,,,,,,,,,,,,,,,,,,,,,,,,,,,
Ectoplasm,F:\Obsidian\PF2e-Core-Vault\3-Rules\Character Building\Equipment\Harvest Compendium Equipment\E\Ectoplasm.md,worn_item,,unrecognized Publisher_Source for source='',Ectoplasm,,,,,,,,,,,,,,,,,,,,,,,,,,,,,
Eel Teeth,F:\Obsidian\PF2e-Core-Vault\3-Rules\Character Building\Equipment\Harvest Compendium Equipment\E\Eel Teeth.md,worn_item,,unrecognized Publisher_Source for source='',Eel Teeth,,,,,,,,,,,,,,,,,,,,,,,,,,,,,
Electric Eel Rawhide,F:\Obsidian\PF2e-Core-Vault\3-Rules\Character Building\Equipment\Harvest Compendium Equipment\E\Electric Eel Rawhide.md,worn_item,Electric Eelskin,unrecognized Publisher_Source for source='',Electric Eel Rawhide,,,,,,,,,,,,,,,,,,,,,,,,,,,,,
Elemental Core,F:\Obsidian\PF2e-Core-Vault\3-Rules\Character Building\Equipment\Harvest Compendium Equipment\E\Elemental Core.md,worn_item,Elemental Servitor,unrecognized Publisher_Source for source='',Elemental Core,,,,,,,,,,,,,,,,,,,,,,,,,,,,,
Elephant Tusks,F:\Obsidian\PF2e-Core-Vault\3-Rules\Character Building\Equipment\Harvest Compendium Equipment\E\Elephant Tusks.md,worn_item,,unrecognized Publisher_Source for source='',Elephant Tusks,,,,,,,,,,,,,,,,,,,,,,,,,,,,,
Empty Scroll Case,F:\Obsidian\PF2e-Core-Vault\3-Rules\Character Building\Equipment\Harvest Compendium Equipment\E\Empty Scroll Case.md,worn_item,,unrecognized Publisher_Source for source='',Empty Scroll Case,,,,,,,,,,,,,,,,,,,,,,,,,,,,,
Energy Rune Framework,F:\Obsidian\PF2e-Core-Vault\3-Rules\Character Building\Equipment\Harvest Compendium Equipment\E\Energy Rune Framework.md,worn_item,,unrecognized Publisher_Source for source='',Energy Rune Framework,,,,,,,,,,,,,,,,,,,,,,,,,,,,,
Entangling Vine,F:\Obsidian\PF2e-Core-Vault\3-Rules\Character Building\Equipment\Harvest Compendium Equipment\E\entangling-vines.md,worn_item,,,Entangling Vine,Homebrew,,"consumable, plant",3,,,,,Homebrew,,,,,,,,,,,,,,,,,,,,
Evil Ammunition,F:\Obsidian\PF2e-Core-Vault\3-Rules\Character Building\Equipment\Harvest Compendium Equipment\E\Evil Ammunition.md,worn_item,Freezing Ammunition; Freeze Ammunition; Silencing Ammunition,unrecognized Publisher_Source for source='',Evil Ammunition,,,,,,,,,,,,,,,,,,,,,,,,,,,,,
Executioner's Hood,F:\Obsidian\PF2e-Core-Vault\3-Rules\Character Building\Equipment\Harvest Compendium Equipment\E\Executioner's Hood.md,worn_item,,unrecognized Publisher_Source for source='',Executioner's Hood,,,,,,,,,,,,,,,,,,,,,,,,,,,,,
Expired Documents with Intact Seals,F:\Obsidian\PF2e-Core-Vault\3-Rules\Character Building\Equipment\Harvest Compendium Equipment\E\Expired Documents with Intact Seals.md,worn_item,,unrecognized Publisher_Source for source='',Expired Documents with Intact Seals,,,,,,,,,,,,,,,,,,,,,,,,,,,,,
Faceless Stalker Skin,F:\Obsidian\PF2e-Core-Vault\3-Rules\Character Building\Equipment\Harvest Compendium Equipment\F\Faceless Stalker Skin.md,worn_item,,unrecognized Publisher_Source for source='',Faceless Stalker Skin,,,,,,,,,,,,,,,,,,,,,,,,,,,,,
Faceless Stalker Tongue,F:\Obsidian\PF2e-Core-Vault\3-Rules\Character Building\Equipment\Harvest Compendium Equipment\F\Faceless Stalker Tongue.md,worn_item,,unrecognized Publisher_Source for source='',Faceless Stalker Tongue,,,,,,,,,,,,,,,,,,,,,,,,,,,,,
Faded Aeon Stone,F:\Obsidian\PF2e-Core-Vault\3-Rules\Character Building\Equipment\Harvest Compendium Equipment\F\Faded Aeon Stone.md,worn_item,,unrecognized Publisher_Source for source='',Faded Aeon Stone,,,,,,,,,,,,,,,,,,,,,,,,,,,,,
Faerie Dragonhide,F:\Obsidian\PF2e-Core-Vault\3-Rules\Character Building\Equipment\Harvest Compendium Equipment\F\Faerie Dragonhide.md,worn_item,,unrecognized Publisher_Source for source='',Faerie Dragonhide,,,,,,,,,,,,,,,,,,,,,,,,,,,,,
Fake Relics,F:\Obsidian\PF2e-Core-Vault\3-Rules\Character Building\Equipment\Harvest Compendium Equipment\F\Fake Relics.md,worn_item,,unrecognized Publisher_Source for source='',Fake Relics,,,,,,,,,,,,,,,,,,,,,,,,,,,,,
Fear Enhancement Gas,F:\Obsidian\PF2e-Core-Vault\3-Rules\Character Building\Equipment\Harvest Compendium Equipment\F\Fear Enhancement Gas.md,worn_item,,unrecognized Publisher_Source for source='',Fear Enhancement Gas,,,,,,,,,,,,,,,,,,,,,,,,,,,,,
Fear Pheromones,F:\Obsidian\PF2e-Core-Vault\3-Rules\Character Building\Equipment\Harvest Compendium Equipment\F\Fear Pheromones.md,worn_item,,unrecognized Publisher_Source for source='',Fear Pheromones,,,,,,,,,,,,,,,,,,,,,,,,,,,,,
Fey Flux,F:\Obsidian\PF2e-Core-Vault\3-Rules\Character Building\Equipment\Harvest Compendium Equipment\F\Fey Flux.md,worn_item,,unrecognized Publisher_Source for source='',Fey Flux,,,,,,,,,,,,,,,,,,,,,,,,,,,,,
Flaming Rune Framework,F:\Obsidian\PF2e-Core-Vault\3-Rules\Character Building\Equipment\Harvest Compendium Equipment\F\Flaming Rune Framework.md,worn_item,,unrecognized Publisher_Source for source='',Flaming Rune Framework,,,,,,,,,,,,,,,,,,,,,,,,,,,,,
Flytrap Teeth,F:\Obsidian\PF2e-Core-Vault\3-Rules\Character Building\Equipment\Harvest Compendium Equipment\F\Flytrap Teeth.md,worn_item,,unrecognized Publisher_Source for source='',Flytrap Teeth,,,,,,,,,,,,,,,,,,,,,,,,,,,,,
Fresh Basilisk Blood,F:\Obsidian\PF2e-Core-Vault\3-Rules\Character Building\Equipment\Harvest Compendium Equipment\F\fresh-basilisk-blood.md,worn_item,,unrecognized Publisher_Source for source='Harvest Compendium',Fresh Basilisk Blood,Harvest Compendium,,creature-component,1,,,,,,,1,,,,,,,,,,,,,,,,,,
Frost Rune Framework,F:\Obsidian\PF2e-Core-Vault\3-Rules\Character Building\Equipment\Harvest Compendium Equipment\F\Frost Rune Framework.md,worn_item,,unrecognized Publisher_Source for source='',Frost Rune Framework,,,,,,,,,,,,,,,,,,,,,,,,,,,,,
Frost Essence,F:\Obsidian\PF2e-Core-Vault\3-Rules\Character Building\Equipment\Harvest Compendium Equipment\F\frost-essence.md,worn_item,,unrecognized Publisher_Source for source='Harvest Compendium',Frost Essence,Harvest Compendium pg. 122,,ingredient,,,,,,,,1,,,,,,,,,,,,,,,,,,
Gargoyle Teeth,F:\Obsidian\PF2e-Core-Vault\3-Rules\Character Building\Equipment\Harvest Compendium Equipment\G\Gargoyle Teeth.md,worn_item,,unrecognized Publisher_Source for source='',Gargoyle Teeth,,,,,,,,,,,,,,,,,,,,,,,,,,,,,
Ghaele Eye,F:\Obsidian\PF2e-Core-Vault\3-Rules\Character Building\Equipment\Harvest Compendium Equipment\G\Ghaele Eye.md,worn_item,,unrecognized Publisher_Source for source='',Ghaele Eye,,,,,,,,,,,,,,,,,,,,,,,,,,,,,
Ghast Teeth,F:\Obsidian\PF2e-Core-Vault\3-Rules\Character Building\Equipment\Harvest Compendium Equipment\G\Ghast Teeth.md,worn_item,,unrecognized Publisher_Source for source='',Ghast Teeth,,,,,,,,,,,,,,,,,,,,,,,,,,,,,
Ghost Bane Oil,F:\Obsidian\PF2e-Core-Vault\3-Rules\Character Building\Equipment\Harvest Compendium Equipment\G\Ghost Bane Oil.md,worn_item,Ghost Oil; Ghostbane Fulu; Bane Oil,unrecognized Publisher_Source for source='',Ghost Bane Oil,,,,,,,,,,,,,,,,,,,,,,,,,,,,,
Ghoul Claws,F:\Obsidian\PF2e-Core-Vault\3-Rules\Character Building\Equipment\Harvest Compendium Equipment\G\Ghoul Claws.md,worn_item,,unrecognized Publisher_Source for source='',Ghoul Claws,,,,,,,,,,,,,,,,,,,,,,,,,,,,,
Ghoul Teeth,F:\Obsidian\PF2e-Core-Vault\3-Rules\Character Building\Equipment\Harvest Compendium Equipment\G\Ghoul Teeth.md,worn_item,,unrecognized Publisher_Source for source='',Ghoul Teeth,,,,,,,,,,,,,,,,,,,,,,,,,,,,,
Giant Clan Amulet,F:\Obsidian\PF2e-Core-Vault\3-Rules\Character Building\Equipment\Harvest Compendium Equipment\G\Giant Clan Amulet.md,worn_item,,unrecognized Publisher_Source for source='',Giant Clan Amulet,,,,,,,,,,,,,,,,,,,,,,,,,,,,,
Giant Flytrap Leaves,F:\Obsidian\PF2e-Core-Vault\3-Rules\Character Building\Equipment\Harvest Compendium Equipment\G\Giant Flytrap Leaves.md,worn_item,,unrecognized Publisher_Source for source='',Giant Flytrap Leaves,,,,,,,,,,,,,,,,,,,,,,,,,,,,,
Giant Wasp Stinger,F:\Obsidian\PF2e-Core-Vault\3-Rules\Character Building\Equipment\Harvest Compendium Equipment\G\Giant Wasp Stinger.md,worn_item,,unrecognized Publisher_Source for source='',Giant Wasp Stinger,,,,,,,,,,,,,,,,,,,,,,,,,,,,,
Giant's Name Rune,F:\Obsidian\PF2e-Core-Vault\3-Rules\Character Building\Equipment\Harvest Compendium Equipment\G\Giant's Name Rune.md,worn_item,,unrecognized Publisher_Source for source='',Giant's Name Rune,,,,,,,,,,,,,,,,,,,,,,,,,,,,,
Glabrezu Pinchers,F:\Obsidian\PF2e-Core-Vault\3-Rules\Character Building\Equipment\Harvest Compendium Equipment\G\Glabrezu Pinchers.md,worn_item,,unrecognized Publisher_Source for source='',Glabrezu Pinchers,,,,,,,,,,,,,,,,,,,,,,,,,,,,,
Gogiteth Front Leg,F:\Obsidian\PF2e-Core-Vault\3-Rules\Character Building\Equipment\Harvest Compendium Equipment\G\Gogiteth Front Leg.md,worn_item,,unrecognized Publisher_Source for source='',Gogiteth Front Leg,,,,,,,,,,,,,,,,,,,,,,,,,,,,,
Golden Roc Feathers,F:\Obsidian\PF2e-Core-Vault\3-Rules\Character Building\Equipment\Harvest Compendium Equipment\G\Golden Roc Feathers.md,worn_item,,unrecognized Publisher_Source for source='',Golden Roc Feathers,,,,,,,,,,,,,,,,,,,,,,,,,,,,,
Golem Engine Core,F:\Obsidian\PF2e-Core-Vault\3-Rules\Character Building\Equipment\Harvest Compendium Equipment\G\Golem Engine Core.md,worn_item,,unrecognized Publisher_Source for source='',Golem Engine Core,,,,,,,,,,,,,,,,,,,,,,,,,,,,,
Gorilla Fangs,F:\Obsidian\PF2e-Core-Vault\3-Rules\Character Building\Equipment\Harvest Compendium Equipment\G\Gorilla Fangs.md,worn_item,,unrecognized Publisher_Source for source='',Gorilla Fangs,,,,,,,,,,,,,,,,,,,,,,,,,,,,,
Gravedigger's Outfit,F:\Obsidian\PF2e-Core-Vault\3-Rules\Character Building\Equipment\Harvest Compendium Equipment\G\Gravedigger's Outfit.md,worn_item,,unrecognized Publisher_Source for source='',Gravedigger's Outfit,,,,,,,,,,,,,,,,,,,,,,,,,,,,,
Greater Barguest Eyes,F:\Obsidian\PF2e-Core-Vault\3-Rules\Character Building\Equipment\Harvest Compendium Equipment\G\Greater Barguest Eyes.md,worn_item,,unrecognized Publisher_Source for source='',Greater Barguest Eyes,,,,,,,,,,,,,,,,,,,,,,,,,,,,,
Griffon Feathers,F:\Obsidian\PF2e-Core-Vault\3-Rules\Character Building\Equipment\Harvest Compendium Equipment\G\Griffon Feathers.md,worn_item,Hippogriff Feather,unrecognized Publisher_Source for source='',Griffon Feathers,,,,,,,,,,,,,,,,,,,,,,,,,,,,,
Guardian Naga Scales,F:\Obsidian\PF2e-Core-Vault\3-Rules\Character Building\Equipment\Harvest Compendium Equipment\G\Guardian Naga Scales.md,worn_item,Guardian's Aegis,unrecognized Publisher_Source for source='',Guardian Naga Scales,,,,,,,,,,,,,,,,,,,,,,,,,,,,,
Gug Rawhide,F:\Obsidian\PF2e-Core-Vault\3-Rules\Character Building\Equipment\Harvest Compendium Equipment\G\Gug Rawhide.md,worn_item,,unrecognized Publisher_Source for source='',Gug Rawhide,,,,,,,,,,,,,,,,,,,,,,,,,,,,,
Gug Skin,F:\Obsidian\PF2e-Core-Vault\3-Rules\Character Building\Equipment\Harvest Compendium Equipment\G\Gug Skin.md,worn_item,,unrecognized Publisher_Source for source='',Gug Skin,,,,,,,,,,,,,,,,,,,,,,,,,,,,,
Gug Teeth,F:\Obsidian\PF2e-Core-Vault\3-Rules\Character Building\Equipment\Harvest Compendium Equipment\G\Gug Teeth.md,worn_item,,unrecognized Publisher_Source for source='',Gug Teeth,,,,,,,,,,,,,,,,,,,,,,,,,,,,,
Guildmaster's Uniform,F:\Obsidian\PF2e-Core-Vault\3-Rules\Character Building\Equipment\Harvest Compendium Equipment\G\Guildmaster's Uniform.md,worn_item,,unrecognized Publisher_Source for source='',Guildmaster's Uniform,,,,,,,,,,,,,,,,,,,,,,,,,,,,,
Guthallath Eyes,F:\Obsidian\PF2e-Core-Vault\3-Rules\Character Building\Equipment\Harvest Compendium Equipment\G\Guthallath Eyes.md,worn_item,,unrecognized Publisher_Source for source='',Guthallath Eyes,,,,,,,,,,,,,,,,,,,,,,,,,,,,,
Hag Coven Amulet,F:\Obsidian\PF2e-Core-Vault\3-Rules\Character Building\Equipment\Harvest Compendium Equipment\H\Hag Coven Amulet.md,worn_item,,unrecognized Publisher_Source for source='',Hag Coven Amulet,,,,,,,,,,,,,,,,,,,,,,,,,,,,,
Harbormaster Ledger,F:\Obsidian\PF2e-Core-Vault\3-Rules\Character Building\Equipment\Harvest Compendium Equipment\H\Harbormaster Ledger.md,worn_item,,unrecognized Publisher_Source for source='',Harbormaster Ledger,,,,,,,,,,,,,,,,,,,,,,,,,,,,,
Harpy Feathers,F:\Obsidian\PF2e-Core-Vault\3-Rules\Character Building\Equipment\Harvest Compendium Equipment\H\Harpy Feathers.md,worn_item,,unrecognized Publisher_Source for source='',Harpy Feathers,,,,,,,,,,,,,,,,,,,,,,,,,,,,,
Heart of Treerazer,F:\Obsidian\PF2e-Core-Vault\3-Rules\Character Building\Equipment\Harvest Compendium Equipment\H\Heart of Treerazer.md,worn_item,,unrecognized Publisher_Source for source='',Heart of Treerazer,,,,,,,,,,,,,,,,,,,,,,,,,,,,,
Heartstaff of the Simurgh,F:\Obsidian\PF2e-Core-Vault\3-Rules\Character Building\Equipment\Harvest Compendium Equipment\H\Heartstaff of the Simurgh.md,worn_item,,unrecognized Publisher_Source for source='',Heartstaff of the Simurgh,,,,,,,,,,,,,,,,,,,,,,,,,,,,,
Hell Hound Blood,F:\Obsidian\PF2e-Core-Vault\3-Rules\Character Building\Equipment\Harvest Compendium Equipment\H\Hell Hound Blood.md,worn_item,,unrecognized Publisher_Source for source='',Hell Hound Blood,,,,,,,,,,,,,,,,,,,,,,,,,,,,,
Hell Hound Fang,F:\Obsidian\PF2e-Core-Vault\3-Rules\Character Building\Equipment\Harvest Compendium Equipment\H\Hell Hound Fang.md,worn_item,,unrecognized Publisher_Source for source='',Hell Hound Fang,,,,,,,,,,,,,,,,,,,,,,,,,,,,,
Helm of Charity,F:\Obsidian\PF2e-Core-Vault\3-Rules\Character Building\Equipment\Harvest Compendium Equipment\H\Helm of Charity.md,worn_item,,unrecognized Publisher_Source for source='',Helm of Charity,,,,,,,,,,,,,,,,,,,,,,,,,,,,,
Helm of Command,F:\Obsidian\PF2e-Core-Vault\3-Rules\Character Building\Equipment\Harvest Compendium Equipment\H\Helm of Command.md,worn_item,,unrecognized Publisher_Source for source='',Helm of Command,,,,,,,,,,,,,,,,,,,,,,,,,,,,,
Helm of Death Protection,F:\Obsidian\PF2e-Core-Vault\3-Rules\Character Building\Equipment\Harvest Compendium Equipment\H\Helm of Death Protection.md,worn_item,,unrecognized Publisher_Source for source='',Helm of Death Protection,,,,,,,,,,,,,,,,,,,,,,,,,,,,,
Helm of Protection,F:\Obsidian\PF2e-Core-Vault\3-Rules\Character Building\Equipment\Harvest Compendium Equipment\H\Helm of Protection.md,worn_item,Staff of Protection,unrecognized Publisher_Source for source='',Helm of Protection,,,,,,,,,,,,,,,,,,,,,,,,,,,,,
Helm of Thought Guarding,F:\Obsidian\PF2e-Core-Vault\3-Rules\Character Building\Equipment\Harvest Compendium Equipment\H\Helm of Thought Guarding.md,worn_item,,unrecognized Publisher_Source for source='',Helm of Thought Guarding,,,,,,,,,,,,,,,,,,,,,,,,,,,,,
High-Grade Alghollthu Rawhide Armor,F:\Obsidian\PF2e-Core-Vault\3-Rules\Character Building\Equipment\Harvest Compendium Equipment\H\High-Grade Alghollthu Rawhide Armor.md,material,,unrecognized Publisher_Source for source='',High-Grade Alghollthu Rawhide Armor,,,,,,,,,,,,,,,,,,,,,,,,,,,,,
High-Grade Baomal Shellplate Armor,F:\Obsidian\PF2e-Core-Vault\3-Rules\Character Building\Equipment\Harvest Compendium Equipment\H\High-Grade Baomal Shellplate Armor.md,material,,unrecognized Publisher_Source for source='',High-Grade Baomal Shellplate Armor,,,,,,,,,,,,,,,,,,,,,,,,,,,,,
High-Grade Barghest Rawhide Armor,F:\Obsidian\PF2e-Core-Vault\3-Rules\Character Building\Equipment\Harvest Compendium Equipment\H\High-Grade Barghest Rawhide Armor.md,material,,unrecognized Publisher_Source for source='',High-Grade Barghest Rawhide Armor,,,,,,,,,,,,,,,,,,,,,,,,,,,,,
High-Grade Cave Worm Rawhide Armor,F:\Obsidian\PF2e-Core-Vault\3-Rules\Character Building\Equipment\Harvest Compendium Equipment\H\High-Grade Cave Worm Rawhide Armor.md,material,,unrecognized Publisher_Source for source='',High-Grade Cave Worm Rawhide Armor,,,,,,,,,,,,,,,,,,,,,,,,,,,,,
High-Grade Dragon Turtle Shellplate Armor,F:\Obsidian\PF2e-Core-Vault\3-Rules\Character Building\Equipment\Harvest Compendium Equipment\H\High-Grade Dragon Turtle Shellplate Armor.md,material,,unrecognized Publisher_Source for source='',High-Grade Dragon Turtle Shellplate Armor,,,,,,,,,,,,,,,,,,,,,,,,,,,,,
High-Grade Faerie Dragonhide Armor,F:\Obsidian\PF2e-Core-Vault\3-Rules\Character Building\Equipment\Harvest Compendium Equipment\H\High-Grade Faerie Dragonhide Armor.md,material,,unrecognized Publisher_Source for source='',High-Grade Faerie Dragonhide Armor,,,,,,,,,,,,,,,,,,,,,,,,,,,,,
High-Grade Kraken Rawhide Armor,F:\Obsidian\PF2e-Core-Vault\3-Rules\Character Building\Equipment\Harvest Compendium Equipment\H\High-Grade Kraken Rawhide Armor.md,material,,unrecognized Publisher_Source for source='',High-Grade Kraken Rawhide Armor,,,,,,,,,,,,,,,,,,,,,,,,,,,,,
High-Grade Mukradi Rawhide Armor,F:\Obsidian\PF2e-Core-Vault\3-Rules\Character Building\Equipment\Harvest Compendium Equipment\H\High-Grade Mukradi Rawhide Armor.md,material,,unrecognized Publisher_Source for source='',High-Grade Mukradi Rawhide Armor,,,,,,,,,,,,,,,,,,,,,,,,,,,,,
High-Grade Remorhaz Rawhide Armor,F:\Obsidian\PF2e-Core-Vault\3-Rules\Character Building\Equipment\Harvest Compendium Equipment\H\High-Grade Remorhaz Rawhide Armor.md,material,,unrecognized Publisher_Source for source='',High-Grade Remorhaz Rawhide Armor,,,,,,,,,,,,,,,,,,,,,,,,,,,,,
Hive Mother Mandibles,F:\Obsidian\PF2e-Core-Vault\3-Rules\Character Building\Equipment\Harvest Compendium Equipment\H\Hive Mother Mandibles.md,worn_item,Hive Mother Bottle,unrecognized Publisher_Source for source='',Hive Mother Mandibles,,,,,,,,,,,,,,,,,,,,,,,,,,,,,
Holy Ammunition,F:\Obsidian\PF2e-Core-Vault\3-Rules\Character Building\Equipment\Harvest Compendium Equipment\H\Holy Ammunition.md,worn_item,Ghost Ammunition,unrecognized Publisher_Source for source='',Holy Ammunition,,,,,,,,,,,,,,,,,,,,,,,,,,,,,
Holy Rune Framework,F:\Obsidian\PF2e-Core-Vault\3-Rules\Character Building\Equipment\Harvest Compendium Equipment\H\Holy Rune Framework.md,worn_item,,unrecognized Publisher_Source for source='',Holy Rune Framework,,,,,,,,,,,,,,,,,,,,,,,,,,,,,
Homunculus Poison,F:\Obsidian\PF2e-Core-Vault\3-Rules\Character Building\Equipment\Harvest Compendium Equipment\H\Homunculus Poison.md,worn_item,,unrecognized Publisher_Source for source='',Homunculus Poison,,,,,,,,,,,,,,,,,,,,,,,,,,,,,
Hooded Cloak,F:\Obsidian\PF2e-Core-Vault\3-Rules\Character Building\Equipment\Harvest Compendium Equipment\H\Hooded Cloak.md,worn_item,Heated Cloak; Coyote Cloak,unrecognized Publisher_Source for source='',Hooded Cloak,,,,,,,,,,,,,,,,,,,,,,,,,,,,,
Horn of Cauthooj Screeching,F:\Obsidian\PF2e-Core-Vault\3-Rules\Character Building\Equipment\Harvest Compendium Equipment\H\Horn of Cauthooj Screeching.md,worn_item,,unrecognized Publisher_Source for source='',Horn of Cauthooj Screeching,,,,,,,,,,,,,,,,,,,,,,,,,,,,,
Horn of Cloaker Moaning,F:\Obsidian\PF2e-Core-Vault\3-Rules\Character Building\Equipment\Harvest Compendium Equipment\H\Horn of Cloaker Moaning.md,worn_item,,unrecognized Publisher_Source for source='',Horn of Cloaker Moaning,,,,,,,,,,,,,,,,,,,,,,,,,,,,,
Horn of Vrock Screeching,F:\Obsidian\PF2e-Core-Vault\3-Rules\Character Building\Equipment\Harvest Compendium Equipment\H\Horn of Vrock Screeching.md,worn_item,,unrecognized Publisher_Source for source='',Horn of Vrock Screeching,,,,,,,,,,,,,,,,,,,,,,,,,,,,,
Horn of Owlbear Screeching,F:\Obsidian\PF2e-Core-Vault\3-Rules\Character Building\Equipment\Harvest Compendium Equipment\H\horn-of-owlbear-screeching.md,worn_item,,unrecognized Publisher_Source for source='Harvest Compendium',Horn of Owlbear Screeching,Harvest Compendium pg. 154,uncommon,"invested, magical",4,,,,,,,100,,,,,,,,,,,,,,,,,,
Horned Archon Antlers,F:\Obsidian\PF2e-Core-Vault\3-Rules\Character Building\Equipment\Harvest Compendium Equipment\H\Horned Archon Antlers.md,worn_item,,unrecognized Publisher_Source for source='',Horned Archon Antlers,,,,,,,,,,,,,,,,,,,,,,,,,,,,,
Hourglass of Lesser Death,F:\Obsidian\PF2e-Core-Vault\3-Rules\Character Building\Equipment\Harvest Compendium Equipment\H\Hourglass of Lesser Death.md,worn_item,,unrecognized Publisher_Source for source='',Hourglass of Lesser Death,,,,,,,,,,,,,,,,,,,,,,,,,,,,,
Hyaenodon Heart,F:\Obsidian\PF2e-Core-Vault\3-Rules\Character Building\Equipment\Harvest Compendium Equipment\H\Hyaenodon Heart.md,worn_item,,unrecognized Publisher_Source for source='',Hyaenodon Heart,,,,,,,,,,,,,,,,,,,,,,,,,,,,,
Hydra Blood,F:\Obsidian\PF2e-Core-Vault\3-Rules\Character Building\Equipment\Harvest Compendium Equipment\H\hydra-blood.md,worn_item,,unrecognized Publisher_Source for source='Harvest Compendium',Hydra Blood,Harvest Compendium,,ingredient,1,,,,,,,2,,,,,,,,,,,,,,,,,,
Hydra Teeth,F:\Obsidian\PF2e-Core-Vault\3-Rules\Character Building\Equipment\Harvest Compendium Equipment\H\hydra-teeth.md,worn_item,,unrecognized Publisher_Source for source='Harvest Compendium',Hydra Teeth,Harvest Compendium pg. 88,,creature-component,,,,,,,,1,,,,,,,,,,,,,,,,,,
Hyena Fangs,F:\Obsidian\PF2e-Core-Vault\3-Rules\Character Building\Equipment\Harvest Compendium Equipment\H\Hyena Fangs.md,worn_item,,unrecognized Publisher_Source for source='',Hyena Fangs,,,,,,,,,,,,,,,,,,,,,,,,,,,,,
Ice Linnorm Hide,F:\Obsidian\PF2e-Core-Vault\3-Rules\Character Building\Equipment\Harvest Compendium Equipment\I\Ice Linnorm Hide.md,worn_item,,unrecognized Publisher_Source for source='',Ice Linnorm Hide,,,,,,,,,,,,,,,,,,,,,,,,,,,,,
Illusion Dust,F:\Obsidian\PF2e-Core-Vault\3-Rules\Character Building\Equipment\Harvest Compendium Equipment\I\Illusion Dust.md,worn_item,,unrecognized Publisher_Source for source='',Illusion Dust,,,,,,,,,,,,,,,,,,,,,,,,,,,,,
Imp Venom,F:\Obsidian\PF2e-Core-Vault\3-Rules\Character Building\Equipment\Harvest Compendium Equipment\I\Imp Venom.md,worn_item,,unrecognized Publisher_Source for source='',Imp Venom,,,,,,,,,,,,,,,,,,,,,,,,,,,,,
Impure Acid,F:\Obsidian\PF2e-Core-Vault\3-Rules\Character Building\Equipment\Harvest Compendium Equipment\I\impure-acid.md,worn_item,,unrecognized Publisher_Source for source='Harvest Compendium',Impure Acid,Harvest Compendium pg. 16,,ingredient,,,,,,,,1,,,,,,,,,,,,,,,,,,
Innkeeper's Ledger,F:\Obsidian\PF2e-Core-Vault\3-Rules\Character Building\Equipment\Harvest Compendium Equipment\I\Innkeeper's Ledger.md,worn_item,,unrecognized Publisher_Source for source='',Innkeeper's Ledger,,,,,,,,,,,,,,,,,,,,,,,,,,,,,
Iron Boots,F:\Obsidian\PF2e-Core-Vault\3-Rules\Character Building\Equipment\Harvest Compendium Equipment\I\Iron Boots.md,worn_item,Root Boots,unrecognized Publisher_Source for source='',Iron Boots,,,,,,,,,,,,,,,,,,,,,,,,,,,,,
Iron Golem Engine Core,F:\Obsidian\PF2e-Core-Vault\3-Rules\Character Building\Equipment\Harvest Compendium Equipment\I\Iron Golem Engine Core.md,worn_item,,unrecognized Publisher_Source for source='',Iron Golem Engine Core,,,,,,,,,,,,,,,,,,,,,,,,,,,,,
Journal,F:\Obsidian\PF2e-Core-Vault\3-Rules\Character Building\Equipment\Harvest Compendium Equipment\J\Journal.md,worn_item,,unrecognized Publisher_Source for source='',Journal,,,,,,,,,,,,,,,,,,,,,,,,,,,,,
Judge's Robes,F:\Obsidian\PF2e-Core-Vault\3-Rules\Character Building\Equipment\Harvest Compendium Equipment\J\Judge's Robes.md,worn_item,,unrecognized Publisher_Source for source='',Judge's Robes,,,,,,,,,,,,,,,,,,,,,,,,,,,,,
Keen Rune Framework,F:\Obsidian\PF2e-Core-Vault\3-Rules\Character Building\Equipment\Harvest Compendium Equipment\K\Keen Rune Framework.md,worn_item,,unrecognized Publisher_Source for source='',Keen Rune Framework,,,,,,,,,,,,,,,,,,,,,,,,,,,,,
Keketar Tongue,F:\Obsidian\PF2e-Core-Vault\3-Rules\Character Building\Equipment\Harvest Compendium Equipment\K\Keketar Tongue.md,worn_item,,unrecognized Publisher_Source for source='',Keketar Tongue,,,,,,,,,,,,,,,,,,,,,,,,,,,,,
Keyring,F:\Obsidian\PF2e-Core-Vault\3-Rules\Character Building\Equipment\Harvest Compendium Equipment\K\Keyring.md,worn_item,,unrecognized Publisher_Source for source='',Keyring,,,,,,,,,,,,,,,,,,,,,,,,,,,,,
Kraken Blood,F:\Obsidian\PF2e-Core-Vault\3-Rules\Character Building\Equipment\Harvest Compendium Equipment\K\Kraken Blood.md,worn_item,,unrecognized Publisher_Source for source='',Kraken Blood,,,,,,,,,,,,,,,,,,,,,,,,,,,,,
Kraken Rawhide,F:\Obsidian\PF2e-Core-Vault\3-Rules\Character Building\Equipment\Harvest Compendium Equipment\K\Kraken Rawhide.md,worn_item,,unrecognized Publisher_Source for source='',Kraken Rawhide,,,,,,,,,,,,,,,,,,,,,,,,,,,,,
Krooth Teeth,F:\Obsidian\PF2e-Core-Vault\3-Rules\Character Building\Equipment\Harvest Compendium Equipment\K\Krooth Teeth.md,worn_item,,unrecognized Publisher_Source for source='',Krooth Teeth,,,,,,,,,,,,,,,,,,,,,,,,,,,,,
Leopard Fangs,F:\Obsidian\PF2e-Core-Vault\3-Rules\Character Building\Equipment\Harvest Compendium Equipment\L\Leopard Fangs.md,worn_item,,unrecognized Publisher_Source for source='',Leopard Fangs,,,,,,,,,,,,,,,,,,,,,,,,,,,,,
Leshy Sap,F:\Obsidian\PF2e-Core-Vault\3-Rules\Character Building\Equipment\Harvest Compendium Equipment\L\Leshy Sap.md,worn_item,,unrecognized Publisher_Source for source='',Leshy Sap,,,,,,,,,,,,,,,,,,,,,,,,,,,,,
Leshy Spores,F:\Obsidian\PF2e-Core-Vault\3-Rules\Character Building\Equipment\Harvest Compendium Equipment\L\Leshy Spores.md,worn_item,,unrecognized Publisher_Source for source='',Leshy Spores,,,,,,,,,,,,,,,,,,,,,,,,,,,,,
Leukodaemon Feathers,F:\Obsidian\PF2e-Core-Vault\3-Rules\Character Building\Equipment\Harvest Compendium Equipment\L\Leukodaemon Feathers.md,worn_item,,unrecognized Publisher_Source for source='',Leukodaemon Feathers,,,,,,,,,,,,,,,,,,,,,,,,,,,,,
Leukodaemon Skull,F:\Obsidian\PF2e-Core-Vault\3-Rules\Character Building\Equipment\Harvest Compendium Equipment\L\Leukodaemon Skull.md,worn_item,,unrecognized Publisher_Source for source='',Leukodaemon Skull,,,,,,,,,,,,,,,,,,,,,,,,,,,,,
Lich Nail,F:\Obsidian\PF2e-Core-Vault\3-Rules\Character Building\Equipment\Harvest Compendium Equipment\L\Lich Nail.md,worn_item,,unrecognized Publisher_Source for source='',Lich Nail,,,,,,,,,,,,,,,,,,,,,,,,,,,,,
Lightning Concentrate,F:\Obsidian\PF2e-Core-Vault\3-Rules\Character Building\Equipment\Harvest Compendium Equipment\L\Lightning Concentrate.md,worn_item,,unrecognized Publisher_Source for source='',Lightning Concentrate,,,,,,,,,,,,,,,,,,,,,,,,,,,,,
Linnorm Blood,F:\Obsidian\PF2e-Core-Vault\3-Rules\Character Building\Equipment\Harvest Compendium Equipment\L\Linnorm Blood.md,worn_item,,unrecognized Publisher_Source for source='',Linnorm Blood,,,,,,,,,,,,,,,,,,,,,,,,,,,,,
Linnorm Tendons,F:\Obsidian\PF2e-Core-Vault\3-Rules\Character Building\Equipment\Harvest Compendium Equipment\L\Linnorm Tendons.md,worn_item,,unrecognized Publisher_Source for source='',Linnorm Tendons,,,,,,,,,,,,,,,,,,,,,,,,,,,,,
Lion Fangs,F:\Obsidian\PF2e-Core-Vault\3-Rules\Character Building\Equipment\Harvest Compendium Equipment\L\Lion Fangs.md,worn_item,,unrecognized Publisher_Source for source='',Lion Fangs,,,,,,,,,,,,,,,,,,,,,,,,,,,,,
Lion Head Teeth,F:\Obsidian\PF2e-Core-Vault\3-Rules\Character Building\Equipment\Harvest Compendium Equipment\L\Lion Head Teeth.md,worn_item,,unrecognized Publisher_Source for source='',Lion Head Teeth,,,,,,,,,,,,,,,,,,,,,,,,,,,,,
Liquid Air,F:\Obsidian\PF2e-Core-Vault\3-Rules\Character Building\Equipment\Harvest Compendium Equipment\L\Liquid Air.md,worn_item,,unrecognized Publisher_Source for source='',Liquid Air,,,,,,,,,,,,,,,,,,,,,,,,,,,,,
Long-Range Ammunition,F:\Obsidian\PF2e-Core-Vault\3-Rules\Character Building\Equipment\Harvest Compendium Equipment\L\Long-Range Ammunition.md,worn_item,Resonating Ammunition; Penetrating Ammunition,unrecognized Publisher_Source for source='',Long-Range Ammunition,,,,,,,,,,,,,,,,,,,,,,,,,,,,,
Low-Grade Alghollthu Rawhide Armor,F:\Obsidian\PF2e-Core-Vault\3-Rules\Character Building\Equipment\Harvest Compendium Equipment\L\Low-Grade Alghollthu Rawhide Armor.md,material,,unrecognized Publisher_Source for source='',Low-Grade Alghollthu Rawhide Armor,,,,,,,,,,,,,,,,,,,,,,,,,,,,,
Low-Grade Faerie Dragonhide Armor,F:\Obsidian\PF2e-Core-Vault\3-Rules\Character Building\Equipment\Harvest Compendium Equipment\L\Low-Grade Faerie Dragonhide Armor.md,material,,unrecognized Publisher_Source for source='',Low-Grade Faerie Dragonhide Armor,,,,,,,,,,,,,,,,,,,,,,,,,,,,,
Lucky Feather,F:\Obsidian\PF2e-Core-Vault\3-Rules\Character Building\Equipment\Harvest Compendium Equipment\L\Lucky Feather.md,worn_item,Feather,unrecognized Publisher_Source for source='',Lucky Feather,,,,,,,,,,,,,,,,,,,,,,,,,,,,,
Lyrakien Wing Dust,F:\Obsidian\PF2e-Core-Vault\3-Rules\Character Building\Equipment\Harvest Compendium Equipment\L\Lyrakien Wing Dust.md,worn_item,,unrecognized Publisher_Source for source='',Lyrakien Wing Dust,,,,,,,,,,,,,,,,,,,,,,,,,,,,,
Mage For Hire Spellbook,F:\Obsidian\PF2e-Core-Vault\3-Rules\Character Building\Equipment\Harvest Compendium Equipment\M\Mage For Hire Spellbook.md,worn_item,,unrecognized Publisher_Source for source='',Mage For Hire Spellbook,,,,,,,,,,,,,,,,,,,,,,,,,,,,,
Mammoth Tusk Tips,F:\Obsidian\PF2e-Core-Vault\3-Rules\Character Building\Equipment\Harvest Compendium Equipment\M\Mammoth Tusk Tips.md,worn_item,,unrecognized Publisher_Source for source='',Mammoth Tusk Tips,,,,,,,,,,,,,,,,,,,,,,,,,,,,,
Mammoth Tusks,F:\Obsidian\PF2e-Core-Vault\3-Rules\Character Building\Equipment\Harvest Compendium Equipment\M\Mammoth Tusks.md,worn_item,,unrecognized Publisher_Source for source='',Mammoth Tusks,,,,,,,,,,,,,,,,,,,,,,,,,,,,,
Mangled Marilith Breastplate,F:\Obsidian\PF2e-Core-Vault\3-Rules\Character Building\Equipment\Harvest Compendium Equipment\M\Mangled Marilith Breastplate.md,worn_item,,unrecognized Publisher_Source for source='',Mangled Marilith Breastplate,,,,,,,,,,,,,,,,,,,,,,,,,,,,,
Manifesto,F:\Obsidian\PF2e-Core-Vault\3-Rules\Character Building\Equipment\Harvest Compendium Equipment\M\Manifesto.md,worn_item,,unrecognized Publisher_Source for source='',Manifesto,,,,,,,,,,,,,,,,,,,,,,,,,,,,,
Manticore Claws,F:\Obsidian\PF2e-Core-Vault\3-Rules\Character Building\Equipment\Harvest Compendium Equipment\M\Manticore Claws.md,worn_item,,unrecognized Publisher_Source for source='',Manticore Claws,,,,,,,,,,,,,,,,,,,,,,,,,,,,,
Manticore Wing,F:\Obsidian\PF2e-Core-Vault\3-Rules\Character Building\Equipment\Harvest Compendium Equipment\M\Manticore Wing.md,worn_item,Anchoring,unrecognized Publisher_Source for source='',Manticore Wing,,,,,,,,,,,,,,,,,,,,,,,,,,,,,
Mantis Mandibles,F:\Obsidian\PF2e-Core-Vault\3-Rules\Character Building\Equipment\Harvest Compendium Equipment\M\Mantis Mandibles.md,worn_item,,unrecognized Publisher_Source for source='',Mantis Mandibles,,,,,,,,,,,,,,,,,,,,,,,,,,,,,
Mantle of Undetection,F:\Obsidian\PF2e-Core-Vault\3-Rules\Character Building\Equipment\Harvest Compendium Equipment\M\Mantle of Undetection.md,worn_item,,unrecognized Publisher_Source for source='',Mantle of Undetection,,,,,,,,,,,,,,,,,,,,,,,,,,,,,
Map,F:\Obsidian\PF2e-Core-Vault\3-Rules\Character Building\Equipment\Harvest Compendium Equipment\M\Map.md,worn_item,,unrecognized Publisher_Source for source='',Map,,,,,,,,,,,,,,,,,,,,,,,,,,,,,
Medical Textbook,F:\Obsidian\PF2e-Core-Vault\3-Rules\Character Building\Equipment\Harvest Compendium Equipment\M\Medical Textbook.md,worn_item,,unrecognized Publisher_Source for source='',Medical Textbook,,,,,,,,,,,,,,,,,,,,,,,,,,,,,
Megaprimatus Fangs,F:\Obsidian\PF2e-Core-Vault\3-Rules\Character Building\Equipment\Harvest Compendium Equipment\M\Megaprimatus Fangs.md,worn_item,,unrecognized Publisher_Source for source='',Megaprimatus Fangs,,,,,,,,,,,,,,,,,,,,,,,,,,,,,
Megaprimatus Head,F:\Obsidian\PF2e-Core-Vault\3-Rules\Character Building\Equipment\Harvest Compendium Equipment\M\Megaprimatus Head.md,worn_item,,unrecognized Publisher_Source for source='',Megaprimatus Head,,,,,,,,,,,,,,,,,,,,,,,,,,,,,
Miner's Harness,F:\Obsidian\PF2e-Core-Vault\3-Rules\Character Building\Equipment\Harvest Compendium Equipment\M\Miner's Harness.md,worn_item,,unrecognized Publisher_Source for source='',Miner's Harness,,,,,,,,,,,,,,,,,,,,,,,,,,,,,
Minotaur Nose Ring,F:\Obsidian\PF2e-Core-Vault\3-Rules\Character Building\Equipment\Harvest Compendium Equipment\M\Minotaur Nose Ring.md,worn_item,,unrecognized Publisher_Source for source='',Minotaur Nose Ring,,,,,,,,,,,,,,,,,,,,,,,,,,,,,
Molten Flame,F:\Obsidian\PF2e-Core-Vault\3-Rules\Character Building\Equipment\Harvest Compendium Equipment\M\Molten Flame.md,worn_item,,unrecognized Publisher_Source for source='',Molten Flame,,,,,,,,,,,,,,,,,,,,,,,,,,,,,
Monster Teeth,F:\Obsidian\PF2e-Core-Vault\3-Rules\Character Building\Equipment\Harvest Compendium Equipment\M\Monster Teeth.md,worn_item,,unrecognized Publisher_Source for source='',Monster Teeth,,,,,,,,,,,,,,,,,,,,,,,,,,,,,
Monster Precision Ammunition,F:\Obsidian\PF2e-Core-Vault\3-Rules\Character Building\Equipment\Harvest Compendium Equipment\M\monster-precision-ammunition.md,worn_item,Terrifying Ammunition,unrecognized Publisher_Source for source='Harvest Compendium',Monster Precision Ammunition,Harvest Compendium pg. 146,,"consumable, magical",5,,,,,,,5,,,,,,,,,,,,,,,,,,
Mu Spore Teeth,F:\Obsidian\PF2e-Core-Vault\3-Rules\Character Building\Equipment\Harvest Compendium Equipment\M\Mu Spore Teeth.md,worn_item,,unrecognized Publisher_Source for source='',Mu Spore Teeth,,,,,,,,,,,,,,,,,,,,,,,,,,,,,
Mu Spores,F:\Obsidian\PF2e-Core-Vault\3-Rules\Character Building\Equipment\Harvest Compendium Equipment\M\Mu Spores.md,worn_item,Spore Sap,unrecognized Publisher_Source for source='',Mu Spores,,,,,,,,,,,,,,,,,,,,,,,,,,,,,
Mug Made from Pewter,F:\Obsidian\PF2e-Core-Vault\3-Rules\Character Building\Equipment\Harvest Compendium Equipment\M\Mug Made from Pewter.md,worn_item,,unrecognized Publisher_Source for source='',Mug Made from Pewter,,,,,,,,,,,,,,,,,,,,,,,,,,,,,
Mukradi Legs,F:\Obsidian\PF2e-Core-Vault\3-Rules\Character Building\Equipment\Harvest Compendium Equipment\M\Mukradi Legs.md,worn_item,,unrecognized Publisher_Source for source='',Mukradi Legs,,,,,,,,,,,,,,,,,,,,,,,,,,,,,
Mukradi Rawhide,F:\Obsidian\PF2e-Core-Vault\3-Rules\Character Building\Equipment\Harvest Compendium Equipment\M\Mukradi Rawhide.md,worn_item,,unrecognized Publisher_Source for source='',Mukradi Rawhide,,,,,,,,,,,,,,,,,,,,,,,,,,,,,
Mummy Gauze Strips,F:\Obsidian\PF2e-Core-Vault\3-Rules\Character Building\Equipment\Harvest Compendium Equipment\M\Mummy Gauze Strips.md,worn_item,,unrecognized Publisher_Source for source='',Mummy Gauze Strips,,,,,,,,,,,,,,,,,,,,,,,,,,,,,
Naga Tongue,F:\Obsidian\PF2e-Core-Vault\3-Rules\Character Building\Equipment\Harvest Compendium Equipment\N\Naga Tongue.md,worn_item,,unrecognized Publisher_Source for source='',Naga Tongue,,,,,,,,,,,,,,,,,,,,,,,,,,,,,
Nessian Warhound Rawhide,F:\Obsidian\PF2e-Core-Vault\3-Rules\Character Building\Equipment\Harvest Compendium Equipment\N\Nessian Warhound Rawhide.md,worn_item,,unrecognized Publisher_Source for source='',Nessian Warhound Rawhide,,,,,,,,,,,,,,,,,,,,,,,,,,,,,
Nightmare Fuel,F:\Obsidian\PF2e-Core-Vault\3-Rules\Character Building\Equipment\Harvest Compendium Equipment\N\Nightmare Fuel.md,worn_item,Nightmare Cudgel; Nightmare; Nightmare Salt,unrecognized Publisher_Source for source='',Nightmare Fuel,,,,,,,,,,,,,,,,,,,,,,,,,,,,,
Nightmare Smoke (Greater),F:\Obsidian\PF2e-Core-Vault\3-Rules\Character Building\Equipment\Harvest Compendium Equipment\N\Nightmare Smoke (Greater).md,worn_item,,unrecognized Publisher_Source for source='',Nightmare Smoke (Greater),,,,,,,,,,,,,,,,,,,,,,,,,,,,,
Nightmare Smoke,F:\Obsidian\PF2e-Core-Vault\3-Rules\Character Building\Equipment\Harvest Compendium Equipment\N\Nightmare Smoke.md,worn_item,Nightmare; Nightmare Salt,unrecognized Publisher_Source for source='',Nightmare Smoke,,,,,,,,,,,,,,,,,,,,,,,,,,,,,
Nilith Claws,F:\Obsidian\PF2e-Core-Vault\3-Rules\Character Building\Equipment\Harvest Compendium Equipment\N\Nilith Claws.md,worn_item,,unrecognized Publisher_Source for source='',Nilith Claws,,,,,,,,,,,,,,,,,,,,,,,,,,,,,
Nilith Eyes,F:\Obsidian\PF2e-Core-Vault\3-Rules\Character Building\Equipment\Harvest Compendium Equipment\N\Nilith Eyes.md,worn_item,,unrecognized Publisher_Source for source='',Nilith Eyes,,,,,,,,,,,,,,,,,,,,,,,,,,,,,
Nilith Hide,F:\Obsidian\PF2e-Core-Vault\3-Rules\Character Building\Equipment\Harvest Compendium Equipment\N\Nilith Hide.md,worn_item,,unrecognized Publisher_Source for source='',Nilith Hide,,,,,,,,,,,,,,,,,,,,,,,,,,,,,
Nymph Heart,F:\Obsidian\PF2e-Core-Vault\3-Rules\Character Building\Equipment\Harvest Compendium Equipment\N\Nymph Heart.md,worn_item,,unrecognized Publisher_Source for source='',Nymph Heart,,,,,,,,,,,,,,,,,,,,,,,,,,,,,
Oblivion Extract,F:\Obsidian\PF2e-Core-Vault\3-Rules\Character Building\Equipment\Harvest Compendium Equipment\O\Oblivion Extract.md,worn_item,,unrecognized Publisher_Source for source='',Oblivion Extract,,,,,,,,,,,,,,,,,,,,,,,,,,,,,
Octupus Ink,F:\Obsidian\PF2e-Core-Vault\3-Rules\Character Building\Equipment\Harvest Compendium Equipment\O\Octupus Ink.md,worn_item,,unrecognized Publisher_Source for source='',Octupus Ink,,,,,,,,,,,,,,,,,,,,,,,,,,,,,
Oil of Evil Coating,F:\Obsidian\PF2e-Core-Vault\3-Rules\Character Building\Equipment\Harvest Compendium Equipment\O\Oil of Evil Coating.md,worn_item,Oil of Revelation,unrecognized Publisher_Source for source='',Oil of Evil Coating,,,,,,,,,,,,,,,,,,,,,,,,,,,,,
Oil of Fire Coating,F:\Obsidian\PF2e-Core-Vault\3-Rules\Character Building\Equipment\Harvest Compendium Equipment\O\Oil of Fire Coating.md,worn_item,,unrecognized Publisher_Source for source='',Oil of Fire Coating,,,,,,,,,,,,,,,,,,,,,,,,,,,,,
Oil of the Bastion,F:\Obsidian\PF2e-Core-Vault\3-Rules\Character Building\Equipment\Harvest Compendium Equipment\O\Oil of the Bastion.md,worn_item,Oil of Revelation,unrecognized Publisher_Source for source='',Oil of the Bastion,,,,,,,,,,,,,,,,,,,,,,,,,,,,,
Ooze Goo (Greater),F:\Obsidian\PF2e-Core-Vault\3-Rules\Character Building\Equipment\Harvest Compendium Equipment\O\Ooze Goo (Greater).md,worn_item,Oozepick (Greater),unrecognized Publisher_Source for source='',Ooze Goo (Greater),,,,,,,,,,,,,,,,,,,,,,,,,,,,,
Ooze Goo (Lesser),F:\Obsidian\PF2e-Core-Vault\3-Rules\Character Building\Equipment\Harvest Compendium Equipment\O\Ooze Goo (Lesser).md,worn_item,,unrecognized Publisher_Source for source='',Ooze Goo (Lesser),,,,,,,,,,,,,,,,,,,,,,,,,,,,,
Ooze Goo (Moderate),F:\Obsidian\PF2e-Core-Vault\3-Rules\Character Building\Equipment\Harvest Compendium Equipment\O\Ooze Goo (Moderate).md,worn_item,,unrecognized Publisher_Source for source='',Ooze Goo (Moderate),,,,,,,,,,,,,,,,,,,,,,,,,,,,,
Otyugh Teeth,F:\Obsidian\PF2e-Core-Vault\3-Rules\Character Building\Equipment\Harvest Compendium Equipment\O\Otyugh Teeth.md,worn_item,,unrecognized Publisher_Source for source='',Otyugh Teeth,,,,,,,,,,,,,,,,,,,,,,,,,,,,,
Owlbear Vocal Cords,F:\Obsidian\PF2e-Core-Vault\3-Rules\Character Building\Equipment\Harvest Compendium Equipment\O\owlbear-vocal-cords.md,worn_item,,unrecognized Publisher_Source for source='Harvest Compendium',Owlbear Vocal Cords,Harvest Compendium pg. 102,,creature component,4,,,,,,,15,,,,,,,,,,,,,,,,,,
Palace Insignia Chain Mail,F:\Obsidian\PF2e-Core-Vault\3-Rules\Character Building\Equipment\Harvest Compendium Equipment\P\Palace Insignia Chain Mail.md,worn_item,,unrecognized Publisher_Source for source='',Palace Insignia Chain Mail,,,,,,,,,,,,,,,,,,,,,,,,,,,,,
Pegasus Feathers,F:\Obsidian\PF2e-Core-Vault\3-Rules\Character Building\Equipment\Harvest Compendium Equipment\P\Pegasus Feathers.md,worn_item,,unrecognized Publisher_Source for source='',Pegasus Feathers,,,,,,,,,,,,,,,,,,,,,,,,,,,,,
Pegasus Tail Hair,F:\Obsidian\PF2e-Core-Vault\3-Rules\Character Building\Equipment\Harvest Compendium Equipment\P\Pegasus Tail Hair.md,worn_item,,unrecognized Publisher_Source for source='',Pegasus Tail Hair,,,,,,,,,,,,,,,,,,,,,,,,,,,,,
Perfect Wemmuth Thorns,F:\Obsidian\PF2e-Core-Vault\3-Rules\Character Building\Equipment\Harvest Compendium Equipment\P\Perfect Wemmuth Thorns.md,worn_item,,unrecognized Publisher_Source for source='',Perfect Wemmuth Thorns,,,,,,,,,,,,,,,,,,,,,,,,,,,,,
Phase Tiger Heart,F:\Obsidian\PF2e-Core-Vault\3-Rules\Character Building\Equipment\Harvest Compendium Equipment\P\phase-tiger-heart.md,worn_item,,,Phase Tiger Heart,Homebrew,uncommon,"consumable, creature-component, edible",6,,,,,Homebrew,,50,,,,,,,,,,,,,,,,,,
Phoenix Ash,F:\Obsidian\PF2e-Core-Vault\3-Rules\Character Building\Equipment\Harvest Compendium Equipment\P\Phoenix Ash.md,worn_item,Phoenix Flask,unrecognized Publisher_Source for source='',Phoenix Ash,,,,,,,,,,,,,,,,,,,,,,,,,,,,,
Pit Fiend Horns,F:\Obsidian\PF2e-Core-Vault\3-Rules\Character Building\Equipment\Harvest Compendium Equipment\P\Pit Fiend Horns.md,worn_item,,unrecognized Publisher_Source for source='',Pit Fiend Horns,,,,,,,,,,,,,,,,,,,,,,,,,,,,,
Pixie Dust,F:\Obsidian\PF2e-Core-Vault\3-Rules\Character Building\Equipment\Harvest Compendium Equipment\P\Pixie Dust.md,worn_item,,unrecognized Publisher_Source for source='',Pixie Dust,,,,,,,,,,,,,,,,,,,,,,,,,,,,,
Plant Precision Ammunition,F:\Obsidian\PF2e-Core-Vault\3-Rules\Character Building\Equipment\Harvest Compendium Equipment\P\Plant Precision Ammunition.md,worn_item,,unrecognized Publisher_Source for source='',Plant Precision Ammunition,,,,,,,,,,,,,,,,,,,,,,,,,,,,,
Pleroma Energy Cloak,F:\Obsidian\PF2e-Core-Vault\3-Rules\Character Building\Equipment\Harvest Compendium Equipment\P\Pleroma Energy Cloak.md,worn_item,,unrecognized Publisher_Source for source='',Pleroma Energy Cloak,,,,,,,,,,,,,,,,,,,,,,,,,,,,,
Pleroma Energy Fabric,F:\Obsidian\PF2e-Core-Vault\3-Rules\Character Building\Equipment\Harvest Compendium Equipment\P\Pleroma Energy Fabric.md,worn_item,,unrecognized Publisher_Source for source='',Pleroma Energy Fabric,,,,,,,,,,,,,,,,,,,,,,,,,,,,,
Poetry Book,F:\Obsidian\PF2e-Core-Vault\3-Rules\Character Building\Equipment\Harvest Compendium Equipment\P\Poetry Book.md,worn_item,,unrecognized Publisher_Source for source='',Poetry Book,,,,,,,,,,,,,,,,,,,,,,,,,,,,,
Poison Base,F:\Obsidian\PF2e-Core-Vault\3-Rules\Character Building\Equipment\Harvest Compendium Equipment\P\Poison Base.md,worn_item,Poison Barbs Snare; Poison,unrecognized Publisher_Source for source='',Poison Base,,,,,,,,,,,,,,,,,,,,,,,,,,,,,
Poracha Eyes,F:\Obsidian\PF2e-Core-Vault\3-Rules\Character Building\Equipment\Harvest Compendium Equipment\P\Poracha Eyes.md,worn_item,,unrecognized Publisher_Source for source='',Poracha Eyes,,,,,,,,,,,,,,,,,,,,,,,,,,,,,
Potion of Evil Resistance (Greater),F:\Obsidian\PF2e-Core-Vault\3-Rules\Character Building\Equipment\Harvest Compendium Equipment\P\Potion of Evil Resistance (Greater).md,worn_item,Potion of Resistance (Greater); Potion of Resistance (Moderate); Potion of Resistance (Lesser),unrecognized Publisher_Source for source='',Potion of Evil Resistance (Greater),,,,,,,,,,,,,,,,,,,,,,,,,,,,,
Potion of Evil Resistance (Lesser),F:\Obsidian\PF2e-Core-Vault\3-Rules\Character Building\Equipment\Harvest Compendium Equipment\P\Potion of Evil Resistance (Lesser).md,worn_item,Potion of Resistance (Lesser); Potion of Resistance (Greater); Potion of Resistance (Moderate),unrecognized Publisher_Source for source='',Potion of Evil Resistance (Lesser),,,,,,,,,,,,,,,,,,,,,,,,,,,,,
Potion of Evil Resistance (Moderate),F:\Obsidian\PF2e-Core-Vault\3-Rules\Character Building\Equipment\Harvest Compendium Equipment\P\Potion of Evil Resistance (Moderate).md,worn_item,Potion of Resistance (Moderate); Potion of Resistance (Greater); Potion of Resistance (Lesser),unrecognized Publisher_Source for source='',Potion of Evil Resistance (Moderate),,,,,,,,,,,,,,,,,,,,,,,,,,,,,
Pouch of Rocks,F:\Obsidian\PF2e-Core-Vault\3-Rules\Character Building\Equipment\Harvest Compendium Equipment\P\Pouch of Rocks.md,worn_item,,unrecognized Publisher_Source for source='',Pouch of Rocks,,,,,,,,,,,,,,,,,,,,,,,,,,,,,
Pouches of Filth,F:\Obsidian\PF2e-Core-Vault\3-Rules\Character Building\Equipment\Harvest Compendium Equipment\P\Pouches of Filth.md,worn_item,,unrecognized Publisher_Source for source='',Pouches of Filth,,,,,,,,,,,,,,,,,,,,,,,,,,,,,
Projectile Spike,F:\Obsidian\PF2e-Core-Vault\3-Rules\Character Building\Equipment\Harvest Compendium Equipment\P\Projectile Spike.md,worn_item,,unrecognized Publisher_Source for source='',Projectile Spike,,,,,,,,,,,,,,,,,,,,,,,,,,,,,
Protean Blood (Greater),F:\Obsidian\PF2e-Core-Vault\3-Rules\Character Building\Equipment\Harvest Compendium Equipment\P\Protean Blood (Greater).md,worn_item,,unrecognized Publisher_Source for source='',Protean Blood (Greater),,,,,,,,,,,,,,,,,,,,,,,,,,,,,
Protean Blood,F:\Obsidian\PF2e-Core-Vault\3-Rules\Character Building\Equipment\Harvest Compendium Equipment\P\Protean Blood.md,worn_item,,unrecognized Publisher_Source for source='',Protean Blood,,,,,,,,,,,,,,,,,,,,,,,,,,,,,
Protean Heart,F:\Obsidian\PF2e-Core-Vault\3-Rules\Character Building\Equipment\Harvest Compendium Equipment\P\Protean Heart.md,worn_item,,unrecognized Publisher_Source for source='',Protean Heart,,,,,,,,,,,,,,,,,,,,,,,,,,,,,
Pure Earth Essence,F:\Obsidian\PF2e-Core-Vault\3-Rules\Character Building\Equipment\Harvest Compendium Equipment\P\Pure Earth Essence.md,worn_item,,unrecognized Publisher_Source for source='',Pure Earth Essence,,,,,,,,,,,,,,,,,,,,,,,,,,,,,
Pure Flame Essence,F:\Obsidian\PF2e-Core-Vault\3-Rules\Character Building\Equipment\Harvest Compendium Equipment\P\Pure Flame Essence.md,worn_item,,unrecognized Publisher_Source for source='',Pure Flame Essence,,,,,,,,,,,,,,,,,,,,,,,,,,,,,
Pure Frost Crystals,F:\Obsidian\PF2e-Core-Vault\3-Rules\Character Building\Equipment\Harvest Compendium Equipment\P\Pure Frost Crystals.md,worn_item,,unrecognized Publisher_Source for source='',Pure Frost Crystals,,,,,,,,,,,,,,,,,,,,,,,,,,,,,
Pure Light,F:\Obsidian\PF2e-Core-Vault\3-Rules\Character Building\Equipment\Harvest Compendium Equipment\P\Pure Light.md,worn_item,,unrecognized Publisher_Source for source='',Pure Light,,,,,,,,,,,,,,,,,,,,,,,,,,,,,
Quasit Venom,F:\Obsidian\PF2e-Core-Vault\3-Rules\Character Building\Equipment\Harvest Compendium Equipment\Q\Quasit Venom.md,worn_item,,unrecognized Publisher_Source for source='',Quasit Venom,,,,,,,,,,,,,,,,,,,,,,,,,,,,,
Quatoid Hide Strips,F:\Obsidian\PF2e-Core-Vault\3-Rules\Character Building\Equipment\Harvest Compendium Equipment\Q\Quatoid Hide Strips.md,worn_item,,unrecognized Publisher_Source for source='',Quatoid Hide Strips,,,,,,,,,,,,,,,,,,,,,,,,,,,,,
Quelaunt's Limbs,F:\Obsidian\PF2e-Core-Vault\3-Rules\Character Building\Equipment\Harvest Compendium Equipment\Q\Quelaunt's Limbs.md,worn_item,,unrecognized Publisher_Source for source='',Quelaunt's Limbs,,,,,,,,,,,,,,,,,,,,,,,,,,,,,
Quetzalcoatlus Skull,F:\Obsidian\PF2e-Core-Vault\3-Rules\Character Building\Equipment\Harvest Compendium Equipment\Q\Quetzalcoatlus Skull.md,worn_item,,unrecognized Publisher_Source for source='',Quetzalcoatlus Skull,,,,,,,,,,,,,,,,,,,,,,,,,,,,,
Quetzalcoatlus Talons,F:\Obsidian\PF2e-Core-Vault\3-Rules\Character Building\Equipment\Harvest Compendium Equipment\Q\Quetzalcoatlus Talons.md,worn_item,,unrecognized Publisher_Source for source='',Quetzalcoatlus Talons,,,,,,,,,,,,,,,,,,,,,,,,,,,,,
Radiant Tongue,F:\Obsidian\PF2e-Core-Vault\3-Rules\Character Building\Equipment\Harvest Compendium Equipment\R\Radiant Tongue.md,worn_item,Radiant Lance,unrecognized Publisher_Source for source='',Radiant Tongue,,,,,,,,,,,,,,,,,,,,,,,,,,,,,
Rakshasa Hand,F:\Obsidian\PF2e-Core-Vault\3-Rules\Character Building\Equipment\Harvest Compendium Equipment\R\Rakshasa Hand.md,worn_item,,unrecognized Publisher_Source for source='',Rakshasa Hand,,,,,,,,,,,,,,,,,,,,,,,,,,,,,
Rakshasa Rawhide,F:\Obsidian\PF2e-Core-Vault\3-Rules\Character Building\Equipment\Harvest Compendium Equipment\R\Rakshasa Rawhide.md,worn_item,,unrecognized Publisher_Source for source='',Rakshasa Rawhide,,,,,,,,,,,,,,,,,,,,,,,,,,,,,
Raw Fungi,F:\Obsidian\PF2e-Core-Vault\3-Rules\Character Building\Equipment\Harvest Compendium Equipment\R\Raw Fungi.md,worn_item,,unrecognized Publisher_Source for source='',Raw Fungi,,,,,,,,,,,,,,,,,,,,,,,,,,,,,
Raw Plant Stems,F:\Obsidian\PF2e-Core-Vault\3-Rules\Character Building\Equipment\Harvest Compendium Equipment\R\Raw Plant Stems.md,worn_item,,unrecognized Publisher_Source for source='',Raw Plant Stems,,,,,,,,,,,,,,,,,,,,,,,,,,,,,
Raw Meat,F:\Obsidian\PF2e-Core-Vault\3-Rules\Character Building\Equipment\Harvest Compendium Equipment\R\raw-meat.md,worn_item,,unrecognized Publisher_Source for source='Harvest Compendium',Raw Meat,Harvest Compendium pg. 10,,edible,,,,,,,,2,,,,,,,,,,,,,,,,,,
Reflecting Eyes,F:\Obsidian\PF2e-Core-Vault\3-Rules\Character Building\Equipment\Harvest Compendium Equipment\R\Reflecting Eyes.md,worn_item,Reflecting Shard; Reflecting Shield,unrecognized Publisher_Source for source='',Reflecting Eyes,,,,,,,,,,,,,,,,,,,,,,,,,,,,,
Religious Symbol of Nethys,F:\Obsidian\PF2e-Core-Vault\3-Rules\Character Building\Equipment\Harvest Compendium Equipment\R\Religious Symbol of Nethys.md,worn_item,Religious Symbol (Wooden); Religious Symbol (Silver),unrecognized Publisher_Source for source='',Religious Symbol of Nethys,,,,,,,,,,,,,,,,,,,,,,,,,,,,,
Religious Symbol of Pharasma,F:\Obsidian\PF2e-Core-Vault\3-Rules\Character Building\Equipment\Harvest Compendium Equipment\R\Religious Symbol of Pharasma.md,worn_item,,unrecognized Publisher_Source for source='',Religious Symbol of Pharasma,,,,,,,,,,,,,,,,,,,,,,,,,,,,,
Religious Symbol,F:\Obsidian\PF2e-Core-Vault\3-Rules\Character Building\Equipment\Harvest Compendium Equipment\R\Religious Symbol.md,worn_item,Religious Symbol (Wooden); Religious Symbol (Silver),unrecognized Publisher_Source for source='',Religious Symbol,,,,,,,,,,,,,,,,,,,,,,,,,,,,,
Religious Text of Nethys,F:\Obsidian\PF2e-Core-Vault\3-Rules\Character Building\Equipment\Harvest Compendium Equipment\R\Religious Text of Nethys.md,worn_item,Religious Text,unrecognized Publisher_Source for source='',Religious Text of Nethys,,,,,,,,,,,,,,,,,,,,,,,,,,,,,
Remoraz Rawhide,F:\Obsidian\PF2e-Core-Vault\3-Rules\Character Building\Equipment\Harvest Compendium Equipment\R\Remoraz Rawhide.md,worn_item,,unrecognized Publisher_Source for source='',Remoraz Rawhide,,,,,,,,,,,,,,,,,,,,,,,,,,,,,
Remorhaz Mandibles,F:\Obsidian\PF2e-Core-Vault\3-Rules\Character Building\Equipment\Harvest Compendium Equipment\R\Remorhaz Mandibles.md,worn_item,,unrecognized Publisher_Source for source='',Remorhaz Mandibles,,,,,,,,,,,,,,,,,,,,,,,,,,,,,
Returning Rune Framework,F:\Obsidian\PF2e-Core-Vault\3-Rules\Character Building\Equipment\Harvest Compendium Equipment\R\Returning Rune Framework.md,worn_item,,unrecognized Publisher_Source for source='',Returning Rune Framework,,,,,,,,,,,,,,,,,,,,,,,,,,,,,
Roc Feathers,F:\Obsidian\PF2e-Core-Vault\3-Rules\Character Building\Equipment\Harvest Compendium Equipment\R\Roc Feathers.md,worn_item,Feather,unrecognized Publisher_Source for source='',Roc Feathers,,,,,,,,,,,,,,,,,,,,,,,,,,,,,
Roper Eye,F:\Obsidian\PF2e-Core-Vault\3-Rules\Character Building\Equipment\Harvest Compendium Equipment\R\Roper Eye.md,worn_item,,unrecognized Publisher_Source for source='',Roper Eye,,,,,,,,,,,,,,,,,,,,,,,,,,,,,
Roper Strands,F:\Obsidian\PF2e-Core-Vault\3-Rules\Character Building\Equipment\Harvest Compendium Equipment\R\Roper Strands.md,worn_item,Frost Brand,unrecognized Publisher_Source for source='',Roper Strands,,,,,,,,,,,,,,,,,,,,,,,,,,,,,
Roper Teeth,F:\Obsidian\PF2e-Core-Vault\3-Rules\Character Building\Equipment\Harvest Compendium Equipment\R\Roper Teeth.md,worn_item,,unrecognized Publisher_Source for source='',Roper Teeth,,,,,,,,,,,,,,,,,,,,,,,,,,,,,
Rugged Clothes with Tool Belt,F:\Obsidian\PF2e-Core-Vault\3-Rules\Character Building\Equipment\Harvest Compendium Equipment\R\Rugged Clothes with Tool Belt.md,worn_item,,unrecognized Publisher_Source for source='',Rugged Clothes with Tool Belt,,,,,,,,,,,,,,,,,,,,,,,,,,,,,
Rust Monster Antennae,F:\Obsidian\PF2e-Core-Vault\3-Rules\Character Building\Equipment\Harvest Compendium Equipment\R\Rust Monster Antennae.md,worn_item,,unrecognized Publisher_Source for source='',Rust Monster Antennae,,,,,,,,,,,,,,,,,,,,,,,,,,,,,
Salamander Scales,F:\Obsidian\PF2e-Core-Vault\3-Rules\Character Building\Equipment\Harvest Compendium Equipment\S\Salamander Scales.md,worn_item,,unrecognized Publisher_Source for source='',Salamander Scales,,,,,,,,,,,,,,,,,,,,,,,,,,,,,
Scalpel,F:\Obsidian\PF2e-Core-Vault\3-Rules\Character Building\Equipment\Harvest Compendium Equipment\S\Scalpel.md,worn_item,Scale mail,unrecognized Publisher_Source for source='',Scalpel,,,,,,,,,,,,,,,,,,,,,,,,,,,,,
Scholarly Robes,F:\Obsidian\PF2e-Core-Vault\3-Rules\Character Building\Equipment\Harvest Compendium Equipment\S\Scholarly Robes.md,worn_item,Scroll Robes,unrecognized Publisher_Source for source='',Scholarly Robes,,,,,,,,,,,,,,,,,,,,,,,,,,,,,
Scroll Case Filled with Tax Documents,F:\Obsidian\PF2e-Core-Vault\3-Rules\Character Building\Equipment\Harvest Compendium Equipment\S\Scroll Case Filled with Tax Documents.md,worn_item,,unrecognized Publisher_Source for source='',Scroll Case Filled with Tax Documents,,,,,,,,,,,,,,,,,,,,,,,,,,,,,
Scroll case with Ship's Charts,F:\Obsidian\PF2e-Core-Vault\3-Rules\Character Building\Equipment\Harvest Compendium Equipment\S\Scroll case with Ship's Charts.md,worn_item,,unrecognized Publisher_Source for source='',Scroll case with Ship's Charts,,,,,,,,,,,,,,,,,,,,,,,,,,,,,
Sea Serpent Blood,F:\Obsidian\PF2e-Core-Vault\3-Rules\Character Building\Equipment\Harvest Compendium Equipment\S\Sea Serpent Blood.md,worn_item,,unrecognized Publisher_Source for source='',Sea Serpent Blood,,,,,,,,,,,,,,,,,,,,,,,,,,,,,
Sea Serpent Fin,F:\Obsidian\PF2e-Core-Vault\3-Rules\Character Building\Equipment\Harvest Compendium Equipment\S\Sea Serpent Fin.md,worn_item,,unrecognized Publisher_Source for source='',Sea Serpent Fin,,,,,,,,,,,,,,,,,,,,,,,,,,,,,
Sea Serpent Teeth,F:\Obsidian\PF2e-Core-Vault\3-Rules\Character Building\Equipment\Harvest Compendium Equipment\S\Sea Serpent Teeth.md,worn_item,,unrecognized Publisher_Source for source='',Sea Serpent Teeth,,,,,,,,,,,,,,,,,,,,,,,,,,,,,
Servant's Uniform,F:\Obsidian\PF2e-Core-Vault\3-Rules\Character Building\Equipment\Harvest Compendium Equipment\S\Servant's Uniform.md,worn_item,,unrecognized Publisher_Source for source='',Servant's Uniform,,,,,,,,,,,,,,,,,,,,,,,,,,,,,
Serving Platter,F:\Obsidian\PF2e-Core-Vault\3-Rules\Character Building\Equipment\Harvest Compendium Equipment\S\Serving Platter.md,worn_item,,unrecognized Publisher_Source for source='',Serving Platter,,,,,,,,,,,,,,,,,,,,,,,,,,,,,
Serving Tray,F:\Obsidian\PF2e-Core-Vault\3-Rules\Character Building\Equipment\Harvest Compendium Equipment\S\Serving Tray.md,worn_item,,unrecognized Publisher_Source for source='',Serving Tray,,,,,,,,,,,,,,,,,,,,,,,,,,,,,
Shadow Shift Cloak,F:\Obsidian\PF2e-Core-Vault\3-Rules\Character Building\Equipment\Harvest Compendium Equipment\S\Shadow Shift Cloak.md,worn_item,,unrecognized Publisher_Source for source='',Shadow Shift Cloak,,,,,,,,,,,,,,,,,,,,,,,,,,,,,
Shadow Stock,F:\Obsidian\PF2e-Core-Vault\3-Rules\Character Building\Equipment\Harvest Compendium Equipment\S\Shadow Stock.md,worn_item,Shadowmist Cape,unrecognized Publisher_Source for source='',Shadow Stock,,,,,,,,,,,,,,,,,,,,,,,,,,,,,
Shambler Vines,F:\Obsidian\PF2e-Core-Vault\3-Rules\Character Building\Equipment\Harvest Compendium Equipment\S\Shambler Vines.md,worn_item,,unrecognized Publisher_Source for source='',Shambler Vines,,,,,,,,,,,,,,,,,,,,,,,,,,,,,
Shark Teeth,F:\Obsidian\PF2e-Core-Vault\3-Rules\Character Building\Equipment\Harvest Compendium Equipment\S\Shark Teeth.md,worn_item,,unrecognized Publisher_Source for source='',Shark Teeth,,,,,,,,,,,,,,,,,,,,,,,,,,,,,
Shemhazian Pincher Points,F:\Obsidian\PF2e-Core-Vault\3-Rules\Character Building\Equipment\Harvest Compendium Equipment\S\Shemhazian Pincher Points.md,worn_item,,unrecognized Publisher_Source for source='',Shemhazian Pincher Points,,,,,,,,,,,,,,,,,,,,,,,,,,,,,
Shemhazian Tail,F:\Obsidian\PF2e-Core-Vault\3-Rules\Character Building\Equipment\Harvest Compendium Equipment\S\Shemhazian Tail.md,worn_item,,unrecognized Publisher_Source for source='',Shemhazian Tail,,,,,,,,,,,,,,,,,,,,,,,,,,,,,
Shemhazian Teeth,F:\Obsidian\PF2e-Core-Vault\3-Rules\Character Building\Equipment\Harvest Compendium Equipment\S\Shemhazian Teeth.md,worn_item,,unrecognized Publisher_Source for source='',Shemhazian Teeth,,,,,,,,,,,,,,,,,,,,,,,,,,,,,
Shield Archon Eyes,F:\Obsidian\PF2e-Core-Vault\3-Rules\Character Building\Equipment\Harvest Compendium Equipment\S\Shield Archon Eyes.md,worn_item,Shield Harness,unrecognized Publisher_Source for source='',Shield Archon Eyes,,,,,,,,,,,,,,,,,,,,,,,,,,,,,
Shifter Solution,F:\Obsidian\PF2e-Core-Vault\3-Rules\Character Building\Equipment\Harvest Compendium Equipment\S\Shifter Solution.md,worn_item,,unrecognized Publisher_Source for source='',Shifter Solution,,,,,,,,,,,,,,,,,,,,,,,,,,,,,
Shiv,F:\Obsidian\PF2e-Core-Vault\3-Rules\Character Building\Equipment\Harvest Compendium Equipment\S\Shiv.md,worn_item,Shiver,unrecognized Publisher_Source for source='',Shiv,,,,,,,,,,,,,,,,,,,,,,,,,,,,,
Shoggoth Goo,F:\Obsidian\PF2e-Core-Vault\3-Rules\Character Building\Equipment\Harvest Compendium Equipment\S\Shoggoth Goo.md,worn_item,,unrecognized Publisher_Source for source='',Shoggoth Goo,,,,,,,,,,,,,,,,,,,,,,,,,,,,,
Shuln Claws,F:\Obsidian\PF2e-Core-Vault\3-Rules\Character Building\Equipment\Harvest Compendium Equipment\S\Shuln Claws.md,worn_item,,unrecognized Publisher_Source for source='',Shuln Claws,,,,,,,,,,,,,,,,,,,,,,,,,,,,,
Shuln Fang,F:\Obsidian\PF2e-Core-Vault\3-Rules\Character Building\Equipment\Harvest Compendium Equipment\S\Shuln Fang.md,worn_item,Shuln Fang Katar,unrecognized Publisher_Source for source='',Shuln Fang,,,,,,,,,,,,,,,,,,,,,,,,,,,,,
Shuln Skeleton,F:\Obsidian\PF2e-Core-Vault\3-Rules\Character Building\Equipment\Harvest Compendium Equipment\S\Shuln Skeleton.md,worn_item,,unrecognized Publisher_Source for source='',Shuln Skeleton,,,,,,,,,,,,,,,,,,,,,,,,,,,,,
Signet Ring,F:\Obsidian\PF2e-Core-Vault\3-Rules\Character Building\Equipment\Harvest Compendium Equipment\S\Signet Ring.md,worn_item,,unrecognized Publisher_Source for source='',Signet Ring,,,,,,,,,,,,,,,,,,,,,,,,,,,,,
Silver Flask,F:\Obsidian\PF2e-Core-Vault\3-Rules\Character Building\Equipment\Harvest Compendium Equipment\S\Silver Flask.md,worn_item,,unrecognized Publisher_Source for source='',Silver Flask,,,,,,,,,,,,,,,,,,,,,,,,,,,,,
Simple Injury Poison,F:\Obsidian\PF2e-Core-Vault\3-Rules\Character Building\Equipment\Harvest Compendium Equipment\S\Simple Injury Poison.md,worn_item,,unrecognized Publisher_Source for source='',Simple Injury Poison,,,,,,,,,,,,,,,,,,,,,,,,,,,,,
Simurgh Blood,F:\Obsidian\PF2e-Core-Vault\3-Rules\Character Building\Equipment\Harvest Compendium Equipment\S\Simurgh Blood.md,worn_item,,unrecognized Publisher_Source for source='',Simurgh Blood,,,,,,,,,,,,,,,,,,,,,,,,,,,,,
Simurgh Fangs,F:\Obsidian\PF2e-Core-Vault\3-Rules\Character Building\Equipment\Harvest Compendium Equipment\S\Simurgh Fangs.md,worn_item,,unrecognized Publisher_Source for source='',Simurgh Fangs,,,,,,,,,,,,,,,,,,,,,,,,,,,,,
Simurgh Heart,F:\Obsidian\PF2e-Core-Vault\3-Rules\Character Building\Equipment\Harvest Compendium Equipment\S\Simurgh Heart.md,worn_item,,unrecognized Publisher_Source for source='',Simurgh Heart,,,,,,,,,,,,,,,,,,,,,,,,,,,,,
Skeletal Lore Necklace,F:\Obsidian\PF2e-Core-Vault\3-Rules\Character Building\Equipment\Harvest Compendium Equipment\S\Skeletal Lore Necklace.md,worn_item,,unrecognized Publisher_Source for source='',Skeletal Lore Necklace,,,,,,,,,,,,,,,,,,,,,,,,,,,,,
Skullcap of Treerazer,F:\Obsidian\PF2e-Core-Vault\3-Rules\Character Building\Equipment\Harvest Compendium Equipment\S\Skullcap of Treerazer.md,worn_item,,unrecognized Publisher_Source for source='',Skullcap of Treerazer,,,,,,,,,,,,,,,,,,,,,,,,,,,,,
Skulltaker Skull,F:\Obsidian\PF2e-Core-Vault\3-Rules\Character Building\Equipment\Harvest Compendium Equipment\S\Skulltaker Skull.md,worn_item,,unrecognized Publisher_Source for source='',Skulltaker Skull,,,,,,,,,,,,,,,,,,,,,,,,,,,,,
Skulltaker's Shroud,F:\Obsidian\PF2e-Core-Vault\3-Rules\Character Building\Equipment\Harvest Compendium Equipment\S\Skulltaker's Shroud.md,worn_item,,unrecognized Publisher_Source for source='',Skulltaker's Shroud,,,,,,,,,,,,,,,,,,,,,,,,,,,,,
Sleep Gas,F:\Obsidian\PF2e-Core-Vault\3-Rules\Character Building\Equipment\Harvest Compendium Equipment\S\Sleep Gas.md,worn_item,,unrecognized Publisher_Source for source='',Sleep Gas,,,,,,,,,,,,,,,,,,,,,,,,,,,,,
Slippery Slime,F:\Obsidian\PF2e-Core-Vault\3-Rules\Character Building\Equipment\Harvest Compendium Equipment\S\Slippery Slime.md,worn_item,,unrecognized Publisher_Source for source='',Slippery Slime,,,,,,,,,,,,,,,,,,,,,,,,,,,,,
Small Wemmuth Vines,F:\Obsidian\PF2e-Core-Vault\3-Rules\Character Building\Equipment\Harvest Compendium Equipment\S\Small Wemmuth Vines.md,worn_item,,unrecognized Publisher_Source for source='',Small Wemmuth Vines,,,,,,,,,,,,,,,,,,,,,,,,,,,,,
Smilodon Fangs,F:\Obsidian\PF2e-Core-Vault\3-Rules\Character Building\Equipment\Harvest Compendium Equipment\S\Smilodon Fangs.md,worn_item,,unrecognized Publisher_Source for source='',Smilodon Fangs,,,,,,,,,,,,,,,,,,,,,,,,,,,,,
Snakeskin (Ball Python),F:\Obsidian\PF2e-Core-Vault\3-Rules\Character Building\Equipment\Harvest Compendium Equipment\S\Snakeskin (Ball Python).md,worn_item,,unrecognized Publisher_Source for source='',Snakeskin (Ball Python),,,,,,,,,,,,,,,,,,,,,,,,,,,,,
Snakeskin (Giant Anaconda),F:\Obsidian\PF2e-Core-Vault\3-Rules\Character Building\Equipment\Harvest Compendium Equipment\S\Snakeskin (Giant Anaconda).md,worn_item,,unrecognized Publisher_Source for source='',Snakeskin (Giant Anaconda),,,,,,,,,,,,,,,,,,,,,,,,,,,,,
Snakeskin (Giant Viper),F:\Obsidian\PF2e-Core-Vault\3-Rules\Character Building\Equipment\Harvest Compendium Equipment\S\Snakeskin (Giant Viper).md,worn_item,,unrecognized Publisher_Source for source='',Snakeskin (Giant Viper),,,,,,,,,,,,,,,,,,,,,,,,,,,,,
Snakeskin (Viper),F:\Obsidian\PF2e-Core-Vault\3-Rules\Character Building\Equipment\Harvest Compendium Equipment\S\Snakeskin (Viper).md,worn_item,,unrecognized Publisher_Source for source='',Snakeskin (Viper),,,,,,,,,,,,,,,,,,,,,,,,,,,,,
Soul Gem,F:\Obsidian\PF2e-Core-Vault\3-Rules\Character Building\Equipment\Harvest Compendium Equipment\S\Soul Gem.md,worn_item,Soul Cage,unrecognized Publisher_Source for source='',Soul Gem,,,,,,,,,,,,,,,,,,,,,,,,,,,,,
Spell Essence,F:\Obsidian\PF2e-Core-Vault\3-Rules\Character Building\Equipment\Harvest Compendium Equipment\S\Spell Essence.md,worn_item,Spellender,unrecognized Publisher_Source for source='',Spell Essence,,,,,,,,,,,,,,,,,,,,,,,,,,,,,
Sphinx Claws,F:\Obsidian\PF2e-Core-Vault\3-Rules\Character Building\Equipment\Harvest Compendium Equipment\S\Sphinx Claws.md,worn_item,Slashing Claws,unrecognized Publisher_Source for source='',Sphinx Claws,,,,,,,,,,,,,,,,,,,,,,,,,,,,,
Sphinx Eyes,F:\Obsidian\PF2e-Core-Vault\3-Rules\Character Building\Equipment\Harvest Compendium Equipment\S\Sphinx Eyes.md,worn_item,,unrecognized Publisher_Source for source='',Sphinx Eyes,,,,,,,,,,,,,,,,,,,,,,,,,,,,,
Sphinx Feathers,F:\Obsidian\PF2e-Core-Vault\3-Rules\Character Building\Equipment\Harvest Compendium Equipment\S\Sphinx Feathers.md,worn_item,,unrecognized Publisher_Source for source='',Sphinx Feathers,,,,,,,,,,,,,,,,,,,,,,,,,,,,,
Spider Silk,F:\Obsidian\PF2e-Core-Vault\3-Rules\Character Building\Equipment\Harvest Compendium Equipment\S\spider-silk.md,worn_item,,unrecognized Publisher_Source for source='Harvest Compendium',Spider Silk,Harvest Compendium pg. 117,,ingredient,2,,,,,,,5,,,,,,,,,,,,,,,,,,
Spirit Cloth,F:\Obsidian\PF2e-Core-Vault\3-Rules\Character Building\Equipment\Harvest Compendium Equipment\S\Spirit Cloth.md,worn_item,,unrecognized Publisher_Source for source='',Spirit Cloth,,,,,,,,,,,,,,,,,,,,,,,,,,,,,
Standard-Grade Alghollthu Rawhide Armor,F:\Obsidian\PF2e-Core-Vault\3-Rules\Character Building\Equipment\Harvest Compendium Equipment\S\Standard-Grade Alghollthu Rawhide Armor.md,material,,unrecognized Publisher_Source for source='',Standard-Grade Alghollthu Rawhide Armor,,,,,,,,,,,,,,,,,,,,,,,,,,,,,
Standard-Grade Baomal Shellplate Armor,F:\Obsidian\PF2e-Core-Vault\3-Rules\Character Building\Equipment\Harvest Compendium Equipment\S\Standard-Grade Baomal Shellplate Armor.md,material,,unrecognized Publisher_Source for source='',Standard-Grade Baomal Shellplate Armor,,,,,,,,,,,,,,,,,,,,,,,,,,,,,
Standard-Grade Barghest Rawhide Armor,F:\Obsidian\PF2e-Core-Vault\3-Rules\Character Building\Equipment\Harvest Compendium Equipment\S\Standard-Grade Barghest Rawhide Armor.md,material,,unrecognized Publisher_Source for source='',Standard-Grade Barghest Rawhide Armor,,,,,,,,,,,,,,,,,,,,,,,,,,,,,
Standard-Grade Cave Worm Rawhide Armor,F:\Obsidian\PF2e-Core-Vault\3-Rules\Character Building\Equipment\Harvest Compendium Equipment\S\Standard-Grade Cave Worm Rawhide Armor.md,material,,unrecognized Publisher_Source for source='',Standard-Grade Cave Worm Rawhide Armor,,,,,,,,,,,,,,,,,,,,,,,,,,,,,
Standard-Grade Dragon Turtle Shellplate Armor,F:\Obsidian\PF2e-Core-Vault\3-Rules\Character Building\Equipment\Harvest Compendium Equipment\S\Standard-Grade Dragon Turtle Shellplate Armor.md,material,,unrecognized Publisher_Source for source='',Standard-Grade Dragon Turtle Shellplate Armor,,,,,,,,,,,,,,,,,,,,,,,,,,,,,
Standard-Grade Faerie Dragonhide Armor,F:\Obsidian\PF2e-Core-Vault\3-Rules\Character Building\Equipment\Harvest Compendium Equipment\S\Standard-Grade Faerie Dragonhide Armor.md,material,,unrecognized Publisher_Source for source='',Standard-Grade Faerie Dragonhide Armor,,,,,,,,,,,,,,,,,,,,,,,,,,,,,
Standard-Grade Kraken Rawhide Armor,F:\Obsidian\PF2e-Core-Vault\3-Rules\Character Building\Equipment\Harvest Compendium Equipment\S\Standard-Grade Kraken Rawhide Armor.md,material,,unrecognized Publisher_Source for source='',Standard-Grade Kraken Rawhide Armor,,,,,,,,,,,,,,,,,,,,,,,,,,,,,
Standard-Grade Mukradi Rawhide Armor,F:\Obsidian\PF2e-Core-Vault\3-Rules\Character Building\Equipment\Harvest Compendium Equipment\S\Standard-Grade Mukradi Rawhide Armor.md,material,,unrecognized Publisher_Source for source='',Standard-Grade Mukradi Rawhide Armor,,,,,,,,,,,,,,,,,,,,,,,,,,,,,
Standard-Grade Remorhaz Rawhide Armor,F:\Obsidian\PF2e-Core-Vault\3-Rules\Character Building\Equipment\Harvest Compendium Equipment\S\Standard-Grade Remorhaz Rawhide Armor.md,material,,unrecognized Publisher_Source for source='',Standard-Grade Remorhaz Rawhide Armor,,,,,,,,,,,,,,,,,,,,,,,,,,,,,
Stegosaurus Dorsal Plates,F:\Obsidian\PF2e-Core-Vault\3-Rules\Character Building\Equipment\Harvest Compendium Equipment\S\Stegosaurus Dorsal Plates.md,worn_item,,unrecognized Publisher_Source for source='',Stegosaurus Dorsal Plates,,,,,,,,,,,,,,,,,,,,,,,,,,,,,
Sticky Adhesive,F:\Obsidian\PF2e-Core-Vault\3-Rules\Character Building\Equipment\Harvest Compendium Equipment\S\Sticky Adhesive.md,worn_item,,unrecognized Publisher_Source for source='',Sticky Adhesive,,,,,,,,,,,,,,,,,,,,,,,,,,,,,
Stone Golem Engine Core,F:\Obsidian\PF2e-Core-Vault\3-Rules\Character Building\Equipment\Harvest Compendium Equipment\S\Stone Golem Engine Core.md,worn_item,,unrecognized Publisher_Source for source='',Stone Golem Engine Core,,,,,,,,,,,,,,,,,,,,,,,,,,,,,
Stony Basilisk Eyes,F:\Obsidian\PF2e-Core-Vault\3-Rules\Character Building\Equipment\Harvest Compendium Equipment\S\stony-basilisk-eyes.md,worn_item,Basilisk Eye,unrecognized Publisher_Source for source='Harvest Compendium',Stony Basilisk Eyes,Harvest Compendium,,ingredient,2,,,,,,,10,,,,,,,,,,,,,,,,,,
Striking Rune Framework,F:\Obsidian\PF2e-Core-Vault\3-Rules\Character Building\Equipment\Harvest Compendium Equipment\S\Striking Rune Framework.md,worn_item,,unrecognized Publisher_Source for source='',Striking Rune Framework,,,,,,,,,,,,,,,,,,,,,,,,,,,,,
Stuffed Spider Doll,F:\Obsidian\PF2e-Core-Vault\3-Rules\Character Building\Equipment\Harvest Compendium Equipment\S\Stuffed Spider Doll.md,worn_item,,unrecognized Publisher_Source for source='',Stuffed Spider Doll,,,,,,,,,,,,,,,,,,,,,,,,,,,,,
Succubus Horns,F:\Obsidian\PF2e-Core-Vault\3-Rules\Character Building\Equipment\Harvest Compendium Equipment\S\Succubus Horns.md,worn_item,Succubus Kiss,unrecognized Publisher_Source for source='',Succubus Horns,,,,,,,,,,,,,,,,,,,,,,,,,,,,,
Succubus Tongue,F:\Obsidian\PF2e-Core-Vault\3-Rules\Character Building\Equipment\Harvest Compendium Equipment\S\Succubus Tongue.md,worn_item,,unrecognized Publisher_Source for source='',Succubus Tongue,,,,,,,,,,,,,,,,,,,,,,,,,,,,,
Swift Water,F:\Obsidian\PF2e-Core-Vault\3-Rules\Character Building\Equipment\Harvest Compendium Equipment\S\Swift Water.md,worn_item,,unrecognized Publisher_Source for source='',Swift Water,,,,,,,,,,,,,,,,,,,,,,,,,,,,,
Sylvan Wineskin,F:\Obsidian\PF2e-Core-Vault\3-Rules\Character Building\Equipment\Harvest Compendium Equipment\S\Sylvan Wineskin.md,worn_item,,unrecognized Publisher_Source for source='',Sylvan Wineskin,,,,,,,,,,,,,,,,,,,,,,,,,,,,,
Tarn Linnorm Hide,F:\Obsidian\PF2e-Core-Vault\3-Rules\Character Building\Equipment\Harvest Compendium Equipment\T\Tarn Linnorm Hide.md,worn_item,,unrecognized Publisher_Source for source='',Tarn Linnorm Hide,,,,,,,,,,,,,,,,,,,,,,,,,,,,,
Tax Ledgers,F:\Obsidian\PF2e-Core-Vault\3-Rules\Character Building\Equipment\Harvest Compendium Equipment\T\Tax Ledgers.md,worn_item,,unrecognized Publisher_Source for source='',Tax Ledgers,,,,,,,,,,,,,,,,,,,,,,,,,,,,,
Terotricus Infestation Spores,F:\Obsidian\PF2e-Core-Vault\3-Rules\Character Building\Equipment\Harvest Compendium Equipment\T\Terotricus Infestation Spores.md,worn_item,,unrecognized Publisher_Source for source='',Terotricus Infestation Spores,,,,,,,,,,,,,,,,,,,,,,,,,,,,,
Textbook,F:\Obsidian\PF2e-Core-Vault\3-Rules\Character Building\Equipment\Harvest Compendium Equipment\T\Textbook.md,worn_item,,unrecognized Publisher_Source for source='',Textbook,,,,,,,,,,,,,,,,,,,,,,,,,,,,,
Tiefling Spellbook,F:\Obsidian\PF2e-Core-Vault\3-Rules\Character Building\Equipment\Harvest Compendium Equipment\T\Tiefling Spellbook.md,worn_item,,unrecognized Publisher_Source for source='',Tiefling Spellbook,,,,,,,,,,,,,,,,,,,,,,,,,,,,,
Tiger Fangs,F:\Obsidian\PF2e-Core-Vault\3-Rules\Character Building\Equipment\Harvest Compendium Equipment\T\tiger-fangs.md,worn_item,,unrecognized Publisher_Source for source='Harvest Compendium',Tiger Fangs,Harvest Compendium pg. 25,uncommon,"consumable, magical, talisman",2,,,,,,,5,,,,,,,,,,,,,,,,,,
Tiny Plague Doctor Mask,F:\Obsidian\PF2e-Core-Vault\3-Rules\Character Building\Equipment\Harvest Compendium Equipment\T\Tiny Plague Doctor Mask.md,worn_item,,unrecognized Publisher_Source for source='',Tiny Plague Doctor Mask,,,,,,,,,,,,,,,,,,,,,,,,,,,,,
Tor Linnorm Hide,F:\Obsidian\PF2e-Core-Vault\3-Rules\Character Building\Equipment\Harvest Compendium Equipment\T\Tor Linnorm Hide.md,worn_item,,unrecognized Publisher_Source for source='',Tor Linnorm Hide,,,,,,,,,,,,,,,,,,,,,,,,,,,,,
Toxic (Greater),F:\Obsidian\PF2e-Core-Vault\3-Rules\Character Building\Equipment\Harvest Compendium Equipment\T\Toxic (Greater).md,worn_item,Slick (Greater); Shock (Greater); Oozepick (Greater),unrecognized Publisher_Source for source='',Toxic (Greater),,,,,,,,,,,,,,,,,,,,,,,,,,,,,
Toxic,F:\Obsidian\PF2e-Core-Vault\3-Rules\Character Building\Equipment\Harvest Compendium Equipment\T\Toxic.md,worn_item,,unrecognized Publisher_Source for source='',Toxic,,,,,,,,,,,,,,,,,,,,,,,,,,,,,
Triceratops Horns,F:\Obsidian\PF2e-Core-Vault\3-Rules\Character Building\Equipment\Harvest Compendium Equipment\T\Triceratops Horns.md,worn_item,,unrecognized Publisher_Source for source='',Triceratops Horns,,,,,,,,,,,,,,,,,,,,,,,,,,,,,
Troll Blood,F:\Obsidian\PF2e-Core-Vault\3-Rules\Character Building\Equipment\Harvest Compendium Equipment\T\Troll Blood.md,worn_item,,unrecognized Publisher_Source for source='',Troll Blood,,,,,,,,,,,,,,,,,,,,,,,,,,,,,
Troll Claws,F:\Obsidian\PF2e-Core-Vault\3-Rules\Character Building\Equipment\Harvest Compendium Equipment\T\Troll Claws.md,worn_item,,unrecognized Publisher_Source for source='',Troll Claws,,,,,,,,,,,,,,,,,,,,,,,,,,,,,
Troll Teeth,F:\Obsidian\PF2e-Core-Vault\3-Rules\Character Building\Equipment\Harvest Compendium Equipment\T\Troll Teeth.md,worn_item,,unrecognized Publisher_Source for source='',Troll Teeth,,,,,,,,,,,,,,,,,,,,,,,,,,,,,
Trueseeing Eyes,F:\Obsidian\PF2e-Core-Vault\3-Rules\Character Building\Equipment\Harvest Compendium Equipment\T\Trueseeing Eyes.md,worn_item,,unrecognized Publisher_Source for source='',Trueseeing Eyes,,,,,,,,,,,,,,,,,,,,,,,,,,,,,
Tyrannosaurus Claws,F:\Obsidian\PF2e-Core-Vault\3-Rules\Character Building\Equipment\Harvest Compendium Equipment\T\Tyrannosaurus Claws.md,worn_item,,unrecognized Publisher_Source for source='',Tyrannosaurus Claws,,,,,,,,,,,,,,,,,,,,,,,,,,,,,
Tyrannosaurus Head,F:\Obsidian\PF2e-Core-Vault\3-Rules\Character Building\Equipment\Harvest Compendium Equipment\T\Tyrannosaurus Head.md,worn_item,,unrecognized Publisher_Source for source='',Tyrannosaurus Head,,,,,,,,,,,,,,,,,,,,,,,,,,,,,
Undead Bone Dust,F:\Obsidian\PF2e-Core-Vault\3-Rules\Character Building\Equipment\Harvest Compendium Equipment\U\Undead Bone Dust.md,worn_item,,unrecognized Publisher_Source for source='',Undead Bone Dust,,,,,,,,,,,,,,,,,,,,,,,,,,,,,
Unicorn Horn,F:\Obsidian\PF2e-Core-Vault\3-Rules\Character Building\Equipment\Harvest Compendium Equipment\U\Unicorn Horn.md,worn_item,,unrecognized Publisher_Source for source='',Unicorn Horn,,,,,,,,,,,,,,,,,,,,,,,,,,,,,
Unprocessed Amnesia Venom,F:\Obsidian\PF2e-Core-Vault\3-Rules\Character Building\Equipment\Harvest Compendium Equipment\U\Unprocessed Amnesia Venom.md,worn_item,,unrecognized Publisher_Source for source='',Unprocessed Amnesia Venom,,,,,,,,,,,,,,,,,,,,,,,,,,,,,
Unprocessed Azure Worm Venom,F:\Obsidian\PF2e-Core-Vault\3-Rules\Character Building\Equipment\Harvest Compendium Equipment\U\Unprocessed Azure Worm Venom.md,worn_item,,unrecognized Publisher_Source for source='',Unprocessed Azure Worm Venom,,,,,,,,,,,,,,,,,,,,,,,,,,,,,
Unprocessed Chuul Paralytic Venom,F:\Obsidian\PF2e-Core-Vault\3-Rules\Character Building\Equipment\Harvest Compendium Equipment\U\Unprocessed Chuul Paralytic Venom.md,worn_item,,unrecognized Publisher_Source for source='',Unprocessed Chuul Paralytic Venom,,,,,,,,,,,,,,,,,,,,,,,,,,,,,
Unprocessed Crag Linnorm Venom,F:\Obsidian\PF2e-Core-Vault\3-Rules\Character Building\Equipment\Harvest Compendium Equipment\U\Unprocessed Crag Linnorm Venom.md,worn_item,,unrecognized Publisher_Source for source='',Unprocessed Crag Linnorm Venom,,,,,,,,,,,,,,,,,,,,,,,,,,,,,
Unprocessed Crimson Worm Venom,F:\Obsidian\PF2e-Core-Vault\3-Rules\Character Building\Equipment\Harvest Compendium Equipment\U\Unprocessed Crimson Worm Venom.md,worn_item,,unrecognized Publisher_Source for source='',Unprocessed Crimson Worm Venom,,,,,,,,,,,,,,,,,,,,,,,,,,,,,
Unprocessed Dark Naga Venom,F:\Obsidian\PF2e-Core-Vault\3-Rules\Character Building\Equipment\Harvest Compendium Equipment\U\Unprocessed Dark Naga Venom.md,worn_item,,unrecognized Publisher_Source for source='',Unprocessed Dark Naga Venom,,,,,,,,,,,,,,,,,,,,,,,,,,,,,
Unprocessed Drider Venom,F:\Obsidian\PF2e-Core-Vault\3-Rules\Character Building\Equipment\Harvest Compendium Equipment\U\Unprocessed Drider Venom.md,worn_item,,unrecognized Publisher_Source for source='',Unprocessed Drider Venom,,,,,,,,,,,,,,,,,,,,,,,,,,,,,
Unprocessed Ether Spider Venom,F:\Obsidian\PF2e-Core-Vault\3-Rules\Character Building\Equipment\Harvest Compendium Equipment\U\Unprocessed Ether Spider Venom.md,worn_item,,unrecognized Publisher_Source for source='',Unprocessed Ether Spider Venom,,,,,,,,,,,,,,,,,,,,,,,,,,,,,
Unprocessed Giant Monitor Lizard Venom,F:\Obsidian\PF2e-Core-Vault\3-Rules\Character Building\Equipment\Harvest Compendium Equipment\U\Unprocessed Giant Monitor Lizard Venom.md,worn_item,,unrecognized Publisher_Source for source='',Unprocessed Giant Monitor Lizard Venom,,,,,,,,,,,,,,,,,,,,,,,,,,,,,
Unprocessed Giant Octopus Venom,F:\Obsidian\PF2e-Core-Vault\3-Rules\Character Building\Equipment\Harvest Compendium Equipment\U\Unprocessed Giant Octopus Venom.md,worn_item,,unrecognized Publisher_Source for source='',Unprocessed Giant Octopus Venom,,,,,,,,,,,,,,,,,,,,,,,,,,,,,
Unprocessed Giant Viper Venom,F:\Obsidian\PF2e-Core-Vault\3-Rules\Character Building\Equipment\Harvest Compendium Equipment\U\Unprocessed Giant Viper Venom.md,worn_item,,unrecognized Publisher_Source for source='',Unprocessed Giant Viper Venom,,,,,,,,,,,,,,,,,,,,,,,,,,,,,
Unprocessed Guardian Naga Venom,F:\Obsidian\PF2e-Core-Vault\3-Rules\Character Building\Equipment\Harvest Compendium Equipment\U\Unprocessed Guardian Naga Venom.md,worn_item,,unrecognized Publisher_Source for source='',Unprocessed Guardian Naga Venom,,,,,,,,,,,,,,,,,,,,,,,,,,,,,
Unprocessed Ice Linnorm Venom,F:\Obsidian\PF2e-Core-Vault\3-Rules\Character Building\Equipment\Harvest Compendium Equipment\U\Unprocessed Ice Linnorm Venom.md,worn_item,,unrecognized Publisher_Source for source='',Unprocessed Ice Linnorm Venom,,,,,,,,,,,,,,,,,,,,,,,,,,,,,
Unprocessed Jungle Drake Venom,F:\Obsidian\PF2e-Core-Vault\3-Rules\Character Building\Equipment\Harvest Compendium Equipment\U\Unprocessed Jungle Drake Venom.md,worn_item,,unrecognized Publisher_Source for source='',Unprocessed Jungle Drake Venom,,,,,,,,,,,,,,,,,,,,,,,,,,,,,
Unprocessed Kraken Ink Poison,F:\Obsidian\PF2e-Core-Vault\3-Rules\Character Building\Equipment\Harvest Compendium Equipment\U\Unprocessed Kraken Ink Poison.md,worn_item,,unrecognized Publisher_Source for source='',Unprocessed Kraken Ink Poison,,,,,,,,,,,,,,,,,,,,,,,,,,,,,
Unprocessed Pit Fiend Venom,F:\Obsidian\PF2e-Core-Vault\3-Rules\Character Building\Equipment\Harvest Compendium Equipment\U\Unprocessed Pit Fiend Venom.md,worn_item,,unrecognized Publisher_Source for source='',Unprocessed Pit Fiend Venom,,,,,,,,,,,,,,,,,,,,,,,,,,,,,
Unprocessed Reefclaw Venom,F:\Obsidian\PF2e-Core-Vault\3-Rules\Character Building\Equipment\Harvest Compendium Equipment\U\Unprocessed Reefclaw Venom.md,worn_item,,unrecognized Publisher_Source for source='',Unprocessed Reefclaw Venom,,,,,,,,,,,,,,,,,,,,,,,,,,,,,
Unprocessed Sea Serpent Algae,F:\Obsidian\PF2e-Core-Vault\3-Rules\Character Building\Equipment\Harvest Compendium Equipment\U\Unprocessed Sea Serpent Algae.md,worn_item,,unrecognized Publisher_Source for source='',Unprocessed Sea Serpent Algae,,,,,,,,,,,,,,,,,,,,,,,,,,,,,
Unprocessed Serpent Venom,F:\Obsidian\PF2e-Core-Vault\3-Rules\Character Building\Equipment\Harvest Compendium Equipment\U\Unprocessed Serpent Venom.md,worn_item,,unrecognized Publisher_Source for source='',Unprocessed Serpent Venom,,,,,,,,,,,,,,,,,,,,,,,,,,,,,
Unprocessed Shuln Saliva,F:\Obsidian\PF2e-Core-Vault\3-Rules\Character Building\Equipment\Harvest Compendium Equipment\U\Unprocessed Shuln Saliva.md,worn_item,,unrecognized Publisher_Source for source='',Unprocessed Shuln Saliva,,,,,,,,,,,,,,,,,,,,,,,,,,,,,
Unprocessed Sin Spirit (Envy),F:\Obsidian\PF2e-Core-Vault\3-Rules\Character Building\Equipment\Harvest Compendium Equipment\U\Unprocessed Sin Spirit (Envy).md,worn_item,,unrecognized Publisher_Source for source='',Unprocessed Sin Spirit (Envy),,,,,,,,,,,,,,,,,,,,,,,,,,,,,
Unprocessed Sin Spirit (Gluttony),F:\Obsidian\PF2e-Core-Vault\3-Rules\Character Building\Equipment\Harvest Compendium Equipment\U\Unprocessed Sin Spirit (Gluttony).md,worn_item,,unrecognized Publisher_Source for source='',Unprocessed Sin Spirit (Gluttony),,,,,,,,,,,,,,,,,,,,,,,,,,,,,
Unprocessed Sin Spirit (Greed),F:\Obsidian\PF2e-Core-Vault\3-Rules\Character Building\Equipment\Harvest Compendium Equipment\U\Unprocessed Sin Spirit (Greed).md,worn_item,,unrecognized Publisher_Source for source='',Unprocessed Sin Spirit (Greed),,,,,,,,,,,,,,,,,,,,,,,,,,,,,
Unprocessed Sin Spirit (Lust),F:\Obsidian\PF2e-Core-Vault\3-Rules\Character Building\Equipment\Harvest Compendium Equipment\U\Unprocessed Sin Spirit (Lust).md,worn_item,,unrecognized Publisher_Source for source='',Unprocessed Sin Spirit (Lust),,,,,,,,,,,,,,,,,,,,,,,,,,,,,
Unprocessed Sin Spirit (Pride),F:\Obsidian\PF2e-Core-Vault\3-Rules\Character Building\Equipment\Harvest Compendium Equipment\U\Unprocessed Sin Spirit (Pride).md,worn_item,,unrecognized Publisher_Source for source='',Unprocessed Sin Spirit (Pride),,,,,,,,,,,,,,,,,,,,,,,,,,,,,
Unprocessed Sin Spirit (Sloth),F:\Obsidian\PF2e-Core-Vault\3-Rules\Character Building\Equipment\Harvest Compendium Equipment\U\Unprocessed Sin Spirit (Sloth).md,worn_item,,unrecognized Publisher_Source for source='',Unprocessed Sin Spirit (Sloth),,,,,,,,,,,,,,,,,,,,,,,,,,,,,
Unprocessed Sin Spirit (Wrath),F:\Obsidian\PF2e-Core-Vault\3-Rules\Character Building\Equipment\Harvest Compendium Equipment\U\Unprocessed Sin Spirit (Wrath).md,worn_item,,unrecognized Publisher_Source for source='',Unprocessed Sin Spirit (Wrath),,,,,,,,,,,,,,,,,,,,,,,,,,,,,
Unprocessed Tarn Linnorm Venom,F:\Obsidian\PF2e-Core-Vault\3-Rules\Character Building\Equipment\Harvest Compendium Equipment\U\Unprocessed Tarn Linnorm Venom.md,worn_item,,unrecognized Publisher_Source for source='',Unprocessed Tarn Linnorm Venom,,,,,,,,,,,,,,,,,,,,,,,,,,,,,
Unprocessed Tor Linnorm Venom,F:\Obsidian\PF2e-Core-Vault\3-Rules\Character Building\Equipment\Harvest Compendium Equipment\U\Unprocessed Tor Linnorm Venom.md,worn_item,,unrecognized Publisher_Source for source='',Unprocessed Tor Linnorm Venom,,,,,,,,,,,,,,,,,,,,,,,,,,,,,
Unprocessed Viper Venom,F:\Obsidian\PF2e-Core-Vault\3-Rules\Character Building\Equipment\Harvest Compendium Equipment\U\Unprocessed Viper Venom.md,worn_item,,unrecognized Publisher_Source for source='',Unprocessed Viper Venom,,,,,,,,,,,,,,,,,,,,,,,,,,,,,
Unprocessed Wasp Venom,F:\Obsidian\PF2e-Core-Vault\3-Rules\Character Building\Equipment\Harvest Compendium Equipment\U\Unprocessed Wasp Venom.md,worn_item,,unrecognized Publisher_Source for source='',Unprocessed Wasp Venom,,,,,,,,,,,,,,,,,,,,,,,,,,,,,
Unprocessed Web Lurker Venom,F:\Obsidian\PF2e-Core-Vault\3-Rules\Character Building\Equipment\Harvest Compendium Equipment\U\Unprocessed Web Lurker Venom.md,worn_item,,unrecognized Publisher_Source for source='',Unprocessed Web Lurker Venom,,,,,,,,,,,,,,,,,,,,,,,,,,,,,
Unprocessed Wyvern Venom,F:\Obsidian\PF2e-Core-Vault\3-Rules\Character Building\Equipment\Harvest Compendium Equipment\U\Unprocessed Wyvern Venom.md,worn_item,,unrecognized Publisher_Source for source='',Unprocessed Wyvern Venom,,,,,,,,,,,,,,,,,,,,,,,,,,,,,
Unprocessed Zombie Rot Cure,F:\Obsidian\PF2e-Core-Vault\3-Rules\Character Building\Equipment\Harvest Compendium Equipment\U\Unprocessed Zombie Rot Cure.md,worn_item,,unrecognized Publisher_Source for source='',Unprocessed Zombie Rot Cure,,,,,,,,,,,,,,,,,,,,,,,,,,,,,
Unprocessed Giant Tarantula Venom,F:\Obsidian\PF2e-Core-Vault\3-Rules\Character Building\Equipment\Harvest Compendium Equipment\U\unprocessed-giant-tarantula-venom.md,worn_item,,unrecognized Publisher_Source for source='Harvest Compendium',Unprocessed Giant Tarantula Venom,Harvest Compendium pg. 117,,"alchemical, consumable, injury, poison, processed",5,,,,,,,25,,,,,,,,,,,,,,,,,,
Unprocessed Goliath Spider Venom,F:\Obsidian\PF2e-Core-Vault\3-Rules\Character Building\Equipment\Harvest Compendium Equipment\U\unprocessed-goliath-spider-venom.md,worn_item,,unrecognized Publisher_Source for source='Harvest Compendium',Unprocessed Goliath Spider Venom,Harvest Compendium pg. 117,,"alchemical, consumable, injury, poison, processed",10,,,,,,,175,,,,,,,,,,,,,,,,,,
Unprocessed Hunting Spider Venom,F:\Obsidian\PF2e-Core-Vault\3-Rules\Character Building\Equipment\Harvest Compendium Equipment\U\unprocessed-hunting-spider-venom.md,worn_item,Hunting Spider Venom,unrecognized Publisher_Source for source='Harvest Compendium',Unprocessed Hunting Spider Venom,Harvest Compendium pg. 117,,"alchemical, consumable, injury, poison, processed",1,,,,,,,3,,,,,,,,,,,,,,,,,,
Unstable Kraken Ink,F:\Obsidian\PF2e-Core-Vault\3-Rules\Character Building\Equipment\Harvest Compendium Equipment\U\Unstable Kraken Ink.md,worn_item,,unrecognized Publisher_Source for source='',Unstable Kraken Ink,,,,,,,,,,,,,,,,,,,,,,,,,,,,,
Unsweet Dreams,F:\Obsidian\PF2e-Core-Vault\3-Rules\Character Building\Equipment\Harvest Compendium Equipment\U\Unsweet Dreams.md,worn_item,,unrecognized Publisher_Source for source='',Unsweet Dreams,,,,,,,,,,,,,,,,,,,,,,,,,,,,,
Vampire Blood,F:\Obsidian\PF2e-Core-Vault\3-Rules\Character Building\Equipment\Harvest Compendium Equipment\V\Vampire Blood.md,worn_item,,unrecognized Publisher_Source for source='',Vampire Blood,,,,,,,,,,,,,,,,,,,,,,,,,,,,,
Vampire Fangs,F:\Obsidian\PF2e-Core-Vault\3-Rules\Character Building\Equipment\Harvest Compendium Equipment\V\Vampire Fangs.md,worn_item,,unrecognized Publisher_Source for source='',Vampire Fangs,,,,,,,,,,,,,,,,,,,,,,,,,,,,,
Vampiric Ammunition,F:\Obsidian\PF2e-Core-Vault\3-Rules\Character Building\Equipment\Harvest Compendium Equipment\V\Vampiric Ammunition.md,worn_item,Sampling Ammunition,unrecognized Publisher_Source for source='',Vampiric Ammunition,,,,,,,,,,,,,,,,,,,,,,,,,,,,,
Veiled Master Tentacles,F:\Obsidian\PF2e-Core-Vault\3-Rules\Character Building\Equipment\Harvest Compendium Equipment\V\Veiled Master Tentacles.md,worn_item,,unrecognized Publisher_Source for source='',Veiled Master Tentacles,,,,,,,,,,,,,,,,,,,,,,,,,,,,,
Velociraptor Claw,F:\Obsidian\PF2e-Core-Vault\3-Rules\Character Building\Equipment\Harvest Compendium Equipment\V\Velociraptor Claw.md,worn_item,,unrecognized Publisher_Source for source='',Velociraptor Claw,,,,,,,,,,,,,,,,,,,,,,,,,,,,,
Vorpal Rune Framework,F:\Obsidian\PF2e-Core-Vault\3-Rules\Character Building\Equipment\Harvest Compendium Equipment\V\Vorpal Rune Framework.md,worn_item,,unrecognized Publisher_Source for source='',Vorpal Rune Framework,,,,,,,,,,,,,,,,,,,,,,,,,,,,,
Vrock Feathers,F:\Obsidian\PF2e-Core-Vault\3-Rules\Character Building\Equipment\Harvest Compendium Equipment\V\Vrock Feathers.md,worn_item,,unrecognized Publisher_Source for source='',Vrock Feathers,,,,,,,,,,,,,,,,,,,,,,,,,,,,,
Vrock Rawhide,F:\Obsidian\PF2e-Core-Vault\3-Rules\Character Building\Equipment\Harvest Compendium Equipment\V\Vrock Rawhide.md,worn_item,,unrecognized Publisher_Source for source='',Vrock Rawhide,,,,,,,,,,,,,,,,,,,,,,,,,,,,,
Vrock Vocal Cords,F:\Obsidian\PF2e-Core-Vault\3-Rules\Character Building\Equipment\Harvest Compendium Equipment\V\Vrock Vocal Cords.md,worn_item,,unrecognized Publisher_Source for source='',Vrock Vocal Cords,,,,,,,,,,,,,,,,,,,,,,,,,,,,,
Warg Fangs,F:\Obsidian\PF2e-Core-Vault\3-Rules\Character Building\Equipment\Harvest Compendium Equipment\W\warg-fangs.md,worn_item,,unrecognized Publisher_Source for source='Harvest Compendium',Warg Fangs,Harvest Compendium pg. 122,uncommon,"consumable, magical, talisman",2,,,,,,,5,,,,,,,,,,,,,,,,,,
Weakening Gas,F:\Obsidian\PF2e-Core-Vault\3-Rules\Character Building\Equipment\Harvest Compendium Equipment\W\Weakening Gas.md,worn_item,,unrecognized Publisher_Source for source='',Weakening Gas,,,,,,,,,,,,,,,,,,,,,,,,,,,,,
Weapon Potency Rune Framework,F:\Obsidian\PF2e-Core-Vault\3-Rules\Character Building\Equipment\Harvest Compendium Equipment\W\Weapon Potency Rune Framework.md,worn_item,,unrecognized Publisher_Source for source='',Weapon Potency Rune Framework,,,,,,,,,,,,,,,,,,,,,,,,,,,,,
Wendigo Antlers,F:\Obsidian\PF2e-Core-Vault\3-Rules\Character Building\Equipment\Harvest Compendium Equipment\W\Wendigo Antlers.md,worn_item,,unrecognized Publisher_Source for source='',Wendigo Antlers,,,,,,,,,,,,,,,,,,,,,,,,,,,,,
Wendigo Blood,F:\Obsidian\PF2e-Core-Vault\3-Rules\Character Building\Equipment\Harvest Compendium Equipment\W\Wendigo Blood.md,worn_item,,unrecognized Publisher_Source for source='',Wendigo Blood,,,,,,,,,,,,,,,,,,,,,,,,,,,,,
Wendigo Eyes,F:\Obsidian\PF2e-Core-Vault\3-Rules\Character Building\Equipment\Harvest Compendium Equipment\W\Wendigo Eyes.md,worn_item,,unrecognized Publisher_Source for source='',Wendigo Eyes,,,,,,,,,,,,,,,,,,,,,,,,,,,,,
Wendigo Pelt,F:\Obsidian\PF2e-Core-Vault\3-Rules\Character Building\Equipment\Harvest Compendium Equipment\W\Wendigo Pelt.md,worn_item,,unrecognized Publisher_Source for source='',Wendigo Pelt,,,,,,,,,,,,,,,,,,,,,,,,,,,,,
Were Blood,F:\Obsidian\PF2e-Core-Vault\3-Rules\Character Building\Equipment\Harvest Compendium Equipment\W\Were Blood.md,worn_item,,unrecognized Publisher_Source for source='',Were Blood,,,,,,,,,,,,,,,,,,,,,,,,,,,,,
Whirlwind Vial (Lesser),F:\Obsidian\PF2e-Core-Vault\3-Rules\Character Building\Equipment\Harvest Compendium Equipment\W\Whirlwind Vial (Lesser).md,worn_item,Whirlwind Vial,unrecognized Publisher_Source for source='',Whirlwind Vial (Lesser),,,,,,,,,,,,,,,,,,,,,,,,,,,,,
Wight Hand,F:\Obsidian\PF2e-Core-Vault\3-Rules\Character Building\Equipment\Harvest Compendium Equipment\W\Wight Hand.md,worn_item,,unrecognized Publisher_Source for source='',Wight Hand,,,,,,,,,,,,,,,,,,,,,,,,,,,,,
Winter Cloak,F:\Obsidian\PF2e-Core-Vault\3-Rules\Character Building\Equipment\Harvest Compendium Equipment\W\winter-cloak.md,worn_item,,unrecognized Publisher_Source for source='Harvest Compendium',Winter Cloak,Harvest Compendium pg. 156,uncommon,"invested, magical",5,,,,,,,150,,,,,,,,,,,,,,,,,,
Witchwarg Pelt,F:\Obsidian\PF2e-Core-Vault\3-Rules\Character Building\Equipment\Harvest Compendium Equipment\W\witchwarg-pelt.md,worn_item,Witchwarg Fur,unrecognized Publisher_Source for source='Harvest Compendium',Witchwarg Pelt,Harvest Compendium pg. 122,,creature-component,5,,,,,,,,,,,,,,,,,,,,,,,,,
Witchwarg Teeth,F:\Obsidian\PF2e-Core-Vault\3-Rules\Character Building\Equipment\Harvest Compendium Equipment\W\witchwarg-teeth.md,worn_item,,unrecognized Publisher_Source for source='Harvest Compendium',Witchwarg Teeth,Harvest Compendium pg. 122,uncommon,"consumable, magical, talisman",2,,,,,,,5,,,,,,,,,,,,,,,,,,
Work Coat,F:\Obsidian\PF2e-Core-Vault\3-Rules\Character Building\Equipment\Harvest Compendium Equipment\W\Work Coat.md,worn_item,,unrecognized Publisher_Source for source='',Work Coat,,,,,,,,,,,,,,,,,,,,,,,,,,,,,
Wounding Rune Framework,F:\Obsidian\PF2e-Core-Vault\3-Rules\Character Building\Equipment\Harvest Compendium Equipment\W\Wounding Rune Framework.md,worn_item,,unrecognized Publisher_Source for source='',Wounding Rune Framework,,,,,,,,,,,,,,,,,,,,,,,,,,,,,
Wyvern Teeth,F:\Obsidian\PF2e-Core-Vault\3-Rules\Character Building\Equipment\Harvest Compendium Equipment\W\Wyvern Teeth.md,worn_item,,unrecognized Publisher_Source for source='',Wyvern Teeth,,,,,,,,,,,,,,,,,,,,,,,,,,,,,
Alpha Venom Sac Catalyst,F:\Obsidian\PF2e-Core-Vault\3-Rules\Character Building\Equipment\Homebrew\A\alpha-venom-sac-catalyst.md,worn_item,,unrecognized Publisher_Source for source='Chimeracrafting',Alpha Venom Sac Catalyst,Chimeracrafting,Uncommon,"magical, poison, catalyst, consumable, volatile",6,,,,,,,125,,,,,,,,,,,,,,,,,,
Bestial Crafter’s Codex,F:\Obsidian\PF2e-Core-Vault\3-Rules\Character Building\Equipment\Homebrew\B\bestial-crafter’s-codex.md,worn_item,,,Bestial Crafter’s Codex,Homebrew,Rare,"magical, invested, chimeric",3,,,,,Homebrew,,60,,,,,,,,,,,,,,,,,,
Bow of the Eight Legs,F:\Obsidian\PF2e-Core-Vault\3-Rules\Character Building\Equipment\Homebrew\B\bow-of-the-eight-legs.md,worn_item,,,Bow of the Eight Legs,Homebrew,rare,"magical, poison, deadly d10, volley 30 ft.",7,,,,,Homebrew,,340,,,,,,,,,,,,,,,,,,
Chimeric Harvesting Tools,F:\Obsidian\PF2e-Core-Vault\3-Rules\Character Building\Equipment\Homebrew\C\chimeric-harvesting-tools.md,worn_item,,,Chimeric Harvesting Tools,Homebrew,Uncommon,,0,,,,,Homebrew,,5,,1,,,,,,,,,,,,,,,,
Codex of the Bound Menagerie,F:\Obsidian\PF2e-Core-Vault\3-Rules\Character Building\Equipment\Homebrew\C\codex-of-the-bound-menagerie.md,worn_item,,,Codex of the Bound Menagerie,Homebrew,Rare,"magical, invested, chimeric",6,,,,,Homebrew,,250,,,,,,,,,,,,,,,,,,
Codex of the Eidolonic Tapestry,F:\Obsidian\PF2e-Core-Vault\3-Rules\Character Building\Equipment\Homebrew\C\codex-of-the-eidolonic-tapestry.md,worn_item,,,Codex of the Eidolonic Tapestry,Homebrew,Unique,"magical, invested, chimeric, dream",10,,,,,Homebrew,,-,,,,,,,,,,,,,,,,,,
Cryopod Flask,F:\Obsidian\PF2e-Core-Vault\3-Rules\Character Building\Equipment\Homebrew\C\cryopod-flask.md,worn_item,,,Cryopod Flask,Homebrew,Rare,"magical, consumable, chimeric, cold",6,,,,,Homebrew,,120,,,,,,,,,,,,,,,,,,
Death's Mantle,F:\Obsidian\PF2e-Core-Vault\3-Rules\Character Building\Equipment\Homebrew\D\deaths-mantle.md,worn_item,,,Death's Mantle,Homebrew,rare,"magical, illusion, fear, emotion, occult",7,,,,,Homebrew,,340,,,,,,,,,,,,,,,,,,
Fanged Maw Catalyst,F:\Obsidian\PF2e-Core-Vault\3-Rules\Character Building\Equipment\Homebrew\F\fanged-maw-catalyst.md,worn_item,,unrecognized Publisher_Source for source='Chimeracrafting',Fanged Maw Catalyst,Chimeracrafting,Uncommon,"magical, poison, catalyst, consumable, death",6,,,,,,,100,,,,,,,,,,,,,,,,,,
Ghoul Light Lantern,F:\Obsidian\PF2e-Core-Vault\3-Rules\Character Building\Equipment\Homebrew\G\ghoul-light-lantern.md,worn_item,Ghost Lantern,,Ghoul Light Lantern,Homebrew,uncommon,"magical, occult, light",10,,,,,Homebrew,,900,,,,,,,,,,,,,,,,,,
Kyuss Worm Paste,F:\Obsidian\PF2e-Core-Vault\3-Rules\Character Building\Equipment\Homebrew\K\kyuss-worm-paste.md,worn_item,,unrecognized Publisher_Source for source='Dungeon Magazine Issue 126',Kyuss Worm Paste,Dungeon Magazine Issue 126 pg. 38,uncommon,"consumable, magical",5,,,,,,,150,,L,,,,,,,,,,,,,,,,
Kyussbane Oil,F:\Obsidian\PF2e-Core-Vault\3-Rules\Character Building\Equipment\Homebrew\K\kyussbane-oil.md,worn_item,Bane Oil,unrecognized Publisher_Source for source='Dungeon Magazine Issue 126',Kyussbane Oil,Dungeon Magazine Issue 126 pg. 38,Uncommon,"consumable, magical",5,,,,,,,150,,L,,,,,,,,,,,,,,,,
Lightning Sword,F:\Obsidian\PF2e-Core-Vault\3-Rules\Character Building\Equipment\Homebrew\L\lightning-sword.md,worn_item,Singing Sword; Lightning Rod Shot,,Lightning Sword,Homebrew,rare,"electricity, magical, sonic",13,,,,,Homebrew,,3000,,,,,,,,,,,,,,,,,,
Organ Ward Resin,F:\Obsidian\PF2e-Core-Vault\3-Rules\Character Building\Equipment\Homebrew\O\organ-ward-resin.md,worn_item,Forge Warden,,Organ Ward Resin,Homebrew,Uncommon,"alchemical, consumable, chimeric",3,,,,,Homebrew,,25,,,,,,,,,,,,,,,,,,
Preserving Salts,F:\Obsidian\PF2e-Core-Vault\3-Rules\Character Building\Equipment\Homebrew\P\preserving-salts.md,worn_item,Preserving; Preserving (Greater),,Preserving Salts,Homebrew,Common,"alchemical, consumable",1,,,,,Homebrew,,5,,,,,,,,,,,,,,,,,,
Prismatic Crystal Shard,F:\Obsidian\PF2e-Core-Vault\3-Rules\Character Building\Equipment\Homebrew\P\prismatic-crystal-shard.md,worn_item,Prismatic Crystal,,Prismatic Crystal Shard,Homebrew,,"ingredient, magical",1,,,,,Homebrew,,5,,,,,,,,,,,,,,,,,,
Ring of the Wind Dukes,F:\Obsidian\PF2e-Core-Vault\3-Rules\Character Building\Equipment\Homebrew\R\ring-of-the-wind-dukes.md,worn_item,,,Ring of the Wind Dukes,Homebrew,rare,"air, electricity, invested, magical",13,,,,,Homebrew,,3000,,,,,,,,,,,,,,,,,,
Rod of Seven Parts - Fragment One,F:\Obsidian\PF2e-Core-Vault\3-Rules\Character Building\Equipment\Homebrew\R\rod-of-seven-parts-fragment-one.md,worn_item,,unrecognized Publisher_Source for source='D&D 3rd Edition Conversion',Rod of Seven Parts - Fragment One,D&D 3rd Edition Conversion,unique,"artifact, healing, magical, invested",13,,,,,,,,,,,,,,,,,,,,,,,,,
Seal of Law,F:\Obsidian\PF2e-Core-Vault\3-Rules\Character Building\Equipment\Homebrew\S\seal-of-law.md,worn_item,,unrecognized Publisher_Source for source='',Seal of Law,,unique,"artifact, magical",13,,,,,,,,,,,,,,,,,,,,,,,,,
Silver Diadem of Insight (Awakened),F:\Obsidian\PF2e-Core-Vault\3-Rules\Character Building\Equipment\Homebrew\S\silver-diadem-of-insight-awakened.md,worn_item,,unrecognized Publisher_Source for source='3rd Edition D&D Conversion',Silver Diadem of Insight (Awakened),3rd Edition D&D Conversion,unique,"invested, magical",13,,,,,,,2800,,,,,,,,,,,,,,,,,,
Silver Diadem of Insight,F:\Obsidian\PF2e-Core-Vault\3-Rules\Character Building\Equipment\Homebrew\S\silver-diadem-of-insight.md,worn_item,,unrecognized Publisher_Source for source='3rd Edition D&D Conversion',Silver Diadem of Insight,3rd Edition D&D Conversion,unique,"invested, magical",3,,,,,,,60,,,,,,,,,,,,,,,,,,
Slimer's Slurp,F:\Obsidian\PF2e-Core-Vault\3-Rules\Character Building\Equipment\Homebrew\S\slimers-slurp.md,worn_item,,,Slimer's Slurp,Homebrew,uncommon,"consumable, potion",5,,,,,Homebrew,,29,,,,,,,,,,,,,,,,,,
Superior Chimeric Harvesting Tools,F:\Obsidian\PF2e-Core-Vault\3-Rules\Character Building\Equipment\Homebrew\S\superior-chimeric-harvesting-tools.md,worn_item,,,Superior Chimeric Harvesting Tools,Homebrew,Rare,magical,3,,,,,Homebrew,,75,,1,,,,,,,,,,,,,,,,
Sword of Aaqa,F:\Obsidian\PF2e-Core-Vault\3-Rules\Character Building\Equipment\Homebrew\S\sword-of-aaqa.md,worn_item,,unrecognized Publisher_Source for source='3rd Edition D&D Conversion',Sword of Aaqa,3rd Edition D&D Conversion,Rare,"air, magical",13,,,,,,,3000,,,,,,,,,,,,,,,,,,
Venomlash Blade,F:\Obsidian\PF2e-Core-Vault\3-Rules\Character Building\Equipment\Homebrew\V\venomlash-blade.md,worn_item,Flashblade,unrecognized Publisher_Source for source='Chimeracrafting',Venomlash Blade,Chimeracrafting,Uncommon,"magical, poison",6,,,,,,,225,,,,,,,,,,,,,,,,,,
Venomlash Talisman,F:\Obsidian\PF2e-Core-Vault\3-Rules\Character Building\Equipment\Homebrew\V\venomlash-talisman.md,worn_item,,unrecognized Publisher_Source for source='Chimeracrafting',Venomlash Talisman,Chimeracrafting,Uncommon,"magical, poison, talisman, consumable, volatile",6,,,,,,,125,,,,,,,,,,,,,,,,,,
Wroggi Frill Catalyst,F:\Obsidian\PF2e-Core-Vault\3-Rules\Character Building\Equipment\Homebrew\W\wroggi-frill-catalyst.md,worn_item,,unrecognized Publisher_Source for source='Chimeracrafting',Wroggi Frill Catalyst,Chimeracrafting,Uncommon,"magical, consumable, emotion, fear, catalyst",6,,,,,,,80,,,,,,,,,,,,,,,,,,
Wroggi Hide Mantle (Greater),F:\Obsidian\PF2e-Core-Vault\3-Rules\Character Building\Equipment\Homebrew\W\wroggi-hide-mantle-greater.md,worn_item,,unrecognized Publisher_Source for source='Chimeracrafting',Wroggi Hide Mantle (Greater),Chimeracrafting,Uncommon,"magical, poison, chimeric",12,,,,,,,1800,,,,,,,,,,,,,,,,,,
Wroggi Hide Mantle (Major),F:\Obsidian\PF2e-Core-Vault\3-Rules\Character Building\Equipment\Homebrew\W\wroggi-hide-mantle-major.md,worn_item,,unrecognized Publisher_Source for source='Chimeracrafting',Wroggi Hide Mantle (Major),Chimeracrafting,Uncommon,"magical, poison, hide",18,,,,,,,14000,,,,,,,,,,,,,,,,,,
Wroggi Hide Mantle,F:\Obsidian\PF2e-Core-Vault\3-Rules\Character Building\Equipment\Homebrew\W\wroggi-hide-mantle.md,worn_item,,unrecognized Publisher_Source for source='Chimeracrafting',Wroggi Hide Mantle,Chimeracrafting,Uncommon,"magical, poison, Chimeraic",6,,,,,,,250,,,,,,,,,,,,,,,,,,
Icicle,F:\Obsidian\PF2e-Core-Vault\3-Rules\Character Building\Equipment\I\icicle.md,worn_item,,,Icicle,Pathfinder GM Core pg. 242,,"cold, magical, reach",16,,,,,Paizo,,10000,,,,,,,,,,,,,,,,,,
Icy Disposition,F:\Obsidian\PF2e-Core-Vault\3-Rules\Character Building\Equipment\I\icy-disposition.md,worn_item,,,Icy Disposition,Pathfinder #164: Hands of the Devil pg. 75,rare,"contract, invested, magical",11,,,,,Paizo,,0,,,,,,,,,,,,,,,,,,
Illusory Backdrop,F:\Obsidian\PF2e-Core-Vault\3-Rules\Character Building\Equipment\I\illusory-backdrop.md,worn_item,,,Illusory Backdrop,Pathfinder Lost Omens Rival Academies pg. 56,rare,"illusion, magical, structure",10,,,,,Paizo,,900,,3,,,,,,,,,,,,,,,,
Illusory Program,F:\Obsidian\PF2e-Core-Vault\3-Rules\Character Building\Equipment\I\illusory-program.md,worn_item,,,Illusory Program,Pathfinder Lost Omens Rival Academies pg. 53,uncommon,"consumable, illusion, magical",1,,,,,Paizo,,3,,,,,,,,,,,,,,,,,,
Immaculate Holsters,F:\Obsidian\PF2e-Core-Vault\3-Rules\Character Building\Equipment\I\immaculate-holsters.md,worn_item,,,Immaculate Holsters,Pathfinder Guns & Gears pg. 180,uncommon,"invested, magical",3,,,,,Paizo,,52,,,,,,,,,,,,,,,,,,
Immaculate Instrument,F:\Obsidian\PF2e-Core-Vault\3-Rules\Character Building\Equipment\I\immaculate-instrument.md,worn_item,,,Immaculate Instrument,Pathfinder War of Immortals pg. 203,rare,"artifact, divine, mythic",12,,,,,Paizo,,0,,L,,,,,,,,,,,,,,,,
Immolation Clan Pistol,F:\Obsidian\PF2e-Core-Vault\3-Rules\Character Building\Equipment\I\immolation-clan-pistol.md,worn_item,,,Immolation Clan Pistol,Pathfinder Guns & Gears pg. 160,rare,"concussive, cursed, dwarf, fatal-d10, fire, magical",10,,,,,Paizo,,0,,1,,,,,,,,,,,,,,,,
Immovable Arm,F:\Obsidian\PF2e-Core-Vault\3-Rules\Character Building\Equipment\I\immovable-arm.md,worn_item,Immovable; Immovable Rod,,Immovable Arm,Pathfinder Lost Omens The Grand Bazaar pg. 73,,magical,9,,,,,Paizo,,700,,1,,,,,,,,,,,,,,,,
Immovable Tripod,F:\Obsidian\PF2e-Core-Vault\3-Rules\Character Building\Equipment\I\immovable-tripod.md,worn_item,Immovable Rod; Immovable; Immovable Potion,,Immovable Tripod,Pathfinder Guns & Gears pg. 182,uncommon,magical,10,,,,,Paizo,,700,,1,,,,,,,,,,,,,,,,
Impact Foam Chassis (Greater),F:\Obsidian\PF2e-Core-Vault\3-Rules\Character Building\Equipment\I\impact-foam-chassis-greater.md,worn_item,,,Impact Foam Chassis (Greater),Pathfinder Guns & Gears pg. 70,uncommon,"consumable, gadget",9,,,,,Paizo,,150,,L,,,,,,,,,,,,,,,,
Impact Foam Chassis (Lesser),F:\Obsidian\PF2e-Core-Vault\3-Rules\Character Building\Equipment\I\impact-foam-chassis-lesser.md,worn_item,,,Impact Foam Chassis (Lesser),Pathfinder Guns & Gears pg. 70,uncommon,"consumable, gadget",1,,,,,Paizo,,3,,L,,,,,,,,,,,,,,,,
Impact Foam Chassis (Major),F:\Obsidian\PF2e-Core-Vault\3-Rules\Character Building\Equipment\I\impact-foam-chassis-major.md,worn_item,,,Impact Foam Chassis (Major),Pathfinder Guns & Gears pg. 70,uncommon,"consumable, gadget",14,,,,,Paizo,,650,,L,,,,,,,,,,,,,,,,
Impact Foam Chassis (Moderate),F:\Obsidian\PF2e-Core-Vault\3-Rules\Character Building\Equipment\I\impact-foam-chassis-moderate.md,worn_item,,,Impact Foam Chassis (Moderate),Pathfinder Guns & Gears pg. 70,uncommon,"consumable, gadget",4,,,,,Paizo,,15,,L,,,,,,,,,,,,,,,,
Impulse Control,F:\Obsidian\PF2e-Core-Vault\3-Rules\Character Building\Equipment\I\impulse-control.md,worn_item,,,Impulse Control,Pathfinder Lost Omens The Grand Bazaar pg. 71,,magical,1,,,,,Paizo,,5,,,,,,,,,,,,,,,,,,
Incense Bundle of Annual Blessings,F:\Obsidian\PF2e-Core-Vault\3-Rules\Character Building\Equipment\I\incense-bundle-of-annual-blessings.md,worn_item,,,Incense Bundle of Annual Blessings,Pathfinder Blog,,"consumable, magical",8,,,,,Paizo,,0,,,,,,,,,,,,,,,,,,
Infernal Health,F:\Obsidian\PF2e-Core-Vault\3-Rules\Character Building\Equipment\I\infernal-health.md,worn_item,Infernal Pact,,Infernal Health,Pathfinder Lost Omens Legends pg. 10,rare,"contract, healing, invested, magical",15,,,,,Paizo,,0,,,,,,,,,,,,,,,,,,
Inflammation Flask (Greater),F:\Obsidian\PF2e-Core-Vault\3-Rules\Character Building\Equipment\I\inflammation-flask-greater.md,worn_item,,,Inflammation Flask (Greater),Pathfinder #203: Shepherd of Decay pg. 75,uncommon,"acid, alchemical, bomb, consumable, disease, splash",12,,,,,Paizo,,340,,L,,,,,,,,,,,,,,,,
Inflammation Flask (Lesser),F:\Obsidian\PF2e-Core-Vault\3-Rules\Character Building\Equipment\I\inflammation-flask-lesser.md,worn_item,,,Inflammation Flask (Lesser),Pathfinder #203: Shepherd of Decay pg. 75,uncommon,"acid, alchemical, bomb, consumable, disease, splash",2,,,,,Paizo,,5,,L,,,,,,,,,,,,,,,,
Inflammation Flask (Major),F:\Obsidian\PF2e-Core-Vault\3-Rules\Character Building\Equipment\I\inflammation-flask-major.md,worn_item,,,Inflammation Flask (Major),Pathfinder #203: Shepherd of Decay pg. 75,uncommon,"acid, alchemical, bomb, consumable, disease, splash",18,,,,,Paizo,,3750,,L,,,,,,,,,,,,,,,,
Inflammation Flask (Moderate),F:\Obsidian\PF2e-Core-Vault\3-Rules\Character Building\Equipment\I\inflammation-flask-moderate.md,worn_item,,,Inflammation Flask (Moderate),Pathfinder #203: Shepherd of Decay pg. 75,uncommon,"acid, alchemical, bomb, consumable, disease, splash",4,,,,,Paizo,,15,,L,,,,,,,,,,,,,,,,
Injection Spear,F:\Obsidian\PF2e-Core-Vault\3-Rules\Character Building\Equipment\I\injection-spear.md,basic,,,Injection Spear,Pathfinder Guns & Gears pg. 63,uncommon,"injection, reach",0,,,,Martial Melee,Paizo,,3,,1,,,,,,,,,,,,,,,,
Inquisitive Quill,F:\Obsidian\PF2e-Core-Vault\3-Rules\Character Building\Equipment\I\inquisitive-quill.md,worn_item,,,Inquisitive Quill,Pathfinder Treasure Vault pg. 194,rare,"intelligent, magical",4,,,,,Paizo,,0,,,,,,,,,,,,,,,,,,
Inspiring Spotlight (Mounted),F:\Obsidian\PF2e-Core-Vault\3-Rules\Character Building\Equipment\I\inspiring-spotlight-mounted.md,worn_item,Inspiring Spotlight,,Inspiring Spotlight (Mounted),Pathfinder Lost Omens Rival Academies pg. 73,uncommon,"light, magical",15,,,,,Paizo,,650,,8,,,,,,,,,,,,,,,,
Inspiring Spotlight (Portable),F:\Obsidian\PF2e-Core-Vault\3-Rules\Character Building\Equipment\I\inspiring-spotlight-portable.md,worn_item,Inspiring Spotlight,,Inspiring Spotlight (Portable),Pathfinder Lost Omens Rival Academies pg. 73,uncommon,"light, magical",9,,,,,Paizo,,650,,3,,,,,,,,,,,,,,,,
Inubrix High (Standard Grade),F:\Obsidian\PF2e-Core-Vault\3-Rules\Character Building\Equipment\I\inubrix-buckler-high-grade.md,material,Inubrix Armor (High-Grade); Inubrix Weapon (High-Grade); Inubrix Shield (High-Grade),,Inubrix High (Standard Grade),Pathfinder Lost Omens The Grand Bazaar pg. 98,rare,,15,5000,,,,Paizo,,,,,,,,,,,,,,,,,,,,
Inubrix Buckler (Standard Grade),F:\Obsidian\PF2e-Core-Vault\3-Rules\Character Building\Equipment\I\inubrix-buckler-standard-grade.md,material,Inubrix Armor (Standard-Grade); Inubrix Weapon (Standard-Grade); Inubrix Shield (Standard-Grade),,Inubrix Buckler (Standard Grade),Pathfinder Lost Omens The Grand Bazaar pg. 98,rare,,7,320,,,,Paizo,,,,,,,,,,,,,,,,,,,,
Inubrix Object High (Standard Grade),F:\Obsidian\PF2e-Core-Vault\3-Rules\Character Building\Equipment\I\inubrix-object-high-grade.md,material,Inubrix Armor (High-Grade); Inubrix Weapon (High-Grade); Inubrix Shield (High-Grade),,Inubrix Object High (Standard Grade),Pathfinder Lost Omens The Grand Bazaar pg. 98,rare,precious,16,6500,,,,Paizo,,,,,,,,,,,,,,,,,,,,
Inubrix Object (Standard Grade),F:\Obsidian\PF2e-Core-Vault\3-Rules\Character Building\Equipment\I\inubrix-object-standard-grade.md,material,Inubrix Armor (Standard-Grade); Inubrix Weapon (Standard-Grade); Inubrix Shield (Standard-Grade),,Inubrix Object (Standard Grade),Pathfinder Lost Omens The Grand Bazaar pg. 98,rare,precious,8,400,,,,Paizo,,,,,,,,,,,,,,,,,,,,
Inubrix,F:\Obsidian\PF2e-Core-Vault\3-Rules\Character Building\Equipment\I\inubrix.md,worn_item,Inubrix Ingot; Inubrix Chunk,,Inubrix,Pathfinder GM Core pg. 253,uncommon,precious,8+,,,,,Paizo,,,,,,,,,,,,,,,,,,,,
Iris of the Sky,F:\Obsidian\PF2e-Core-Vault\3-Rules\Character Building\Equipment\I\iris-of-the-sky.md,worn_item,,,Iris of the Sky,Pathfinder Guns & Gears pg. 165,unique,"concussive, fatal-aim-d12, magical",6,,,,,Paizo,,240,,1,,,,,,,,,,,,,,,,
Irritating Seedpod (Greater),F:\Obsidian\PF2e-Core-Vault\3-Rules\Character Building\Equipment\I\irritating-seedpod-greater.md,worn_item,,,Irritating Seedpod (Greater),Pathfinder #203: Shepherd of Decay pg. 77,uncommon,"catalyst, consumable, magical",10,,,,,Paizo,,190,,L,,,,,,,,,,,,,,,,
Irritating Seedpod (Lesser),F:\Obsidian\PF2e-Core-Vault\3-Rules\Character Building\Equipment\I\irritating-seedpod-lesser.md,worn_item,,,Irritating Seedpod (Lesser),Pathfinder #203: Shepherd of Decay pg. 77,uncommon,"catalyst, consumable, magical",3,,,,,Paizo,,11,,L,,,,,,,,,,,,,,,,
Irritating Seedpod (Major),F:\Obsidian\PF2e-Core-Vault\3-Rules\Character Building\Equipment\I\irritating-seedpod-major.md,worn_item,,,Irritating Seedpod (Major),Pathfinder #203: Shepherd of Decay pg. 77,uncommon,"catalyst, consumable, magical",14,,,,,Paizo,,800,,L,,,,,,,,,,,,,,,,
Irritating Seedpod,F:\Obsidian\PF2e-Core-Vault\3-Rules\Character Building\Equipment\I\irritating-seedpod.md,worn_item,,,Irritating Seedpod,Pathfinder #203: Shepherd of Decay pg. 77,uncommon,"catalyst, consumable, magical",7,,,,,Paizo,,55,,L,,,,,,,,,,,,,,,,
Jahan Waystone,F:\Obsidian\PF2e-Core-Vault\3-Rules\Character Building\Equipment\J\jahan-waystone.md,worn_item,,,Jahan Waystone,Pathfinder Lost Omens The Mwangi Expanse pg. 207,rare,"artifact, magical, teleportation",21,,,,,Paizo,,0,,,,,,,,,,,,,,,,,,
Jax,F:\Obsidian\PF2e-Core-Vault\3-Rules\Character Building\Equipment\J\jax.md,worn_item,,,Jax,Pathfinder #179: Cradle of Quartz pg. 77,unique,"combination, concussive, cursed, divine, fatal-aim-d10, intelligent",8,,,,,Paizo,,0,,,,,,,,,,,,,,,,,,
Jezail,F:\Obsidian\PF2e-Core-Vault\3-Rules\Character Building\Equipment\J\jezail.md,basic,,,Jezail,Pathfinder Guns & Gears pg. 153,uncommon,"concussive, fatal-aim-d12",1,,,,Ranged Martial,Paizo,,11,,,,,,,,,,,,,,,,,,
Kaldemash's Lament,F:\Obsidian\PF2e-Core-Vault\3-Rules\Character Building\Equipment\K\kaldemashs-lament.md,basic,,,Kaldemash's Lament,Pathfinder Treasure Vault pg. 38,unique,"concealable, concussive, fatal-d10, magical",20,,,,Advanced Ranged,Paizo,,0,,L,,,,,,,,,,,,,,,,
Kalmaug's Journal,F:\Obsidian\PF2e-Core-Vault\3-Rules\Character Building\Equipment\K\kalmaugs-journal.md,worn_item,,,Kalmaug's Journal,Pathfinder #194: Cult of the Cave Worm pg. 78,unique,"grimoire, invested, magical, relic",5,,,,,Paizo,,0,,1,,,,,,,,,,,,,,,,
Keep Stone Object (High Grade),F:\Obsidian\PF2e-Core-Vault\3-Rules\Character Building\Equipment\K\keep-stone-object-high-grade.md,material,Keep Stone Armor (High-Grade); Keep Stone Weapon (High-Grade); Keep Stone Shield (High-Grade),,Keep Stone Object (High Grade),Pathfinder Lost Omens Highhelm pg. 113,rare,precious,17,9000,,,,Paizo,,,,,,,,,,,,,,,,,,,,
Keep Stone,F:\Obsidian\PF2e-Core-Vault\3-Rules\Character Building\Equipment\K\keep-stone.md,worn_item,Keep Stone Ingot; Keep Stone Chunk,,Keep Stone,Pathfinder Lost Omens Highhelm pg. 113,rare,precious,0,,,,,Paizo,,,,,,,,,,,,,,,,,,,,
Kestros,F:\Obsidian\PF2e-Core-Vault\3-Rules\Character Building\Equipment\K\kestros.md,basic,,,Kestros,Pathfinder War of Immortals pg. 147,uncommon,"concussive, propulsive",,,,,Martial Ranged,Paizo,,2,,,,,,,,,,,,,,,,,,
Key to the Stomach,F:\Obsidian\PF2e-Core-Vault\3-Rules\Character Building\Equipment\K\key-to-the-stomach.md,worn_item,,,Key to the Stomach,Pathfinder Dark Archive pg. 165,rare,"contract, invested, magical",9,,,,,Paizo,,0,,,,,,,,,,,,,,,,,,
Kilted Breastplate,F:\Obsidian\PF2e-Core-Vault\3-Rules\Character Building\Equipment\K\kilted-breastplate.md,basic,Breastplate; Lamellar Breastplate,,Kilted Breastplate,Pathfinder War of Immortals pg. 146,,flexible,,,,,Light,Paizo,,3,,,,,,,,,,,,,,,,,,
Kimanéz Luminescent Toadstool,F:\Obsidian\PF2e-Core-Vault\3-Rules\Character Building\Equipment\K\kimanéz-luminescent-toadstool.md,worn_item,,,Kimanéz Luminescent Toadstool,Pathfinder Lost Omens Rival Academies pg. 107,rare,"consumable, fungus, light, magical",3,,,,,Paizo,,9,,L,,,,,,,,,,,,,,,,
Kinburi's Sandals of Bounding,F:\Obsidian\PF2e-Core-Vault\3-Rules\Character Building\Equipment\K\kinburis-sandals-of-bounding.md,worn_item,,,Kinburi's Sandals of Bounding,Pathfinder #198: No Breath to Cry pg. 306,unique,"invested, magical",9,,,,,Paizo,,700,,L,,,,,,,,,,,,,,,,
Kindled Tome,F:\Obsidian\PF2e-Core-Vault\3-Rules\Character Building\Equipment\K\kindled-tome.md,worn_item,,,Kindled Tome,Pathfinder Treasure Vault pg. 195,rare,"grimoire, intelligent, magical",11,,,,,Paizo,,900,,L,,,,,,,,,,,,,,,,
Kinetic Club,F:\Obsidian\PF2e-Core-Vault\3-Rules\Character Building\Equipment\K\kinetic-club.md,worn_item,,,Kinetic Club,"Pathfinder #208: Hoof, Cinder, and Storm pg. 77",uncommon,"backswing, earth, magical, shove",7,,,,,Paizo,,325,,2,,,,,,,,,,,,,,,,
Knuckle Duster,F:\Obsidian\PF2e-Core-Vault\3-Rules\Character Building\Equipment\K\knuckle-duster.md,basic,,,Knuckle Duster,Pathfinder Guns & Gears pg. 152,,"agile, free-hand, monk",0,,,,Simple Melee,Paizo,,3,,L,,,,,,,,,,,,,,,,
Kora of the Unending Story,F:\Obsidian\PF2e-Core-Vault\3-Rules\Character Building\Equipment\K\kora-of-the-unending-story.md,worn_item,,,Kora of the Unending Story,Pathfinder #211: The Secret of Deathstalk Tower pg. 83,rare,"coda, occult, staff",14,,,,,Paizo,,4500,,1,,,,,,,,,,,,,,,,
Kortos Diamond,F:\Obsidian\PF2e-Core-Vault\3-Rules\Character Building\Equipment\K\kortos-diamond.md,worn_item,,,Kortos Diamond,Pathfinder #156: The Apocalypse Prophet pg. 68,unique,"artifact, divine, versatile-p",22,,,,,Paizo,,0,,1,,,,,,,,,,,,,,,,
Krasovnatype,F:\Obsidian\PF2e-Core-Vault\3-Rules\Character Building\Equipment\K\krasovnatype.md,worn_item,,,Krasovnatype,Pathfinder Lost Omens Rival Academies pg. 92,uncommon,"consumable, gadget",4,,,,,Paizo,,15,,,,,,,,,,,,,,,,,,
Lance of Sun's Radiance,F:\Obsidian\PF2e-Core-Vault\3-Rules\Character Building\Equipment\L\lance-of-suns-radiance.md,worn_item,,,Lance of Sun's Radiance,Pathfinder #202: Severed at the Root pg. 77,rare,"deadly-d8, jousting-d6, light, magical, reach",11,,,,,Paizo,,1450,,2,,,,,,,,,,,,,,,,
Large Bore Modifications,F:\Obsidian\PF2e-Core-Vault\3-Rules\Character Building\Equipment\L\large-bore-modifications.md,worn_item,,,Large Bore Modifications,Pathfinder Guns & Gears pg. 183,uncommon,,5,,,,,Paizo,,120,,1,,,,,,,,,,,,,,,,
Lastwall Soup (Greater),F:\Obsidian\PF2e-Core-Vault\3-Rules\Character Building\Equipment\L\lastwall-soup-greater.md,worn_item,Lastwall Soup; Swallow-Spike (Greater); Steelscour (greater),,Lastwall Soup (Greater),Pathfinder Lost Omens Knights of Lastwall pg. 92,uncommon,"alchemical, consumable, elixir",18,,,,,Paizo,,3500,,L,,,,,,,,,,,,,,,,
Lastwall Soup (Improved),F:\Obsidian\PF2e-Core-Vault\3-Rules\Character Building\Equipment\L\lastwall-soup-improved.md,worn_item,Lastwall Soup,,Lastwall Soup (Improved),Pathfinder Lost Omens Knights of Lastwall pg. 92,uncommon,"alchemical, consumable, elixir",10,,,,,Paizo,,160,,L,,,,,,,,,,,,,,,,
Lesser Cube of Nex,F:\Obsidian\PF2e-Core-Vault\3-Rules\Character Building\Equipment\L\lesser-cube-of-nex.md,worn_item,,,Lesser Cube of Nex,Pathfinder Lost Omens Impossible Lands pg. 304,unique,"artifact, magical",20,,,,,Paizo,,0,,,,,,,,,,,,,,,,,,
Leydroth Spellbreaker,F:\Obsidian\PF2e-Core-Vault\3-Rules\Character Building\Equipment\L\leydroth-spellbreaker.md,worn_item,,,Leydroth Spellbreaker,Pathfinder Howl of the Wild pg. rare,,"concussive, magical, scatter-10",17,,,,,Paizo,,15000,,2,,,,,,,,,,,,,,,,
Liar's Gun,F:\Obsidian\PF2e-Core-Vault\3-Rules\Character Building\Equipment\L\liars-gun.md,worn_item,,,Liar's Gun,Pathfinder Guns & Gears pg. 157,uncommon,"capacity-4, cobbled, concussive, fatal-d8, magical",7,,,,,Paizo,,360,,1,,,,,,,,,,,,,,,,
Life-Saver Mail (Greater),F:\Obsidian\PF2e-Core-Vault\3-Rules\Character Building\Equipment\L\life-saver-mail-greater.md,worn_item,,,Life-Saver Mail (Greater),Pathfinder GM Core pg. 230,,"invested, magical",20,,,,,Paizo,,52500,,3,,,,,,,,,,,,,,,,
Life-Saver Mail,F:\Obsidian\PF2e-Core-Vault\3-Rules\Character Building\Equipment\L\life-saver-mail.md,worn_item,,,Life-Saver Mail,Pathfinder GM Core pg. 230,,"invested, magical",14,,,,,Paizo,,4000,,3,,,,,,,,,,,,,,,,
Light Writer Plates,F:\Obsidian\PF2e-Core-Vault\3-Rules\Character Building\Equipment\L\light-writer-plates.md,worn_item,Light Writer; Light Writer (Metal Plates per 10),,Light Writer Plates,Pathfinder Guns & Gears pg. 88,rare,"clockwork, light",6,,,,,Paizo,,3,,,,,,,,,,,,,,,,,,
Lion's Armor (Greater),F:\Obsidian\PF2e-Core-Vault\3-Rules\Character Building\Equipment\L\lions-armor-greater.md,worn_item,Lionfish Spear (Greater); Talisman Cord (Greater); Healing Vapor (Greater),,Lion's Armor (Greater),Pathfinder GM Core pg. 230,,"invested, magical",19,,,,,Paizo,,30500,,,,,,,,,,,,,,,,,,
Lion's Armor,F:\Obsidian\PF2e-Core-Vault\3-Rules\Character Building\Equipment\L\lions-armor.md,worn_item,,,Lion's Armor,Pathfinder GM Core pg. 230,,"invested, magical",12,,,,,Paizo,,2000,,,,,,,,,,,,,,,,,,
Liver Bloodstone of Arazni,F:\Obsidian\PF2e-Core-Vault\3-Rules\Character Building\Equipment\L\liver-bloodstone-of-arazni.md,worn_item,,,Liver Bloodstone of Arazni,Pathfinder Claws of the Tyrant pg. 109,unique,"artifact, divine",11,,,,,Paizo,,0,,1,,,,,,,,,,,,,,,,
Lodestone Shield,F:\Obsidian\PF2e-Core-Vault\3-Rules\Character Building\Equipment\L\lodestone-shield.md,worn_item,Limestone Shield; Wooden Shield; Lodestone Pellet,,Lodestone Shield,Pathfinder GM Core pg. 234,,magical,11,,,,,Paizo,,1350,,1,,,,,,,,,,,,,,,,
Long Air Repeater,F:\Obsidian\PF2e-Core-Vault\3-Rules\Character Building\Equipment\L\long-air-repeater.md,basic,,,Long Air Repeater,Pathfinder Guns & Gears pg. 153,uncommon,"kickback, repeating",0,,,,Simple Ranged,Paizo,,6,,1,,,,,,,,,,,,,,,,
Lost Ember,F:\Obsidian\PF2e-Core-Vault\3-Rules\Character Building\Equipment\L\lost-ember.md,worn_item,,,Lost Ember,Pathfinder Dark Archive pg. 165,rare,"contract, invested, magical",10,,,,,Paizo,,0,,,,,,,,,,,,,,,,,,
Lucky Draw Bandolier (Greater),F:\Obsidian\PF2e-Core-Vault\3-Rules\Character Building\Equipment\L\lucky-draw-bandolier-greater.md,worn_item,,,Lucky Draw Bandolier (Greater),Pathfinder Guns & Gears pg. 180,uncommon,"invested, magical",12,,,,,Paizo,,2000,,,,,,,,,,,,,,,,,,
Lucky Draw Bandolier,F:\Obsidian\PF2e-Core-Vault\3-Rules\Character Building\Equipment\L\lucky-draw-bandolier.md,worn_item,,,Lucky Draw Bandolier,Pathfinder Guns & Gears pg. 180,uncommon,"invested, magical",9,,,,,Paizo,,700,,,,,,,,,,,,,,,,,,
Lucky Keepsake,F:\Obsidian\PF2e-Core-Vault\3-Rules\Character Building\Equipment\L\lucky-keepsake.md,worn_item,,,Lucky Keepsake,Pathfinder Lost Omens Character Guide pg. 69,,leshy,9,,,,,Paizo,,0,,,,,,,,,,,,,,,,,,
Lung Bloodstone of Arazni,F:\Obsidian\PF2e-Core-Vault\3-Rules\Character Building\Equipment\L\lung-bloodstone-of-arazni.md,worn_item,,,Lung Bloodstone of Arazni,Pathfinder Claws of the Tyrant pg. 109,unique,"artifact, divine",11,,,,,Paizo,,0,,1,,,,,,,,,,,,,,,,
Mace Multipistol,F:\Obsidian\PF2e-Core-Vault\3-Rules\Character Building\Equipment\M\mace-multipistol.md,basic,,,Mace Multipistol,Pathfinder Guns & Gears pg. 159,uncommon,"capacity-3, combination, concussive, fatal-d8",0,,,,Martial Melee/Ranged,Paizo,,13,,1,,,,,,,,,,,,,,,,
macuahuitl,F:\Obsidian\PF2e-Core-Vault\3-Rules\Character Building\Equipment\M\macuahuitl.md,basic,,,macuahuitl,Pathfinder War of Immortals pg. 147,uncommon,"backswing, tearing, versatile-b",,,,,Martial Melee,Paizo,,3,,,,,,,,,,,,,,,,,,
Madcap Top,F:\Obsidian\PF2e-Core-Vault\3-Rules\Character Building\Equipment\M\madcap-top.md,worn_item,,,Madcap Top,Pathfinder GM Core pg. 274,rare,magical,8,,,,,Paizo,,459,,L,,,,,,,,,,,,,,,,
Maelstromic Destabilizer (Lesser),F:\Obsidian\PF2e-Core-Vault\3-Rules\Character Building\Equipment\M\maelstromic-destabilizer-lesser.md,worn_item,,,Maelstromic Destabilizer (Lesser),Pathfinder Lost Omens Rival Academies pg. 92,uncommon,"consumable, gadget, spirit",2,,,,,Paizo,,6,,L,,,,,,,,,,,,,,,,
Maelstromic Destabilizer (Major),F:\Obsidian\PF2e-Core-Vault\3-Rules\Character Building\Equipment\M\maelstromic-destabilizer-major.md,worn_item,,,Maelstromic Destabilizer (Major),Pathfinder Lost Omens Rival Academies pg. 92,uncommon,"consumable, gadget, spirit",17,,,,,Paizo,,2750,,L,,,,,,,,,,,,,,,,
Maelstromic Destabilizer (Moderate),F:\Obsidian\PF2e-Core-Vault\3-Rules\Character Building\Equipment\M\maelstromic-destabilizer-moderate.md,worn_item,,,Maelstromic Destabilizer (Moderate),Pathfinder Lost Omens Rival Academies pg. 92,uncommon,"consumable, gadget, spirit",7,,,,,Paizo,,65,,L,,,,,,,,,,,,,,,,
Magical Prosthetic Eye,F:\Obsidian\PF2e-Core-Vault\3-Rules\Character Building\Equipment\M\magical-prosthetic-eye.md,worn_item,,,Magical Prosthetic Eye,Pathfinder Treasure Vault pg. 105,,magical,1,,,,,Paizo,,5,,L,,,,,,,,,,,,,,,,
Magnetic Suit (Greater),F:\Obsidian\PF2e-Core-Vault\3-Rules\Character Building\Equipment\M\magnetic-suit-greater.md,worn_item,Magnetic Shot (Greater); Mage's Hat (Greater); Emetic Paste (Greater),,Magnetic Suit (Greater),Pathfinder Guns & Gears pg. 71,,"aura, consumable",10,,,,,Paizo,,200,,1,,,,,,,,,,,,,,,,
Magnetic Suit (Major),F:\Obsidian\PF2e-Core-Vault\3-Rules\Character Building\Equipment\M\magnetic-suit-major.md,worn_item,,,Magnetic Suit (Major),Pathfinder Guns & Gears pg. 71,,"aura, consumable",16,,,,,Paizo,,2000,,1,,,,,,,,,,,,,,,,
Magnetic Suit,F:\Obsidian\PF2e-Core-Vault\3-Rules\Character Building\Equipment\M\magnetic-suit.md,worn_item,Magnetic Shield; Magnet Coin; Magnetic Token,,Magnetic Suit,Pathfinder Guns & Gears pg. 71,,"aura, consumable",4,,,,,Paizo,,20,,1,,,,,,,,,,,,,,,,
Magnetite Scope (Greater),F:\Obsidian\PF2e-Core-Vault\3-Rules\Character Building\Equipment\M\magnetite-scope-greater.md,worn_item,Magnetic Shot (Greater); Mantis Embrace (Greater); Antidote (Greater),,Magnetite Scope (Greater),Pathfinder Guns & Gears pg. 181,,magical,17,,,,,Paizo,,16000,,L,,,,,,,,,,,,,,,,
Magnetite Scope,F:\Obsidian\PF2e-Core-Vault\3-Rules\Character Building\Equipment\M\magnetite-scope.md,worn_item,Magnetic Token,,Magnetite Scope,Pathfinder Guns & Gears pg. 181,,magical,9,,,,,Paizo,,800,,L,,,,,,,,,,,,,,,,
Magnifying Scope (Greater),F:\Obsidian\PF2e-Core-Vault\3-Rules\Character Building\Equipment\M\magnifying-scope-greater.md,worn_item,,,Magnifying Scope (Greater),Pathfinder Guns & Gears pg. 181,,magical,9,,,,,Paizo,,800,,L,,,,,,,,,,,,,,,,
Magnifying Scope (Major),F:\Obsidian\PF2e-Core-Vault\3-Rules\Character Building\Equipment\M\magnifying-scope-major.md,worn_item,,,Magnifying Scope (Major),Pathfinder Guns & Gears pg. 181,,magical,17,,,,,Paizo,,16000,,L,,,,,,,,,,,,,,,,
Magnifying Scope,F:\Obsidian\PF2e-Core-Vault\3-Rules\Character Building\Equipment\M\magnifying-scope.md,worn_item,Magnifying Glass,,Magnifying Scope,Pathfinder Guns & Gears pg. 181,,magical,3,,,,,Paizo,,70,,L,,,,,,,,,,,,,,,,
Majordomo Torc,F:\Obsidian\PF2e-Core-Vault\3-Rules\Character Building\Equipment\M\majordomo-torc.md,worn_item,,,Majordomo Torc,Pathfinder Treasure Vault pg. 195,Rare,"intelligent, invested, magical",6,,,,,Paizo,,200,,L,,,,,,,,,,,,,,,,
Malefic Mirror,F:\Obsidian\PF2e-Core-Vault\3-Rules\Character Building\Equipment\M\malefic-mirror.md,worn_item,,,Malefic Mirror,Pathfinder NPC Core pg. 107,Rare,"invested, occult, scrying, unholy",11,,,,,Paizo,,0,,2,,,,,,,,,,,,,,,,
Mantle of the Grogrisant,F:\Obsidian\PF2e-Core-Vault\3-Rules\Character Building\Equipment\M\mantle-of-the-grogrisant.md,worn_item,,,Mantle of the Grogrisant,Pathfinder Lost Omens Monsters of Myth pg. 35,Unique,"invested, primal",18,,,,,Paizo,,22000,,L,,,,,,,,,,,,,,,,
Marvelous Miniature (Boat),F:\Obsidian\PF2e-Core-Vault\3-Rules\Character Building\Equipment\M\marvelous-miniature-boat.md,worn_item,,,Marvelous Miniature (Boat),Pathfinder GM Core pg. 268,,"consumable, expandable, magical",8,,,,,Paizo,,76,,,,,,,,,,,,,,,,,,
Marvelous Miniature (Campfire),F:\Obsidian\PF2e-Core-Vault\3-Rules\Character Building\Equipment\M\marvelous-miniature-campfire.md,worn_item,,,Marvelous Miniature (Campfire),Pathfinder GM Core,,"consumable, expandable, magical",1,,,,,Paizo,,1,,,,,,,,,,,,,,,,,,
Marvelous Miniature (Chest),F:\Obsidian\PF2e-Core-Vault\3-Rules\Character Building\Equipment\M\marvelous-miniature-chest.md,worn_item,,,Marvelous Miniature (Chest),Pathfinder GM Core pg. 268,,"consumable, expandable, magical",3,,,,,Paizo,,10,,,,,,,,,,,,,,,,,,
Marvelous Miniature (Horse),F:\Obsidian\PF2e-Core-Vault\3-Rules\Character Building\Equipment\M\marvelous-miniature-horse.md,worn_item,,,Marvelous Miniature (Horse),Pathfinder GM Core,,"consumable, expandable, magical",4,,,,,Paizo,,13,,,,,,,,,,,,,,,,,,
Marvelous Miniature (Ladder),F:\Obsidian\PF2e-Core-Vault\3-Rules\Character Building\Equipment\M\marvelous-miniature-ladder.md,worn_item,,,Marvelous Miniature (Ladder),Pathfinder GM Core,,"consumable, expandable, magical",1,,,,,Paizo,,3,,,,,,,,,,,,,,,,,,
Mat of Resilience (Greater),F:\Obsidian\PF2e-Core-Vault\3-Rules\Character Building\Equipment\M\mat-of-resilience-greater.md,worn_item,Golden Silencer (Greater); Potion of Resistance (Greater),,Mat of Resilience (Greater),Pathfinder #209: Destroyer's Doom pg. 83,Uncommon,magical,12,,,,,Paizo,,1800,,1,,,,,,,,,,,,,,,,
Mat of Resilience,F:\Obsidian\PF2e-Core-Vault\3-Rules\Character Building\Equipment\M\mat-of-resilience.md,worn_item,Major Resilient,,Mat of Resilience,Pathfinder #209: Destroyer's Doom pg. 83,Uncommon,magical,7,,,,,Paizo,,330,,1,,,,,,,,,,,,,,,,
Material Essence Disruptor (Greater),F:\Obsidian\PF2e-Core-Vault\3-Rules\Character Building\Equipment\M\material-essence-disruptor-greater.md,worn_item,,,Material Essence Disruptor (Greater),Pathfinder Guns & Gears pg. 71,Uncommon,"consumable, gadget",11,,,,,Paizo,,300,,1,,,,,,,,,,,,,,,,
Material Essence Disruptor (Lesser),F:\Obsidian\PF2e-Core-Vault\3-Rules\Character Building\Equipment\M\material-essence-disruptor-lesser.md,worn_item,,,Material Essence Disruptor (Lesser),Pathfinder Guns & Gears pg. 71,Uncommon,"consumable, gadget",3,,,,,Paizo,,12,,1,,,,,,,,,,,,,,,,
Material Essence Disruptor (Major),F:\Obsidian\PF2e-Core-Vault\3-Rules\Character Building\Equipment\M\material-essence-disruptor-major.md,worn_item,,,Material Essence Disruptor (Major),Pathfinder Guns & Gears pg. 71,Uncommon,"consumable, gadget",15,,,,,Paizo,,1300,,1,,,,,,,,,,,,,,,,
Material Essence Disruptor (Moderate),F:\Obsidian\PF2e-Core-Vault\3-Rules\Character Building\Equipment\M\material-essence-disruptor-moderate.md,worn_item,,,Material Essence Disruptor (Moderate),Pathfinder Guns & Gears pg. 71,Uncommon,"consumable, gadget",7,,,,,Paizo,,70,,1,,,,,,,,,,,,,,,,
Medusa Armor,F:\Obsidian\PF2e-Core-Vault\3-Rules\Character Building\Equipment\M\medusa-armor.md,worn_item,,,Medusa Armor,Pathfinder GM Core pg. 306,Rare,"cursed, invested, magical",14,,,,,Paizo,,0,,2,,,,,,,,,,,,,,,,
Meteor Shot (Greater),F:\Obsidian\PF2e-Core-Vault\3-Rules\Character Building\Equipment\M\meteor-shot-greater.md,worn_item,Magnetic Shot (Greater); Weapon Shot (Greater); Mage's Hat (Greater),,Meteor Shot (Greater),Pathfinder Guns & Gears pg. 171,Uncommon,"consumable, fire, magical, splash",12,,,,,Paizo,,400,,,,,,,,,,,,,,,,,,
Meteor Shot (Major),F:\Obsidian\PF2e-Core-Vault\3-Rules\Character Building\Equipment\M\meteor-shot-major.md,worn_item,Weapon Shot (Major),,Meteor Shot (Major),Pathfinder Guns & Gears pg. 171,Uncommon,"consumable, fire, magical, splash",17,,,,,Paizo,,3000,,,,,,,,,,,,,,,,,,
Meteor Shot,F:\Obsidian\PF2e-Core-Vault\3-Rules\Character Building\Equipment\M\meteor-shot.md,worn_item,Meteor Shield,,Meteor Shot,Pathfinder Guns & Gears pg. 171,Uncommon,"consumable, fire, magical, splash",7,,,,,Paizo,,70,,,,,,,,,,,,,,,,,,
Metuak's Pendant,F:\Obsidian\PF2e-Core-Vault\3-Rules\Character Building\Equipment\M\metuaks-pendant.md,worn_item,,,Metuak's Pendant,Pathfinder #176: Lost Mammoth Valley pg. 81,Unique,"invested, magical",5,,,,,Paizo,,155,,L,,,,,,,,,,,,,,,,
Mindlance,F:\Obsidian\PF2e-Core-Vault\3-Rules\Character Building\Equipment\M\Mindlance.md,worn_item,,unrecognized Publisher_Source for source='',Mindlance,,,,,,,,,,,,,,,,,,,,,,,,,,,,,
Mindmurk Oil,F:\Obsidian\PF2e-Core-Vault\3-Rules\Character Building\Equipment\M\mindmurk-oil.md,worn_item,,,Mindmurk Oil,Pathfinder Society Scenario #1-23: The Star-Crossed Court,Uncommon,"alchemical, consumable, ingested, poison",4,,,,,Paizo,,0,,L,,,,,,,,,,,,,,,,
Mindrender Baton,F:\Obsidian\PF2e-Core-Vault\3-Rules\Character Building\Equipment\M\mindrender-baton.md,worn_item,,,Mindrender Baton,Pathfinder Kingmaker,,"tech, rare",15,,,,,Paizo,,6500,,1,,,,,,,,,,,,,,,,
Minotaur Chair,F:\Obsidian\PF2e-Core-Vault\3-Rules\Character Building\Equipment\M\minotaur-chair.md,worn_item,,,Minotaur Chair,Pathfinder Lost Omens The Grand Bazaar,,magical,9,,,,,Paizo,,600,,4,,,,,,,,,,,,,,,,
Miogimo's Mask,F:\Obsidian\PF2e-Core-Vault\3-Rules\Character Building\Equipment\M\miogimos-mask.md,worn_item,,,Miogimo's Mask,Pathfinder #161: Belly of the Black Whale,Unique,"invested, magical",16,,,,,Paizo,,9500,,L,,,,,,,,,,,,,,,,
Mirror Implement,F:\Obsidian\PF2e-Core-Vault\3-Rules\Character Building\Equipment\M\Mirror Implement.md,worn_item,,unrecognized Publisher_Source for source='',Mirror Implement,,,,,,,,,,,,,,,,,,,,,,,,,,,,,
Mirror of Sorshen,F:\Obsidian\PF2e-Core-Vault\3-Rules\Character Building\Equipment\M\mirror-of-sorshen.md,worn_item,,,Mirror of Sorshen,Pathfinder GM Core,Unique,"artifact, magical",25,,,,,Paizo,,0,,L,,,,,,,,,,,,,,,,
Mocker's Swazzle,F:\Obsidian\PF2e-Core-Vault\3-Rules\Character Building\Equipment\M\mockers-swazzle.md,worn_item,,,Mocker's Swazzle,Pathfinder #204: Stage Fright,Unique,magical,13,,,,,Paizo,,3000,,L,,,,,,,,,,,,,,,,
Monarch,F:\Obsidian\PF2e-Core-Vault\3-Rules\Character Building\Equipment\M\Monarch.md,worn_item,Clown Monarch,unrecognized Publisher_Source for source='',Monarch,,,,,,,,,,,,,,,,,,,,,,,,,,,,,
Monster Suit,F:\Obsidian\PF2e-Core-Vault\3-Rules\Character Building\Equipment\M\monster-suit.md,worn_item,,,Monster Suit,Pathfinder Lost Omens Rival Academies,Uncommon,,5,,,,,Paizo,,80,,2,,,,,,,,,,,,,,,,
Moonkeep Hyacinth,F:\Obsidian\PF2e-Core-Vault\3-Rules\Character Building\Equipment\M\moonkeep-hyacinth.md,worn_item,,,Moonkeep Hyacinth,Pathfinder #213: Thirst for Blood,Rare,"consumable, magical, plant",12,,,,,Paizo,,400,,L,,,,,,,,,,,,,,,,
Moonkeep Lily,F:\Obsidian\PF2e-Core-Vault\3-Rules\Character Building\Equipment\M\moonkeep-lily.md,worn_item,,,Moonkeep Lily,Pathfinder #213: Thirst for Blood,Rare,"consumable, magical, plant",5,,,,,Paizo,,30,,L,,,,,,,,,,,,,,,,
Moonkeep Orchid,F:\Obsidian\PF2e-Core-Vault\3-Rules\Character Building\Equipment\M\moonkeep-orchid.md,worn_item,,,Moonkeep Orchid,Pathfinder #213: Thirst for Blood,Rare,"consumable, magical, plant",5,,,,,Paizo,,30,,L,,,,,,,,,,,,,,,,
Moritype (Greater),F:\Obsidian\PF2e-Core-Vault\3-Rules\Character Building\Equipment\M\moritype-(greater).md,worn_item,,,Moritype (Greater),Pathfinder Lost Omens Rival Academies,Rare,"consumable, gadget, void",16,,,,,Paizo,,2000,,L,,,,,,,,,,,,,,,,
moritype,F:\Obsidian\PF2e-Core-Vault\3-Rules\Character Building\Equipment\M\moritype.md,worn_item,,unrecognized Publisher_Source for source='',moritype,,,,,,,,,,,,,,,,,,,,,,,,,,,,,
Morning Glow,F:\Obsidian\PF2e-Core-Vault\3-Rules\Character Building\Equipment\M\morning-glow.md,worn_item,,,Morning Glow,Pathfinder #210: Whispers in the Dirt,Unique,"elf, finesse, forceful, magical",14,,,,,Paizo,,4456,,2,,,,,,,,,,,,,,,,
Motivating Treat Bag,F:\Obsidian\PF2e-Core-Vault\3-Rules\Character Building\Equipment\M\motivating-treat-bag.md,worn_item,,,Motivating Treat Bag,"Pathfinder #208: Hoof, Cinder, and Storm",Uncommon,magical,5,,,,,Paizo,,135,,L,,,,,,,,,,,,,,,,
Mountebank's Passage,F:\Obsidian\PF2e-Core-Vault\3-Rules\Character Building\Equipment\M\mountebanks-passage.md,worn_item,,,Mountebank's Passage,Pathfinder Guns & Gears,Unique,"concussive, fatal-d8, magical",15,,,,,Paizo,,0,,1,,,,,,,,,,,,,,,,
Musical Instrument (Handheld),F:\Obsidian\PF2e-Core-Vault\3-Rules\Character Building\Equipment\M\Musical Instrument (Handheld).md,worn_item,,unrecognized Publisher_Source for source='',Musical Instrument (Handheld),,,,,,,,,,,,,,,,,,,,,,,,,,,,,
Musical Instrument (Heavy),F:\Obsidian\PF2e-Core-Vault\3-Rules\Character Building\Equipment\M\Musical Instrument (Heavy).md,worn_item,,unrecognized Publisher_Source for source='',Musical Instrument (Heavy),,,,,,,,,,,,,,,,,,,,,,,,,,,,,
Musical Instrument (Virtuoso handheld),F:\Obsidian\PF2e-Core-Vault\3-Rules\Character Building\Equipment\M\musical-instrument-(virtuoso-handheld).md,worn_item,,,Musical Instrument (Virtuoso handheld),Pathfinder Player Core,,,3,,,,,Paizo,,50,,1,,,,,,,,,,,,,,,,
Musical Instrument (Virtuoso heavy),F:\Obsidian\PF2e-Core-Vault\3-Rules\Character Building\Equipment\M\musical-instrument-(virtuoso-heavy).md,worn_item,,,Musical Instrument (Virtuoso heavy),Pathfinder Player Core,,,3,,,,,Paizo,,100,,16,,,,,,,,,,,,,,,,
Musket Staff of Force,F:\Obsidian\PF2e-Core-Vault\3-Rules\Character Building\Equipment\M\musket-staff-of-force.md,worn_item,,,Musket Staff of Force,Pathfinder NPC Core,Rare,"concussive, fatal-d10, force, magical, staff",4,,,,,Paizo,,100,,1,,,,,,,,,,,,,,,,
Musket Staff of Void,F:\Obsidian\PF2e-Core-Vault\3-Rules\Character Building\Equipment\M\musket-staff-of-void.md,worn_item,,,Musket Staff of Void,Pathfinder NPC Core,Rare,"concussive, fatal-d10, magical, staff, void",4,,,,,Paizo,,100,,1,,,,,,,,,,,,,,,,
Mutator Onyx,F:\Obsidian\PF2e-Core-Vault\3-Rules\Character Building\Equipment\M\mutator-onyx.md,worn_item,,,Mutator Onyx,Pathfinder Lost Omens Rival Academies,Rare,"alchemical, consumable, earth",3,,,,,Paizo,,10,,L,,,,,,,,,,,,,,,,
Mycoweave Shield (Major),F:\Obsidian\PF2e-Core-Vault\3-Rules\Character Building\Equipment\M\mycoweave-shield-(major).md,worn_item,Mycoweave Shiled (Major); Mycoweave Shield (Lesser); Mycoweave Shield (Greater),,Mycoweave Shield (Major),Pathfinder #193: Mantle of Gold,Uncommon,,16,,,,,Paizo,,40,,1,,,,,,,,,,,,,,,,
Mythic Armor Potency,F:\Obsidian\PF2e-Core-Vault\3-Rules\Character Building\Equipment\M\mythic-armor-potency.md,worn_item,Armor Potency +3; Armor Potency +2; Armor Potency +1,,Mythic Armor Potency,Pathfinder War of Immortals,Rare,"magical, mythic",20,,,,,Paizo,,70000,,,,,,,,,,,,,,,,,,
Mythic Resilient,F:\Obsidian\PF2e-Core-Vault\3-Rules\Character Building\Equipment\M\mythic-resilient.md,worn_item,Resilient,,Mythic Resilient,Pathfinder War of Immortals,Rare,"magical, mythic",20,,,,,Paizo,,70000,,,,,,,,,,,,,,,,,,
Mythic Striking,F:\Obsidian\PF2e-Core-Vault\3-Rules\Character Building\Equipment\M\mythic-striking.md,worn_item,Striking,,Mythic Striking,Pathfinder War of Immortals,Rare,"magical, mythic",20,,,,,Paizo,,70000,,,,,,,,,,,,,,,,,,
Mythic Weapon Potency,F:\Obsidian\PF2e-Core-Vault\3-Rules\Character Building\Equipment\M\mythic-weapon-potency.md,worn_item,Weapon Potency +3; Weapon Potency +2; Weapon Potency +1,,Mythic Weapon Potency,Pathfinder War of Immortals,Rare,"magical, mythic",20,,,,,Paizo,,70000,,,,,,,,,,,,,,,,,,
Nail Bomb (Greater),F:\Obsidian\PF2e-Core-Vault\3-Rules\Character Building\Equipment\N\nail-bomb-(greater).md,worn_item,Tallow Bomb (Greater); Junk Bomb (Greater); Glue Bomb (Greater),,Nail Bomb (Greater),Pathfinder #202: Severed at the Root,Uncommon,"alchemical, bomb, consumable, splash",12,,,,,Paizo,,350,,L,,,,,,,,,,,,,,,,
Nail Bomb (Lesser),F:\Obsidian\PF2e-Core-Vault\3-Rules\Character Building\Equipment\N\nail-bomb-(lesser).md,worn_item,Tallow Bomb (Lesser); Junk Bomb (Lesser); Glue Bomb (Lesser),,Nail Bomb (Lesser),Pathfinder #202: Severed at the Root,Uncommon,"alchemical, bomb, consumable, splash",2,,,,,Paizo,,8,,L,,,,,,,,,,,,,,,,
Nail Bomb (Major),F:\Obsidian\PF2e-Core-Vault\3-Rules\Character Building\Equipment\N\nail-bomb-(major).md,worn_item,Tallow Bomb (Major); Junk Bomb (Major); Glue Bomb (Major),,Nail Bomb (Major),Pathfinder #202: Severed at the Root,Uncommon,"alchemical, bomb, consumable, splash",18,,,,,Paizo,,4000,,L,,,,,,,,,,,,,,,,
Nail Bomb (Moderate),F:\Obsidian\PF2e-Core-Vault\3-Rules\Character Building\Equipment\N\nail-bomb-(moderate).md,worn_item,Tallow Bomb (Moderate); Junk Bomb (Moderate); Glue Bomb (Moderate),,Nail Bomb (Moderate),Pathfinder #202: Severed at the Root,Uncommon,"alchemical, bomb, consumable, splash",4,,,,,Paizo,,16,,L,,,,,,,,,,,,,,,,
Navigator's Feather,F:\Obsidian\PF2e-Core-Vault\3-Rules\Character Building\Equipment\N\navigators-feather.md,worn_item,Navigator's Star,,Navigator's Feather,Pathfinder #202: Severed at the Root,Uncommon,"consumable, magical, talisman",2,,,,,Paizo,,6,,L,,,,,,,,,,,,,,,,
Necrotic Cap (Greater),F:\Obsidian\PF2e-Core-Vault\3-Rules\Character Building\Equipment\N\necrotic-cap-(greater).md,worn_item,Necrotic Bomb (Greater),,Necrotic Cap (Greater),Pathfinder #202: Severed at the Root,Uncommon,"catalyst, consumable, magical",11,,,,,Paizo,,350,,L,,,,,,,,,,,,,,,,
Necrotic Cap (Lesser),F:\Obsidian\PF2e-Core-Vault\3-Rules\Character Building\Equipment\N\necrotic-cap-(lesser).md,worn_item,Necrotic Bomb (Lesser),,Necrotic Cap (Lesser),Pathfinder #202: Severed at the Root,Uncommon,"catalyst, consumable, magical",4,,,,,Paizo,,18,,L,,,,,,,,,,,,,,,,
Necrotic Cap (Major),F:\Obsidian\PF2e-Core-Vault\3-Rules\Character Building\Equipment\N\necrotic-cap-(major).md,worn_item,Necrotic Bomb (Major),,Necrotic Cap (Major),Pathfinder #202: Severed at the Root,Uncommon,"catalyst, consumable, magical",15,,,,,Paizo,,1200,,L,,,,,,,,,,,,,,,,
Necrotic Cap (Moderate),F:\Obsidian\PF2e-Core-Vault\3-Rules\Character Building\Equipment\N\necrotic-cap-(moderate).md,worn_item,Necrotic Bomb (Moderate); Frost Vial (Moderate),,Necrotic Cap (Moderate),Pathfinder #202: Severed at the Root,Uncommon,"catalyst, consumable, magical",8,,,,,Paizo,,80,,L,,,,,,,,,,,,,,,,
Needle of Undeath,F:\Obsidian\PF2e-Core-Vault\3-Rules\Character Building\Equipment\N\needle-of-undeath.md,worn_item,,,Needle of Undeath,Pathfinder #209: Destroyer's Doom,Rare,magical,10,,,,,Paizo,,1150,,L,,,,,,,,,,,,,,,,
Net Launcher,F:\Obsidian\PF2e-Core-Vault\3-Rules\Character Building\Equipment\N\net-launcher.md,worn_item,Taw Launcher; Wrist Launcher; Blade Launcher,,Net Launcher,Pathfinder Guns & Gears,Rare,,1,,,,,Paizo,,16,,1,,,,,,,,,,,,,,,,
Netherwalk Incense,F:\Obsidian\PF2e-Core-Vault\3-Rules\Character Building\Equipment\N\netherwalk-incense.md,worn_item,,,Netherwalk Incense,Pathfinder #204: Stage Fright,Rare,"consumable, magical, shadow, teleportation",11,,,,,Paizo,,300,,,,,,,,,,,,,,,,,,
Nightmare's Lament,F:\Obsidian\PF2e-Core-Vault\3-Rules\Character Building\Equipment\N\nightmares-lament.md,worn_item,Nightmare Salt; Nightmare,,Nightmare's Lament,Pathfinder Howl of the Wild,Uncommon,"combination, concussive, fatal-d8, magical",6,,,,,Paizo,,230,,1,,,,,,,,,,,,,,,,
Nomad's Shawl,F:\Obsidian\PF2e-Core-Vault\3-Rules\Character Building\Equipment\N\nomads-shawl.md,worn_item,,,Nomad's Shawl,"Pathfinder #208: Hoof, Cinder, and Storm",Uncommon,"invested, magical",7,,,,,Paizo,,330,,L,,,,,,,,,,,,,,,,
Nostalgic Pot,F:\Obsidian\PF2e-Core-Vault\3-Rules\Character Building\Equipment\N\nostalgic-pot.md,worn_item,,,Nostalgic Pot,"Pathfinder #208: Hoof, Cinder, and Storm",Uncommon,magical,7,,,,,Paizo,,300,,L,,,,,,,,,,,,,,,,
Oath of the Devoted,F:\Obsidian\PF2e-Core-Vault\3-Rules\Character Building\Equipment\O\oath-of-the-devoted.md,worn_item,,,Oath of the Devoted,Pathfinder Lost Omens The Mwangi Expanse,Rare,"contract, divine, invested, magical",9,,,,,Paizo,,0,,,,,,,,,,,,,,,,,,
Oathlamp of Accord,F:\Obsidian\PF2e-Core-Vault\3-Rules\Character Building\Equipment\O\oathlamp-of-accord.md,worn_item,,,Oathlamp of Accord,Pathfinder Lost Omens Rival Academies,Rare,"light, magical, mental",3,,,,,Paizo,,50,,L,,,,,,,,,,,,,,,,
Obsidian Edge (Greater),F:\Obsidian\PF2e-Core-Vault\3-Rules\Character Building\Equipment\O\obsidian-edge-(greater).md,worn_item,Obsidian Goggles (Greater),,Obsidian Edge (Greater),Pathfinder Rage of Elements,Uncommon,"combination, concussive, fire, kickback, magical",9,,,,,Paizo,,700,,2,,,,,,,,,,,,,,,,
Obsidian Edge (Major),F:\Obsidian\PF2e-Core-Vault\3-Rules\Character Building\Equipment\O\obsidian-edge-(major).md,worn_item,Obsidian Goggles (Major),,Obsidian Edge (Major),Pathfinder Rage of Elements,Uncommon,"combination, concussive, fire, kickback, magical",12,,,,,Paizo,,1800,,2,,,,,,,,,,,,,,,,
Obsidian Edge (True),F:\Obsidian\PF2e-Core-Vault\3-Rules\Character Building\Equipment\O\obsidian-edge-(true).md,worn_item,,,Obsidian Edge (True),Pathfinder Rage of Elements,Uncommon,"combination, concussive, fire, kickback, magical",18,,,,,Paizo,,22000,,2,,,,,,,,,,,,,,,,
Obsidian Edge,F:\Obsidian\PF2e-Core-Vault\3-Rules\Character Building\Equipment\O\obsidian-edge.md,worn_item,Obsidian Goggles,,Obsidian Edge,Pathfinder Rage of Elements,Uncommon,"combination, concussive, fire, kickback, magical",6,,,,,Paizo,,250,,2,,,,,,,,,,,,,,,,
Obsidian,F:\Obsidian\PF2e-Core-Vault\3-Rules\Character Building\Equipment\O\Obsidian.md,worn_item,,unrecognized Publisher_Source for source='',Obsidian,,,,,,,,,,,,,,,,,,,,,,,,,,,,,
Ochre Fulcrum Lens,F:\Obsidian\PF2e-Core-Vault\3-Rules\Character Building\Equipment\O\ochre-fulcrum-lens.md,worn_item,,,Ochre Fulcrum Lens,Pathfinder Abomination Vaults Hardcover Compilation,Unique,"invested, occult",11,,,,,Paizo,,1400,,2,,,,,,,,,,,,,,,,
Oculus of Abaddon,F:\Obsidian\PF2e-Core-Vault\3-Rules\Character Building\Equipment\O\oculus-of-abaddon.md,worn_item,,,Oculus of Abaddon,Pathfinder Kingmaker,Rare,"artifact, magical",15,,,,,Paizo,,0,,,,,,,,,,,,,,,,,,
Oil of Potency (Greater),F:\Obsidian\PF2e-Core-Vault\3-Rules\Character Building\Equipment\O\oil-of-potency-(greater).md,worn_item,Oil of Potency,,Oil of Potency (Greater),Pathfinder GM Core,,"consumable, magical, oil",12,,,,,Paizo,,400,,L,,,,,,,,,,,,,,,,
Oil of Potency (Major),F:\Obsidian\PF2e-Core-Vault\3-Rules\Character Building\Equipment\O\oil-of-potency-(major).md,worn_item,Oil of Potency,,Oil of Potency (Major),Pathfinder GM Core,,"consumable, magical, oil",19,,,,,Paizo,,8000,,L,,,,,,,,,,,,,,,,
Old Tillimaquin,F:\Obsidian\PF2e-Core-Vault\3-Rules\Character Building\Equipment\O\old-tillimaquin.md,worn_item,,,Old Tillimaquin,Pathfinder Dark Archive,Unique,,12,,,,,Paizo,,2000,,3,,,,,,,,,,,,,,,,
Bloodhound Olfactory Stimulators,F:\Obsidian\PF2e-Core-Vault\3-Rules\Character Building\Equipment\O\olfactory-stimulators-bloodhound.md,worn_item,,,Bloodhound Olfactory Stimulators,Pathfinder Treasure Vault,,magical,5,,,,,Paizo,,136,,L,,,,,,,,,,,,,,,,
Olfactory Stimulators,F:\Obsidian\PF2e-Core-Vault\3-Rules\Character Building\Equipment\O\olfactory-stimulators.md,worn_item,,,Olfactory Stimulators,Pathfinder Treasure Vault,,magical,1,,,,,Paizo,,5,,,,,,,,,,,,,,,,,,
One-Hour Flower,F:\Obsidian\PF2e-Core-Vault\3-Rules\Character Building\Equipment\O\one-hour-flower.md,worn_item,,,One-Hour Flower,Pathfinder Lost Omens Rival Academies,Rare,"consumable, magical",1,,,,,Paizo,,4,,,,,,,,,,,,,,,,,,
Oracular Hag Eye,F:\Obsidian\PF2e-Core-Vault\3-Rules\Character Building\Equipment\O\oracular-hag-eye.md,worn_item,,,Oracular Hag Eye,Pathfinder #182: Graveclaw,Rare,"invested, occult, scrying",4,,,,,Paizo,,75,,L,,,,,,,,,,,,,,,,
Orb of Dragonkind,F:\Obsidian\PF2e-Core-Vault\3-Rules\Character Building\Equipment\O\orb-of-dragonkind.md,worn_item,,,Orb of Dragonkind,Pathfinder #150: Broken Promises,,"arcane, artifact, unique",25,,,,,Paizo,,0,,1,,,,,,,,,,,,,,,,
Orb Shard,F:\Obsidian\PF2e-Core-Vault\3-Rules\Character Building\Equipment\O\orb-shard.md,worn_item,,,Orb Shard,Pathfinder #150: Broken Promises,Rare,"agile, artifact, finesse, magical, versatile-s",20,,,,,Paizo,,0,,1,,,,,,,,,,,,,,,,
Orc Warmask,F:\Obsidian\PF2e-Core-Vault\3-Rules\Character Building\Equipment\O\Orc Warmask.md,worn_item,,unrecognized Publisher_Source for source='',Orc Warmask,,,,,,,,,,,,,,,,,,,,,,,,,,,,,
Orc Skewermaul,F:\Obsidian\PF2e-Core-Vault\3-Rules\Character Building\Equipment\O\orc-skewermaul.md,worn_item,,,Orc Skewermaul,Pathfinder #207: The Resurrection Flood,Uncommon,"brace, orc, two-hand-d10, versatile-p",0,,,,,Paizo,,2,,1,,,,,,,,,,,,,,,,
Osteomancer's Pouch,F:\Obsidian\PF2e-Core-Vault\3-Rules\Character Building\Equipment\O\osteomancers-pouch.md,worn_item,,,Osteomancer's Pouch,"Pathfinder #208: Hoof, Cinder, and Storm",Uncommon,magical,8,,,,,Paizo,,480,,,,,,,,,,,,,,,,,,
Overloaded Brain Grenade,F:\Obsidian\PF2e-Core-Vault\3-Rules\Character Building\Equipment\O\overloaded-brain-grenade.md,worn_item,,,Overloaded Brain Grenade,Pathfinder Special: Fumbus!,Unique,"alchemical, consumable, fire, mental, splash",10,,,,,Paizo,,200,,1,,,,,,,,,,,,,,,,
Ovinrbaane,F:\Obsidian\PF2e-Core-Vault\3-Rules\Character Building\Equipment\O\Ovinrbaane.md,worn_item,,unrecognized Publisher_Source for source='',Ovinrbaane,,,,,,,,,,,,,,,,,,,,,,,,,,,,,
Pact-Bound Pistol,F:\Obsidian\PF2e-Core-Vault\3-Rules\Character Building\Equipment\P\pact-bound-pistol.md,worn_item,,,Pact-Bound Pistol,Pathfinder Guns & Gears,Rare,"concealable, concussive, cursed, fatal-d10, fire, magical, unholy",10,,,,,Paizo,,0,,L,,,,,,,,,,,,,,,,
Pact of Blood-Taking,F:\Obsidian\PF2e-Core-Vault\3-Rules\Character Building\Equipment\P\pact-of-blood-taking.md,worn_item,,,Pact of Blood-Taking,Pathfinder #164: Hands of the Devil,,"contract, invested, magical, rare",5,,,,,Paizo,,0,,,,,,,,,,,,,,,,,,
palstave,F:\Obsidian\PF2e-Core-Vault\3-Rules\Character Building\Equipment\P\palstave.md,worn_item,,unrecognized Publisher_Source for source='',palstave,,,,,,,,,,,,,,,,,,,,,,,,,,,,,
Parade armor with flourishes,F:\Obsidian\PF2e-Core-Vault\3-Rules\Character Building\Equipment\P\Parade armor with flourishes.md,worn_item,,unrecognized Publisher_Source for source='',Parade armor with flourishes,,,,,,,,,,,,,,,,,,,,,,,,,,,,,
Paradise Light,F:\Obsidian\PF2e-Core-Vault\3-Rules\Character Building\Equipment\P\paradise-light.md,worn_item,,,Paradise Light,Pathfinder #202: Severed at the Root,Rare,"invested, light, magical",10,,,,,Paizo,,1100,,L,,,,,,,,,,,,,,,,
Passage Charm,F:\Obsidian\PF2e-Core-Vault\3-Rules\Character Building\Equipment\P\passage-charm.md,worn_item,,,Passage Charm,Pathfinder #202: Severed at the Root,Rare,"invested, magical, shadow",10,,,,,Paizo,,1000,,L,,,,,,,,,,,,,,,,
Passage Pane,F:\Obsidian\PF2e-Core-Vault\3-Rules\Character Building\Equipment\P\passage-pane.md,worn_item,,,Passage Pane,Pathfinder #186: Ghost King's Rage,Rare,"artifact, divine, teleportation",25,,,,,Paizo,,0,,3,,,,,,,,,,,,,,,,
Pathfinder's Mentor,F:\Obsidian\PF2e-Core-Vault\3-Rules\Character Building\Equipment\P\pathfinders-mentor.md,worn_item,Pathfinder's Coin; Pathfinder's Pouch,,Pathfinder's Mentor,Pathfinder Treasure Vault,Rare,"illusion, intelligent, invested, magical",6,,,,,Paizo,,200,,,,,,,,,,,,,,,,,,
Pelt of the Beast,F:\Obsidian\PF2e-Core-Vault\3-Rules\Character Building\Equipment\P\Pelt of the Beast.md,worn_item,Power of the Beasts,unrecognized Publisher_Source for source='',Pelt of the Beast,,,,,,,,,,,,,,,,,,,,,,,,,,,,,
Pepper Poultice,F:\Obsidian\PF2e-Core-Vault\3-Rules\Character Building\Equipment\P\pepper-poultice.md,worn_item,,,Pepper Poultice,"Pathfinder #208: Hoof, Cinder, and Storm",Uncommon,"alchemical, consumable",7,,,,,Paizo,,55,,,,,,,,,,,,,,,,,,
Pepperbox,F:\Obsidian\PF2e-Core-Vault\3-Rules\Character Building\Equipment\P\Pepperbox.md,worn_item,,unrecognized Publisher_Source for source='',Pepperbox,,,,,,,,,,,,,,,,,,,,,,,,,,,,,
Perfected Robes,F:\Obsidian\PF2e-Core-Vault\3-Rules\Character Building\Equipment\P\perfected-robes.md,worn_item,Perfect Droplet,,Perfected Robes,Pathfinder Treasure Vault,Rare,"artifact, divine, invested",22,,,,,Paizo,,0,,L,,,,,,,,,,,,,,,,
Perfection's First Step,F:\Obsidian\PF2e-Core-Vault\3-Rules\Character Building\Equipment\P\perfections-first-step.md,worn_item,,,Perfection's First Step,Pathfinder Lost Omens Rival Academies,Uncommon,"consumable, mental, occult, water",5,,,,,Paizo,,23,,,,,,,,,,,,,,,,,,
Persistent Lodestone,F:\Obsidian\PF2e-Core-Vault\3-Rules\Character Building\Equipment\P\persistent-lodestone.md,worn_item,Spiny Lodestone,,Persistent Lodestone,Pathfinder Guns & Gears,,"consumable, magical, talisman",7,,,,,Paizo,,55,,,,,,,,,,,,,,,,,,
Peshpine Grenade (Greater),F:\Obsidian\PF2e-Core-Vault\3-Rules\Character Building\Equipment\P\peshpine-grenade-greater.md,worn_item,Peshspine Grenade (Greater); Peshspine Grenade (Moderate); Spellsap Grenade (Greater),,Peshpine Grenade (Greater),Pathfinder #149: Against the Scarlet Triad pg. 77,Uncommon,"alchemical, bomb, consumable, splash",11,,,,,Paizo,,250,,L,,,,,,,,,,,,,,,,
Peshpine Grenade (Lesser),F:\Obsidian\PF2e-Core-Vault\3-Rules\Character Building\Equipment\P\peshpine-grenade-lesser.md,worn_item,Peshspine Grenade (Lesser); Peshspine Grenade (Greater); Peshspine Grenade (Major),,Peshpine Grenade (Lesser),Pathfinder #149: Against the Scarlet Triad pg. 77,Uncommon,"alchemical, bomb, consumable, splash",1,,,,,Paizo,,3,,L,,,,,,,,,,,,,,,,
Peshpine Grenade (Major),F:\Obsidian\PF2e-Core-Vault\3-Rules\Character Building\Equipment\P\peshpine-grenade-major.md,worn_item,Peshspine Grenade (Major); Peshspine Grenade (Moderate); Peshspine Grenade (Lesser),,Peshpine Grenade (Major),Pathfinder #149: Against the Scarlet Triad pg. 77,Uncommon,"alchemical, bomb, consumable, splash",17,,,,,Paizo,,2500,,L,,,,,,,,,,,,,,,,
Peshpine Grenade (Moderate),F:\Obsidian\PF2e-Core-Vault\3-Rules\Character Building\Equipment\P\peshpine-grenade-moderate.md,worn_item,Peshspine Grenade (Moderate); Spellsap Grenade (Moderate); Peshspine Grenade (Greater),,Peshpine Grenade (Moderate),Pathfinder #149: Against the Scarlet Triad pg. 77,Uncommon,"alchemical, bomb, consumable, splash",3,,,,,Paizo,,10,,L,,,,,,,,,,,,,,,,
Petrification Cannon,F:\Obsidian\PF2e-Core-Vault\3-Rules\Character Building\Equipment\P\petrification-cannon.md,worn_item,,,Petrification Cannon,Pathfinder Guns & Gears,Uncommon,"concussive, double-barrel, fatal-d10, magical",15,,,,,Paizo,,6500,,1,,,,,,,,,,,,,,,,
Phantom Piano,F:\Obsidian\PF2e-Core-Vault\3-Rules\Character Building\Equipment\P\phantom-piano.md,worn_item,,,Phantom Piano,Pathfinder Treasure Vault,Rare,"focused, intelligent, occult",12,,,,,Paizo,,100,,16,,,,,,,,,,,,,,,,
Pharasmin Visor,F:\Obsidian\PF2e-Core-Vault\3-Rules\Character Building\Equipment\P\pharasmin-visor.md,worn_item,,,Pharasmin Visor,Pathfinder #210: Whispers in the Dirt,Rare,"invested, magical",13,,,,,Paizo,,3000,,L,,,,,,,,,,,,,,,,
Philosopher's Extractor,F:\Obsidian\PF2e-Core-Vault\3-Rules\Character Building\Equipment\P\philosophers-extractor.md,worn_item,Philosopher's Stone,,Philosopher's Extractor,Pathfinder GM Core,Rare,"artifact, magical",25,,,,,Paizo,,0,,8,,,,,,,,,,,,,,,,
Phoenix Fighting Fan,F:\Obsidian\PF2e-Core-Vault\3-Rules\Character Building\Equipment\P\phoenix-fighting-fan.md,worn_item,Fighting Fan,,Phoenix Fighting Fan,Pathfinder #166: Despair on Danger Island,Rare,"agile, artifact, backstabber, deadly-d6, finesse, magical, monk",20,,,,,Paizo,,0,,L,,,,,,,,,,,,,,,,
Phoenix Necklace,F:\Obsidian\PF2e-Core-Vault\3-Rules\Character Building\Equipment\P\phoenix-necklace.md,worn_item,,,Phoenix Necklace,Pathfinder #166: Despair on Danger Island,Rare,"artifact, healing, magical",20,,,,,Paizo,,0,,,,,,,,,,,,,,,,,,
Piercing Wind,F:\Obsidian\PF2e-Core-Vault\3-Rules\Character Building\Equipment\P\piercing-wind.md,worn_item,Piercing; Piercing Horn,,Piercing Wind,Pathfinder Guns & Gears,Uncommon,"combination, concussive, fatal-aim-d10",0,,,,,Paizo,,15,,1,,,,,,,,,,,,,,,,
Pilgrim's Token,F:\Obsidian\PF2e-Core-Vault\3-Rules\Character Building\Equipment\P\Pilgrim's Token.md,worn_item,,unrecognized Publisher_Source for source='',Pilgrim's Token,,,,,,,,,,,,,,,,,,,,,,,,,,,,,
Pistol of Wonder,F:\Obsidian\PF2e-Core-Vault\3-Rules\Character Building\Equipment\P\pistol-of-wonder.md,worn_item,Rod of Wonder,,Pistol of Wonder,Pathfinder Guns & Gears,,"concussive, fatal-d8, magical, rare",13,,,,,Paizo,,3000,,1,,,,,,,,,,,,,,,,
Pistol Wand,F:\Obsidian\PF2e-Core-Vault\3-Rules\Character Building\Equipment\P\pistol-wand.md,worn_item,,,Pistol Wand,Pathfinder Guns & Gears,Rare,"concussive, fatal-d8, magical, wand",4,,,,,Paizo,,100,,1,,,,,,,,,,,,,,,,
Plate of Yled (Greater),F:\Obsidian\PF2e-Core-Vault\3-Rules\Character Building\Equipment\P\plate-of-yled-(greater).md,worn_item,Plate of Yled (Graveknight Plate); Vigilant Eye (Greater),,Plate of Yled (Greater),Pathfinder Wake the Dead #5,Rare,"bulwark, invested, magical",8,,,,,Paizo,,415,,4,,,,,,,,,,,,,,,,
Plate of Yled (Major),F:\Obsidian\PF2e-Core-Vault\3-Rules\Character Building\Equipment\P\plate-of-yled-(major).md,worn_item,,,Plate of Yled (Major),Pathfinder Wake the Dead #5,Rare,"bulwark, invested, magical",11,,,,,Paizo,,1160,,4,,,,,,,,,,,,,,,,
Plate of Yled (True),F:\Obsidian\PF2e-Core-Vault\3-Rules\Character Building\Equipment\P\plate-of-yled-(true).md,worn_item,,,Plate of Yled (True),Pathfinder Wake the Dead #5,Rare,"bulwark, invested, magical",14,,,,,Paizo,,3600,,4,,,,,,,,,,,,,,,,
Plate of Yled,F:\Obsidian\PF2e-Core-Vault\3-Rules\Character Building\Equipment\P\plate-of-yled.md,worn_item,,,Plate of Yled,Pathfinder Wake the Dead #5,Rare,"bulwark, invested, magical",6,,,,,Paizo,,250,,4,,,,,,,,,,,,,,,,
Poison Sedum,F:\Obsidian\PF2e-Core-Vault\3-Rules\Character Building\Equipment\P\Poison Sedum.md,worn_item,,unrecognized Publisher_Source for source='',Poison Sedum,,,,,,,,,,,,,,,,,,,,,,,,,,,,,
Portable Seal (Lesser),F:\Obsidian\PF2e-Core-Vault\3-Rules\Character Building\Equipment\P\portable-seal-(lesser).md,worn_item,,,Portable Seal (Lesser),Pathfinder Lost Omens Rival Academies,Uncommon,"consumable, gadget, magical",6,,,,,Paizo,,45,,1,,,,,,,,,,,,,,,,
Portable Seal (Major),F:\Obsidian\PF2e-Core-Vault\3-Rules\Character Building\Equipment\P\portable-seal-(major).md,worn_item,Portable Altar,,Portable Seal (Major),Pathfinder Lost Omens Rival Academies,Uncommon,"consumable, gadget, magical",18,,,,,Paizo,,5000,,1,,,,,,,,,,,,,,,,
Portable Seal (Moderate),F:\Obsidian\PF2e-Core-Vault\3-Rules\Character Building\Equipment\P\portable-seal-(moderate).md,worn_item,,,Portable Seal (Moderate),Pathfinder Lost Omens Rival Academies,Uncommon,"consumable, gadget, magical",12,,,,,Paizo,,400,,1,,,,,,,,,,,,,,,,
Portable Weapon Mount (Monopod),F:\Obsidian\PF2e-Core-Vault\3-Rules\Character Building\Equipment\P\portable-weapon-mount-(monopod).md,worn_item,,,Portable Weapon Mount (Monopod),Pathfinder Guns & Gears,Uncommon,,1,,,,,Paizo,,2,,1,,,,,,,,,,,,,,,,
Portable Weapon Mount (Shielded Tripod),F:\Obsidian\PF2e-Core-Vault\3-Rules\Character Building\Equipment\P\portable-weapon-mount-(shielded-tripod).md,worn_item,,,Portable Weapon Mount (Shielded Tripod),Pathfinder Guns & Gears,Uncommon,,5,,,,,Paizo,,50,,3,,,,,,,,,,,,,,,,
Potency Crystal (Greater),F:\Obsidian\PF2e-Core-Vault\3-Rules\Character Building\Equipment\P\potency-crystal-(greater).md,worn_item,Potency Crystal; Rime Crystal (Greater),,Potency Crystal (Greater),Pathfinder GM Core,,"consumable, magical, talisman",9,,,,,Paizo,,150,,,,,,,,,,,,,,,,,,
Potency Crystal (Major),F:\Obsidian\PF2e-Core-Vault\3-Rules\Character Building\Equipment\P\potency-crystal-(major).md,worn_item,Potency Crystal; Rime Crystal (Major),,Potency Crystal (Major),Pathfinder GM Core,,"consumable, magical, talisman",15,,,,,Paizo,,1300,,,,,,,,,,,,,,,,,,
Potion of Acid Resistance (Greater),F:\Obsidian\PF2e-Core-Vault\3-Rules\Character Building\Equipment\P\potion-of-acid-resistance-(greater).md,worn_item,Potion of Resistance (Greater); Potion of Resistance (Moderate); Potion of Resistance (Lesser),,Potion of Acid Resistance (Greater),Pathfinder GM Core,,"consumable, magical, potion",14,,,,,Paizo,,850,,L,,,,,,,,,,,,,,,,
Potion of Acid Resistance (Lesser),F:\Obsidian\PF2e-Core-Vault\3-Rules\Character Building\Equipment\P\potion-of-acid-resistance-(lesser).md,worn_item,Potion of Resistance (Lesser); Potion of Resistance (Greater); Potion of Resistance (Moderate),,Potion of Acid Resistance (Lesser),Pathfinder GM Core,,"consumable, magical, potion",6,,,,,Paizo,,45,,L,,,,,,,,,,,,,,,,
Potion of Acid Resistance (Moderate),F:\Obsidian\PF2e-Core-Vault\3-Rules\Character Building\Equipment\P\potion-of-acid-resistance-(moderate).md,worn_item,Potion of Resistance (Moderate); Potion of Resistance (Greater); Potion of Resistance (Lesser),,Potion of Acid Resistance (Moderate),Pathfinder GM Core,,"consumable, magical, potion",10,,,,,Paizo,,180,,L,,,,,,,,,,,,,,,,
Potion of Cold Resistance (Greater),F:\Obsidian\PF2e-Core-Vault\3-Rules\Character Building\Equipment\P\potion-of-cold-resistance-(greater).md,worn_item,Potion of Resistance (Greater); Potion of Resistance (Moderate); Potion of Resistance (Lesser),,Potion of Cold Resistance (Greater),Pathfinder GM Core,,"consumable, magical, potion",14,,,,,Paizo,,850,,L,,,,,,,,,,,,,,,,
Potion of Cold Resistance (Lesser),F:\Obsidian\PF2e-Core-Vault\3-Rules\Character Building\Equipment\P\potion-of-cold-resistance-(lesser).md,worn_item,Potion of Resistance (Lesser); Potion of Resistance (Greater); Potion of Resistance (Moderate),,Potion of Cold Resistance (Lesser),Pathfinder GM Core,,"consumable, magical, potion",6,,,,,Paizo,,45,,L,,,,,,,,,,,,,,,,
Potion of Cold Resistance (Moderate),F:\Obsidian\PF2e-Core-Vault\3-Rules\Character Building\Equipment\P\potion-of-cold-resistance-(moderate).md,worn_item,Potion of Resistance (Moderate); Potion of Resistance (Greater); Potion of Resistance (Lesser),,Potion of Cold Resistance (Moderate),Pathfinder GM Core,,"consumable, magical, potion",10,,,,,Paizo,,180,,L,,,,,,,,,,,,,,,,
Potion of Electricity Resistance (Greater),F:\Obsidian\PF2e-Core-Vault\3-Rules\Character Building\Equipment\P\potion-of-electricity-resistance-(greater).md,worn_item,Potion of Resistance (Greater),,Potion of Electricity Resistance (Greater),Pathfinder GM Core,,"consumable, magical, potion",14,,,,,Paizo,,850,,L,,,,,,,,,,,,,,,,
Potion of Electricity Resistance (Lesser),F:\Obsidian\PF2e-Core-Vault\3-Rules\Character Building\Equipment\P\potion-of-electricity-resistance-(lesser).md,worn_item,Potion of Resistance (Lesser),,Potion of Electricity Resistance (Lesser),Pathfinder GM Core,,"consumable, magical, potion",6,,,,,Paizo,,45,,L,,,,,,,,,,,,,,,,
Potion of Electricity Resistance (Moderate),F:\Obsidian\PF2e-Core-Vault\3-Rules\Character Building\Equipment\P\potion-of-electricity-resistance-(moderate).md,worn_item,Potion of Resistance (Moderate); Potion of Retaliation - Electricity (Moderate),,Potion of Electricity Resistance (Moderate),Pathfinder GM Core,,"consumable, magical, potion",10,,,,,Paizo,,180,,L,,,,,,,,,,,,,,,,
Potion of Fire Resistance (Greater),F:\Obsidian\PF2e-Core-Vault\3-Rules\Character Building\Equipment\P\potion-of-fire-resistance-(greater).md,worn_item,Potion of Resistance (Greater); Potion of Resistance (Moderate); Potion of Resistance (Lesser),,Potion of Fire Resistance (Greater),Pathfinder GM Core,,"consumable, magical, potion",14,,,,,Paizo,,850,,L,,,,,,,,,,,,,,,,
Potion of Fire Resistance (Lesser),F:\Obsidian\PF2e-Core-Vault\3-Rules\Character Building\Equipment\P\potion-of-fire-resistance-(lesser).md,worn_item,Potion of Resistance (Lesser); Potion of Resistance (Greater); Potion of Resistance (Moderate),,Potion of Fire Resistance (Lesser),Pathfinder GM Core,,"consumable, magical, potion",6,,,,,Paizo,,45,,L,,,,,,,,,,,,,,,,
Potion of Fire Resistance (Moderate),F:\Obsidian\PF2e-Core-Vault\3-Rules\Character Building\Equipment\P\potion-of-fire-resistance-(moderate).md,worn_item,Potion of Resistance (Moderate); Potion of Resistance (Greater); Potion of Resistance (Lesser),,Potion of Fire Resistance (Moderate),Pathfinder Core Rulebook,,"consumable, magical, potion",10,,,,,Paizo,,180,,L,,,,,,,,,,,,,,,,
Potion of Passing Fancy,F:\Obsidian\PF2e-Core-Vault\3-Rules\Character Building\Equipment\P\potion-of-passing-fancy.md,worn_item,,,Potion of Passing Fancy,"Pathfinder #205: Singer, Stalker, Skinsaw Man",,"consumable, magical, potion, uncommon",4,,,,,Paizo,,20,,L,,,,,,,,,,,,,,,,
Potion of Retaliation (Greater),F:\Obsidian\PF2e-Core-Vault\3-Rules\Character Building\Equipment\P\potion-of-retaliation-greater.md,worn_item,Potion of Retaliation - Fire (Greater); Potion of Retaliation - Cold (Greater); Potion of Retaliation - Acid (Greater),,Potion of Retaliation (Greater),Pathfinder Player Core 2 pg. 304,,"consumable, magical, potion",12,,,,,Paizo,,400,,,,,,,,,,,,,,,,,,
Potion of Retaliation (Lesser),F:\Obsidian\PF2e-Core-Vault\3-Rules\Character Building\Equipment\P\potion-of-retaliation-lesser.md,worn_item,Potion of Retaliation - Fire (Lesser); Potion of Retaliation - Cold (Lesser); Potion of Retaliation - Acid (Lesser),,Potion of Retaliation (Lesser),Pathfinder Player Core 2 pg. 304,,"consumable, magical, potion",3,,,,,Paizo,,12,,,,,,,,,,,,,,,,,,
Potion of Retaliation (Major),F:\Obsidian\PF2e-Core-Vault\3-Rules\Character Building\Equipment\P\potion-of-retaliation-major.md,worn_item,Potion of Retaliation - Fire (Major); Potion of Retaliation - Cold (Major); Potion of Retaliation - Acid (Major),,Potion of Retaliation (Major),Pathfinder Player Core 2 pg. 304,,"consumable, magical, potion",18,,,,,Paizo,,5000,,,,,,,,,,,,,,,,,,
Potion of Retaliation (Minor),F:\Obsidian\PF2e-Core-Vault\3-Rules\Character Building\Equipment\P\potion-of-retaliation-minor.md,worn_item,Potion of Retaliation - Fire (Minor); Potion of Retaliation - Cold (Minor); Potion of Retaliation - Acid (Minor),,Potion of Retaliation (Minor),Pathfinder Player Core 2 pg. 304,,"consumable, magical, potion",1,,,,,Paizo,,4,,,,,,,,,,,,,,,,,,
Potion of Retaliation (Moderate),F:\Obsidian\PF2e-Core-Vault\3-Rules\Character Building\Equipment\P\potion-of-retaliation-moderate.md,worn_item,Potion of Retaliation - Fire (Moderate); Potion of Retaliation - Cold (Moderate); Potion of Retaliation - Acid (Moderate),,Potion of Retaliation (Moderate),Pathfinder Player Core 2 pg. 304,,"consumable, magical, potion",6,,,,,Paizo,,50,,,,,,,,,,,,,,,,,,
Potion of Sonic Resistance (Greater),F:\Obsidian\PF2e-Core-Vault\3-Rules\Character Building\Equipment\P\potion-of-sonic-resistance-(greater).md,worn_item,Potion of Resistance (Greater); Potion of Resistance (Moderate); Potion of Resistance (Lesser),,Potion of Sonic Resistance (Greater),Pathfinder GM Core,,"consumable, magical, potion",14,,,,,Paizo,,850,,L,,,,,,,,,,,,,,,,
Potion of Sonic Resistance (Lesser),F:\Obsidian\PF2e-Core-Vault\3-Rules\Character Building\Equipment\P\potion-of-sonic-resistance-(lesser).md,worn_item,Potion of Resistance (Lesser); Potion of Resistance (Greater); Potion of Resistance (Moderate),,Potion of Sonic Resistance (Lesser),Pathfinder GM Core,,"consumable, magical, potion",6,,,,,Paizo,,45,,L,,,,,,,,,,,,,,,,
Potion of Sonic Resistance (Moderate),F:\Obsidian\PF2e-Core-Vault\3-Rules\Character Building\Equipment\P\potion-of-sonic-resistance-(moderate).md,worn_item,Potion of Resistance (Moderate); Potion of Resistance (Greater); Potion of Resistance (Lesser),,Potion of Sonic Resistance (Moderate),Pathfinder GM Core,,"consumable, magical, potion",10,,,,,Paizo,,180,,L,,,,,,,,,,,,,,,,
Power Suit,F:\Obsidian\PF2e-Core-Vault\3-Rules\Character Building\Equipment\P\Power Suit.md,worn_item,Bower Fruit,unrecognized Publisher_Source for source='',Power Suit,,,,,,,,,,,,,,,,,,,,,,,,,,,,,
Practice Target,F:\Obsidian\PF2e-Core-Vault\3-Rules\Character Building\Equipment\P\Practice Target.md,worn_item,,unrecognized Publisher_Source for source='',Practice Target,,,,,,,,,,,,,,,,,,,,,,,,,,,,,
Prankster's Perpetual Pieplate,F:\Obsidian\PF2e-Core-Vault\3-Rules\Character Building\Equipment\P\pranksters-perpetual-pieplate.md,worn_item,,,Prankster's Perpetual Pieplate,Pathfinder Lost Omens Rival Academies,Rare,magical,1,,,,,Paizo,,12,,L,,,,,,,,,,,,,,,,
Primal Pollen,F:\Obsidian\PF2e-Core-Vault\3-Rules\Character Building\Equipment\P\primal-pollen.md,worn_item,Primal Call,,Primal Pollen,Pathfinder #201: Pactbreaker,,"consumable, inhaled, magical, poison, primal",5,,,,,Paizo,,25,,L,,,,,,,,,,,,,,,,
Primordial Flame,F:\Obsidian\PF2e-Core-Vault\3-Rules\Character Building\Equipment\P\primordial-flame.md,worn_item,,,Primordial Flame,Pathfinder #176: Lost Mammoth Valley,Unique,"artifact, cursed, fire, light, magical",23,,,,,Paizo,,0,,1,,,,,,,,,,,,,,,,
Prismatic Dust,F:\Obsidian\PF2e-Core-Vault\3-Rules\Character Building\Equipment\P\prismatic-dust.md,worn_item,Prismatic Crystal; Prismatic Plate,,Prismatic Dust,Pathfinder Lost Omens Rival Academies,Uncommon,"consumable, magical",1,,,,,Paizo,,1,,,,,,,,,,,,,,,,,,
Psyche Salts (Greater),F:\Obsidian\PF2e-Core-Vault\3-Rules\Character Building\Equipment\P\psyche-salts-(greater).md,worn_item,Eye Slash (Greater),,Psyche Salts (Greater),Pathfinder #214: The Broken Palace,Rare,"consumable, magical, potion",17,,,,,Paizo,,3000,,L,,,,,,,,,,,,,,,,
Psyche Salts (Lesser),F:\Obsidian\PF2e-Core-Vault\3-Rules\Character Building\Equipment\P\psyche-salts-(lesser).md,worn_item,,,Psyche Salts (Lesser),Pathfinder #214: The Broken Palace,Rare,"consumable, magical, potion",5,,,,,Paizo,,30,,L,,,,,,,,,,,,,,,,
Psyche Salts (Moderate),F:\Obsidian\PF2e-Core-Vault\3-Rules\Character Building\Equipment\P\psyche-salts-(moderate).md,worn_item,,,Psyche Salts (Moderate),Pathfinder #214: The Broken Palace,Rare,"consumable, magical, potion",9,,,,,Paizo,,150,,L,,,,,,,,,,,,,,,,
Puppetmaster Extract,F:\Obsidian\PF2e-Core-Vault\3-Rules\Character Building\Equipment\P\puppetmaster-extract.md,worn_item,,,Puppetmaster Extract,"Pathfinder #208: Hoof, Cinder, and Storm",Uncommon,"alchemical, consumable, contact, poison",8,,,,,Paizo,,85,,L,,,,,,,,,,,,,,,,
Purloining Cloak,F:\Obsidian\PF2e-Core-Vault\3-Rules\Character Building\Equipment\P\purloining-cloak.md,worn_item,,,Purloining Cloak,Pathfinder Treasure Vault,Rare,"apex, intelligent, invested, magical",18,,,,,Paizo,,24000,,L,,,,,,,,,,,,,,,,
Purple Pepper Powder,F:\Obsidian\PF2e-Core-Vault\3-Rules\Character Building\Equipment\P\purple-pepper-powder.md,worn_item,Dark Pepper Powder,,Purple Pepper Powder,"Pathfinder #208: Hoof, Cinder, and Storm",Uncommon,"alchemical, consumable, processed",8,,,,,Paizo,,60,,,,,,,,,,,,,,,,,,
Putrid Sack of Rotting Fruit,F:\Obsidian\PF2e-Core-Vault\3-Rules\Character Building\Equipment\P\putrid-sack-of-rotting-fruit.md,worn_item,Sack of Rotten Fruit,,Putrid Sack of Rotting Fruit,Pathfinder Adventure: A Few Flowers More,Uncommon,consumable,3,,,,,Paizo,,12,,L,,,,,,,,,,,,,,,,
Puzzle Box (Simple) (Hollow),F:\Obsidian\PF2e-Core-Vault\3-Rules\Character Building\Equipment\P\Puzzle Box (Simple) (Hollow).md,worn_item,Puzzle Box (Simple); Puzzle Box (Hollow),unrecognized Publisher_Source for source='',Puzzle Box (Simple) (Hollow),,,,,,,,,,,,,,,,,,,,,,,,,,,,,
Puzzle Box (Challenging) (Hollow),F:\Obsidian\PF2e-Core-Vault\3-Rules\Character Building\Equipment\P\puzzle-box-(challenging)-(hollow).md,worn_item,Puzzle Box (Challenging); Puzzle Box (Hollow),,Puzzle Box (Challenging) (Hollow),Pathfinder Lost Omens The Grand Bazaar,,,3,,,,,Paizo,,20,,L,,,,,,,,,,,,,,,,
Puzzle Box (Complex) (Hollow),F:\Obsidian\PF2e-Core-Vault\3-Rules\Character Building\Equipment\P\puzzle-box-(complex)-(hollow).md,worn_item,Puzzle Box (Complex); Puzzle Box (Hollow),,Puzzle Box (Complex) (Hollow),Pathfinder Lost Omens The Grand Bazaar,,,1,,,,,Paizo,,4,,L,,,,,,,,,,,,,,,,
Quartz-Coil Rail Transport (Greater),F:\Obsidian\PF2e-Core-Vault\3-Rules\Character Building\Equipment\Q\quartz-coil-rail-transport-(greater).md,worn_item,,,Quartz-Coil Rail Transport (Greater),Pathfinder Lost Omens Rival Academies,Uncommon,"consumable, electricity, gadget, teleportation",14,,,,,Paizo,,650,,L,,,,,,,,,,,,,,,,
Quartz-Coil Rail Transport (Lesser),F:\Obsidian\PF2e-Core-Vault\3-Rules\Character Building\Equipment\Q\quartz-coil-rail-transport-(lesser).md,worn_item,,,Quartz-Coil Rail Transport (Lesser),Pathfinder Lost Omens Rival Academies,Uncommon,"consumable, electricity, gadget, teleportation",4,,,,,Paizo,,20,,L,,,,,,,,,,,,,,,,
Quartz-Coil Rail Transport (Major),F:\Obsidian\PF2e-Core-Vault\3-Rules\Character Building\Equipment\Q\quartz-coil-rail-transport-(major).md,worn_item,,,Quartz-Coil Rail Transport (Major),Pathfinder Lost Omens Rival Academies,Uncommon,"consumable, electricity, gadget, teleportation",19,,,,,Paizo,,8000,,L,,,,,,,,,,,,,,,,
Quartz-Coil Rail Transport (Moderate),F:\Obsidian\PF2e-Core-Vault\3-Rules\Character Building\Equipment\Q\quartz-coil-rail-transport-(moderate).md,worn_item,,,Quartz-Coil Rail Transport (Moderate),Pathfinder Lost Omens Rival Academies,Uncommon,"consumable, electricity, gadget, teleportation",9,,,,,Paizo,,150,,L,,,,,,,,,,,,,,,,
Quick-Change Outfit,F:\Obsidian\PF2e-Core-Vault\3-Rules\Character Building\Equipment\Q\quick-change-outfit.md,worn_item,,,Quick-Change Outfit,Pathfinder Lost Omens Firebrands,,,2,,,,,Paizo,,0,,,,,,,,,,,,,,,,,,
Quickstrike,F:\Obsidian\PF2e-Core-Vault\3-Rules\Character Building\Equipment\Q\Quickstrike.md,worn_item,,unrecognized Publisher_Source for source='',Quickstrike,,,,,,,,,,,,,,,,,,,,,,,,,,,,,
Radiant Spark,F:\Obsidian\PF2e-Core-Vault\3-Rules\Character Building\Equipment\R\radiant-spark.md,worn_item,Radiant Prism,,Radiant Spark,Pathfinder #162: Ruins of the Radiant Siege,Unique,"artifact, occult",25,,,,,Paizo,,0,,L,,,,,,,,,,,,,,,,
Raiment,F:\Obsidian\PF2e-Core-Vault\3-Rules\Character Building\Equipment\R\Raiment.md,worn_item,,unrecognized Publisher_Source for source='',Raiment,,,,,,,,,,,,,,,,,,,,,,,,,,,,,
Rapier Pistol,F:\Obsidian\PF2e-Core-Vault\3-Rules\Character Building\Equipment\R\rapier-pistol.md,worn_item,,,Rapier Pistol,Pathfinder Guns & Gears,Uncommon,"backstabber, combination, concussive, fatal-d8",0,,,,,Paizo,,10,,1,,,,,,,,,,,,,,,,
Rattan Armor,F:\Obsidian\PF2e-Core-Vault\3-Rules\Character Building\Equipment\R\Rattan Armor.md,worn_item,,unrecognized Publisher_Source for source='',Rattan Armor,,,,,,,,,,,,,,,,,,,,,,,,,,,,,
Razmiri Mask (Gold),F:\Obsidian\PF2e-Core-Vault\3-Rules\Character Building\Equipment\R\razmiri-mask-(gold).md,worn_item,,,Razmiri Mask (Gold),Pathfinder Lost Omens Divine Mysteries,,"invested, magical, common",14,,,,,Paizo,,0,,,,,,,,,,,,,,,,,,
Razmiri Mask (Porcelain),F:\Obsidian\PF2e-Core-Vault\3-Rules\Character Building\Equipment\R\razmiri-mask-(porcelain).md,worn_item,,,Razmiri Mask (Porcelain),Pathfinder Lost Omens Divine Mysteries,,"apex, invested, magical, common",18,,,,,Paizo,,0,,,,,,,,,,,,,,,,,,
Razmiri Mask (Silver),F:\Obsidian\PF2e-Core-Vault\3-Rules\Character Building\Equipment\R\razmiri-mask-(silver).md,worn_item,,,Razmiri Mask (Silver),Pathfinder Lost Omens Divine Mysteries,,"invested, magical, common",10,,,,,Paizo,,0,,,,,,,,,,,,,,,,,,
Razmiri Mask,F:\Obsidian\PF2e-Core-Vault\3-Rules\Character Building\Equipment\R\razmiri-mask.md,worn_item,,,Razmiri Mask,Pathfinder Lost Omens Divine Mysteries,,"invested, magical, common",2,,,,,Paizo,,0,,,,,,,,,,,,,,,,,,
Reading Ring (Greater),F:\Obsidian\PF2e-Core-Vault\3-Rules\Character Building\Equipment\R\reading-ring-(greater).md,worn_item,Doubling Rings (Greater); Anchoring (Greater); Advancing (Greater),,Reading Ring (Greater),Pathfinder Lost Omens The Grand Bazaar,,magical,12,,,,,Paizo,,1800,,,,,,,,,,,,,,,,,,
Reading Ring,F:\Obsidian\PF2e-Core-Vault\3-Rules\Character Building\Equipment\R\reading-ring.md,worn_item,,,Reading Ring,Pathfinder Lost Omens The Grand Bazaar,,magical,1,,,,,Paizo,,15,,,,,,,,,,,,,,,,,,
Reaper's Grasp,F:\Obsidian\PF2e-Core-Vault\3-Rules\Character Building\Equipment\R\reapers-grasp.md,worn_item,,,Reaper's Grasp,Pathfinder Guns & Gears,Unique,"concussive, fatal-d12, kickback, magical",11,,,,,Paizo,,0,,2,,,,,,,,,,,,,,,,
Reaper's Shadow,F:\Obsidian\PF2e-Core-Vault\3-Rules\Character Building\Equipment\R\reapers-shadow.md,worn_item,,,Reaper's Shadow,Pathfinder #203: Shepherd of Decay,Uncommon,"alchemical, consumable, injury, poison, virulent, void",13,,,,,Paizo,,525,,L,,,,,,,,,,,,,,,,
Red Dragon's Breath Potion (Adult),F:\Obsidian\PF2e-Core-Vault\3-Rules\Character Building\Equipment\R\red-dragons-breath-potion-(adult).md,worn_item,,,Red Dragon's Breath Potion (Adult),Pathfinder Core Rulebook,,"consumable, fire, magical, potion",12,,,,,Paizo,,400,,L,,,,,,,,,,,,,,,,
Red Dragon's Breath Potion (Wyrm),F:\Obsidian\PF2e-Core-Vault\3-Rules\Character Building\Equipment\R\red-dragons-breath-potion-(wyrm).md,worn_item,,,Red Dragon's Breath Potion (Wyrm),Pathfinder Core Rulebook,,"consumable, fire, magical, potion",17,,,,,Paizo,,3000,,L,,,,,,,,,,,,,,,,
Red Dragon's Breath Potion (Young),F:\Obsidian\PF2e-Core-Vault\3-Rules\Character Building\Equipment\R\red-dragons-breath-potion-(young).md,worn_item,,,Red Dragon's Breath Potion (Young),Pathfinder Core Rulebook,,"consumable, fire, magical, potion",7,,,,,Paizo,,70,,L,,,,,,,,,,,,,,,,
Red Hand's Satchel,F:\Obsidian\PF2e-Core-Vault\3-Rules\Character Building\Equipment\R\red-hands-satchel.md,worn_item,,,Red Hand's Satchel,Pathfinder #206: Bring the House Down,Unique,"artifact, divine, extradimensional, invested, magical",21,,,,,Paizo,,0,,1,,,,,,,,,,,,,,,,
Redeemer's Pistol,F:\Obsidian\PF2e-Core-Vault\3-Rules\Character Building\Equipment\R\redeemers-pistol.md,worn_item,,,Redeemer's Pistol,Pathfinder #180: The Smoking Gun,Unique,"concealable, concussive, fatal-d10, holy, magical, mental",11,,,,,Paizo,,1400,,L,,,,,,,,,,,,,,,,
Redsand Hourglass,F:\Obsidian\PF2e-Core-Vault\3-Rules\Character Building\Equipment\R\redsand-hourglass.md,worn_item,Hourglass,,Redsand Hourglass,Pathfinder #186: Ghost King's Rage,Unique,"artifact, divine",23,,,,,Paizo,,0,,1,,,,,,,,,,,,,,,,
Reinforced Chassis,F:\Obsidian\PF2e-Core-Vault\3-Rules\Character Building\Equipment\R\Reinforced Chassis.md,worn_item,,unrecognized Publisher_Source for source='',Reinforced Chassis,,,,,,,,,,,,,,,,,,,,,,,,,,,,,
Reinforcing Rune (Greater),F:\Obsidian\PF2e-Core-Vault\3-Rules\Character Building\Equipment\R\reinforcing-rune-(greater).md,worn_item,,,Reinforcing Rune (Greater),Pathfinder GM Core,,magical,13,,,,,Paizo,,2500,,,,,,,,,,,,,,,,,,
Reinforcing Rune (Lesser),F:\Obsidian\PF2e-Core-Vault\3-Rules\Character Building\Equipment\R\reinforcing-rune-(lesser).md,worn_item,,,Reinforcing Rune (Lesser),Pathfinder GM Core,,magical,7,,,,,Paizo,,300,,,,,,,,,,,,,,,,,,
Reinforcing Rune (Major),F:\Obsidian\PF2e-Core-Vault\3-Rules\Character Building\Equipment\R\reinforcing-rune-(major).md,worn_item,,,Reinforcing Rune (Major),Pathfinder GM Core,,magical,16,,,,,Paizo,,8000,,,,,,,,,,,,,,,,,,
Reinforcing Rune (Minor),F:\Obsidian\PF2e-Core-Vault\3-Rules\Character Building\Equipment\R\reinforcing-rune-(minor).md,worn_item,,,Reinforcing Rune (Minor),Pathfinder GM Core,,magical,4,,,,,Paizo,,75,,,,,,,,,,,,,,,,,,
Reinforcing Rune (Moderate),F:\Obsidian\PF2e-Core-Vault\3-Rules\Character Building\Equipment\R\reinforcing-rune-(moderate).md,worn_item,,,Reinforcing Rune (Moderate),Pathfinder GM Core,,magical,10,,,,,Paizo,,900,,,,,,,,,,,,,,,,,,
Reinforcing Rune (Supreme),F:\Obsidian\PF2e-Core-Vault\3-Rules\Character Building\Equipment\R\reinforcing-rune-(supreme).md,worn_item,,,Reinforcing Rune (Supreme),Pathfinder GM Core,,magical,19,,,,,Paizo,,32000,,,,,,,,,,,,,,,,,,
Rending Gauntlets (Greater),F:\Obsidian\PF2e-Core-Vault\3-Rules\Character Building\Equipment\R\rending-gauntlets-(greater).md,worn_item,Scalding Gauntlets (Greater),,Rending Gauntlets (Greater),"Pathfinder #208: Hoof, Cinder, and Storm",Uncommon,"invested, magical",19,,,,,Paizo,,32000,,L,,,,,,,,,,,,,,,,
Rending Gauntlets (Lesser),F:\Obsidian\PF2e-Core-Vault\3-Rules\Character Building\Equipment\R\rending-gauntlets-(lesser).md,worn_item,,,Rending Gauntlets (Lesser),"Pathfinder #208: Hoof, Cinder, and Storm",Uncommon,"invested, magical",5,,,,,Paizo,,130,,L,,,,,,,,,,,,,,,,
Rending Gauntlets (Moderate),F:\Obsidian\PF2e-Core-Vault\3-Rules\Character Building\Equipment\R\rending-gauntlets-(moderate).md,worn_item,,,Rending Gauntlets (Moderate),"Pathfinder #208: Hoof, Cinder, and Storm",Uncommon,"invested, magical",12,,,,,Paizo,,1700,,L,,,,,,,,,,,,,,,,
Repeating Crossbow Magazine,F:\Obsidian\PF2e-Core-Vault\3-Rules\Character Building\Equipment\R\Repeating Crossbow Magazine.md,worn_item,,unrecognized Publisher_Source for source='',Repeating Crossbow Magazine,,,,,,,,,,,,,,,,,,,,,,,,,,,,,
Repeating Hand Crossbow Magazine,F:\Obsidian\PF2e-Core-Vault\3-Rules\Character Building\Equipment\R\Repeating Hand Crossbow Magazine.md,worn_item,,unrecognized Publisher_Source for source='',Repeating Hand Crossbow Magazine,,,,,,,,,,,,,,,,,,,,,,,,,,,,,
Repeating Heavy Crossbow Magazine,F:\Obsidian\PF2e-Core-Vault\3-Rules\Character Building\Equipment\R\Repeating Heavy Crossbow Magazine.md,worn_item,,unrecognized Publisher_Source for source='',Repeating Heavy Crossbow Magazine,,,,,,,,,,,,,,,,,,,,,,,,,,,,,
Repeating Crossbow,F:\Obsidian\PF2e-Core-Vault\3-Rules\Character Building\Equipment\R\repeating-crossbow.md,worn_item,,,Repeating Crossbow,Pathfinder Guns & Gears,Uncommon,repeating,1,,,,,Paizo,,15,,1,,,,,,,,,,,,,,,,
Repeating Hand Crossbow,F:\Obsidian\PF2e-Core-Vault\3-Rules\Character Building\Equipment\R\repeating-hand-crossbow.md,worn_item,Hand Crossbow,,Repeating Hand Crossbow,Pathfinder Guns & Gears,Uncommon,repeating,1,,,,,Paizo,,10,,L,,,,,,,,,,,,,,,,
Repeating Heavy Crossbow,F:\Obsidian\PF2e-Core-Vault\3-Rules\Character Building\Equipment\R\repeating-heavy-crossbow.md,worn_item,Heavy Crossbow,,Repeating Heavy Crossbow,Pathfinder Guns & Gears,Uncommon,repeating,1,,,,,Paizo,,20,,2,,,,,,,,,,,,,,,,
Resilient (Greater),F:\Obsidian\PF2e-Core-Vault\3-Rules\Character Building\Equipment\R\resilient-(greater).md,worn_item,Brilliant (Greater); Presentable (Greater); Preserving (Greater),,Resilient (Greater),Pathfinder GM Core,,magical,14,,,,,Paizo,,3440,,,,,,,,,,,,,,,,,,
Resilient (Major),F:\Obsidian\PF2e-Core-Vault\3-Rules\Character Building\Equipment\R\resilient-(major).md,worn_item,Resilient,,Resilient (Major),Pathfinder GM Core,,magical,20,,,,,Paizo,,49440,,,,,,,,,,,,,,,,,,
Retribution,F:\Obsidian\PF2e-Core-Vault\3-Rules\Character Building\Equipment\R\Retribution.md,worn_item,Retribution Axe,unrecognized Publisher_Source for source='',Retribution,,,,,,,,,,,,,,,,,,,,,,,,,,,,,
Returning Starknife,F:\Obsidian\PF2e-Core-Vault\3-Rules\Character Building\Equipment\R\returning-starknife.md,worn_item,,,Returning Starknife,"Pathfinder #208: Hoof, Cinder, and Storm",Uncommon,"agile, finesse, magical, thrown-20",8,,,,,Paizo,,430,,L,,,,,,,,,,,,,,,,
Ridill,F:\Obsidian\PF2e-Core-Vault\3-Rules\Character Building\Equipment\R\Ridill.md,worn_item,,unrecognized Publisher_Source for source='',Ridill,,,,,,,,,,,,,,,,,,,,,,,,,,,,,
Right of Retribution,F:\Obsidian\PF2e-Core-Vault\3-Rules\Character Building\Equipment\R\right-of-retribution.md,worn_item,,,Right of Retribution,Pathfinder #164: Hands of the Devil,Rare,"contract, invested, magical",8,,,,,Paizo,,0,,,,,,,,,,,,,,,,,,
Ring of Bestial Friendship,F:\Obsidian\PF2e-Core-Vault\3-Rules\Character Building\Equipment\R\ring-of-bestial-friendship.md,worn_item,,,Ring of Bestial Friendship,Pathfinder Kingmaker,Unique,"cursed, invested, magical",9,,,,,Paizo,,600,,,,,,,,,,,,,,,,,,
Ring of Sigils (Greater),F:\Obsidian\PF2e-Core-Vault\3-Rules\Character Building\Equipment\R\ring-of-sigils-(greater).md,worn_item,Ring of the Tiger (Greater); Soaring Wings (Greater),,Ring of Sigils (Greater),Pathfinder GM Core,,"arcane, invested",6,,,,,Paizo,,225,,,,,,,,,,,,,,,,,,
Ring of Sigils,F:\Obsidian\PF2e-Core-Vault\3-Rules\Character Building\Equipment\R\ring-of-sigils.md,worn_item,Ring of Lies,,Ring of Sigils,Pathfinder GM Core,,"arcane, invested",1,,,,,Paizo,,20,,,,,,,,,,,,,,,,,,
Ring of Truth,F:\Obsidian\PF2e-Core-Vault\3-Rules\Character Building\Equipment\R\ring-of-truth.md,worn_item,Ring of Truths; Ring of Torag,,Ring of Truth,Pathfinder Gamemastery Guide,Rare,"cursed, invested, magical",10,,,,,Paizo,,0,,,,,,,,,,,,,,,,,,
Rite of Reinforcement Exoskeleton,F:\Obsidian\PF2e-Core-Vault\3-Rules\Character Building\Equipment\R\rite-of-reinforcement-exoskeleton.md,worn_item,,,Rite of Reinforcement Exoskeleton,Pathfinder Lost Omens The Mwangi Expanse,Rare,comfort,1,,,,,Paizo,,0,,,,,,,,,,,,,,,,,,
Robe of Feathers Fall,F:\Obsidian\PF2e-Core-Vault\3-Rules\Character Building\Equipment\R\robe-of-feathers-fall.md,worn_item,,,Robe of Feathers Fall,Pathfinder Blog: April Fools,,invested,8,,,,,Paizo,,0,,L,,,,,,,,,,,,,,,,
Roc-Shaft Arrow (Greater),F:\Obsidian\PF2e-Core-Vault\3-Rules\Character Building\Equipment\R\roc-shaft-arrow-(greater).md,worn_item,Starshot Arrow (Greater); Shadow (Greater),,Roc-Shaft Arrow (Greater),"Pathfinder #208: Hoof, Cinder, and Storm",Uncommon,"consumable, magical",15,,,,,Paizo,,1000,,,,,,,,,,,,,,,,,,
Roc-Shaft Arrow (Lesser),F:\Obsidian\PF2e-Core-Vault\3-Rules\Character Building\Equipment\R\roc-shaft-arrow-(lesser).md,worn_item,Starshot Arrow (Lesser),,Roc-Shaft Arrow (Lesser),"Pathfinder #208: Hoof, Cinder, and Storm",Uncommon,"consumable, magical",5,,,,,Paizo,,24,,,,,,,,,,,,,,,,,,
Roc-Shaft Arrow (Moderate),F:\Obsidian\PF2e-Core-Vault\3-Rules\Character Building\Equipment\R\roc-shaft-arrow-(moderate).md,worn_item,,,Roc-Shaft Arrow (Moderate),"Pathfinder #208: Hoof, Cinder, and Storm",Uncommon,"consumable, magical",10,,,,,Paizo,,160,,,,,,,,,,,,,,,,,,
Rod of Razors,F:\Obsidian\PF2e-Core-Vault\3-Rules\Character Building\Equipment\R\rod-of-razors.md,worn_item,,,Rod of Razors,Pathfinder Kingmaker,Rare,"magical, reach, tech, versatile-s",15,,,,,Paizo,,1300,,,,,,,,,,,,,,,,,,
Rowan Rifle,F:\Obsidian\PF2e-Core-Vault\3-Rules\Character Building\Equipment\R\rowan-rifle.md,worn_item,,,Rowan Rifle,Pathfinder Guns & Gears,Unique,"backstabber, concussive, fatal-d12, primal",16,,,,,Paizo,,0,,2,,,,,,,,,,,,,,,,
Rune of Sin (Envy),F:\Obsidian\PF2e-Core-Vault\3-Rules\Character Building\Equipment\R\rune-of-sin-(envy).md,worn_item,Rune of Sin,,Rune of Sin (Envy),Pathfinder Secrets of Magic,Uncommon,"arcane, invested, tattoo",12,,,,,Paizo,,1700,,,,,,,,,,,,,,,,,,
Rune of Sin (Gluttony),F:\Obsidian\PF2e-Core-Vault\3-Rules\Character Building\Equipment\R\rune-of-sin-(gluttony).md,worn_item,,,Rune of Sin (Gluttony),Pathfinder Secrets of Magic,Uncommon,"arcane, invested, tattoo",12,,,,,Paizo,,1700,,,,,,,,,,,,,,,,,,
Rune of Sin (Greed),F:\Obsidian\PF2e-Core-Vault\3-Rules\Character Building\Equipment\R\rune-of-sin-(greed).md,worn_item,Rune of Sin,,Rune of Sin (Greed),Pathfinder Secrets of Magic,Uncommon,"arcane, invested, tattoo",12,,,,,Paizo,,1700,,,,,,,,,,,,,,,,,,
Rune of Sin (Lust),F:\Obsidian\PF2e-Core-Vault\3-Rules\Character Building\Equipment\R\rune-of-sin-(lust).md,worn_item,Rune of Sin,,Rune of Sin (Lust),Pathfinder Secrets of Magic,Uncommon,"arcane, invested, tattoo",12,,,,,Paizo,,1700,,,,,,,,,,,,,,,,,,
Rune of Sin (Pride),F:\Obsidian\PF2e-Core-Vault\3-Rules\Character Building\Equipment\R\rune-of-sin-(pride).md,worn_item,Rune of Sin,,Rune of Sin (Pride),Pathfinder Secrets of Magic,Uncommon,"arcane, illusion, invested, tattoo",12,,,,,Paizo,,1700,,,,,,,,,,,,,,,,,,
Rune of Sin (Sloth),F:\Obsidian\PF2e-Core-Vault\3-Rules\Character Building\Equipment\R\rune-of-sin-(sloth).md,worn_item,Rune of Sin,,Rune of Sin (Sloth),Pathfinder Secrets of Magic,Uncommon,"arcane, invested, tattoo",12,,,,,Paizo,,1700,,,,,,,,,,,,,,,,,,
Rune of Sin (Wrath),F:\Obsidian\PF2e-Core-Vault\3-Rules\Character Building\Equipment\R\rune-of-sin-(wrath).md,worn_item,Rune of Sin,,Rune of Sin (Wrath),Pathfinder Secrets of Magic,Uncommon,"arcane, invested, tattoo",12,,,,,Paizo,,1700,,,,,,,,,,,,,,,,,,
Runestone,F:\Obsidian\PF2e-Core-Vault\3-Rules\Character Building\Equipment\R\Runestone.md,worn_item,Runestone (V); Runestone (I); Runestone (VI),unrecognized Publisher_Source for source='',Runestone,,,,,,,,,,,,,,,,,,,,,,,,,,,,,
Sacred Valkyrie Helm,F:\Obsidian\PF2e-Core-Vault\3-Rules\Character Building\Equipment\S\sacred-valkyrie-helm.md,worn_item,,,Sacred Valkyrie Helm,Pathfinder #206: Bring the House Down,Rare,"apex, holy, invested, magical",19,,,,,Paizo,,40000,,L,,,,,,,,,,,,,,,,
Sage's Bloom,F:\Obsidian\PF2e-Core-Vault\3-Rules\Character Building\Equipment\S\sages-bloom.md,worn_item,,,Sage's Bloom,Pathfinder #202: Severed at the Root,Uncommon,"consumable, magical, talisman",5,,,,,Paizo,,50,,L,,,,,,,,,,,,,,,,
Sakura's Sprig,F:\Obsidian\PF2e-Core-Vault\3-Rules\Character Building\Equipment\S\sakuras-sprig.md,worn_item,,,Sakura's Sprig,"Pathfinder Society Scenario #6-05: Silver Bark, Golden Blades",Rare,"consumable, magical, talisman",5,,,,,Paizo,,0,,,,,,,,,,,,,,,,,,
sambuca,F:\Obsidian\PF2e-Core-Vault\3-Rules\Character Building\Equipment\S\sambuca.md,worn_item,,unrecognized Publisher_Source for source='',sambuca,,,,,,,,,,,,,,,,,,,,,,,,,,,,,
Scale of Igroon,F:\Obsidian\PF2e-Core-Vault\3-Rules\Character Building\Equipment\S\scale-of-igroon.md,worn_item,,,Scale of Igroon,Pathfinder Treasure Vault,Rare,primal,21,,,,,Paizo,,0,,L,,,,,,,,,,,,,,,,
Scarlet Queen,F:\Obsidian\PF2e-Core-Vault\3-Rules\Character Building\Equipment\S\scarlet-queen.md,worn_item,,,Scarlet Queen,Pathfinder Lost Omens Highhelm,Rare,"combination, concussive, fatal-d10, fire, magical",12,,,,,Paizo,,2000,,2,,,,,,,,,,,,,,,,
Scene Stealer's Tunic,F:\Obsidian\PF2e-Core-Vault\3-Rules\Character Building\Equipment\S\scene-stealers-tunic.md,worn_item,,,Scene Stealer's Tunic,Pathfinder #204: Stage Fright,Unique,"comfort, invested",13,,,,,Paizo,,3000,,L,,,,,,,,,,,,,,,,
Scope of Limning,F:\Obsidian\PF2e-Core-Vault\3-Rules\Character Building\Equipment\S\scope-of-limning.md,worn_item,,,Scope of Limning,Pathfinder Guns & Gears,,magical,10,,,,,Paizo,,900,,L,,,,,,,,,,,,,,,,
Scope of Truth,F:\Obsidian\PF2e-Core-Vault\3-Rules\Character Building\Equipment\S\scope-of-truth.md,worn_item,Candle of Truth,,Scope of Truth,Pathfinder Guns & Gears,,magical,13,,,,,Paizo,,3000,,L,,,,,,,,,,,,,,,,
Screech Shooter (Greater),F:\Obsidian\PF2e-Core-Vault\3-Rules\Character Building\Equipment\S\screech-shooter-(greater).md,worn_item,,,Screech Shooter (Greater),Pathfinder Guns & Gears,Uncommon,"kickback, magical",13,,,,,Paizo,,3000,,2,,,,,,,,,,,,,,,,
Screech Shooter (Major),F:\Obsidian\PF2e-Core-Vault\3-Rules\Character Building\Equipment\S\screech-shooter-(major).md,worn_item,,,Screech Shooter (Major),Pathfinder Guns & Gears,Uncommon,"kickback, magical",17,,,,,Paizo,,15000,,2,,,,,,,,,,,,,,,,
Screech Shooter,F:\Obsidian\PF2e-Core-Vault\3-Rules\Character Building\Equipment\S\screech-shooter.md,worn_item,,,Screech Shooter,Pathfinder Guns & Gears,Uncommon,"kickback, magical",9,,,,,Paizo,,700,,2,,,,,,,,,,,,,,,,
Scroll of 10th-rank Spell,F:\Obsidian\PF2e-Core-Vault\3-Rules\Character Building\Equipment\S\scroll-of-10th-rank-spell.md,worn_item,,,Scroll of 10th-rank Spell,Pathfinder GM Core,,"consumable, magical, scroll",19,,,,,Paizo,,8000,,L,,,,,,,,,,,,,,,,
Scroll of 1st-rank Spell,F:\Obsidian\PF2e-Core-Vault\3-Rules\Character Building\Equipment\S\scroll-of-1st-rank-spell.md,worn_item,,,Scroll of 1st-rank Spell,Pathfinder GM Core,,"consumable, magical, scroll",1,,,,,Paizo,,4,,L,,,,,,,,,,,,,,,,
Scroll of 2nd-rank Spell,F:\Obsidian\PF2e-Core-Vault\3-Rules\Character Building\Equipment\S\scroll-of-2nd-rank-spell.md,worn_item,,,Scroll of 2nd-rank Spell,Pathfinder GM Core,,"consumable, magical, scroll",3,,,,,Paizo,,12,,L,,,,,,,,,,,,,,,,
Scroll of 3rd-rank Spell,F:\Obsidian\PF2e-Core-Vault\3-Rules\Character Building\Equipment\S\scroll-of-3rd-rank-spell.md,worn_item,,,Scroll of 3rd-rank Spell,Pathfinder GM Core,,"consumable, magical, scroll",5,,,,,Paizo,,30,,L,,,,,,,,,,,,,,,,
Scroll of 4th-rank Spell,F:\Obsidian\PF2e-Core-Vault\3-Rules\Character Building\Equipment\S\scroll-of-4th-rank-spell.md,worn_item,,,Scroll of 4th-rank Spell,Pathfinder GM Core,,"consumable, magical, scroll",7,,,,,Paizo,,70,,L,,,,,,,,,,,,,,,,
Scroll of 5th-rank Spell,F:\Obsidian\PF2e-Core-Vault\3-Rules\Character Building\Equipment\S\scroll-of-5th-rank-spell.md,worn_item,,,Scroll of 5th-rank Spell,Pathfinder GM Core,,"consumable, magical, scroll",9,,,,,Paizo,,150,,L,,,,,,,,,,,,,,,,
Scroll of 6th-rank Spell,F:\Obsidian\PF2e-Core-Vault\3-Rules\Character Building\Equipment\S\scroll-of-6th-rank-spell.md,worn_item,,,Scroll of 6th-rank Spell,Pathfinder GM Core,,"consumable, magical, scroll",11,,,,,Paizo,,300,,L,,,,,,,,,,,,,,,,
Scroll of 7th-rank Spell,F:\Obsidian\PF2e-Core-Vault\3-Rules\Character Building\Equipment\S\scroll-of-7th-rank-spell.md,worn_item,,,Scroll of 7th-rank Spell,Pathfinder GM Core,,"consumable, magical, scroll",13,,,,,Paizo,,600,,L,,,,,,,,,,,,,,,,
Scroll of 8th-rank Spell,F:\Obsidian\PF2e-Core-Vault\3-Rules\Character Building\Equipment\S\scroll-of-8th-rank-spell.md,worn_item,,,Scroll of 8th-rank Spell,Pathfinder GM Core,,"consumable, magical, scroll",15,,,,,Paizo,,1300,,L,,,,,,,,,,,,,,,,
Scroll of 9th-rank Spell,F:\Obsidian\PF2e-Core-Vault\3-Rules\Character Building\Equipment\S\scroll-of-9th-rank-spell.md,worn_item,,,Scroll of 9th-rank Spell,Pathfinder GM Core,,"consumable, magical, scroll",17,,,,,Paizo,,3000,,L,,,,,,,,,,,,,,,,
Seed Pod of Rooted Wisdom,F:\Obsidian\PF2e-Core-Vault\3-Rules\Character Building\Equipment\S\seed-pod-of-rooted-wisdom.md,worn_item,,,Seed Pod of Rooted Wisdom,Pathfinder Lost Omens Rival Academies,Uncommon,"consumable, magical, mental, plant",2,,,,,Paizo,,7,,L,,,,,,,,,,,,,,,,
Self-Emptying Pocket,F:\Obsidian\PF2e-Core-Vault\3-Rules\Character Building\Equipment\S\self-emptying-pocket.md,worn_item,,,Self-Emptying Pocket,Pathfinder Dark Archive,Rare,"contract, invested, magical",9,,,,,Paizo,,0,,,,,,,,,,,,,,,,,,
Serithtial,F:\Obsidian\PF2e-Core-Vault\3-Rules\Character Building\Equipment\S\Serithtial.md,worn_item,,unrecognized Publisher_Source for source='',Serithtial,,,,,,,,,,,,,,,,,,,,,,,,,,,,,
Serpent Dagger,F:\Obsidian\PF2e-Core-Vault\3-Rules\Character Building\Equipment\S\serpent-dagger.md,worn_item,,,Serpent Dagger,Pathfinder GM Core,,"agile, finesse, magical, poison, thrown-10, versatile-s",5,,,,,Paizo,,150,,L,,,,,,,,,,,,,,,,
Seven-Color Raw Fish Salad,F:\Obsidian\PF2e-Core-Vault\3-Rules\Character Building\Equipment\S\seven-color-raw-fish-salad.md,worn_item,,,Seven-Color Raw Fish Salad,Pathfinder Blog,,"consumable, fortune, magical",8,,,,,Paizo,,88,,1,,,,,,,,,,,,,,,,
Shadefield Knife,F:\Obsidian\PF2e-Core-Vault\3-Rules\Character Building\Equipment\S\shadefield-knife.md,worn_item,,,Shadefield Knife,"Pathfinder #208: Hoof, Cinder, and Storm",Rare,"agile, finesse, magical, thrown-10, versatile-s",9,,,,,Paizo,,650,,L,,,,,,,,,,,,,,,,
Shadewither Key,F:\Obsidian\PF2e-Core-Vault\3-Rules\Character Building\Equipment\S\shadewither-key.md,worn_item,,,Shadewither Key,Pathfinder #187: The Seventh Arch,Unique,"artifact, cursed, illusion, invested, primal, shadow",22,,,,,Paizo,,0,,,,,,,,,,,,,,,,,,
"Shadowed Scale, the Jungle Secret",F:\Obsidian\PF2e-Core-Vault\3-Rules\Character Building\Equipment\S\shadowed-scale-the-jungle-secret.md,worn_item,,,"Shadowed Scale, the Jungle Secret",Pathfinder #174: Shadows of the Ancients,Unique,"artifact, invested, magical, primal",22,,,,,Paizo,,0,,L,,,,,,,,,,,,,,,,
shadowpiercer,F:\Obsidian\PF2e-Core-Vault\3-Rules\Character Building\Equipment\S\shadowpiercer.md,worn_item,,unrecognized Publisher_Source for source='',shadowpiercer,,,,,,,,,,,,,,,,,,,,,,,,,,,,,
Shaping Sweet,F:\Obsidian\PF2e-Core-Vault\3-Rules\Character Building\Equipment\S\shaping-sweet.md,worn_item,,,Shaping Sweet,Pathfinder Lost Omens Rival Academies,Rare,"consumable, magical",2,,,,,Paizo,,6,,L,,,,,,,,,,,,,,,,
Shard of Self-Destruction,F:\Obsidian\PF2e-Core-Vault\3-Rules\Character Building\Equipment\S\shard-of-self-destruction.md,worn_item,,,Shard of Self-Destruction,Pathfinder War of Immortals,Rare,"cursed, magical",5,,,,,Paizo,,0,,L,,,,,,,,,,,,,,,,
Shared-Pain Sankeit,F:\Obsidian\PF2e-Core-Vault\3-Rules\Character Building\Equipment\S\shared-pain-sankeit.md,worn_item,,,Shared-Pain Sankeit,Pathfinder Treasure Vault,Rare,"cursed, invested, laminar, magical",14,,,,,Paizo,,5,,3,,,,,,,,,,,,,,,,
Shield Sconce,F:\Obsidian\PF2e-Core-Vault\3-Rules\Character Building\Equipment\S\Shield Sconce.md,worn_item,,unrecognized Publisher_Source for source='',Shield Sconce,,,,,,,,,,,,,,,,,,,,,,,,,,,,,
Shield Augmentations,F:\Obsidian\PF2e-Core-Vault\3-Rules\Character Building\Equipment\S\shield-augmentations.md,worn_item,"Shield Augmentation (Shove, Trip); Shield Augmentation (Backswing); Shield Augmentation (Disarm, Trip)",,Shield Augmentations,Pathfinder Lost Omens Grand Bazaar pg. 104,uncommon,adjustment,0,,,,,Paizo,,8,,,,,,,,,,,,,,,,,,
Shield Pistol,F:\Obsidian\PF2e-Core-Vault\3-Rules\Character Building\Equipment\S\shield-pistol.md,worn_item,Shield Spikes,,Shield Pistol,Pathfinder Lost Omens Firebrands,Uncommon,"attached-to-shield, concussive, fatal-d8",0,,,,,Paizo,,6,,1,,,,,,,,,,,,,,,,
Shifter Prosthesis,F:\Obsidian\PF2e-Core-Vault\3-Rules\Character Building\Equipment\S\shifter-prosthesis.md,worn_item,,,Shifter Prosthesis,Pathfinder Lost Omens The Grand Bazaar,,"invested, magical",6,,,,,Paizo,,210,,1,,,,,,,,,,,,,,,,
Shining Symbol (Greater),F:\Obsidian\PF2e-Core-Vault\3-Rules\Character Building\Equipment\S\shining-symbol-(greater).md,worn_item,Singing Shortbow (Greater); Binding Coil (Greater),,Shining Symbol (Greater),Pathfinder GM Core,,"divine, invested, light",9,,,,,Paizo,,650,,,,,,,,,,,,,,,,,,
Shining Symbol (Major),F:\Obsidian\PF2e-Core-Vault\3-Rules\Character Building\Equipment\S\shining-symbol-(major).md,worn_item,,,Shining Symbol (Major),Pathfinder GM Core,,"divine, invested, light",17,,,,,Paizo,,13500,,,,,,,,,,,,,,,,,,
Shining Symbol,F:\Obsidian\PF2e-Core-Vault\3-Rules\Character Building\Equipment\S\shining-symbol.md,worn_item,,,Shining Symbol,Pathfinder GM Core,,"divine, invested, light",3,,,,,Paizo,,55,,,,,,,,,,,,,,,,,,
Shobhad Longrifle,F:\Obsidian\PF2e-Core-Vault\3-Rules\Character Building\Equipment\S\shobhad-longrifle.md,worn_item,,,Shobhad Longrifle,Pathfinder #173: Doorway to the Red Star,Rare,"backstabber, concussive, fatal-d12, kickback, volley-30",1,,,,,Paizo,,20,,1,,,,,,,,,,,,,,,,
Shockguard Coil,F:\Obsidian\PF2e-Core-Vault\3-Rules\Character Building\Equipment\S\shockguard-coil.md,worn_item,,,Shockguard Coil,Pathfinder Guns & Gears,Rare,"consumable, magical, talisman",10,,,,,Paizo,,175,,,,,,,,,,,,,,,,,,
Shockwave,F:\Obsidian\PF2e-Core-Vault\3-Rules\Character Building\Equipment\S\Shockwave.md,worn_item,,unrecognized Publisher_Source for source='',Shockwave,,,,,,,,,,,,,,,,,,,,,,,,,,,,,
Shot of the First Vault,F:\Obsidian\PF2e-Core-Vault\3-Rules\Character Building\Equipment\S\shot-of-the-first-vault.md,worn_item,,,Shot of the First Vault,Pathfinder GM Core,Rare,"artifact, divine",23,,,,,Paizo,,0,,,,,,,,,,,,,,,,,,
Shrine Inarizushi,F:\Obsidian\PF2e-Core-Vault\3-Rules\Character Building\Equipment\S\shrine-inarizushi.md,worn_item,,,Shrine Inarizushi,Pathfinder Blog,,"consumable, divine",1,,,,,Paizo,,0,,L,,,,,,,,,,,,,,,,
Sibling's Coin,F:\Obsidian\PF2e-Core-Vault\3-Rules\Character Building\Equipment\S\siblings-coin.md,worn_item,,,Sibling's Coin,Pathfinder Dark Archive,Uncommon,,1,,,,,Paizo,,10,,,,,,,,,,,,,,,,,,
Signifier's Mask,F:\Obsidian\PF2e-Core-Vault\3-Rules\Character Building\Equipment\S\Signifier's Mask.md,worn_item,,unrecognized Publisher_Source for source='',Signifier's Mask,,,,,,,,,,,,,,,,,,,,,,,,,,,,,
Silencer,F:\Obsidian\PF2e-Core-Vault\3-Rules\Character Building\Equipment\S\Silencer.md,worn_item,Silent Heart,unrecognized Publisher_Source for source='',Silencer,,,,,,,,,,,,,,,,,,,,,,,,,,,,,
Silencing Shot,F:\Obsidian\PF2e-Core-Vault\3-Rules\Character Building\Equipment\S\silencing-shot.md,worn_item,Silver Ingot; Sighting Shot,,Silencing Shot,Pathfinder Guns & Gears,,"consumable, illusion, magical",11,,,,,Paizo,,300,,,,,,,,,,,,,,,,,,
Silvanshee Collar,F:\Obsidian\PF2e-Core-Vault\3-Rules\Character Building\Equipment\S\silvanshee-collar.md,worn_item,,,Silvanshee Collar,Pathfinder #206: Bring the House Down,Rare,"apex, holy, invested, magical",19,,,,,Paizo,,40000,,L,,,,,,,,,,,,,,,,
Silver Buckler (High Grade),F:\Obsidian\PF2e-Core-Vault\3-Rules\Character Building\Equipment\S\silver-buckler-high-grade.md,material,Silver Armor (High-Grade); Silver Weapon (High-Grade); Silver Shield (High-Grade),,Silver Buckler (High Grade),Pathfinder GM Core pg. 234,,,15,5000,,,,Paizo,,,,,,,,,,,,,,,,,,,,
Silver Buckler (Low Grade),F:\Obsidian\PF2e-Core-Vault\3-Rules\Character Building\Equipment\S\silver-buckler-low-grade.md,material,Silver Armor (Low-Grade); Silver Weapon (Low-Grade); Silver Shield (Low-Grade),,Silver Buckler (Low Grade),Pathfinder GM Core pg. 234,,,2,30,,,,Paizo,,,,,,,,,,,,,,,,,,,,
Silver Buckler (Standard Grade),F:\Obsidian\PF2e-Core-Vault\3-Rules\Character Building\Equipment\S\silver-buckler-standard-grade.md,material,Silver Armor (Standard-Grade); Silver Weapon (Standard-Grade); Silver Shield (Standard-Grade),,Silver Buckler (Standard Grade),Pathfinder GM Core pg. 234,,,7,300,,,,Paizo,,,,,,,,,,,,,,,,,,,,
Silver Object (High Grade),F:\Obsidian\PF2e-Core-Vault\3-Rules\Character Building\Equipment\S\silver-object-high-grade.md,material,Silver Armor (High-Grade); Silver Weapon (High-Grade); Silver Shield (High-Grade),,Silver Object (High Grade),Pathfinder GM Core pg. 254,,precious,15,4500,,,,Paizo,,,,,,,,,,,,,,,,,,,,
Silver Object (Low Grade),F:\Obsidian\PF2e-Core-Vault\3-Rules\Character Building\Equipment\S\silver-object-low-grade.md,material,Silver Armor (Low-Grade); Silver Weapon (Low-Grade); Silver Shield (Low-Grade),,Silver Object (Low Grade),Pathfinder GM Core pg. 254,,precious,2,20,,,,Paizo,,,,,,,,,,,,,,,,,,,,
Silver Object (Standard Grade),F:\Obsidian\PF2e-Core-Vault\3-Rules\Character Building\Equipment\S\silver-object-standard-grade.md,material,Silver Armor (Standard-Grade); Silver Weapon (Standard-Grade); Silver Shield (Standard-Grade),,Silver Object (Standard Grade),Pathfinder GM Core pg. 254,,precious,7,250,,,,Paizo,,,,,,,,,,,,,,,,,,,,
Silver Orb (Powder),F:\Obsidian\PF2e-Core-Vault\3-Rules\Character Building\Equipment\S\silver-orb-powder.md,worn_item,Silver Powder Orb; Silver Orb (Lesser),,Silver Orb (Powder),Pathfinder Wake the Dead #1 pg. 27,Uncommon,"alchemical, bomb, consumable",12,,,,,Paizo,,400,,L,,,,,,,,,,,,,,,,
Silver Tripod,F:\Obsidian\PF2e-Core-Vault\3-Rules\Character Building\Equipment\S\silver-tripod.md,worn_item,,,Silver Tripod,Pathfinder Guns & Gears,,"consumable, force, magical, talisman",1,,,,,Paizo,,3,,,,,,,,,,,,,,,,,,
Silver,F:\Obsidian\PF2e-Core-Vault\3-Rules\Character Building\Equipment\S\silver.md,worn_item,Shiver,,Silver,Pathfinder GM Core pg. 254,,precious,2+,,,,,Paizo,,,,,,,,,,,,,,,,,,,,
Sinew-Song,F:\Obsidian\PF2e-Core-Vault\3-Rules\Character Building\Equipment\S\Sinew-Song.md,worn_item,,unrecognized Publisher_Source for source='',Sinew-Song,,,,,,,,,,,,,,,,,,,,,,,,,,,,,
Sisterstone Chunk,F:\Obsidian\PF2e-Core-Vault\3-Rules\Character Building\Equipment\S\sisterstone-chunk.md,worn_item,Keep Stone Chunk,,Sisterstone Chunk,Pathfinder #183: Field of Maidens,Rare,precious,3,,,,,Paizo,,20,,L,,,,,,,,,,,,,,,,
Sisterstone Ingot,F:\Obsidian\PF2e-Core-Vault\3-Rules\Character Building\Equipment\S\sisterstone-ingot.md,worn_item,Keep Stone Ingot,,Sisterstone Ingot,Pathfinder #183: Field of Maidens,Rare,precious,3,,,,,Paizo,,200,,1,,,,,,,,,,,,,,,,
Size-Changing,F:\Obsidian\PF2e-Core-Vault\3-Rules\Character Building\Equipment\S\Size-Changing.md,worn_item,,unrecognized Publisher_Source for source='',Size-Changing,,,,,,,,,,,,,,,,,,,,,,,,,,,,,
Skirmisher's Coat,F:\Obsidian\PF2e-Core-Vault\3-Rules\Character Building\Equipment\S\skirmishers-coat.md,worn_item,,,Skirmisher's Coat,Pathfinder #210: Whispers in the Dirt,Rare,"invested, magical",11,,,,,Paizo,,1300,,L,,,,,,,,,,,,,,,,
Skitter Knot (Greater),F:\Obsidian\PF2e-Core-Vault\3-Rules\Character Building\Equipment\S\skitter-knot-(greater).md,worn_item,Skittering Mask (Greater),,Skitter Knot (Greater),Pathfinder #201: Pactbreaker,Rare,"consumable, magical, talisman",11,,,,,Paizo,,275,,,,,,,,,,,,,,,,,,
Skitter Knot (Lesser),F:\Obsidian\PF2e-Core-Vault\3-Rules\Character Building\Equipment\S\skitter-knot-(lesser).md,worn_item,,,Skitter Knot (Lesser),Pathfinder #201: Pactbreaker,Rare,"consumable, magical, talisman",6,,,,,Paizo,,50,,,,,,,,,,,,,,,,,,
Skitter Knot (Major),F:\Obsidian\PF2e-Core-Vault\3-Rules\Character Building\Equipment\S\skitter-knot-(major).md,worn_item,,,Skitter Knot (Major),Pathfinder #201: Pactbreaker,Rare,"consumable, magical, talisman",16,,,,,Paizo,,1800,,,,,,,,,,,,,,,,,,
Skybearer's Belt,F:\Obsidian\PF2e-Core-Vault\3-Rules\Character Building\Equipment\S\Skybearer's Belt.md,worn_item,,unrecognized Publisher_Source for source='',Skybearer's Belt,,,,,,,,,,,,,,,,,,,,,,,,,,,,,
Skysunder,F:\Obsidian\PF2e-Core-Vault\3-Rules\Character Building\Equipment\S\Skysunder.md,worn_item,,unrecognized Publisher_Source for source='',Skysunder,,,,,,,,,,,,,,,,,,,,,,,,,,,,,
Slide Pistol,F:\Obsidian\PF2e-Core-Vault\3-Rules\Character Building\Equipment\S\slide-pistol.md,worn_item,,,Slide Pistol,Pathfinder Guns & Gears,Uncommon,"capacity-5, concussive, fatal-d10",1,,,,,Paizo,,16,,2,,,,,,,,,,,,,,,,
Sling Bullets,F:\Obsidian\PF2e-Core-Vault\3-Rules\Character Building\Equipment\S\Sling Bullets.md,worn_item,Sling bullets (10),unrecognized Publisher_Source for source='',Sling Bullets,,,,,,,,,,,,,,,,,,,,,,,,,,,,,
Sling Darts,F:\Obsidian\PF2e-Core-Vault\3-Rules\Character Building\Equipment\S\Sling Darts.md,worn_item,,unrecognized Publisher_Source for source='',Sling Darts,,,,,,,,,,,,,,,,,,,,,,,,,,,,,
Slithermaw's Bane (Heroic),F:\Obsidian\PF2e-Core-Vault\3-Rules\Character Building\Equipment\S\slithermaws-bane-(heroic).md,worn_item,,,Slithermaw's Bane (Heroic),Pathfinder #212: A Voice in the Blight,Unique,"apex, artifact, flexible, intelligent, invested, magical",20,,,,,Paizo,,0,,L,,,,,,,,,,,,,,,,
Slithermaw's Bane,F:\Obsidian\PF2e-Core-Vault\3-Rules\Character Building\Equipment\S\slithermaws-bane.md,worn_item,,,Slithermaw's Bane,Pathfinder #211: The Secret of Deathstalk Tower,Unique,"flexible, invested, magical",15,,,,,Paizo,,6500,,L,,,,,,,,,,,,,,,,
Smoky Hag Eye,F:\Obsidian\PF2e-Core-Vault\3-Rules\Character Building\Equipment\S\smoky-hag-eye.md,worn_item,,,Smoky Hag Eye,Pathfinder #182: Graveclaw,Rare,"invested, occult, scrying",8,,,,,Paizo,,450,,,,,,,,,,,,,,,,,,
Snowcaster's Staff,F:\Obsidian\PF2e-Core-Vault\3-Rules\Character Building\Equipment\S\snowcasters-staff.md,worn_item,Ringmaster's Staff; Socialite Staff,,Snowcaster's Staff,Pathfinder #210: Whispers in the Dirt,Rare,"magical, monk, staff, two-hand-d8",12,,,,,Paizo,,1800,,1,,,,,,,,,,,,,,,,
Society Portrait,F:\Obsidian\PF2e-Core-Vault\3-Rules\Character Building\Equipment\S\society-portrait.md,worn_item,,,Society Portrait,Pathfinder Dark Archive,,"magical, uncommon",6,,,,,Paizo,,210,,1,,,,,,,,,,,,,,,,
Solar Shellflower,F:\Obsidian\PF2e-Core-Vault\3-Rules\Character Building\Equipment\S\solar-shellflower.md,worn_item,,,Solar Shellflower,Pathfinder Treasure Vault,Uncommon,"concussive, fatal-d10, magical",5,,,,,Paizo,,160,,1,,,,,,,,,,,,,,,,
Solidified Moment of Time,F:\Obsidian\PF2e-Core-Vault\3-Rules\Character Building\Equipment\S\Solidified Moment of Time.md,worn_item,,unrecognized Publisher_Source for source='',Solidified Moment of Time,,,,,,,,,,,,,,,,,,,,,,,,,,,,,
Soulcutter (Heroic),F:\Obsidian\PF2e-Core-Vault\3-Rules\Character Building\Equipment\S\soulcutter-(heroic).md,worn_item,,,Soulcutter (Heroic),Pathfinder #212: A Voice in the Blight,,"apex, artifact, elf, finesse, forceful, intelligent, invested, magical",20,,,,,Paizo,,0,,2,,,,,,,,,,,,,,,,
soulcutter,F:\Obsidian\PF2e-Core-Vault\3-Rules\Character Building\Equipment\S\soulcutter.md,worn_item,Spellcutter,unrecognized Publisher_Source for source='',soulcutter,,,,,,,,,,,,,,,,,,,,,,,,,,,,,
Soulfeeding Mask,F:\Obsidian\PF2e-Core-Vault\3-Rules\Character Building\Equipment\S\soulfeeding-mask.md,worn_item,,,Soulfeeding Mask,"Pathfinder #205: Singer, Stalker, Skinsaw Man",Rare,"invested, magical, unholy",17,,,,,Paizo,,15000,,,,,,,,,,,,,,,,,,
Soulspark Candle,F:\Obsidian\PF2e-Core-Vault\3-Rules\Character Building\Equipment\S\soulspark-candle.md,worn_item,,,Soulspark Candle,Pathfinder #186: Ghost King's Rage,Rare,"artifact, consecration, divine",20,,,,,Paizo,,0,,,,,,,,,,,,,,,,,,
Spare Wax Cylinder,F:\Obsidian\PF2e-Core-Vault\3-Rules\Character Building\Equipment\S\spare-wax-cylinder.md,worn_item,,,Spare Wax Cylinder,Pathfinder Lost Omens Legends,Rare,,6,,,,,Paizo,,3,,L,,,,,,,,,,,,,,,,
Spark Dancer,F:\Obsidian\PF2e-Core-Vault\3-Rules\Character Building\Equipment\S\spark-dancer.md,worn_item,Sparkler,,Spark Dancer,Pathfinder Treasure Vault,Uncommon,"arcane, capacity-3, concussive, fatal-d8, fire",13,,,,,Paizo,,2900,,L,,,,,,,,,,,,,,,,
Spark Wafer,F:\Obsidian\PF2e-Core-Vault\3-Rules\Character Building\Equipment\S\spark-wafer.md,worn_item,Sparkler,,Spark Wafer,Pathfinder Lost Omens Rival Academies,Uncommon,"alchemical, consumable, fire, light",1,,,,,Paizo,,3,,L,,,,,,,,,,,,,,,,
Sparkwarden,F:\Obsidian\PF2e-Core-Vault\3-Rules\Character Building\Equipment\S\Sparkwarden.md,worn_item,Sparkblade,unrecognized Publisher_Source for source='',Sparkwarden,,,,,,,,,,,,,,,,,,,,,,,,,,,,,
Spear of the Destroyer's Flame,F:\Obsidian\PF2e-Core-Vault\3-Rules\Character Building\Equipment\S\spear-of-the-destroyers-flame.md,worn_item,,,Spear of the Destroyer's Flame,Pathfinder Lost Omens Monsters of Myth,Unique,"artifact, magical, reach",20,,,,,Paizo,,0,,2,,,,,,,,,,,,,,,,
Special Ingredient,F:\Obsidian\PF2e-Core-Vault\3-Rules\Character Building\Equipment\S\special-ingredient.md,worn_item,,,Special Ingredient,Pathfinder Kingmaker,Rare,,3,,,,,Paizo,,0,,L,,,,,,,,,,,,,,,,
Specialist's Ring (Abjuration),F:\Obsidian\PF2e-Core-Vault\3-Rules\Character Building\Equipment\S\specialists-ring-(abjuration).md,worn_item,Specialist's Ring,,Specialist's Ring (Abjuration),Pathfinder Secrets of Magic,,"focused, invested, magical",10,,,,,Paizo,,1000,,,,,,,,,,,,,,,,,,
Specialist's Ring (Conjuration),F:\Obsidian\PF2e-Core-Vault\3-Rules\Character Building\Equipment\S\specialists-ring-(conjuration).md,worn_item,Specialist's Ring,,Specialist's Ring (Conjuration),Pathfinder Secrets of Magic,,"focused, invested, magical",10,,,,,Paizo,,1000,,,,,,,,,,,,,,,,,,
Specialist's Ring (Divination),F:\Obsidian\PF2e-Core-Vault\3-Rules\Character Building\Equipment\S\specialists-ring-(divination).md,worn_item,Specialist's Ring,,Specialist's Ring (Divination),Pathfinder Secrets of Magic,,"focused, invested, magical",10,,,,,Paizo,,1000,,,,,,,,,,,,,,,,,,
Specialist's Ring (Enchantment),F:\Obsidian\PF2e-Core-Vault\3-Rules\Character Building\Equipment\S\specialists-ring-(enchantment).md,worn_item,Specialist's Ring,,Specialist's Ring (Enchantment),Pathfinder Secrets of Magic,,"focused, invested, magical",10,,,,,Paizo,,1000,,,,,,,,,,,,,,,,,,
Specialist's Ring (Evocation),F:\Obsidian\PF2e-Core-Vault\3-Rules\Character Building\Equipment\S\specialists-ring-(evocation).md,worn_item,Specialist's Ring,,Specialist's Ring (Evocation),Pathfinder Secrets of Magic,,"focused, invested, magical",10,,,,,Paizo,,1000,,,,,,,,,,,,,,,,,,
Specialist's Ring (Illusion),F:\Obsidian\PF2e-Core-Vault\3-Rules\Character Building\Equipment\S\specialists-ring-(illusion).md,worn_item,Specialist's Ring,,Specialist's Ring (Illusion),Pathfinder Secrets of Magic,,"focused, illusion, invested, magical",10,,,,,Paizo,,1000,,,,,,,,,,,,,,,,,,
Specialist's Ring (Necromancy),F:\Obsidian\PF2e-Core-Vault\3-Rules\Character Building\Equipment\S\specialists-ring-(necromancy).md,worn_item,Specialist's Ring,,Specialist's Ring (Necromancy),Pathfinder Secrets of Magic,,"focused, invested, magical",10,,,,,Paizo,,1000,,,,,,,,,,,,,,,,,,
Specialist's Ring (Transmutation),F:\Obsidian\PF2e-Core-Vault\3-Rules\Character Building\Equipment\S\specialists-ring-(transmutation).md,worn_item,,,Specialist's Ring (Transmutation),Pathfinder Secrets of Magic,,"focused, invested, magical",10,,,,,Paizo,,1000,,,,,,,,,,,,,,,,,,
Spectacles of Discernment,F:\Obsidian\PF2e-Core-Vault\3-Rules\Character Building\Equipment\S\spectacles-of-discernment.md,worn_item,,,Spectacles of Discernment,Pathfinder #204: Stage Fright,Unique,magical,13,,,,,Paizo,,3000,,L,,,,,,,,,,,,,,,,
Spell Reservoir,F:\Obsidian\PF2e-Core-Vault\3-Rules\Character Building\Equipment\S\spell-reservoir.md,worn_item,,,Spell Reservoir,Pathfinder GM Core,Uncommon,magical,13,,,,,Paizo,,2700,,,,,,,,,,,,,,,,,,
Spellbreaking (Abjuration),F:\Obsidian\PF2e-Core-Vault\3-Rules\Character Building\Equipment\S\spellbreaking-(abjuration).md,worn_item,Spellbreaking,,Spellbreaking (Abjuration),Pathfinder Treasure Vault,,magical,13,,,,,Paizo,,3000,,,,,,,,,,,,,,,,,,
Spellbreaking (Conjuration),F:\Obsidian\PF2e-Core-Vault\3-Rules\Character Building\Equipment\S\spellbreaking-(conjuration).md,worn_item,,,Spellbreaking (Conjuration),Pathfinder Treasure Vault,,magical,13,,,,,Paizo,,3000,,,,,,,,,,,,,,,,,,
Spellbreaking (Divination),F:\Obsidian\PF2e-Core-Vault\3-Rules\Character Building\Equipment\S\spellbreaking-(divination).md,worn_item,Spellbreaking,,Spellbreaking (Divination),Pathfinder Treasure Vault,,magical,13,,,,,Paizo,,3000,,,,,,,,,,,,,,,,,,
Spellbreaking (Enchantment),F:\Obsidian\PF2e-Core-Vault\3-Rules\Character Building\Equipment\S\spellbreaking-(enchantment).md,worn_item,Spellbook of Redundant Enchantment,,Spellbreaking (Enchantment),Pathfinder Treasure Vault,,magical,13,,,,,Paizo,,3000,,,,,,,,,,,,,,,,,,
Spellbreaking (Evocation),F:\Obsidian\PF2e-Core-Vault\3-Rules\Character Building\Equipment\S\spellbreaking-(evocation).md,worn_item,Spellbreaking,,Spellbreaking (Evocation),Pathfinder Treasure Vault,,magical,13,,,,,Paizo,,3000,,,,,,,,,,,,,,,,,,
Spellbreaking (Illusion),F:\Obsidian\PF2e-Core-Vault\3-Rules\Character Building\Equipment\S\spellbreaking-(illusion).md,worn_item,Spellbreaking,,Spellbreaking (Illusion),Pathfinder Treasure Vault,,magical,13,,,,,Paizo,,3000,,,,,,,,,,,,,,,,,,
Spellbreaking (Necromancy),F:\Obsidian\PF2e-Core-Vault\3-Rules\Character Building\Equipment\S\spellbreaking-(necromancy).md,worn_item,Spellbreaking,,Spellbreaking (Necromancy),Pathfinder Treasure Vault,,magical,13,,,,,Paizo,,3000,,,,,,,,,,,,,,,,,,
Spellbreaking (Transmutation),F:\Obsidian\PF2e-Core-Vault\3-Rules\Character Building\Equipment\S\spellbreaking-(transmutation).md,worn_item,,,Spellbreaking (Transmutation),Pathfinder Treasure Vault,,magical,13,,,,,Paizo,,3000,,,,,,,,,,,,,,,,,,
Spellwatch,F:\Obsidian\PF2e-Core-Vault\3-Rules\Character Building\Equipment\S\spellwatch.md,worn_item,,,Spellwatch,Pathfinder Treasure Vault pg. 13,,magical,13,,,,,Paizo,,3000,,,,,,,,,,,,,,,,,,
Sphere of Annihilation,F:\Obsidian\PF2e-Core-Vault\3-Rules\Character Building\Equipment\S\sphere-of-annihilation.md,worn_item,,,Sphere of Annihilation,Pathfinder Gamemastery Guide,Rare,"artifact, magical",27,,,,,Paizo,,0,,,,,,,,,,,,,,,,,,
Spiced Demonade,F:\Obsidian\PF2e-Core-Vault\3-Rules\Character Building\Equipment\S\spiced-demonade.md,worn_item,,,Spiced Demonade,Pathfinder Lost Omens Rival Academies,Rare,"alchemical, consumable, elixir",2,,,,,Paizo,,8,,,,,,,,,,,,,,,,,,
Spider Chair,F:\Obsidian\PF2e-Core-Vault\3-Rules\Character Building\Equipment\S\spider-chair.md,worn_item,Spiked Chain,,Spider Chair,Pathfinder Guns & Gears,Uncommon,"clockwork, magical",12,,,,,Paizo,,1800,,3,,,,,,,,,,,,,,,,
Spider Gun (Greater),F:\Obsidian\PF2e-Core-Vault\3-Rules\Character Building\Equipment\S\spider-gun-(greater).md,worn_item,,,Spider Gun (Greater),Pathfinder Guns & Gears,Uncommon,magical,9,,,,,Paizo,,1400,,2,,,,,,,,,,,,,,,,
Spider Gun (Major),F:\Obsidian\PF2e-Core-Vault\3-Rules\Character Building\Equipment\S\spider-gun-(major).md,worn_item,,,Spider Gun (Major),Pathfinder Guns & Gears,Uncommon,magical,15,,,,,Paizo,,6500,,2,,,,,,,,,,,,,,,,
Spider Gun,F:\Obsidian\PF2e-Core-Vault\3-Rules\Character Building\Equipment\S\spider-gun.md,worn_item,,,Spider Gun,Pathfinder Guns & Gears,Uncommon,magical,6,,,,,Paizo,,250,,2,,,,,,,,,,,,,,,,
Spider Mold,F:\Obsidian\PF2e-Core-Vault\3-Rules\Character Building\Equipment\S\spider-mold.md,worn_item,,,Spider Mold,Pathfinder One-Shot #2: Dinner at Lionlodge,Uncommon,"alchemical, consumable, ingested, poison",4,,,,,Paizo,,20,,L,,,,,,,,,,,,,,,,
Spider Satchel (Greater),F:\Obsidian\PF2e-Core-Vault\3-Rules\Character Building\Equipment\S\spider-satchel-(greater).md,worn_item,Wind-Catcher (Greater); Spiny Lodestone (Greater); Spiderfoot Brew (Greater),,Spider Satchel (Greater),Pathfinder #203: Shepherd of Decay,Uncommon,"alchemical, bomb, consumable, poison, splash",12,,,,,Paizo,,350,,L,,,,,,,,,,,,,,,,
Spider Satchel (Lesser),F:\Obsidian\PF2e-Core-Vault\3-Rules\Character Building\Equipment\S\spider-satchel-(lesser).md,worn_item,,,Spider Satchel (Lesser),Pathfinder #203: Shepherd of Decay,Uncommon,"alchemical, bomb, consumable, poison, splash",2,,,,,Paizo,,6,,L,,,,,,,,,,,,,,,,
Spider Satchel (Major),F:\Obsidian\PF2e-Core-Vault\3-Rules\Character Building\Equipment\S\spider-satchel-(major).md,worn_item,,,Spider Satchel (Major),Pathfinder #203: Shepherd of Decay,Uncommon,"alchemical, bomb, consumable, poison, splash",18,,,,,Paizo,,4000,,L,,,,,,,,,,,,,,,,
Spider Satchel (Moderate),F:\Obsidian\PF2e-Core-Vault\3-Rules\Character Building\Equipment\S\spider-satchel-(moderate).md,worn_item,Spiderfoot Brew (Moderate); Sea Touch Elixir (Moderate),,Spider Satchel (Moderate),Pathfinder #203: Shepherd of Decay,Uncommon,"alchemical, bomb, consumable, poison, splash",4,,,,,Paizo,,16,,L,,,,,,,,,,,,,,,,
Spike Launcher,F:\Obsidian\PF2e-Core-Vault\3-Rules\Character Building\Equipment\S\spike-launcher.md,worn_item,,,Spike Launcher,Pathfinder Guns & Gears,Uncommon,"backstabber, fatal-aim-d12, kickback, magical",6,,,,,Paizo,,250,,2,,,,,,,,,,,,,,,,
Spikes,F:\Obsidian\PF2e-Core-Vault\3-Rules\Character Building\Equipment\S\Spikes.md,worn_item,Spike Snare,unrecognized Publisher_Source for source='',Spikes,,,,,,,,,,,,,,,,,,,,,,,,,,,,,
Spirit Bulb (Greater),F:\Obsidian\PF2e-Core-Vault\3-Rules\Character Building\Equipment\S\spirit-bulb-(greater).md,worn_item,Spiritual Warhorn (Greater); Spirit-Sealing Fulu (Greater),,Spirit Bulb (Greater),Pathfinder GM Core,Uncommon,"consumable, magical, plant",12,,,,,Paizo,,300,,,,,,,,,,,,,,,,,,
Spirit Bulb (Major),F:\Obsidian\PF2e-Core-Vault\3-Rules\Character Building\Equipment\S\spirit-bulb-(major).md,worn_item,Spiritual Warhorn (Major),,Spirit Bulb (Major),Pathfinder GM Core,Uncommon,"consumable, magical, plant",14,,,,,Paizo,,500,,,,,,,,,,,,,,,,,,
Spirit Bulb,F:\Obsidian\PF2e-Core-Vault\3-Rules\Character Building\Equipment\S\spirit-bulb.md,worn_item,Spirit,,Spirit Bulb,Pathfinder GM Core,Uncommon,"consumable, magical, plant",10,,,,,Paizo,,200,,,,,,,,,,,,,,,,,,
Spleen Bloodstone of Arazni,F:\Obsidian\PF2e-Core-Vault\3-Rules\Character Building\Equipment\S\spleen-bloodstone-of-arazni.md,worn_item,,,Spleen Bloodstone of Arazni,Pathfinder Claws of the Tyrant,Unique,"artifact, divine",11,,,,,Paizo,,0,,1,,,,,,,,,,,,,,,,
Splendid Skull Mask,F:\Obsidian\PF2e-Core-Vault\3-Rules\Character Building\Equipment\S\Splendid Skull Mask.md,worn_item,,unrecognized Publisher_Source for source='',Splendid Skull Mask,,,,,,,,,,,,,,,,,,,,,,,,,,,,,
Splint,F:\Obsidian\PF2e-Core-Vault\3-Rules\Character Building\Equipment\S\Splint.md,worn_item,Splint mail; Sling,unrecognized Publisher_Source for source='',Splint,,,,,,,,,,,,,,,,,,,,,,,,,,,,,
Spoon Gun,F:\Obsidian\PF2e-Core-Vault\3-Rules\Character Building\Equipment\S\Spoon Gun.md,worn_item,,unrecognized Publisher_Source for source='',Spoon Gun,,,,,,,,,,,,,,,,,,,,,,,,,,,,,
Spore Shephard's Staff (Greater),F:\Obsidian\PF2e-Core-Vault\3-Rules\Character Building\Equipment\S\spore-shephards-staff-(greater).md,worn_item,Spore Shepherd's Staff (Greater); Spore Shepherd's Staff (Major); Spore Shepherd's Staff,,Spore Shephard's Staff (Greater),Pathfinder #193: Mantle of Gold,Uncommon,"magical, staff, two-hand-d8",8,,,,,Paizo,,475,,1,,,,,,,,,,,,,,,,
Spore Shephard's Staff (Major),F:\Obsidian\PF2e-Core-Vault\3-Rules\Character Building\Equipment\S\spore-shephards-staff-(major).md,worn_item,Spore Shepherd's Staff (Major); Spore Shepherd's Staff; Spore Shepherd's Staff (Greater),,Spore Shephard's Staff (Major),Pathfinder #193: Mantle of Gold,Uncommon,"magical, staff, two-hand-d8",4,,,,,Paizo,,100,,1,,,,,,,,,,,,,,,,
Spore Shephard's Staff,F:\Obsidian\PF2e-Core-Vault\3-Rules\Character Building\Equipment\S\spore-shephards-staff.md,worn_item,Spore Shepherd's Staff; Spore Shepherd's Staff (Major); Spore Shepherd's Staff (Greater),,Spore Shephard's Staff,Pathfinder #193: Mantle of Gold,Uncommon,"magical, staff, two-hand-d8",4,,,,,Paizo,,100,,1,,,,,,,,,,,,,,,,
Spray Pellets,F:\Obsidian\PF2e-Core-Vault\3-Rules\Character Building\Equipment\S\Spray Pellets.md,worn_item,,unrecognized Publisher_Source for source='',Spray Pellets,,,,,,,,,,,,,,,,,,,,,,,,,,,,,
Spring Heel,F:\Obsidian\PF2e-Core-Vault\3-Rules\Character Building\Equipment\S\spring-heel.md,worn_item,Pinwheel,,Spring Heel,Pathfinder Treasure Vault,Uncommon,"clockwork, mechanical",5,,,,,Paizo,,150,,1,,,,,,,,,,,,,,,,
Spyglass Eye,F:\Obsidian\PF2e-Core-Vault\3-Rules\Character Building\Equipment\S\spyglass-eye.md,worn_item,Spyglass; Spyglass (Fine),,Spyglass Eye,Pathfinder Treasure Vault,,magical,5,,,,,Paizo,,160,,L,,,,,,,,,,,,,,,,
St. Alkitarem's Eye,F:\Obsidian\PF2e-Core-Vault\3-Rules\Character Building\Equipment\S\st.-alkitarems-eye.md,worn_item,,,St. Alkitarem's Eye,Pathfinder #152: Legacy of the Lost God,Unique,"invested, magical",2,,,,,Paizo,,28,,,,,,,,,,,,,,,,,,
Staff of Arcane Might (Greater),F:\Obsidian\PF2e-Core-Vault\3-Rules\Character Building\Equipment\S\staff-of-arcane-might-(greater).md,worn_item,Staff of Earth (Greater); Staff of Air (Greater); Staff of Control (Greater),,Staff of Arcane Might (Greater),Pathfinder GM Core,Rare,"magical, staff, two-hand-d8",16,,,,,Paizo,,10000,,1,,,,,,,,,,,,,,,,
Staff of Arcane Might (Major),F:\Obsidian\PF2e-Core-Vault\3-Rules\Character Building\Equipment\S\staff-of-arcane-might-(major).md,worn_item,Staff of Earth (Major); Staff of Air (Major),,Staff of Arcane Might (Major),Pathfinder GM Core,Rare,"magical, staff, two-hand-d8",20,,,,,Paizo,,90000,,1,,,,,,,,,,,,,,,,
Staff of Arcane Might,F:\Obsidian\PF2e-Core-Vault\3-Rules\Character Building\Equipment\S\staff-of-arcane-might.md,worn_item,,,Staff of Arcane Might,Pathfinder GM Core,Rare,"magical, staff, two-hand-d8",12,,,,,Paizo,,1900,,1,,,,,,,,,,,,,,,,
Staff of Sun Wukong,F:\Obsidian\PF2e-Core-Vault\3-Rules\Character Building\Equipment\S\staff-of-sun-wukong.md,worn_item,Staff of Summoning,,Staff of Sun Wukong,Pathfinder Lost Omens Tian Xia Character Guide,Unique,"artifact, divine, monk, parry, reach, trip",20,,,,,Paizo,,0,,2,,,,,,,,,,,,,,,,
Stage Magician's Cloak,F:\Obsidian\PF2e-Core-Vault\3-Rules\Character Building\Equipment\S\stage-magicians-cloak.md,worn_item,,,Stage Magician's Cloak,Pathfinder #204: Stage Fright,Unique,"invested, magical",13,,,,,Paizo,,3000,,L,,,,,,,,,,,,,,,,
Standard Astrolabe,F:\Obsidian\PF2e-Core-Vault\3-Rules\Character Building\Equipment\S\standard-astrolabe.md,worn_item,,,Standard Astrolabe,Pathfinder Lost Omens Pathfinder Society Guide,Uncommon,,2,,,,,Paizo,,30,,L,,,,,,,,,,,,,,,,
Standard Book of Translation (Tien),F:\Obsidian\PF2e-Core-Vault\3-Rules\Character Building\Equipment\S\standard-book-of-translation-(tien).md,worn_item,,,Standard Book of Translation (Tien),Pathfinder Lost Omens Pathfinder Society Guide,Uncommon,,2,,,,,Paizo,,25,,L,,,,,,,,,,,,,,,,
Starfaring Cloak,F:\Obsidian\PF2e-Core-Vault\3-Rules\Character Building\Equipment\S\starfaring-cloak.md,worn_item,,,Starfaring Cloak,Pathfinder Treasure Vault,Unique,"artifact, divine, invested, light",24,,,,,Paizo,,0,,L,,,,,,,,,,,,,,,,
Starless Scope Lens,F:\Obsidian\PF2e-Core-Vault\3-Rules\Character Building\Equipment\S\starless-scope-lens.md,worn_item,Starless Scope,,Starless Scope Lens,Pathfinder Adventure: Malevolence,Rare,,9,,,,,Paizo,,100,,,,,,,,,,,,,,,,,,
Static Muscular Relay,F:\Obsidian\PF2e-Core-Vault\3-Rules\Character Building\Equipment\S\static-muscular-relay.md,worn_item,,,Static Muscular Relay,Pathfinder Lost Omens Rival Academies,Uncommon,"consumable, electricity, gadget",10,,,,,Paizo,,180,,L,,,,,,,,,,,,,,,,
Steam Winch,F:\Obsidian\PF2e-Core-Vault\3-Rules\Character Building\Equipment\S\steam-winch.md,worn_item,,,Steam Winch,Pathfinder Guns & Gears,Rare,steam,8,,,,,Paizo,,425,,2,,,,,,,,,,,,,,,,
Steamflight Pack,F:\Obsidian\PF2e-Core-Vault\3-Rules\Character Building\Equipment\S\steamflight-pack.md,worn_item,,,Steamflight Pack,Pathfinder Guns & Gears,Rare,"clockwork, steam",15,,,,,Paizo,,6000,,2,,,,,,,,,,,,,,,,
Stepping Stone Shot (Greater),F:\Obsidian\PF2e-Core-Vault\3-Rules\Character Building\Equipment\S\stepping-stone-shot-(greater).md,worn_item,Blasting Stone (Greater); Weapon Shot (Greater),,Stepping Stone Shot (Greater),Pathfinder Guns & Gears,Uncommon,"consumable, magical",10,,,,,Paizo,,185,,,,,,,,,,,,,,,,,,
Stepping Stone Shot,F:\Obsidian\PF2e-Core-Vault\3-Rules\Character Building\Equipment\S\stepping-stone-shot.md,worn_item,,,Stepping Stone Shot,Pathfinder Guns & Gears,Uncommon,"consumable, magical",7,,,,,Paizo,,65,,,,,,,,,,,,,,,,,,
Stone of Unrivaled Skill,F:\Obsidian\PF2e-Core-Vault\3-Rules\Character Building\Equipment\S\stone-of-unrivaled-skill.md,worn_item,,,Stone of Unrivaled Skill,Pathfinder Dark Archive,Rare,"contract, invested, magical",17,,,,,Paizo,,0,,,,,,,,,,,,,,,,,,
Stony Hag Eye,F:\Obsidian\PF2e-Core-Vault\3-Rules\Character Building\Equipment\S\stony-hag-eye.md,worn_item,,,Stony Hag Eye,Pathfinder #182: Graveclaw,Rare,"invested, occult, scrying",6,,,,,Paizo,,250,,,,,,,,,,,,,,,,,,
Storied Skin,F:\Obsidian\PF2e-Core-Vault\3-Rules\Character Building\Equipment\S\storied-skin.md,worn_item,Striking,,Storied Skin,Pathfinder #207: The Resurrection Flood,Uncommon,"invested, magical, tattoo",3,,,,,Paizo,,45,,,,,,,,,,,,,,,,,,
Storm Chair,F:\Obsidian\PF2e-Core-Vault\3-Rules\Character Building\Equipment\S\storm-chair.md,worn_item,Storm Hammer,,Storm Chair,Pathfinder Guns & Gears,Rare,"electricity, magical",14,,,,,Paizo,,4400,,3,,,,,,,,,,,,,,,,
Stormshard (Greater),F:\Obsidian\PF2e-Core-Vault\3-Rules\Character Building\Equipment\S\stormshard-(greater).md,worn_item,Storm Flash (Greater); Crystal Shards (Greater); Shadow (Greater),,Stormshard (Greater),"Pathfinder #208: Hoof, Cinder, and Storm",Uncommon,magical,12,,,,,Paizo,,1800,,,,,,,,,,,,,,,,,,
Stormshard (Major),F:\Obsidian\PF2e-Core-Vault\3-Rules\Character Building\Equipment\S\stormshard-(major).md,worn_item,Crystal Shards (Major),,Stormshard (Major),"Pathfinder #208: Hoof, Cinder, and Storm",Uncommon,magical,18,,,,,Paizo,,19000,,,,,,,,,,,,,,,,,,
stormshard,F:\Obsidian\PF2e-Core-Vault\3-Rules\Character Building\Equipment\S\stormshard.md,worn_item,Storm Herald; Storm Hammer,unrecognized Publisher_Source for source='',stormshard,,,,,,,,,,,,,,,,,,,,,,,,,,,,,
Striking (Greater),F:\Obsidian\PF2e-Core-Vault\3-Rules\Character Building\Equipment\S\striking-(greater).md,worn_item,Rustbringer (Greater); Stanching (Greater); Rooting (Greater),,Striking (Greater),Pathfinder GM Core,,magical,12,,,,,Paizo,,1065,,,,,,,,,,,,,,,,,,
Striking (Major),F:\Obsidian\PF2e-Core-Vault\3-Rules\Character Building\Equipment\S\striking-(major).md,worn_item,Striking Snare; Striking; Stanching (Major),,Striking (Major),Pathfinder GM Core,,magical,19,,,,,Paizo,,31065,,,,,,,,,,,,,,,,,,
Subterfuge Suit,F:\Obsidian\PF2e-Core-Vault\3-Rules\Character Building\Equipment\S\Subterfuge Suit.md,worn_item,,unrecognized Publisher_Source for source='',Subterfuge Suit,,,,,,,,,,,,,,,,,,,,,,,,,,,,,
Suit of Armoire,F:\Obsidian\PF2e-Core-Vault\3-Rules\Character Building\Equipment\S\suit-of-armoire.md,worn_item,,,Suit of Armoire,Pathfinder Blog: April Fools,,"bulwark, invested, magical, common",13,,,,,Paizo,,0,,4,,,,,,,,,,,,,,,,
Sun Shot,F:\Obsidian\PF2e-Core-Vault\3-Rules\Character Building\Equipment\S\Sun Shot.md,worn_item,Sun Sight,unrecognized Publisher_Source for source='',Sun Shot,,,,,,,,,,,,,,,,,,,,,,,,,,,,,
Sun Goggles,F:\Obsidian\PF2e-Core-Vault\3-Rules\Character Building\Equipment\S\sun-goggles.md,worn_item,Stalk Goggles; Obsidian Goggles,,Sun Goggles,Pathfinder NPC Core,,,3,,,,,Paizo,,20,,,,,,,,,,,,,,,,,,
Sunken Pistol,F:\Obsidian\PF2e-Core-Vault\3-Rules\Character Building\Equipment\S\sunken-pistol.md,worn_item,,,Sunken Pistol,Pathfinder Guns & Gears,Rare,"arcane, concussive, intelligent, scatter-5",8,,,,,Paizo,,0,,1,,,,,,,,,,,,,,,,
Support,F:\Obsidian\PF2e-Core-Vault\3-Rules\Character Building\Equipment\S\Support.md,worn_item,,unrecognized Publisher_Source for source='',Support,,,,,,,,,,,,,,,,,,,,,,,,,,,,,
Symbol of Conflict (Greater),F:\Obsidian\PF2e-Core-Vault\3-Rules\Character Building\Equipment\S\symbol-of-conflict-(greater).md,worn_item,,,Symbol of Conflict (Greater),Pathfinder GM Core,Uncommon,"divine, invested",10,,,,,Paizo,,900,,,,,,,,,,,,,,,,,,
Symbol of Conflict (Major),F:\Obsidian\PF2e-Core-Vault\3-Rules\Character Building\Equipment\S\symbol-of-conflict-(major).md,worn_item,,,Symbol of Conflict (Major),Pathfinder GM Core,Uncommon,"divine, invested",18,,,,,Paizo,,19000,,,,,,,,,,,,,,,,,,
Symbol of Conflict,F:\Obsidian\PF2e-Core-Vault\3-Rules\Character Building\Equipment\S\symbol-of-conflict.md,worn_item,,,Symbol of Conflict,Pathfinder GM Core,Uncommon,"divine, invested",4,,,,,Paizo,,90,,,,,,,,,,,,,,,,,,
Talented Tap Shoes,F:\Obsidian\PF2e-Core-Vault\3-Rules\Character Building\Equipment\T\talented-tap-shoes.md,worn_item,,,Talented Tap Shoes,Pathfinder Lost Omens Rival Academies,Rare,"invested, magical",11,,,,,Paizo,,1250,,L,,,,,,,,,,,,,,,,
Talisman of the Sphere,F:\Obsidian\PF2e-Core-Vault\3-Rules\Character Building\Equipment\T\talisman-of-the-sphere.md,worn_item,,,Talisman of the Sphere,Pathfinder Gamemastery Guide,Rare,"artifact, magical",20,,,,,Paizo,,0,,,,,,,,,,,,,,,,,,
Taljjae's Mask (The Beast),F:\Obsidian\PF2e-Core-Vault\3-Rules\Character Building\Equipment\T\taljjaes-mask-(the-beast).md,worn_item,,,Taljjae's Mask (The Beast),Pathfinder Lost Omens Monsters of Myth,Unique,"invested, magical",18,,,,,Paizo,,0,,,,,,,,,,,,,,,,,,
Taljjae's Mask (The General),F:\Obsidian\PF2e-Core-Vault\3-Rules\Character Building\Equipment\T\taljjaes-mask-(the-general).md,worn_item,,,Taljjae's Mask (The General),Pathfinder Lost Omens Monsters of Myth,Unique,"invested, magical",18,,,,,Paizo,,0,,,,,,,,,,,,,,,,,,
Taljjae's Mask (The Grandmother),F:\Obsidian\PF2e-Core-Vault\3-Rules\Character Building\Equipment\T\taljjaes-mask-(the-grandmother).md,worn_item,,,Taljjae's Mask (The Grandmother),Pathfinder Lost Omens Monsters of Myth,Unique,"invested, magical",18,,,,,Paizo,,0,,,,,,,,,,,,,,,,,,
Taljjae's Mask (The Hermit),F:\Obsidian\PF2e-Core-Vault\3-Rules\Character Building\Equipment\T\taljjaes-mask-(the-hermit).md,worn_item,,,Taljjae's Mask (The Hermit),Pathfinder Lost Omens Monsters of Myth,Unique,"invested, magical",18,,,,,Paizo,,0,,,,,,,,,,,,,,,,,,
Taljjae's Mask (The Hero),F:\Obsidian\PF2e-Core-Vault\3-Rules\Character Building\Equipment\T\taljjaes-mask-(the-hero).md,worn_item,,,Taljjae's Mask (The Hero),Pathfinder Lost Omens Monsters of Myth,Unique,"invested, magical",18,,,,,Paizo,,0,,,,,,,,,,,,,,,,,,
Taljjae's Mask (The Nobleman),F:\Obsidian\PF2e-Core-Vault\3-Rules\Character Building\Equipment\T\taljjaes-mask-(the-nobleman).md,worn_item,,,Taljjae's Mask (The Nobleman),Pathfinder Lost Omens Monsters of Myth,Unique,"invested, magical",18,,,,,Paizo,,0,,,,,,,,,,,,,,,,,,
Taljjae's Mask (The Wanderer),F:\Obsidian\PF2e-Core-Vault\3-Rules\Character Building\Equipment\T\taljjaes-mask-(the-wanderer).md,worn_item,,,Taljjae's Mask (The Wanderer),Pathfinder Lost Omens Monsters of Myth,Unique,"invested, magical",18,,,,,Paizo,,0,,,,,,,,,,,,,,,,,,
Tangibility Resonator (Lesser),F:\Obsidian\PF2e-Core-Vault\3-Rules\Character Building\Equipment\T\tangibility-resonator-(lesser).md,worn_item,,,Tangibility Resonator (Lesser),Pathfinder Lost Omens Rival Academies,Uncommon,"consumable, gadget, sonic",5,,,,,Paizo,,25,,L,,,,,,,,,,,,,,,,
Tangibility Resonator (Major),F:\Obsidian\PF2e-Core-Vault\3-Rules\Character Building\Equipment\T\tangibility-resonator-(major).md,worn_item,,,Tangibility Resonator (Major),Pathfinder Lost Omens Rival Academies,Uncommon,"consumable, gadget, sonic",17,,,,,Paizo,,2500,,L,,,,,,,,,,,,,,,,
Tangibility Resonator (Moderate),F:\Obsidian\PF2e-Core-Vault\3-Rules\Character Building\Equipment\T\tangibility-resonator-(moderate).md,worn_item,,,Tangibility Resonator (Moderate),Pathfinder Lost Omens Rival Academies,Uncommon,"consumable, gadget, sonic",11,,,,,Paizo,,300,,L,,,,,,,,,,,,,,,,
Tears of the Last Azlanti,F:\Obsidian\PF2e-Core-Vault\3-Rules\Character Building\Equipment\T\tears-of-the-last-azlanti.md,worn_item,,,Tears of the Last Azlanti,Pathfinder #156: The Apocalypse Prophet,,"arcane, artifact, invested, unique",25,,,,,Paizo,,0,,L,,,,,,,,,,,,,,,,
Temperbrand,F:\Obsidian\PF2e-Core-Vault\3-Rules\Character Building\Equipment\T\Temperbrand.md,worn_item,,,Temperbrand,Pathfinder Adventure: Prey for Death,Unique,"fire, magical, shove",20,,,,,Paizo,,70000,,2,,,,,,,,,,,,,,,,
Tenderizer Grenade (Greater),F:\Obsidian\PF2e-Core-Vault\3-Rules\Character Building\Equipment\T\tenderizer-grenade-(greater).md,worn_item,Star Grenade (Greater); Peshspine Grenade (Greater),,Tenderizer Grenade (Greater),Pathfinder #203: Shepherd of Decay,Uncommon,"acid, alchemical, bomb, consumable, plant, splash",11,,,,,Paizo,,275,,L,,,,,,,,,,,,,,,,
Tenderizer Grenade (Lesser),F:\Obsidian\PF2e-Core-Vault\3-Rules\Character Building\Equipment\T\tenderizer-grenade-(lesser).md,worn_item,Star Grenade (Lesser),,Tenderizer Grenade (Lesser),Pathfinder #203: Shepherd of Decay,Uncommon,"acid, alchemical, bomb, consumable, plant, splash",1,,,,,Paizo,,4,,L,,,,,,,,,,,,,,,,
Tenderizer Grenade (Major),F:\Obsidian\PF2e-Core-Vault\3-Rules\Character Building\Equipment\T\tenderizer-grenade-(major).md,worn_item,Star Grenade (Major),,Tenderizer Grenade (Major),Pathfinder #203: Shepherd of Decay,Uncommon,"acid, alchemical, bomb, consumable, plant, splash",17,,,,,Paizo,,2750,,L,,,,,,,,,,,,,,,,
Tenderizer Grenade (Moderate),F:\Obsidian\PF2e-Core-Vault\3-Rules\Character Building\Equipment\T\tenderizer-grenade-(moderate).md,worn_item,Star Grenade (Moderate); Peshspine Grenade (Moderate),,Tenderizer Grenade (Moderate),Pathfinder #203: Shepherd of Decay,Uncommon,"acid, alchemical, bomb, consumable, plant, splash",3,,,,,Paizo,,12,,L,,,,,,,,,,,,,,,,
Tengu Feather Fan,F:\Obsidian\PF2e-Core-Vault\3-Rules\Character Building\Equipment\T\tengu-feather-fan.md,worn_item,,,Tengu Feather Fan,Pathfinder Lost Omens Ancestry Guide,Unique,primal,5,,,,,Paizo,,0,,L,,,,,,,,,,,,,,,,
Tentacle Cannon (Greater),F:\Obsidian\PF2e-Core-Vault\3-Rules\Character Building\Equipment\T\tentacle-cannon-(greater).md,worn_item,Tentacle Potion (Greater),,Tentacle Cannon (Greater),Pathfinder Guns & Gears,Uncommon,"capacity-5, concussive, fatal-d12, magical",13,,,,,Paizo,,2000,,2,,,,,,,,,,,,,,,,
Tentacle Cannon (Major),F:\Obsidian\PF2e-Core-Vault\3-Rules\Character Building\Equipment\T\tentacle-cannon-(major).md,worn_item,,,Tentacle Cannon (Major),Pathfinder Guns & Gears,Uncommon,"capacity-5, concussive, fatal-d12, magical",17,,,,,Paizo,,15000,,2,,,,,,,,,,,,,,,,
Tentacle Cannon,F:\Obsidian\PF2e-Core-Vault\3-Rules\Character Building\Equipment\T\tentacle-cannon.md,worn_item,,,Tentacle Cannon,Pathfinder Guns & Gears,Uncommon,"capacity-5, concussive, fatal-d12, magical",7,,,,,Paizo,,360,,2,,,,,,,,,,,,,,,,
The Avalanche,F:\Obsidian\PF2e-Core-Vault\3-Rules\Character Building\Equipment\T\the-avalanche.md,worn_item,,,The Avalanche,Pathfinder #192: Worst of All Possible Worlds,Unique,"artifact, harrow-court, invested, magical",20,,,,,Paizo,,0,,,,,,,,,,,,,,,,,,
The Bear,F:\Obsidian\PF2e-Core-Vault\3-Rules\Character Building\Equipment\T\the-bear.md,worn_item,,,The Bear,Pathfinder #191: The Destiny War,Unique,"artifact, harrow-court, invested, magical",20,,,,,Paizo,,0,,L,,,,,,,,,,,,,,,,
The Beating,F:\Obsidian\PF2e-Core-Vault\3-Rules\Character Building\Equipment\T\the-beating.md,worn_item,,,The Beating,Pathfinder #191: The Destiny War,Unique,"artifact, harrow-court, invested, magical",20,,,,,Paizo,,0,,L,,,,,,,,,,,,,,,,
The Betrayal,F:\Obsidian\PF2e-Core-Vault\3-Rules\Character Building\Equipment\T\the-betrayal.md,worn_item,,,The Betrayal,Pathfinder #192: Worst of All Possible Worlds,Unique,"artifact, harrow-court, invested, magical",20,,,,,Paizo,,0,,,,,,,,,,,,,,,,,,
The Big Sky,F:\Obsidian\PF2e-Core-Vault\3-Rules\Character Building\Equipment\T\the-big-sky.md,worn_item,,,The Big Sky,Pathfinder #190: The Choosing,Unique,"artifact, harrow-court, invested, magical",20,,,,,Paizo,,0,,,,,,,,,,,,,,,,,,
The Brass Dwarf,F:\Obsidian\PF2e-Core-Vault\3-Rules\Character Building\Equipment\T\the-brass-dwarf.md,worn_item,,,The Brass Dwarf,Pathfinder #190: The Choosing,Unique,"artifact, harrow-court, invested, magical",20,,,,,Paizo,,0,,,,,,,,,,,,,,,,,,
The Carnival,F:\Obsidian\PF2e-Core-Vault\3-Rules\Character Building\Equipment\T\the-carnival.md,worn_item,,,The Carnival,Pathfinder #190: The Choosing,,"artifact, harrow-court, invested, magical, unique",20,,,,,Paizo,,0,,,,,,,,,,,,,,,,,,
The Courtesan,F:\Obsidian\PF2e-Core-Vault\3-Rules\Character Building\Equipment\T\the-courtesan.md,worn_item,,,The Courtesan,Pathfinder #192: Worst of All Possible Worlds,Unique,"artifact, harrow-court, illusion, invested, magical",20,,,,,Paizo,,0,,,,,,,,,,,,,,,,,,
The Cricket,F:\Obsidian\PF2e-Core-Vault\3-Rules\Character Building\Equipment\T\the-cricket.md,worn_item,,,The Cricket,Pathfinder #192: Worst of All Possible Worlds,Unique,"artifact, harrow-court, invested, magical",20,,,,,Paizo,,0,,,,,,,,,,,,,,,,,,
The Crows,F:\Obsidian\PF2e-Core-Vault\3-Rules\Character Building\Equipment\T\the-crows.md,worn_item,,,The Crows,Pathfinder #192: Worst of All Possible Worlds,Unique,"artifact, harrow-court, invested, magical",20,,,,,Paizo,,0,,,,,,,,,,,,,,,,,,
The Cyclone,F:\Obsidian\PF2e-Core-Vault\3-Rules\Character Building\Equipment\T\the-cyclone.md,worn_item,,,The Cyclone,Pathfinder #191: The Destiny War,Unique,"artifact, harrow-court, invested, magical",20,,,,,Paizo,,0,,,,,,,,,,,,,,,,,,
The Dance,F:\Obsidian\PF2e-Core-Vault\3-Rules\Character Building\Equipment\T\the-dance.md,worn_item,,,The Dance,Pathfinder #192: Worst of All Possible Worlds,Unique,"artifact, harrow-court, invested, magical",20,,,,,Paizo,,0,,,,,,,,,,,,,,,,,,
The Deck of Destiny,F:\Obsidian\PF2e-Core-Vault\3-Rules\Character Building\Equipment\T\the-deck-of-destiny.md,worn_item,,,The Deck of Destiny,Pathfinder #192: Worst of All Possible Worlds,,"artifact, invested, magical, unique",25,,,,,Paizo,,0,,L,,,,,,,,,,,,,,,,
The Demon's Lantern,F:\Obsidian\PF2e-Core-Vault\3-Rules\Character Building\Equipment\T\the-demons-lantern.md,worn_item,,,The Demon's Lantern,Pathfinder #191: The Destiny War,Unique,"artifact, harrow-court, invested, magical",20,,,,,Paizo,,0,,,,,,,,,,,,,,,,,,
The Desert,F:\Obsidian\PF2e-Core-Vault\3-Rules\Character Building\Equipment\T\the-desert.md,worn_item,,,The Desert,Pathfinder #191: The Destiny War,Unique,"artifact, harrow-court, invested, magical",20,,,,,Paizo,,0,,,,,,,,,,,,,,,,,,
The Eclipse,F:\Obsidian\PF2e-Core-Vault\3-Rules\Character Building\Equipment\T\the-eclipse.md,worn_item,,,The Eclipse,Pathfinder #192: Worst of All Possible Worlds,Unique,"artifact, harrow-court, invested, magical",20,,,,,Paizo,,0,,,,,,,,,,,,,,,,,,
The Empty Throne,F:\Obsidian\PF2e-Core-Vault\3-Rules\Character Building\Equipment\T\the-empty-throne.md,worn_item,,,The Empty Throne,Pathfinder #190: The Choosing,Unique,"artifact, harrow-court, invested, magical",20,,,,,Paizo,,0,,,,,,,,,,,,,,,,,,
The Fiend,F:\Obsidian\PF2e-Core-Vault\3-Rules\Character Building\Equipment\T\the-fiend.md,worn_item,,,The Fiend,Pathfinder #190: The Choosing,Unique,"artifact, harrow-court, illusion, invested, magical",20,,,,,Paizo,,0,,,,,,,,,,,,,,,,,,
The Fool,F:\Obsidian\PF2e-Core-Vault\3-Rules\Character Building\Equipment\T\the-fool.md,worn_item,,,The Fool,Pathfinder #192: Worst of All Possible Worlds,Unique,"artifact, harrow-court, invested, magical",20,,,,,Paizo,,0,,,,,,,,,,,,,,,,,,
The Forge,F:\Obsidian\PF2e-Core-Vault\3-Rules\Character Building\Equipment\T\the-forge.md,worn_item,Ice Forge,,The Forge,Pathfinder #191: The Destiny War,Unique,"artifact, harrow-court, invested, magical",20,,,,,Paizo,,0,,,,,,,,,,,,,,,,,,
The Hidden Truth,F:\Obsidian\PF2e-Core-Vault\3-Rules\Character Building\Equipment\T\the-hidden-truth.md,worn_item,,,The Hidden Truth,Pathfinder #191: The Destiny War,Unique,"artifact, harrow-court, invested, magical",20,,,,,Paizo,,0,,,,,,,,,,,,,,,,,,
The Inquisitor,F:\Obsidian\PF2e-Core-Vault\3-Rules\Character Building\Equipment\T\the-inquisitor.md,worn_item,,,The Inquisitor,Pathfinder #192: Worst of All Possible Worlds,Unique,"artifact, harrow-court, invested, magical",20,,,,,Paizo,,0,,,,,,,,,,,,,,,,,,
The Joke,F:\Obsidian\PF2e-Core-Vault\3-Rules\Character Building\Equipment\T\the-joke.md,worn_item,,,The Joke,Pathfinder #192: Worst of All Possible Worlds,Unique,"artifact, harrow-court, invested, magical",20,,,,,Paizo,,0,,,,,,,,,,,,,,,,,,
The Juggler,F:\Obsidian\PF2e-Core-Vault\3-Rules\Character Building\Equipment\T\the-juggler.md,worn_item,,,The Juggler,Pathfinder #190: The Choosing,Unique,"artifact, harrow-court, invested, magical",20,,,,,Paizo,,0,,,,,,,,,,,,,,,,,,
The Keep,F:\Obsidian\PF2e-Core-Vault\3-Rules\Character Building\Equipment\T\the-keep.md,worn_item,,,The Keep,Pathfinder #191: The Destiny War,Unique,"artifact, harrow-court, invested, magical",20,,,,,Paizo,,0,,,,,,,,,,,,,,,,,,
The Lens of the Outreaching Eye,F:\Obsidian\PF2e-Core-Vault\3-Rules\Character Building\Equipment\T\the-lens-of-the-outreaching-eye.md,worn_item,,,The Lens of the Outreaching Eye,Pathfinder #191: The Destiny War,Unique,"artifact, invested, magical, scrying",20,,,,,Paizo,,0,,L,,,,,,,,,,,,,,,,
The Liar,F:\Obsidian\PF2e-Core-Vault\3-Rules\Character Building\Equipment\T\the-liar.md,worn_item,,,The Liar,Pathfinder #190: The Choosing,Unique,"artifact, harrow-court, invested, magical",20,,,,,Paizo,,0,,,,,,,,,,,,,,,,,,
The Locksmith,F:\Obsidian\PF2e-Core-Vault\3-Rules\Character Building\Equipment\T\the-locksmith.md,worn_item,,,The Locksmith,Pathfinder #190: The Choosing,Unique,"artifact, harrow-court, invested, magical",20,,,,,Paizo,,0,,,,,,,,,,,,,,,,,,
The Lost,F:\Obsidian\PF2e-Core-Vault\3-Rules\Character Building\Equipment\T\the-lost.md,worn_item,,,The Lost,Pathfinder #191: The Destiny War,Unique,"artifact, harrow-court, invested, magical",20,,,,,Paizo,,0,,,,,,,,,,,,,,,,,,
The Marriage,F:\Obsidian\PF2e-Core-Vault\3-Rules\Character Building\Equipment\T\the-marriage.md,worn_item,Toy Carriage,,The Marriage,Pathfinder #191: The Destiny War,Unique,"artifact, harrow-court, invested, magical",20,,,,,Paizo,,0,,,,,,,,,,,,,,,,,,
The Midwife,F:\Obsidian\PF2e-Core-Vault\3-Rules\Character Building\Equipment\T\the-midwife.md,worn_item,,,The Midwife,Pathfinder #191: The Destiny War,Unique,"artifact, harrow-court, invested, magical",20,,,,,Paizo,,0,,,,,,,,,,,,,,,,,,
The Mountain Man,F:\Obsidian\PF2e-Core-Vault\3-Rules\Character Building\Equipment\T\the-mountain-man.md,worn_item,,,The Mountain Man,Pathfinder #190: The Choosing,Unique,"artifact, harrow-court, invested, magical",20,,,,,Paizo,,0,,,,,,,,,,,,,,,,,,
The Owl,F:\Obsidian\PF2e-Core-Vault\3-Rules\Character Building\Equipment\T\the-owl.md,worn_item,,,The Owl,Pathfinder #191: The Destiny War,Unique,"artifact, harrow-court, invested, magical",20,,,,,Paizo,,0,,,,,,,,,,,,,,,,,,
The Paladin,F:\Obsidian\PF2e-Core-Vault\3-Rules\Character Building\Equipment\T\the-paladin.md,worn_item,,,The Paladin,Pathfinder #190: The Choosing,Unique,"artifact, harrow-court, invested, magical",20,,,,,Paizo,,0,,,,,,,,,,,,,,,,,,
The Peacock,F:\Obsidian\PF2e-Core-Vault\3-Rules\Character Building\Equipment\T\the-peacock.md,worn_item,,,The Peacock,Pathfinder #192: Worst of All Possible Worlds,Unique,"artifact, harrow-court, invested, magical",20,,,,,Paizo,,0,,,,,,,,,,,,,,,,,,
The Publican,F:\Obsidian\PF2e-Core-Vault\3-Rules\Character Building\Equipment\T\the-publican.md,worn_item,,,The Publican,Pathfinder #190: The Choosing,Unique,"artifact, harrow-court, invested, magical",20,,,,,Paizo,,0,,,,,,,,,,,,,,,,,,
The Queen Mother,F:\Obsidian\PF2e-Core-Vault\3-Rules\Character Building\Equipment\T\the-queen-mother.md,worn_item,,,The Queen Mother,Pathfinder #192: Worst of All Possible Worlds,Unique,"artifact, harrow-court, invested, magical",20,,,,,Paizo,,0,,,,,,,,,,,,,,,,,,
The Rabbit Prince,F:\Obsidian\PF2e-Core-Vault\3-Rules\Character Building\Equipment\T\the-rabbit-prince.md,worn_item,Blade of the Rabbit Prince,,The Rabbit Prince,Pathfinder #190: The Choosing,Unique,"artifact, harrow-court, invested, magical",20,,,,,Paizo,,0,,,,,,,,,,,,,,,,,,
The Rakshasa,F:\Obsidian\PF2e-Core-Vault\3-Rules\Character Building\Equipment\T\the-rakshasa.md,worn_item,,,The Rakshasa,Pathfinder #190: The Choosing,Unique,"artifact, harrow-court, invested, magical",20,,,,,Paizo,,0,,,,,,,,,,,,,,,,,,
The Sickness,F:\Obsidian\PF2e-Core-Vault\3-Rules\Character Building\Equipment\T\the-sickness.md,worn_item,,,The Sickness,Pathfinder #191: The Destiny War,Unique,"artifact, harrow-court, invested, magical",20,,,,,Paizo,,0,,,,,,,,,,,,,,,,,,
The Silent Hag,F:\Obsidian\PF2e-Core-Vault\3-Rules\Character Building\Equipment\T\the-silent-hag.md,worn_item,,,The Silent Hag,Pathfinder #190: The Choosing,Unique,"artifact, harrow-court, invested, magical",20,,,,,Paizo,,0,,,,,,,,,,,,,,,,,,
The Snakebite,F:\Obsidian\PF2e-Core-Vault\3-Rules\Character Building\Equipment\T\the-snakebite.md,worn_item,,,The Snakebite,Pathfinder #190: The Choosing,Unique,"artifact, harrow-court, invested, magical, poison",20,,,,,Paizo,,0,,,,,,,,,,,,,,,,,,
The Survivor,F:\Obsidian\PF2e-Core-Vault\3-Rules\Character Building\Equipment\T\the-survivor.md,worn_item,,,The Survivor,Pathfinder #191: The Destiny War,Unique,"artifact, harrow-court, invested, magical",20,,,,,Paizo,,0,,,,,,,,,,,,,,,,,,
The Tangled Briar,F:\Obsidian\PF2e-Core-Vault\3-Rules\Character Building\Equipment\T\the-tangled-briar.md,worn_item,,,The Tangled Briar,Pathfinder #191: The Destiny War,Unique,"artifact, harrow-court, invested, magical",20,,,,,Paizo,,0,,,,,,,,,,,,,,,,,,
The Teamster,F:\Obsidian\PF2e-Core-Vault\3-Rules\Character Building\Equipment\T\the-teamster.md,worn_item,,,The Teamster,Pathfinder #192: Worst of All Possible Worlds,Unique,"artifact, harrow-court, invested, magical",20,,,,,Paizo,,0,,,,,,,,,,,,,,,,,,
The Theater,F:\Obsidian\PF2e-Core-Vault\3-Rules\Character Building\Equipment\T\the-theater.md,worn_item,,,The Theater,Pathfinder #190: The Choosing,Unique,"artifact, harrow-court, invested, magical",20,,,,,Paizo,,0,,,,,,,,,,,,,,,,,,
The Trader,F:\Obsidian\PF2e-Core-Vault\3-Rules\Character Building\Equipment\T\the-trader.md,worn_item,,,The Trader,Pathfinder #192: Worst of All Possible Worlds,Unique,"artifact, harrow-court, invested, magical",20,,,,,Paizo,,0,,,,,,,,,,,,,,,,,,
The Trumpet,F:\Obsidian\PF2e-Core-Vault\3-Rules\Character Building\Equipment\T\the-trumpet.md,worn_item,Trumpet,,The Trumpet,Pathfinder #190: The Choosing,Unique,"artifact, harrow-court, invested, magical",20,,,,,Paizo,,0,,,,,,,,,,,,,,,,,,
The Twin,F:\Obsidian\PF2e-Core-Vault\3-Rules\Character Building\Equipment\T\the-twin.md,worn_item,,,The Twin,Pathfinder #192: Worst of All Possible Worlds,Unique,"artifact, harrow-court, illusion, invested, magical",20,,,,,Paizo,,0,,,,,,,,,,,,,,,,,,
The Tyrant,F:\Obsidian\PF2e-Core-Vault\3-Rules\Character Building\Equipment\T\the-tyrant.md,worn_item,,,The Tyrant,Pathfinder #191: The Destiny War,Unique,"artifact, harrow-court, invested, magical",20,,,,,Paizo,,0,,,,,,,,,,,,,,,,,,
The Unicorn,F:\Obsidian\PF2e-Core-Vault\3-Rules\Character Building\Equipment\T\the-unicorn.md,worn_item,,,The Unicorn,Pathfinder #192: Worst of All Possible Worlds,Unique,"artifact, harrow-court, invested, magical",20,,,,,Paizo,,0,,,,,,,,,,,,,,,,,,
The Uprising,F:\Obsidian\PF2e-Core-Vault\3-Rules\Character Building\Equipment\T\the-uprising.md,worn_item,,,The Uprising,Pathfinder #191: The Destiny War,Unique,"artifact, harrow-court, invested, magical",20,,,,,Paizo,,0,,,,,,,,,,,,,,,,,,
The Vision,F:\Obsidian\PF2e-Core-Vault\3-Rules\Character Building\Equipment\T\the-vision.md,worn_item,,,The Vision,Pathfinder #190: The Choosing,Unique,"artifact, harrow-court, invested, magical",20,,,,,Paizo,,0,,,,,,,,,,,,,,,,,,
The Wanderer,F:\Obsidian\PF2e-Core-Vault\3-Rules\Character Building\Equipment\T\the-wanderer.md,worn_item,,,The Wanderer,Pathfinder #192: Worst of All Possible Worlds,Unique,"artifact, harrow-court, invested, magical",20,,,,,Paizo,,0,,,,,,,,,,,,,,,,,,
The Waxworks,F:\Obsidian\PF2e-Core-Vault\3-Rules\Character Building\Equipment\T\the-waxworks.md,worn_item,,,The Waxworks,Pathfinder #191: The Destiny War,Unique,"artifact, harrow-court, invested, magical",20,,,,,Paizo,,0,,,,,,,,,,,,,,,,,,
The Whispering Reeds,F:\Obsidian\PF2e-Core-Vault\3-Rules\Character Building\Equipment\T\the-whispering-reeds.md,worn_item,,,The Whispering Reeds,Pathfinder #163: Ruins of Gauntlight,Rare,"artifact, occult",10,,,,,Paizo,,0,,2,,,,,,,,,,,,,,,,
The Winged Serpent,F:\Obsidian\PF2e-Core-Vault\3-Rules\Character Building\Equipment\T\the-winged-serpent.md,worn_item,,,The Winged Serpent,Pathfinder #192: Worst of All Possible Worlds,Unique,"artifact, harrow-court, invested, magical",20,,,,,Paizo,,0,,,,,,,,,,,,,,,,,,
Theater Enhancers,F:\Obsidian\PF2e-Core-Vault\3-Rules\Character Building\Equipment\T\theater-enhancers.md,worn_item,,,Theater Enhancers,Pathfinder Lost Omens Rival Academies,Uncommon,,1,,,,,Paizo,,15,,,,,,,,,,,,,,,,,,
Thorn Brush,F:\Obsidian\PF2e-Core-Vault\3-Rules\Character Building\Equipment\T\thorn-brush.md,worn_item,,,Thorn Brush,"Pathfinder #205: Singer, Stalker, Skinsaw Man",Rare,"holy, magical, versatile-p",15,,,,,Paizo,,6500,,1,,,,,,,,,,,,,,,,
Thrasher Tail,F:\Obsidian\PF2e-Core-Vault\3-Rules\Character Building\Equipment\T\thrasher-tail.md,worn_item,,,Thrasher Tail,Pathfinder Treasure Vault,Rare,"clockwork, kobold, mechanical",9,,,,,Paizo,,620,,1,,,,,,,,,,,,,,,,
Three-peaked Tree,F:\Obsidian\PF2e-Core-Vault\3-Rules\Character Building\Equipment\T\three-peaked-tree.md,worn_item,,,Three-peaked Tree,Pathfinder Guns & Gears,Uncommon,"combination, concussive, elf, fatal-d10, parry",1,,,,,Paizo,,12,,2,,,,,,,,,,,,,,,,
Three-Pillared Yang Na,F:\Obsidian\PF2e-Core-Vault\3-Rules\Character Building\Equipment\T\three-pillared-yang-na.md,worn_item,,,Three-Pillared Yang Na,Pathfinder Lost Omens Rival Academies,Rare,"divine, invested, tattoo",4,,,,,Paizo,,80,,,,,,,,,,,,,,,,,,
Throwing Knife (Extinction Curse),F:\Obsidian\PF2e-Core-Vault\3-Rules\Character Building\Equipment\T\throwing-knife-(extinction-curse).md,worn_item,,,Throwing Knife (Extinction Curse),Pathfinder #151: The Show Must Go On,Uncommon,"agile, finesse, thrown-20, twin",0,,,,,Paizo,,3,,L,,,,,,,,,,,,,,,,
Thundercrasher,F:\Obsidian\PF2e-Core-Vault\3-Rules\Character Building\Equipment\T\Thundercrasher.md,worn_item,Thundermace; Thunder Helm,,Thundercrasher,Pathfinder Treasure Vault,Uncommon,"concussive, magical, scatter-10",5,,,,,Paizo,,155,,2,,,,,,,,,,,,,,,,
Tideplate,F:\Obsidian\PF2e-Core-Vault\3-Rules\Character Building\Equipment\T\Tideplate.md,worn_item,,,Tideplate,Pathfinder GM Core,,"invested, magical",10,,,,,Paizo,,1000,,4,,,,,,,,,,,,,,,,
Tiger's Claw,F:\Obsidian\PF2e-Core-Vault\3-Rules\Character Building\Equipment\T\tigers-claw.md,worn_item,,,Tiger's Claw,Pathfinder Guns & Gears,Rare,"concealable, concussive, fatal-d10, illusion, primal",11,,,,,Paizo,,1400,,1,,,,,,,,,,,,,,,,
Titan Nagaji Scales,F:\Obsidian\PF2e-Core-Vault\3-Rules\Character Building\Equipment\T\titan-nagaji-scales.md,worn_item,,,Titan Nagaji Scales,Pathfinder Lost Omens Impossible Lands,,comfort,1,,,,,Paizo,,0,,,,,,,,,,,,,,,,,,
Toolkit of Bronze Whispers,F:\Obsidian\PF2e-Core-Vault\3-Rules\Character Building\Equipment\T\toolkit-of-bronze-whispers.md,worn_item,,,Toolkit of Bronze Whispers,Pathfinder Treasure Vault,Rare,"divine, intelligent",5,,,,,Paizo,,50,,2,,,,,,,,,,,,,,,,
Toshigami Blossom,F:\Obsidian\PF2e-Core-Vault\3-Rules\Character Building\Equipment\T\toshigami-blossom.md,worn_item,,,Toshigami Blossom,Pathfinder Treasure Vault,Rare,"intelligent, invested, primal",15,,,,,Paizo,,0,,,,,,,,,,,,,,,,,,
Tough Skin,F:\Obsidian\PF2e-Core-Vault\3-Rules\Character Building\Equipment\T\tough-skin.md,worn_item,,,Tough Skin,Pathfinder Lost Omens Impossible Lands,,comfort,1,,,,,Paizo,,0,,,,,,,,,,,,,,,,,,
Tremorsensors,F:\Obsidian\PF2e-Core-Vault\3-Rules\Character Building\Equipment\T\Tremorsensors.md,worn_item,,unrecognized Publisher_Source for source='',Tremorsensors,,,,,,,,,,,,,,,,,,,,,,,,,,,,,
Triggerbrand,F:\Obsidian\PF2e-Core-Vault\3-Rules\Character Building\Equipment\T\Triggerbrand.md,worn_item,,unrecognized Publisher_Source for source='',Triggerbrand,,,,,,,,,,,,,,,,,,,,,,,,,,,,,
Tripod,F:\Obsidian\PF2e-Core-Vault\3-Rules\Character Building\Equipment\T\Tripod.md,worn_item,,unrecognized Publisher_Source for source='',Tripod,,,,,,,,,,,,,,,,,,,,,,,,,,,,,
Trustworthy Round,F:\Obsidian\PF2e-Core-Vault\3-Rules\Character Building\Equipment\T\trustworthy-round.md,worn_item,,,Trustworthy Round,Pathfinder Guns & Gears,,"consumable, magical, common",3,,,,,Paizo,,9,,,,,,,,,,,,,,,,,,
Tteokguk of Time Advancement,F:\Obsidian\PF2e-Core-Vault\3-Rules\Character Building\Equipment\T\tteokguk-of-time-advancement.md,worn_item,,,Tteokguk of Time Advancement,Pathfinder Blog,,"consumable, magical, polymorph",5,,,,,Paizo,,0,,L,,,,,,,,,,,,,,,,
Tumbler's Belt,F:\Obsidian\PF2e-Core-Vault\3-Rules\Character Building\Equipment\T\tumblers-belt.md,worn_item,,,Tumbler's Belt,Pathfinder #204: Stage Fright,,"invested, magical, unique",13,,,,,Paizo,,3000,,L,,,,,,,,,,,,,,,,
Twig of Knowledge and Memory,F:\Obsidian\PF2e-Core-Vault\3-Rules\Character Building\Equipment\T\twig-of-knowledge-and-memory.md,worn_item,,,Twig of Knowledge and Memory,Pathfinder Lost Omens Rival Academies,Uncommon,"consumable, magical, mental, plant",1,,,,,Paizo,,4,,L,,,,,,,,,,,,,,,,
Umbrella Injector,F:\Obsidian\PF2e-Core-Vault\3-Rules\Character Building\Equipment\U\umbrella-injector.md,worn_item,,,Umbrella Injector,Pathfinder Guns & Gears,Uncommon,"concealable, finesse, injection, parry",0,,,,,Paizo,,4,,1,,,,,,,,,,,,,,,,
Underwater firing Mechanism,F:\Obsidian\PF2e-Core-Vault\3-Rules\Character Building\Equipment\U\underwater-firing-mechanism.md,worn_item,,,Underwater firing Mechanism,Pathfinder Guns & Gears,Uncommon,magical,9,,,,,Paizo,,600,,,,,,,,,,,,,,,,,,
Underwater,F:\Obsidian\PF2e-Core-Vault\3-Rules\Character Building\Equipment\U\Underwater.md,worn_item,,unrecognized Publisher_Source for source='',Underwater,,,,,,,,,,,,,,,,,,,,,,,,,,,,,
Unending Youth,F:\Obsidian\PF2e-Core-Vault\3-Rules\Character Building\Equipment\U\unending-youth.md,worn_item,Unending Itch,,Unending Youth,Pathfinder Lost Omens Legends,Rare,"contract, invested, magical",20,,,,,Paizo,,0,,,,,,,,,,,,,,,,,,
Unfolding Tree House,F:\Obsidian\PF2e-Core-Vault\3-Rules\Character Building\Equipment\U\unfolding-tree-house.md,worn_item,,,Unfolding Tree House,Pathfinder #203: Shepherd of Decay,Uncommon,"magical, structure, wood",7,,,,,Paizo,,340,,L,,,,,,,,,,,,,,,,
Uniter of Clans,F:\Obsidian\PF2e-Core-Vault\3-Rules\Character Building\Equipment\U\uniter-of-clans.md,worn_item,,,Uniter of Clans,Pathfinder #193: Mantle of Gold,Unique,"invested, magical, relic",5,,,,,Paizo,,125,,,,,,,,,,,,,,,,,,
unnamed-item,F:\Obsidian\PF2e-Core-Vault\3-Rules\Character Building\Equipment\U\unnamed-item.md,worn_item,,,unnamed-item,Pathfinder Gamemastery Guide,,,,,,,,Paizo,,25,,,,,,,,,,,,,,,,,,
Ursine Avenger Hood,F:\Obsidian\PF2e-Core-Vault\3-Rules\Character Building\Equipment\U\ursine-avenger-hood.md,worn_item,,,Ursine Avenger Hood,Pathfinder Treasure Vault,Unique,"artifact, invested, primal",2,,,,,Paizo,,0,,L,,,,,,,,,,,,,,,,
Uzunjati Storytelling Amulet,F:\Obsidian\PF2e-Core-Vault\3-Rules\Character Building\Equipment\U\uzunjati-storytelling-amulet.md,worn_item,,,Uzunjati Storytelling Amulet,Pathfinder Lost Omens Rival Academies,Rare,"invested, magical",5,,,,,Paizo,,145,,,,,,,,,,,,,,,,,,
Vanishing Shocker (Greater),F:\Obsidian\PF2e-Core-Vault\3-Rules\Character Building\Equipment\V\vanishing-shocker-(greater).md,worn_item,,,Vanishing Shocker (Greater),Pathfinder Lost Omens Rival Academies,Uncommon,"consumable, electricity, gadget, illusion, magical",15,,,,,Paizo,,1300,,L,,,,,,,,,,,,,,,,
Vanishing Shocker (Lesser),F:\Obsidian\PF2e-Core-Vault\3-Rules\Character Building\Equipment\V\vanishing-shocker-(lesser).md,worn_item,,,Vanishing Shocker (Lesser),Pathfinder Lost Omens Rival Academies,Uncommon,"consumable, electricity, gadget, illusion, magical",7,,,,,Paizo,,70,,L,,,,,,,,,,,,,,,,
Vanishing Shocker (Major),F:\Obsidian\PF2e-Core-Vault\3-Rules\Character Building\Equipment\V\vanishing-shocker-(major).md,worn_item,,,Vanishing Shocker (Major),Pathfinder Lost Omens Rival Academies,Uncommon,"consumable, electricity, gadget, illusion, magical",19,,,,,Paizo,,8000,,L,,,,,,,,,,,,,,,,
Vanishing Shocker (Moderate),F:\Obsidian\PF2e-Core-Vault\3-Rules\Character Building\Equipment\V\vanishing-shocker-(moderate).md,worn_item,,,Vanishing Shocker (Moderate),Pathfinder Lost Omens Rival Academies,Uncommon,"consumable, electricity, gadget, illusion, magical",11,,,,,Paizo,,300,,L,,,,,,,,,,,,,,,,
Vashu's Ninth Life,F:\Obsidian\PF2e-Core-Vault\3-Rules\Character Building\Equipment\V\vashus-ninth-life.md,worn_item,,,Vashu's Ninth Life,Pathfinder #198: No Breath to Cry,Unique,"deadly-d8, magical, two-hand-d10, versatile-p",9,,,,,Paizo,,700,,1,,,,,,,,,,,,,,,,
Venom Lash,F:\Obsidian\PF2e-Core-Vault\3-Rules\Character Building\Equipment\V\venom-lash.md,worn_item,Venom Glands,,Venom Lash,"Pathfinder #208: Hoof, Cinder, and Storm",Uncommon,"disarm, magical, poison, sweep, trip",7,,,,,Paizo,,350,,1,,,,,,,,,,,,,,,,
Verdant Branch,F:\Obsidian\PF2e-Core-Vault\3-Rules\Character Building\Equipment\V\verdant-branch.md,worn_item,,,Verdant Branch,Pathfinder Treasure Vault,,"plant, primal",7,,,,,Paizo,,360,,L,,,,,,,,,,,,,,,,
Versatile Vial,F:\Obsidian\PF2e-Core-Vault\3-Rules\Character Building\Equipment\V\versatile-vial.md,worn_item,,,Versatile Vial,Pathfinder Player Core 2,,"acid, alchemical, bomb, consumable, infused, splash",1,,,,,Paizo,,0,,,,,,,,,,,,,,,,,,
Vial of the Immortal Wellspring,F:\Obsidian\PF2e-Core-Vault\3-Rules\Character Building\Equipment\V\vial-of-the-immortal-wellspring.md,worn_item,,,Vial of the Immortal Wellspring,Pathfinder Dark Archive,Rare,"contract, invested, magical",20,,,,,Paizo,,0,,,,,,,,,,,,,,,,,,
Violet Ray,F:\Obsidian\PF2e-Core-Vault\3-Rules\Character Building\Equipment\V\violet-ray.md,worn_item,,,Violet Ray,Pathfinder Guns & Gears,Rare,,12,,,,,Paizo,,1893,,2,,,,,,,,,,,,,,,,
Viridian Crown,F:\Obsidian\PF2e-Core-Vault\3-Rules\Character Building\Equipment\V\viridian-crown.md,worn_item,,,Viridian Crown,Pathfinder #212: A Voice in the Blight,Unique,"apex, artifact, invested, primal",20,,,,,Paizo,,0,,L,,,,,,,,,,,,,,,,
Vitalizing (Greater),F:\Obsidian\PF2e-Core-Vault\3-Rules\Character Building\Equipment\V\vitalizing-(greater).md,worn_item,Hauling (Greater); Retaliation (Greater); Stanching (Greater),,Vitalizing (Greater),Pathfinder GM Core,,magical,14,,,,,Paizo,,4300,,,,,,,,,,,,,,,,,,
Vitalizing,F:\Obsidian\PF2e-Core-Vault\3-Rules\Character Building\Equipment\V\Vitalizing.md,worn_item,,unrecognized Publisher_Source for source='',Vitalizing,,,,,,,,,,,,,,,,,,,,,,,,,,,,,
Vocal Shells,F:\Obsidian\PF2e-Core-Vault\3-Rules\Character Building\Equipment\V\vocal-shells.md,worn_item,,,Vocal Shells,Pathfinder Lost Omens Rival Academies,Rare,clockwork,3,,,,,Paizo,,50,,,,,,,,,,,,,,,,,,
Voicebox,F:\Obsidian\PF2e-Core-Vault\3-Rules\Character Building\Equipment\V\Voicebox.md,worn_item,,unrecognized Publisher_Source for source='',Voicebox,,,,,,,,,,,,,,,,,,,,,,,,,,,,,
Void Mirror,F:\Obsidian\PF2e-Core-Vault\3-Rules\Character Building\Equipment\V\void-mirror.md,worn_item,Mirror,,Void Mirror,Pathfinder Adventure: Malevolence,,"artifact, magical, unique",20,,,,,Paizo,,0,,3,,,,,,,,,,,,,,,,
Void Shackles,F:\Obsidian\PF2e-Core-Vault\3-Rules\Character Building\Equipment\V\void-shackles.md,worn_item,Void Salts,,Void Shackles,Pathfinder #212: A Voice in the Blight,Rare,"magical, void",17,,,,,Paizo,,12500,,,,,,,,,,,,,,,,,,
Vyre's Bliss,F:\Obsidian\PF2e-Core-Vault\3-Rules\Character Building\Equipment\V\vyres-bliss.md,worn_item,,,Vyre's Bliss,Pathfinder #206: Bring the House Down,Rare,"alchemical, consumable, ingested, poison, virulent",20,,,,,Paizo,,8500,,L,,,,,,,,,,,,,,,,
Wand Cane,F:\Obsidian\PF2e-Core-Vault\3-Rules\Character Building\Equipment\W\wand-cane.md,worn_item,,,Wand Cane,Pathfinder Treasure Vault,,"magical, wand",4,,,,,Paizo,,100,,L,,,,,,,,,,,,,,,,
Wand of Choking Mist (Obscuring Mist),F:\Obsidian\PF2e-Core-Vault\3-Rules\Character Building\Equipment\W\wand-of-choking-mist-(obscuring-mist).md,worn_item,,,Wand of Choking Mist (Obscuring Mist),Pathfinder Treasure Vault,,"magical, wand, water",6,,,,,Paizo,,250,,L,,,,,,,,,,,,,,,,
Wand of Choking Mist (Solid Fog),F:\Obsidian\PF2e-Core-Vault\3-Rules\Character Building\Equipment\W\wand-of-choking-mist-(solid-fog).md,worn_item,,,Wand of Choking Mist (Solid Fog),Pathfinder Treasure Vault,,"magical, wand, water",10,,,,,Paizo,,1000,,L,,,,,,,,,,,,,,,,
Wand of Chromatic Burst (4th-level),F:\Obsidian\PF2e-Core-Vault\3-Rules\Character Building\Equipment\W\wand-of-chromatic-burst-(4th-level).md,worn_item,Wand of Chromatic Burst (4th-Level Spell); Wand of Chromatic Burst (7th-Level Spell),,Wand of Chromatic Burst (4th-level),Pathfinder Treasure Vault,,"magical, wand",10,,,,,Paizo,,1000,,L,,,,,,,,,,,,,,,,
Wand of Chromatic Burst (7th-level),F:\Obsidian\PF2e-Core-Vault\3-Rules\Character Building\Equipment\W\wand-of-chromatic-burst-(7th-level).md,worn_item,Wand of Chromatic Burst (7th-Level Spell); Wand of Chromatic Burst (4th-Level Spell),,Wand of Chromatic Burst (7th-level),Pathfinder Treasure Vault,,"magical, wand",16,,,,,Paizo,,10000,,L,,,,,,,,,,,,,,,,
Wand of Clinging Rime (7th-level),F:\Obsidian\PF2e-Core-Vault\3-Rules\Character Building\Equipment\W\wand-of-clinging-rime-(7th-level).md,worn_item,Wand of Clinging Rime (7th-Level Spell); Wand of Clinging Rime (9th-Level Spell); Wand of Clinging Rime (8th-Level Spell),,Wand of Clinging Rime (7th-level),Pathfinder Treasure Vault,,"cold, magical, wand, water",16,,,,,Paizo,,10000,,L,,,,,,,,,,,,,,,,
Wand of Clinging Rime (8th-level),F:\Obsidian\PF2e-Core-Vault\3-Rules\Character Building\Equipment\W\wand-of-clinging-rime-(8th-level).md,worn_item,Wand of Clinging Rime (8th-Level Spell); Wand of Clinging Rime (9th-Level Spell); Wand of Clinging Rime (7th-Level Spell),,Wand of Clinging Rime (8th-level),Pathfinder Treasure Vault,,"cold, magical, wand, water",18,,,,,Paizo,,24000,,L,,,,,,,,,,,,,,,,
Wand of Clinging Rime (9th-level),F:\Obsidian\PF2e-Core-Vault\3-Rules\Character Building\Equipment\W\wand-of-clinging-rime-(9th-level).md,worn_item,Wand of Clinging Rime (9th-Level Spell); Wand of Clinging Rime (8th-Level Spell); Wand of Clinging Rime (7th-Level Spell),,Wand of Clinging Rime (9th-level),Pathfinder Treasure Vault,,"cold, magical, wand, water",20,,,,,Paizo,,70000,,L,,,,,,,,,,,,,,,,
Wand of Continuation (1st-Rank Spell),F:\Obsidian\PF2e-Core-Vault\3-Rules\Character Building\Equipment\W\wand-of-continuation-(1st-rank-spell).md,worn_item,Wand of Continuation (1st-Level Spell); Wand of Continuation (8th-Level Spell); Wand of Continuation (7th-Level Spell),,Wand of Continuation (1st-Rank Spell),Pathfinder GM Core,,"magical, wand",5,,,,,Paizo,,160,,L,,,,,,,,,,,,,,,,
Wand of Continuation (2nd-Rank Spell),F:\Obsidian\PF2e-Core-Vault\3-Rules\Character Building\Equipment\W\wand-of-continuation-(2nd-rank-spell).md,worn_item,Wand of Continuation (2nd-Level Spell); Wand of Purification (2nd-rank Spell); Wand of Continuation (3rd-Level Spell),,Wand of Continuation (2nd-Rank Spell),Pathfinder GM Core,,"magical, wand",7,,,,,Paizo,,360,,L,,,,,,,,,,,,,,,,
Wand of Continuation (3rd-Rank Spell),F:\Obsidian\PF2e-Core-Vault\3-Rules\Character Building\Equipment\W\wand-of-continuation-(3rd-rank-spell).md,worn_item,Wand of Continuation (3rd-Level Spell); Wand of Purification (3rd-rank Spell); Wand of Continuation (2nd-Level Spell),,Wand of Continuation (3rd-Rank Spell),Pathfinder GM Core,,"magical, wand",9,,,,,Paizo,,700,,L,,,,,,,,,,,,,,,,
Wand of Continuation (4th-Rank Spell),F:\Obsidian\PF2e-Core-Vault\3-Rules\Character Building\Equipment\W\wand-of-continuation-(4th-rank-spell).md,worn_item,Wand of Continuation (4th-Level Spell); Wand of Continuation (8th-Level Spell); Wand of Continuation (7th-Level Spell),,Wand of Continuation (4th-Rank Spell),Pathfinder GM Core,,"magical, wand",11,,,,,Paizo,,1500,,L,,,,,,,,,,,,,,,,
Wand of Continuation (5th-Rank Spell),F:\Obsidian\PF2e-Core-Vault\3-Rules\Character Building\Equipment\W\wand-of-continuation-(5th-rank-spell).md,worn_item,Wand of Continuation (5th-Level Spell); Wand of Continuation (8th-Level Spell); Wand of Continuation (7th-Level Spell),,Wand of Continuation (5th-Rank Spell),Pathfinder GM Core,,"magical, wand",13,,,,,Paizo,,3000,,L,,,,,,,,,,,,,,,,
Wand of Continuation (6th-Rank Spell),F:\Obsidian\PF2e-Core-Vault\3-Rules\Character Building\Equipment\W\wand-of-continuation-(6th-rank-spell).md,worn_item,Wand of Continuation (6th-Level Spell); Wand of Continuation (8th-Level Spell); Wand of Continuation (7th-Level Spell),,Wand of Continuation (6th-Rank Spell),Pathfinder GM Core,,"magical, wand",15,,,,,Paizo,,6500,,L,,,,,,,,,,,,,,,,
Wand of Continuation (7th-Rank Spell),F:\Obsidian\PF2e-Core-Vault\3-Rules\Character Building\Equipment\W\wand-of-continuation-(7th-rank-spell).md,worn_item,Wand of Continuation (7th-Level Spell); Wand of Continuation (8th-Level Spell); Wand of Continuation (6th-Level Spell),,Wand of Continuation (7th-Rank Spell),Pathfinder GM Core,,"magical, wand",17,,,,,Paizo,,15000,,L,,,,,,,,,,,,,,,,
Wand of Continuation (8th-Rank Spell),F:\Obsidian\PF2e-Core-Vault\3-Rules\Character Building\Equipment\W\wand-of-continuation-(8th-rank-spell).md,worn_item,Wand of Continuation (8th-Level Spell); Wand of Continuation (7th-Level Spell); Wand of Continuation (6th-Level Spell),,Wand of Continuation (8th-Rank Spell),Pathfinder GM Core,,"magical, wand",19,,,,,Paizo,,40000,,L,,,,,,,,,,,,,,,,
Wand of Dazzling Rays (3rd-level),F:\Obsidian\PF2e-Core-Vault\3-Rules\Character Building\Equipment\W\wand-of-dazzling-rays-(3rd-level).md,worn_item,Wand of Dazzling Rays (3rd-Level Spell); Wand of Dazzling Rays (9th-Level Spell); Wand of Dazzling Rays (8th-Level Spell),,Wand of Dazzling Rays (3rd-level),Pathfinder Treasure Vault,,"fire, light, magical, wand",8,,,,,Paizo,,500,,L,,,,,,,,,,,,,,,,
Wand of Dazzling Rays (4th-level),F:\Obsidian\PF2e-Core-Vault\3-Rules\Character Building\Equipment\W\wand-of-dazzling-rays-(4th-level).md,worn_item,Wand of Dazzling Rays (4th-Level Spell); Wand of Dazzling Rays (9th-Level Spell); Wand of Dazzling Rays (8th-Level Spell),,Wand of Dazzling Rays (4th-level),Pathfinder Treasure Vault,,"fire, light, magical, wand",10,,,,,Paizo,,1000,,L,,,,,,,,,,,,,,,,
Wand of Dazzling Rays (5th-level),F:\Obsidian\PF2e-Core-Vault\3-Rules\Character Building\Equipment\W\wand-of-dazzling-rays-(5th-level).md,worn_item,Wand of Dazzling Rays (5th-Level Spell); Wand of Dazzling Rays (9th-Level Spell); Wand of Dazzling Rays (8th-Level Spell),,Wand of Dazzling Rays (5th-level),Pathfinder Treasure Vault,,"fire, light, magical, wand",12,,,,,Paizo,,2000,,L,,,,,,,,,,,,,,,,
Wand of Dazzling Rays (6th-level),F:\Obsidian\PF2e-Core-Vault\3-Rules\Character Building\Equipment\W\wand-of-dazzling-rays-(6th-level).md,worn_item,Wand of Dazzling Rays (6th-Level Spell); Wand of Dazzling Rays (9th-Level Spell); Wand of Dazzling Rays (8th-Level Spell),,Wand of Dazzling Rays (6th-level),Pathfinder Treasure Vault,,"fire, light, magical, wand",14,,,,,Paizo,,4500,,L,,,,,,,,,,,,,,,,
Wand of Dazzling Rays (7th-level),F:\Obsidian\PF2e-Core-Vault\3-Rules\Character Building\Equipment\W\wand-of-dazzling-rays-(7th-level).md,worn_item,Wand of Dazzling Rays (7th-Level Spell); Wand of Dazzling Rays (9th-Level Spell); Wand of Dazzling Rays (8th-Level Spell),,Wand of Dazzling Rays (7th-level),Pathfinder Treasure Vault,,"fire, light, magical, wand",16,,,,,Paizo,,10000,,L,,,,,,,,,,,,,,,,
Wand of Dazzling Rays (8th-level),F:\Obsidian\PF2e-Core-Vault\3-Rules\Character Building\Equipment\W\wand-of-dazzling-rays-(8th-level).md,worn_item,Wand of Dazzling Rays (8th-Level Spell); Wand of Dazzling Rays (9th-Level Spell); Wand of Dazzling Rays (7th-Level Spell),,Wand of Dazzling Rays (8th-level),Pathfinder Treasure Vault,,"fire, light, magical, wand",18,,,,,Paizo,,24000,,L,,,,,,,,,,,,,,,,
Wand of Dazzling Rays (9th-level),F:\Obsidian\PF2e-Core-Vault\3-Rules\Character Building\Equipment\W\wand-of-dazzling-rays-(9th-level).md,worn_item,Wand of Dazzling Rays (9th-Level Spell); Wand of Dazzling Rays (8th-Level Spell); Wand of Dazzling Rays (7th-Level Spell),,Wand of Dazzling Rays (9th-level),Pathfinder Treasure Vault,,"fire, light, magical, wand",20,,,,,Paizo,,70000,,L,,,,,,,,,,,,,,,,
Wand of Dumbfounding Doom (3rd-level),F:\Obsidian\PF2e-Core-Vault\3-Rules\Character Building\Equipment\W\wand-of-dumbfounding-doom-(3rd-level).md,worn_item,Wand of Dumbfounding Doom (3rd-Level Spell); Wand of Dumbfounding Doom (9th-Level Spell); Wand of Dumbfounding Doom (8th-Level Spell),,Wand of Dumbfounding Doom (3rd-level),Pathfinder Treasure Vault,,"emotion, fear, incapacitation, magical, mental, prediction, wand",8,,,,,Paizo,,500,,L,,,,,,,,,,,,,,,,
Wand of Dumbfounding Doom (4th-level),F:\Obsidian\PF2e-Core-Vault\3-Rules\Character Building\Equipment\W\wand-of-dumbfounding-doom-(4th-level).md,worn_item,Wand of Dumbfounding Doom (4th-Level Spell); Wand of Dumbfounding Doom (9th-Level Spell); Wand of Dumbfounding Doom (8th-Level Spell),,Wand of Dumbfounding Doom (4th-level),Pathfinder Treasure Vault,,"emotion, fear, incapacitation, magical, mental, prediction, wand",10,,,,,Paizo,,1000,,L,,,,,,,,,,,,,,,,
Wand of Dumbfounding Doom (5th-level),F:\Obsidian\PF2e-Core-Vault\3-Rules\Character Building\Equipment\W\wand-of-dumbfounding-doom-(5th-level).md,worn_item,Wand of Dumbfounding Doom (5th-Level Spell); Wand of Dumbfounding Doom (9th-Level Spell); Wand of Dumbfounding Doom (8th-Level Spell),,Wand of Dumbfounding Doom (5th-level),Pathfinder Treasure Vault,,"emotion, fear, incapacitation, magical, mental, prediction, wand",12,,,,,Paizo,,2000,,L,,,,,,,,,,,,,,,,
Wand of Dumbfounding Doom (6th-level),F:\Obsidian\PF2e-Core-Vault\3-Rules\Character Building\Equipment\W\wand-of-dumbfounding-doom-(6th-level).md,worn_item,Wand of Dumbfounding Doom (6th-Level Spell); Wand of Dumbfounding Doom (9th-Level Spell); Wand of Dumbfounding Doom (8th-Level Spell),,Wand of Dumbfounding Doom (6th-level),Pathfinder Treasure Vault,,"emotion, fear, incapacitation, magical, mental, prediction, wand",14,,,,,Paizo,,4500,,L,,,,,,,,,,,,,,,,
Wand of Dumbfounding Doom (7th-level),F:\Obsidian\PF2e-Core-Vault\3-Rules\Character Building\Equipment\W\wand-of-dumbfounding-doom-(7th-level).md,worn_item,Wand of Dumbfounding Doom (7th-Level Spell); Wand of Dumbfounding Doom (9th-Level Spell); Wand of Dumbfounding Doom (8th-Level Spell),,Wand of Dumbfounding Doom (7th-level),Pathfinder Treasure Vault,,"emotion, fear, incapacitation, magical, mental, prediction, wand",16,,,,,Paizo,,10000,,L,,,,,,,,,,,,,,,,
Wand of Dumbfounding Doom (8th-level),F:\Obsidian\PF2e-Core-Vault\3-Rules\Character Building\Equipment\W\wand-of-dumbfounding-doom-(8th-level).md,worn_item,Wand of Dumbfounding Doom (8th-Level Spell); Wand of Dumbfounding Doom (9th-Level Spell); Wand of Dumbfounding Doom (7th-Level Spell),,Wand of Dumbfounding Doom (8th-level),Pathfinder Treasure Vault,,"emotion, fear, incapacitation, magical, mental, prediction, wand",18,,,,,Paizo,,24000,,L,,,,,,,,,,,,,,,,
Wand of Dumbfounding Doom (9th-level),F:\Obsidian\PF2e-Core-Vault\3-Rules\Character Building\Equipment\W\wand-of-dumbfounding-doom-(9th-level).md,worn_item,Wand of Dumbfounding Doom (9th-Level Spell); Wand of Dumbfounding Doom (8th-Level Spell); Wand of Dumbfounding Doom (7th-Level Spell),,Wand of Dumbfounding Doom (9th-level),Pathfinder Treasure Vault,,"emotion, fear, incapacitation, magical, mental, prediction, wand",20,,,,,Paizo,,70000,,L,,,,,,,,,,,,,,,,
Wand of Hawthorn (2nd-level),F:\Obsidian\PF2e-Core-Vault\3-Rules\Character Building\Equipment\W\wand-of-hawthorn-(2nd-level).md,worn_item,Wand of Hawthorn (2nd-Level Spell); Wand of Hawthorn (8th-Level Spell); Wand of Hawthorn (6th-Level Spell),,Wand of Hawthorn (2nd-level),Pathfinder Treasure Vault,,"magical, wand",6,,,,,Paizo,,250,,L,,,,,,,,,,,,,,,,
Wand of Hawthorn (4th-level),F:\Obsidian\PF2e-Core-Vault\3-Rules\Character Building\Equipment\W\wand-of-hawthorn-(4th-level).md,worn_item,Wand of Hawthorn (4th-Level Spell); Wand of Hawthorn (8th-Level Spell); Wand of Hawthorn (6th-Level Spell),,Wand of Hawthorn (4th-level),Pathfinder Treasure Vault,,"magical, wand",10,,,,,Paizo,,1000,,L,,,,,,,,,,,,,,,,
Wand of Hawthorn (6th-level),F:\Obsidian\PF2e-Core-Vault\3-Rules\Character Building\Equipment\W\wand-of-hawthorn-(6th-level).md,worn_item,Wand of Hawthorn (6th-Level Spell); Wand of Hawthorn (8th-Level Spell); Wand of Hawthorn (4th-Level Spell),,Wand of Hawthorn (6th-level),Pathfinder Treasure Vault,,"magical, wand",14,,,,,Paizo,,4500,,L,,,,,,,,,,,,,,,,
Wand of Hawthorn (8th-level),F:\Obsidian\PF2e-Core-Vault\3-Rules\Character Building\Equipment\W\wand-of-hawthorn-(8th-level).md,worn_item,Wand of Hawthorn (8th-Level Spell); Wand of Hawthorn (6th-Level Spell); Wand of Hawthorn (4th-Level Spell),,Wand of Hawthorn (8th-level),Pathfinder Treasure Vault,,"magical, wand",18,,,,,Paizo,,24000,,L,,,,,,,,,,,,,,,,
Wand of Hybrid Form (2nd-level),F:\Obsidian\PF2e-Core-Vault\3-Rules\Character Building\Equipment\W\wand-of-hybrid-form-(2nd-level).md,worn_item,Wand of Hybrid Form (2nd-Level Spell); Wand of Hybrid Form (3rd-Level Spell); Wand of Hybrid Form (9th-Level Spell),,Wand of Hybrid Form (2nd-level),Pathfinder Treasure Vault,Uncommon,"magical, polymorph, wand",6,,,,,Paizo,,200,,L,,,,,,,,,,,,,,,,
Wand of Hybrid Form (3rd-level),F:\Obsidian\PF2e-Core-Vault\3-Rules\Character Building\Equipment\W\wand-of-hybrid-form-(3rd-level).md,worn_item,Wand of Hybrid Form (3rd-Level Spell); Wand of Hybrid Form (2nd-Level Spell); Wand of Hybrid Form (9th-Level Spell),,Wand of Hybrid Form (3rd-level),Pathfinder Treasure Vault,Uncommon,"magical, polymorph, wand",8,,,,,Paizo,,450,,L,,,,,,,,,,,,,,,,
Wand of Hybrid Form (4th-level),F:\Obsidian\PF2e-Core-Vault\3-Rules\Character Building\Equipment\W\wand-of-hybrid-form-(4th-level).md,worn_item,Wand of Hybrid Form (4th-Level Spell); Wand of Hybrid Form (9th-Level Spell); Wand of Hybrid Form (8th-Level Spell),,Wand of Hybrid Form (4th-level),Pathfinder Treasure Vault,Uncommon,"magical, polymorph, wand",10,,,,,Paizo,,850,,L,,,,,,,,,,,,,,,,
Wand of Hybrid Form (5th-level),F:\Obsidian\PF2e-Core-Vault\3-Rules\Character Building\Equipment\W\wand-of-hybrid-form-(5th-level).md,worn_item,Wand of Hybrid Form (5th-Level Spell); Wand of Hybrid Form (9th-Level Spell); Wand of Hybrid Form (8th-Level Spell),,Wand of Hybrid Form (5th-level),Pathfinder Treasure Vault,Uncommon,"magical, polymorph, wand",12,,,,,Paizo,,1750,,L,,,,,,,,,,,,,,,,
Wand of Hybrid Form (6th-level),F:\Obsidian\PF2e-Core-Vault\3-Rules\Character Building\Equipment\W\wand-of-hybrid-form-(6th-level).md,worn_item,Wand of Hybrid Form (6th-Level Spell); Wand of Hybrid Form (9th-Level Spell); Wand of Hybrid Form (8th-Level Spell),,Wand of Hybrid Form (6th-level),Pathfinder Treasure Vault,Uncommon,"magical, polymorph, wand",14,,,,,Paizo,,3750,,L,,,,,,,,,,,,,,,,
Wand of Hybrid Form (7th-level),F:\Obsidian\PF2e-Core-Vault\3-Rules\Character Building\Equipment\W\wand-of-hybrid-form-(7th-level).md,worn_item,Wand of Hybrid Form (7th-Level Spell); Wand of Hybrid Form (9th-Level Spell); Wand of Hybrid Form (8th-Level Spell),,Wand of Hybrid Form (7th-level),Pathfinder Treasure Vault,Uncommon,"magical, polymorph, wand",16,,,,,Paizo,,8000,,L,,,,,,,,,,,,,,,,
Wand of Hybrid Form (8th-level),F:\Obsidian\PF2e-Core-Vault\3-Rules\Character Building\Equipment\W\wand-of-hybrid-form-(8th-level).md,worn_item,Wand of Hybrid Form (8th-Level Spell); Wand of Hybrid Form (9th-Level Spell); Wand of Hybrid Form (7th-Level Spell),,Wand of Hybrid Form (8th-level),Pathfinder Treasure Vault,Uncommon,"magical, polymorph, wand",18,,,,,Paizo,,19000,,L,,,,,,,,,,,,,,,,
Wand of Hybrid Form (9th-level),F:\Obsidian\PF2e-Core-Vault\3-Rules\Character Building\Equipment\W\wand-of-hybrid-form-(9th-level).md,worn_item,Wand of Hybrid Form (9th-Level Spell); Wand of Hybrid Form (8th-Level Spell); Wand of Hybrid Form (7th-Level Spell),,Wand of Hybrid Form (9th-level),Pathfinder Treasure Vault,Uncommon,"magical, polymorph, wand",20,,,,,Paizo,,55000,,L,,,,,,,,,,,,,,,,
Wand of Legerdemain (1st-level),F:\Obsidian\PF2e-Core-Vault\3-Rules\Character Building\Equipment\W\wand-of-legerdemain-(1st-level).md,worn_item,Wand of Legerdemain (1st-Level Spell); Wand of Legerdemain (9th-Level Spell); Wand of Legerdemain (8th-Level Spell),,Wand of Legerdemain (1st-level),Pathfinder Treasure Vault,,"magical, wand",4,,,,,Paizo,,100,,L,,,,,,,,,,,,,,,,
Wand of Legerdemain (2nd-level),F:\Obsidian\PF2e-Core-Vault\3-Rules\Character Building\Equipment\W\wand-of-legerdemain-(2nd-level).md,worn_item,Wand of Legerdemain (2nd-Level Spell); Wand of Legerdemain (3rd-Level Spell); Wand of Legerdemain (9th-Level Spell),,Wand of Legerdemain (2nd-level),Pathfinder Treasure Vault,,"magical, wand",6,,,,,Paizo,,250,,L,,,,,,,,,,,,,,,,
Wand of Legerdemain (3rd-level),F:\Obsidian\PF2e-Core-Vault\3-Rules\Character Building\Equipment\W\wand-of-legerdemain-(3rd-level).md,worn_item,Wand of Legerdemain (3rd-Level Spell); Wand of Legerdemain (2nd-Level Spell); Wand of Legerdemain (9th-Level Spell),,Wand of Legerdemain (3rd-level),Pathfinder Treasure Vault,,"magical, wand",8,,,,,Paizo,,500,,L,,,,,,,,,,,,,,,,
Wand of Legerdemain (4th-level),F:\Obsidian\PF2e-Core-Vault\3-Rules\Character Building\Equipment\W\wand-of-legerdemain-(4th-level).md,worn_item,Wand of Legerdemain (4th-Level Spell); Wand of Legerdemain (9th-Level Spell); Wand of Legerdemain (8th-Level Spell),,Wand of Legerdemain (4th-level),Pathfinder Treasure Vault,,"magical, wand",10,,,,,Paizo,,1000,,L,,,,,,,,,,,,,,,,
Wand of Legerdemain (5th-level),F:\Obsidian\PF2e-Core-Vault\3-Rules\Character Building\Equipment\W\wand-of-legerdemain-(5th-level).md,worn_item,Wand of Legerdemain (5th-Level Spell); Wand of Legerdemain (9th-Level Spell); Wand of Legerdemain (8th-Level Spell),,Wand of Legerdemain (5th-level),Pathfinder Treasure Vault,,"magical, wand",12,,,,,Paizo,,2000,,L,,,,,,,,,,,,,,,,
Wand of Legerdemain (6th-level),F:\Obsidian\PF2e-Core-Vault\3-Rules\Character Building\Equipment\W\wand-of-legerdemain-(6th-level).md,worn_item,Wand of Legerdemain (6th-Level Spell); Wand of Legerdemain (9th-Level Spell); Wand of Legerdemain (8th-Level Spell),,Wand of Legerdemain (6th-level),Pathfinder Treasure Vault,,"magical, wand",14,,,,,Paizo,,4500,,L,,,,,,,,,,,,,,,,
Wand of Legerdemain (7th-level),F:\Obsidian\PF2e-Core-Vault\3-Rules\Character Building\Equipment\W\wand-of-legerdemain-(7th-level).md,worn_item,Wand of Legerdemain (7th-Level Spell); Wand of Legerdemain (9th-Level Spell); Wand of Legerdemain (8th-Level Spell),,Wand of Legerdemain (7th-level),Pathfinder Treasure Vault,,"magical, wand",16,,,,,Paizo,,10000,,L,,,,,,,,,,,,,,,,
Wand of Legerdemain (8th-level),F:\Obsidian\PF2e-Core-Vault\3-Rules\Character Building\Equipment\W\wand-of-legerdemain-(8th-level).md,worn_item,Wand of Legerdemain (8th-Level Spell); Wand of Legerdemain (9th-Level Spell); Wand of Legerdemain (7th-Level Spell),,Wand of Legerdemain (8th-level),Pathfinder Treasure Vault,,"magical, wand",18,,,,,Paizo,,24000,,L,,,,,,,,,,,,,,,,
Wand of Legerdemain (9th-level),F:\Obsidian\PF2e-Core-Vault\3-Rules\Character Building\Equipment\W\wand-of-legerdemain-(9th-level).md,worn_item,Wand of Legerdemain (9th-Level Spell); Wand of Legerdemain (8th-Level Spell); Wand of Legerdemain (7th-Level Spell),,Wand of Legerdemain (9th-level),Pathfinder Treasure Vault,,"magical, wand",20,,,,,Paizo,,70000,,L,,,,,,,,,,,,,,,,
Wand of Mental Purification (1st-level),F:\Obsidian\PF2e-Core-Vault\3-Rules\Character Building\Equipment\W\wand-of-mental-purification-(1st-level).md,worn_item,Wand of Mental Purification (1st-Level Spell); Wand of Mental Purification (9th-Level Spell); Wand of Mental Purification (8th-Level Spell),,Wand of Mental Purification (1st-level),Pathfinder Treasure Vault,,"emotion, healing, magical, mental, wand",4,,,,,Paizo,,110,,L,,,,,,,,,,,,,,,,
Wand of Mental Purification (2nd-level),F:\Obsidian\PF2e-Core-Vault\3-Rules\Character Building\Equipment\W\wand-of-mental-purification-(2nd-level).md,worn_item,Wand of Mental Purification (2nd-Level Spell); Wand of Mental Purification (3rd-Level Spell); Wand of Mental Purification (9th-Level Spell),,Wand of Mental Purification (2nd-level),Pathfinder Treasure Vault,,"emotion, healing, magical, mental, wand",6,,,,,Paizo,,250,,L,,,,,,,,,,,,,,,,
Wand of Mental Purification (3rd-level),F:\Obsidian\PF2e-Core-Vault\3-Rules\Character Building\Equipment\W\wand-of-mental-purification-(3rd-level).md,worn_item,Wand of Mental Purification (3rd-Level Spell); Wand of Mental Purification (2nd-Level Spell); Wand of Mental Purification (9th-Level Spell),,Wand of Mental Purification (3rd-level),Pathfinder Treasure Vault,,"emotion, healing, magical, mental, wand",8,,,,,Paizo,,500,,L,,,,,,,,,,,,,,,,
Wand of Mental Purification (4th-level),F:\Obsidian\PF2e-Core-Vault\3-Rules\Character Building\Equipment\W\wand-of-mental-purification-(4th-level).md,worn_item,Wand of Mental Purification (4th-Level Spell); Wand of Mental Purification (9th-Level Spell); Wand of Mental Purification (8th-Level Spell),,Wand of Mental Purification (4th-level),Pathfinder Treasure Vault,,"emotion, healing, magical, mental, wand",10,,,,,Paizo,,1400,,L,,,,,,,,,,,,,,,,
Wand of Mental Purification (5th-level),F:\Obsidian\PF2e-Core-Vault\3-Rules\Character Building\Equipment\W\wand-of-mental-purification-(5th-level).md,worn_item,Wand of Mental Purification (5th-Level Spell); Wand of Mental Purification (9th-Level Spell); Wand of Mental Purification (8th-Level Spell),,Wand of Mental Purification (5th-level),Pathfinder Treasure Vault,,"emotion, healing, magical, mental, wand",12,,,,,Paizo,,3000,,L,,,,,,,,,,,,,,,,
Wand of Mental Purification (6th-level),F:\Obsidian\PF2e-Core-Vault\3-Rules\Character Building\Equipment\W\wand-of-mental-purification-(6th-level).md,worn_item,Wand of Mental Purification (6th-Level Spell); Wand of Mental Purification (9th-Level Spell); Wand of Mental Purification (8th-Level Spell),,Wand of Mental Purification (6th-level),Pathfinder Treasure Vault,,"emotion, healing, magical, mental, wand",14,,,,,Paizo,,4500,,L,,,,,,,,,,,,,,,,
Wand of Mental Purification (7th-level),F:\Obsidian\PF2e-Core-Vault\3-Rules\Character Building\Equipment\W\wand-of-mental-purification-(7th-level).md,worn_item,Wand of Mental Purification (7th-Level Spell); Wand of Mental Purification (9th-Level Spell); Wand of Mental Purification (8th-Level Spell),,Wand of Mental Purification (7th-level),Pathfinder Treasure Vault,,"emotion, healing, magical, mental, wand",16,,,,,Paizo,,10000,,L,,,,,,,,,,,,,,,,
Wand of Mental Purification (8th-level),F:\Obsidian\PF2e-Core-Vault\3-Rules\Character Building\Equipment\W\wand-of-mental-purification-(8th-level).md,worn_item,Wand of Mental Purification (8th-Level Spell); Wand of Mental Purification (9th-Level Spell); Wand of Mental Purification (7th-Level Spell),,Wand of Mental Purification (8th-level),Pathfinder Treasure Vault,,"emotion, healing, magical, mental, wand",18,,,,,Paizo,,24000,,L,,,,,,,,,,,,,,,,
Wand of Mental Purification (9th-level),F:\Obsidian\PF2e-Core-Vault\3-Rules\Character Building\Equipment\W\wand-of-mental-purification-(9th-level).md,worn_item,Wand of Mental Purification (9th-Level Spell); Wand of Mental Purification (8th-Level Spell); Wand of Mental Purification (7th-Level Spell),,Wand of Mental Purification (9th-level),Pathfinder Treasure Vault,,"emotion, healing, magical, mental, wand",20,,,,,Paizo,,70000,,L,,,,,,,,,,,,,,,,
Wand of Mercy (1st-level),F:\Obsidian\PF2e-Core-Vault\3-Rules\Character Building\Equipment\W\wand-of-mercy-(1st-level).md,worn_item,Wand of Mercy (1st-Level Spell); Wand of Mercy (9th-Level Spell); Wand of Mercy (8th-Level Spell),,Wand of Mercy (1st-level),Pathfinder Treasure Vault,,"magical, wand",4,,,,,Paizo,,75,,L,,,,,,,,,,,,,,,,
Wand of Mercy (2nd-level),F:\Obsidian\PF2e-Core-Vault\3-Rules\Character Building\Equipment\W\wand-of-mercy-(2nd-level).md,worn_item,Wand of Mercy (2nd-Level Spell); Wand of Mercy (3rd-Level Spell); Wand of Mercy (9th-Level Spell),,Wand of Mercy (2nd-level),Pathfinder Treasure Vault,,"magical, wand",6,,,,,Paizo,,200,,L,,,,,,,,,,,,,,,,
Wand of Mercy (3rd-level),F:\Obsidian\PF2e-Core-Vault\3-Rules\Character Building\Equipment\W\wand-of-mercy-(3rd-level).md,worn_item,Wand of Mercy (3rd-Level Spell); Wand of Mercy (2nd-Level Spell); Wand of Mercy (9th-Level Spell),,Wand of Mercy (3rd-level),Pathfinder Treasure Vault,,"magical, wand",8,,,,,Paizo,,425,,L,,,,,,,,,,,,,,,,
Wand of Mercy (4th-level),F:\Obsidian\PF2e-Core-Vault\3-Rules\Character Building\Equipment\W\wand-of-mercy-(4th-level).md,worn_item,Wand of Mercy (4th-Level Spell); Wand of Mercy (9th-Level Spell); Wand of Mercy (8th-Level Spell),,Wand of Mercy (4th-level),Pathfinder Treasure Vault,,"magical, wand",10,,,,,Paizo,,850,,L,,,,,,,,,,,,,,,,
Wand of Mercy (5th-level),F:\Obsidian\PF2e-Core-Vault\3-Rules\Character Building\Equipment\W\wand-of-mercy-(5th-level).md,worn_item,Wand of Mercy (5th-Level Spell); Wand of Mercy (9th-Level Spell); Wand of Mercy (8th-Level Spell),,Wand of Mercy (5th-level),Pathfinder Treasure Vault,,"magical, wand",12,,,,,Paizo,,1650,,L,,,,,,,,,,,,,,,,
Wand of Mercy (6th-level),F:\Obsidian\PF2e-Core-Vault\3-Rules\Character Building\Equipment\W\wand-of-mercy-(6th-level).md,worn_item,Wand of Mercy (6th-Level Spell); Wand of Mercy (9th-Level Spell); Wand of Mercy (8th-Level Spell),,Wand of Mercy (6th-level),Pathfinder Treasure Vault,,"magical, wand",14,,,,,Paizo,,3600,,L,,,,,,,,,,,,,,,,
Wand of Mercy (7th-level),F:\Obsidian\PF2e-Core-Vault\3-Rules\Character Building\Equipment\W\wand-of-mercy-(7th-level).md,worn_item,Wand of Mercy (7th-Level Spell); Wand of Mercy (9th-Level Spell); Wand of Mercy (8th-Level Spell),,Wand of Mercy (7th-level),Pathfinder Treasure Vault,,"magical, wand",16,,,,,Paizo,,7900,,L,,,,,,,,,,,,,,,,
Wand of Mercy (8th-level),F:\Obsidian\PF2e-Core-Vault\3-Rules\Character Building\Equipment\W\wand-of-mercy-(8th-level).md,worn_item,Wand of Mercy (8th-Level Spell); Wand of Mercy (9th-Level Spell); Wand of Mercy (7th-Level Spell),,Wand of Mercy (8th-level),Pathfinder Treasure Vault,,"magical, wand",18,,,,,Paizo,,19000,,L,,,,,,,,,,,,,,,,
Wand of Mercy (9th-level),F:\Obsidian\PF2e-Core-Vault\3-Rules\Character Building\Equipment\W\wand-of-mercy-(9th-level).md,worn_item,Wand of Mercy (9th-Level Spell); Wand of Mercy (8th-Level Spell); Wand of Mercy (7th-Level Spell),,Wand of Mercy (9th-level),Pathfinder Treasure Vault,,"magical, wand",20,,,,,Paizo,,52000,,L,,,,,,,,,,,,,,,,
Wand of Noisome Acid (2nd-Rank Spell),F:\Obsidian\PF2e-Core-Vault\3-Rules\Character Building\Equipment\W\wand-of-noisome-acid-(2nd-rank-spell).md,worn_item,Wand of Noisome Acid (2nd-Level Spell); Wand of the Spider (2nd-Rank Spell); Wand of Noisome Acid (8th-Level Spell),,Wand of Noisome Acid (2nd-Rank Spell),Pathfinder Treasure Vault,Uncommon,"acid, magical, wand",6,,,,,Paizo,,250,,L,,,,,,,,,,,,,,,,
Wand of Noisome Acid (4nd-Rank Spell),F:\Obsidian\PF2e-Core-Vault\3-Rules\Character Building\Equipment\W\wand-of-noisome-acid-(4nd-rank-spell).md,worn_item,Wand of Noisome Acid (2nd-Level Spell); Wand of Noisome Acid (4th-Level Spell); Wand of Noisome Acid (8th-Level Spell),,Wand of Noisome Acid (4nd-Rank Spell),Pathfinder Treasure Vault,Uncommon,"acid, magical, wand",10,,,,,Paizo,,1000,,L,,,,,,,,,,,,,,,,
Wand of Noisome Acid (6th-Rank Spell),F:\Obsidian\PF2e-Core-Vault\3-Rules\Character Building\Equipment\W\wand-of-noisome-acid-(6th-rank-spell).md,worn_item,Wand of Noisome Acid (6th-Level Spell); Wand of Noisome Acid (8th-Level Spell); Wand of Noisome Acid (4th-Level Spell),,Wand of Noisome Acid (6th-Rank Spell),Pathfinder Treasure Vault,Uncommon,"acid, magical, wand",14,,,,,Paizo,,4500,,L,,,,,,,,,,,,,,,,
Wand of Noisome Acid (8th-Rank Spell),F:\Obsidian\PF2e-Core-Vault\3-Rules\Character Building\Equipment\W\wand-of-noisome-acid-(8th-rank-spell).md,worn_item,Wand of Noisome Acid (8th-Level Spell); Wand of Noisome Acid (6th-Level Spell); Wand of Noisome Acid (4th-Level Spell),,Wand of Noisome Acid (8th-Rank Spell),Pathfinder Treasure Vault,Uncommon,"acid, magical, wand",18,,,,,Paizo,,24000,,L,,,,,,,,,,,,,,,,
Wand of Paralytic Shock (3rd-level),F:\Obsidian\PF2e-Core-Vault\3-Rules\Character Building\Equipment\W\wand-of-paralytic-shock-(3rd-level).md,worn_item,Wand of Paralytic Shock (3rd-Level Spell); Wand of Paralytic Shock (7th-Level Spell),,Wand of Paralytic Shock (3rd-level),Pathfinder Treasure Vault,,"electricity, magical, mental, wand",8,,,,,Paizo,,500,,L,,,,,,,,,,,,,,,,
Wand of Paralytic Shock (7th-level),F:\Obsidian\PF2e-Core-Vault\3-Rules\Character Building\Equipment\W\wand-of-paralytic-shock-(7th-level).md,worn_item,Wand of Paralytic Shock (7th-Level Spell); Wand of Paralytic Shock (3rd-Level Spell),,Wand of Paralytic Shock (7th-level),Pathfinder Treasure Vault,,"electricity, magical, mental, wand",16,,,,,Paizo,,10000,,L,,,,,,,,,,,,,,,,
Wand of Pernicious Poison (Purple Worm Sting),F:\Obsidian\PF2e-Core-Vault\3-Rules\Character Building\Equipment\W\wand-of-pernicious-poison-(purple-worm-sting).md,worn_item,,,Wand of Pernicious Poison (Purple Worm Sting),Pathfinder Treasure Vault,,"magical, poison, wand",14,,,,,Paizo,,4500,,L,,,,,,,,,,,,,,,,
Wand of Pernicious Poison (Spider Sting),F:\Obsidian\PF2e-Core-Vault\3-Rules\Character Building\Equipment\W\wand-of-pernicious-poison-(spider-sting).md,worn_item,Wand of Pernicious Poison (6th-Level Spell),,Wand of Pernicious Poison (Spider Sting),Pathfinder Treasure Vault,,"magical, poison, wand",4,,,,,Paizo,,100,,L,,,,,,,,,,,,,,,,
Wand of Reaching (1st-level),F:\Obsidian\PF2e-Core-Vault\3-Rules\Character Building\Equipment\W\wand-of-reaching-(1st-level).md,worn_item,Wand of Reaching (1st-Level Spell); Wand of Reaching (9th-Level Spell); Wand of Reaching (8th-Level Spell),,Wand of Reaching (1st-level),Pathfinder Treasure Vault,,"magical, wand",4,,,,,Paizo,,100,,L,,,,,,,,,,,,,,,,
Wand of Reaching (2nd-level),F:\Obsidian\PF2e-Core-Vault\3-Rules\Character Building\Equipment\W\wand-of-reaching-(2nd-level).md,worn_item,Wand of Reaching (2nd-Level Spell); Wand of Reaching (3rd-Level Spell); Wand of Reaching (9th-Level Spell),,Wand of Reaching (2nd-level),Pathfinder Treasure Vault,,"magical, wand",6,,,,,Paizo,,250,,L,,,,,,,,,,,,,,,,
Wand of Reaching (3rd-level),F:\Obsidian\PF2e-Core-Vault\3-Rules\Character Building\Equipment\W\wand-of-reaching-(3rd-level).md,worn_item,Wand of Reaching (3rd-Level Spell); Wand of Reaching (2nd-Level Spell); Wand of Reaching (9th-Level Spell),,Wand of Reaching (3rd-level),Pathfinder Treasure Vault,,"magical, wand",8,,,,,Paizo,,500,,L,,,,,,,,,,,,,,,,
Wand of Reaching (4th-level),F:\Obsidian\PF2e-Core-Vault\3-Rules\Character Building\Equipment\W\wand-of-reaching-(4th-level).md,worn_item,Wand of Reaching (4th-Level Spell); Wand of Reaching (9th-Level Spell); Wand of Reaching (8th-Level Spell),,Wand of Reaching (4th-level),Pathfinder Treasure Vault,,"magical, wand",10,,,,,Paizo,,1000,,L,,,,,,,,,,,,,,,,
Wand of Reaching (5th-level),F:\Obsidian\PF2e-Core-Vault\3-Rules\Character Building\Equipment\W\wand-of-reaching-(5th-level).md,worn_item,Wand of Reaching (5th-Level Spell); Wand of Reaching (9th-Level Spell); Wand of Reaching (8th-Level Spell),,Wand of Reaching (5th-level),Pathfinder Treasure Vault,,"magical, wand",12,,,,,Paizo,,2000,,L,,,,,,,,,,,,,,,,
Wand of Reaching (6th-level),F:\Obsidian\PF2e-Core-Vault\3-Rules\Character Building\Equipment\W\wand-of-reaching-(6th-level).md,worn_item,Wand of Reaching (6th-Level Spell); Wand of Reaching (9th-Level Spell); Wand of Reaching (8th-Level Spell),,Wand of Reaching (6th-level),Pathfinder Treasure Vault,,"magical, wand",14,,,,,Paizo,,4500,,L,,,,,,,,,,,,,,,,
Wand of Reaching (7th-level),F:\Obsidian\PF2e-Core-Vault\3-Rules\Character Building\Equipment\W\wand-of-reaching-(7th-level).md,worn_item,Wand of Reaching (7th-Level Spell); Wand of Reaching (9th-Level Spell); Wand of Reaching (8th-Level Spell),,Wand of Reaching (7th-level),Pathfinder Treasure Vault,,"magical, wand",16,,,,,Paizo,,10000,,L,,,,,,,,,,,,,,,,
Wand of Reaching (8th-level),F:\Obsidian\PF2e-Core-Vault\3-Rules\Character Building\Equipment\W\wand-of-reaching-(8th-level).md,worn_item,Wand of Reaching (8th-Level Spell); Wand of Reaching (9th-Level Spell); Wand of Reaching (7th-Level Spell),,Wand of Reaching (8th-level),Pathfinder Treasure Vault,,"magical, wand",18,,,,,Paizo,,24000,,L,,,,,,,,,,,,,,,,
Wand of Reaching (9th-level),F:\Obsidian\PF2e-Core-Vault\3-Rules\Character Building\Equipment\W\wand-of-reaching-(9th-level).md,worn_item,Wand of Reaching (9th-Level Spell); Wand of Reaching (8th-Level Spell); Wand of Reaching (7th-Level Spell),,Wand of Reaching (9th-level),Pathfinder Treasure Vault,,"magical, wand",20,,,,,Paizo,,70000,,L,,,,,,,,,,,,,,,,
Wand of Refracting Rays (4th-level),F:\Obsidian\PF2e-Core-Vault\3-Rules\Character Building\Equipment\W\wand-of-refracting-rays-(4th-level).md,worn_item,Wand of Refracting Rays (4th-Level Spell); Wand of Refracting Rays (6th-Level Spell); Wand of Reaching (4th-Level Spell),,Wand of Refracting Rays (4th-level),Pathfinder Treasure Vault,Uncommon,"light, magical, wand",11,,,,,Paizo,,1400,,L,,,,,,,,,,,,,,,,
Wand of Refracting Rays (7th-level),F:\Obsidian\PF2e-Core-Vault\3-Rules\Character Building\Equipment\W\wand-of-refracting-rays-(7th-level).md,worn_item,Wand of Refracting Rays (6th-Level Spell); Wand of Refracting Rays (4th-Level Spell); Wand of Reaching (7th-Level Spell),,Wand of Refracting Rays (7th-level),Pathfinder Treasure Vault,Uncommon,"light, magical, wand",15,,,,,Paizo,,6500,,L,,,,,,,,,,,,,,,,
Wand of Rolling Flames (2nd-level),F:\Obsidian\PF2e-Core-Vault\3-Rules\Character Building\Equipment\W\wand-of-rolling-flames-(2nd-level).md,worn_item,Wand of Rolling Flames (2nd-Level Spell); Wand of Rolling Flames (3rd-Level Spell); Wand of Rolling Flames (9th-Level Spell),,Wand of Rolling Flames (2nd-level),Pathfinder Treasure Vault,,"fire, magical, wand",6,,,,,Paizo,,250,,L,,,,,,,,,,,,,,,,
Wand of Rolling Flames (3rd-level),F:\Obsidian\PF2e-Core-Vault\3-Rules\Character Building\Equipment\W\wand-of-rolling-flames-(3rd-level).md,worn_item,Wand of Rolling Flames (3rd-Level Spell); Wand of Rolling Flames (2nd-Level Spell); Wand of Rolling Flames (9th-Level Spell),,Wand of Rolling Flames (3rd-level),Pathfinder Treasure Vault,,"fire, magical, wand",8,,,,,Paizo,,500,,L,,,,,,,,,,,,,,,,
Wand of Rolling Flames (4th-level),F:\Obsidian\PF2e-Core-Vault\3-Rules\Character Building\Equipment\W\wand-of-rolling-flames-(4th-level).md,worn_item,Wand of Rolling Flames (4th-Level Spell); Wand of Rolling Flames (9th-Level Spell); Wand of Rolling Flames (8th-Level Spell),,Wand of Rolling Flames (4th-level),Pathfinder Treasure Vault,,"fire, magical, wand",10,,,,,Paizo,,1000,,L,,,,,,,,,,,,,,,,
Wand of Rolling Flames (5th-level),F:\Obsidian\PF2e-Core-Vault\3-Rules\Character Building\Equipment\W\wand-of-rolling-flames-(5th-level).md,worn_item,Wand of Rolling Flames (5th-Level Spell); Wand of Rolling Flames (9th-Level Spell); Wand of Rolling Flames (8th-Level Spell),,Wand of Rolling Flames (5th-level),Pathfinder Treasure Vault,,"fire, magical, wand",12,,,,,Paizo,,2000,,L,,,,,,,,,,,,,,,,
Wand of Rolling Flames (6th-level),F:\Obsidian\PF2e-Core-Vault\3-Rules\Character Building\Equipment\W\wand-of-rolling-flames-(6th-level).md,worn_item,Wand of Rolling Flames (6th-Level Spell); Wand of Rolling Flames (9th-Level Spell); Wand of Rolling Flames (8th-Level Spell),,Wand of Rolling Flames (6th-level),Pathfinder Treasure Vault,,"fire, magical, wand",14,,,,,Paizo,,4500,,L,,,,,,,,,,,,,,,,
Wand of Rolling Flames (7th-level),F:\Obsidian\PF2e-Core-Vault\3-Rules\Character Building\Equipment\W\wand-of-rolling-flames-(7th-level).md,worn_item,Wand of Rolling Flames (7th-Level Spell); Wand of Rolling Flames (9th-Level Spell); Wand of Rolling Flames (8th-Level Spell),,Wand of Rolling Flames (7th-level),Pathfinder Treasure Vault,,"fire, magical, wand",16,,,,,Paizo,,10000,,L,,,,,,,,,,,,,,,,
Wand of Rolling Flames (8th-level),F:\Obsidian\PF2e-Core-Vault\3-Rules\Character Building\Equipment\W\wand-of-rolling-flames-(8th-level).md,worn_item,Wand of Rolling Flames (8th-Level Spell); Wand of Rolling Flames (9th-Level Spell); Wand of Rolling Flames (7th-Level Spell),,Wand of Rolling Flames (8th-level),Pathfinder Treasure Vault,,"fire, magical, wand",18,,,,,Paizo,,24000,,L,,,,,,,,,,,,,,,,
Wand of Rolling Flames (9th-level),F:\Obsidian\PF2e-Core-Vault\3-Rules\Character Building\Equipment\W\wand-of-rolling-flames-(9th-level).md,worn_item,Wand of Rolling Flames (9th-Level Spell); Wand of Rolling Flames (8th-Level Spell); Wand of Rolling Flames (7th-Level Spell),,Wand of Rolling Flames (9th-level),Pathfinder Treasure Vault,,"fire, magical, wand",20,,,,,Paizo,,70000,,L,,,,,,,,,,,,,,,,
Wand of Shardstorm (1st-Rank Spell),F:\Obsidian\PF2e-Core-Vault\3-Rules\Character Building\Equipment\W\wand-of-shardstorm-(1st-rank-spell).md,worn_item,Wand of Shardstorm (1st-Level Spell); Wand of Shardstorm (7th-Level Spell); Wand of Shardstorm (5th-Level Spell),,Wand of Shardstorm (1st-Rank Spell),Pathfinder GM Core,,"force, magical, wand",5,,,,,Paizo,,160,,L,,,,,,,,,,,,,,,,
Wand of Shardstorm (3rd-Rank Spell),F:\Obsidian\PF2e-Core-Vault\3-Rules\Character Building\Equipment\W\wand-of-shardstorm-(3rd-rank-spell).md,worn_item,Wand of Shardstorm (3rd-Level Spell); Wand of Shardstorm (7th-Level Spell); Wand of Shardstorm (5th-Level Spell),,Wand of Shardstorm (3rd-Rank Spell),Pathfinder GM Core,,"force, magical, wand",9,,,,,Paizo,,700,,L,,,,,,,,,,,,,,,,
Wand of Shardstorm (5th-Rank Spell),F:\Obsidian\PF2e-Core-Vault\3-Rules\Character Building\Equipment\W\wand-of-shardstorm-(5th-rank-spell).md,worn_item,Wand of Shardstorm (5th-Level Spell); Wand of Shardstorm (7th-Level Spell); Wand of Shardstorm (3rd-Level Spell),,Wand of Shardstorm (5th-Rank Spell),Pathfinder GM Core,,"force, magical, wand",13,,,,,Paizo,,3000,,L,,,,,,,,,,,,,,,,
Wand of Shardstorm (7th-Rank Spell),F:\Obsidian\PF2e-Core-Vault\3-Rules\Character Building\Equipment\W\wand-of-shardstorm-(7th-rank-spell).md,worn_item,Wand of Shardstorm (7th-Level Spell); Wand of Shardstorm (5th-Level Spell); Wand of Slaughter (7th-Rank Spell),,Wand of Shardstorm (7th-Rank Spell),Pathfinder GM Core,,"force, magical, wand",17,,,,,Paizo,,15000,,L,,,,,,,,,,,,,,,,
Wand of Spiritual Warfare (2nd-Rank Spell),F:\Obsidian\PF2e-Core-Vault\3-Rules\Character Building\Equipment\W\wand-of-spiritual-warfare-(2nd-rank-spell).md,worn_item,Wand of Spiritual Warfare (2nd-Level); Wand of Spiritual Warfare (8th-Level); Wand of Spiritual Warfare (6th-Level),,Wand of Spiritual Warfare (2nd-Rank Spell),Pathfinder Lost Omens The Grand Bazaar,Uncommon,"force, magical, wand",7,,,,,Paizo,,360,,L,,,,,,,,,,,,,,,,
Wand of Spiritual Warfare (4th-Rank Spell),F:\Obsidian\PF2e-Core-Vault\3-Rules\Character Building\Equipment\W\wand-of-spiritual-warfare-(4th-rank-spell).md,worn_item,Wand of Spiritual Warfare (4th-Level); Wand of Spiritual Warfare (8th-Level); Wand of Spiritual Warfare (6th-Level),,Wand of Spiritual Warfare (4th-Rank Spell),Pathfinder Lost Omens The Grand Bazaar,Uncommon,"force, magical, wand",11,,,,,Paizo,,1400,,L,,,,,,,,,,,,,,,,
Wand of Spiritual Warfare (6th-Rank Spell),F:\Obsidian\PF2e-Core-Vault\3-Rules\Character Building\Equipment\W\wand-of-spiritual-warfare-(6th-rank-spell).md,worn_item,Wand of Spiritual Warfare (6th-Level); Wand of Spiritual Warfare (8th-Level); Wand of Spiritual Warfare (4th-Level),,Wand of Spiritual Warfare (6th-Rank Spell),Pathfinder Lost Omens The Grand Bazaar,Uncommon,"force, magical, wand",15,,,,,Paizo,,6500,,L,,,,,,,,,,,,,,,,
Wand of Spiritual Warfare (8th-Rank Spell),F:\Obsidian\PF2e-Core-Vault\3-Rules\Character Building\Equipment\W\wand-of-spiritual-warfare-(8th-rank-spell).md,worn_item,Wand of Spiritual Warfare (8th-Level); Wand of Spiritual Warfare (6th-Level); Wand of Spiritual Warfare (4th-Level),,Wand of Spiritual Warfare (8th-Rank Spell),Pathfinder Lost Omens The Grand Bazaar,Uncommon,"force, magical, wand",19,,,,,Paizo,,40000,,L,,,,,,,,,,,,,,,,
Wand Of Splintered Sorrows (Rank 2),F:\Obsidian\PF2e-Core-Vault\3-Rules\Character Building\Equipment\W\wand-of-splintered-sorrows-(rank-2).md,worn_item,,,Wand Of Splintered Sorrows (Rank 2),Pathfinder #202: Severed at the Root,Uncommon,"attack, concentrate, magical, manipulate, wand, wood",6,,,,,Paizo,,250,,L,,,,,,,,,,,,,,,,
Wand Of Splintered Sorrows (Rank 4),F:\Obsidian\PF2e-Core-Vault\3-Rules\Character Building\Equipment\W\wand-of-splintered-sorrows-(rank-4).md,worn_item,,,Wand Of Splintered Sorrows (Rank 4),Pathfinder #202: Severed at the Root,Uncommon,"attack, concentrate, magical, manipulate, wand, wood",10,,,,,Paizo,,1000,,L,,,,,,,,,,,,,,,,
Wand Of Splintered Sorrows (Rank 6),F:\Obsidian\PF2e-Core-Vault\3-Rules\Character Building\Equipment\W\wand-of-splintered-sorrows-(rank-6).md,worn_item,,,Wand Of Splintered Sorrows (Rank 6),Pathfinder #202: Severed at the Root,Uncommon,"attack, concentrate, magical, manipulate, wand, wood",14,,,,,Paizo,,4500,,L,,,,,,,,,,,,,,,,
Wand Of Splintered Sorrows (Rank 8),F:\Obsidian\PF2e-Core-Vault\3-Rules\Character Building\Equipment\W\wand-of-splintered-sorrows-(rank-8).md,worn_item,,,Wand Of Splintered Sorrows (Rank 8),Pathfinder #202: Severed at the Root,Uncommon,"attack, concentrate, magical, manipulate, wand, wood",18,,,,,Paizo,,24000,,L,,,,,,,,,,,,,,,,
Wand of Teeming Ghosts (2nd-Rank Spell),F:\Obsidian\PF2e-Core-Vault\3-Rules\Character Building\Equipment\W\wand-of-teeming-ghosts-(2nd-rank-spell).md,worn_item,Wand of Teeming Ghosts (2nd-Level Spell); Wand of Teeming Ghosts (3rd-Level Spell); Wand of Teeming Ghosts (9th-Level Spell),,Wand of Teeming Ghosts (2nd-Rank Spell),Pathfinder Treasure Vault,Uncommon,"magical, wand",6,,,,,Paizo,,250,,L,,,,,,,,,,,,,,,,
Wand of Teeming Ghosts (3rd-Rank Spell),F:\Obsidian\PF2e-Core-Vault\3-Rules\Character Building\Equipment\W\wand-of-teeming-ghosts-(3rd-rank-spell).md,worn_item,Wand of Teeming Ghosts (3rd-Level Spell); Wand of Teeming Ghosts (2nd-Level Spell); Wand of Teeming Ghosts (9th-Level Spell),,Wand of Teeming Ghosts (3rd-Rank Spell),Pathfinder Treasure Vault,Uncommon,"magical, wand",8,,,,,Paizo,,500,,L,,,,,,,,,,,,,,,,
Wand of Teeming Ghosts (4th-Rank Spell),F:\Obsidian\PF2e-Core-Vault\3-Rules\Character Building\Equipment\W\wand-of-teeming-ghosts-(4th-rank-spell).md,worn_item,Wand of Teeming Ghosts (4th-Level Spell); Wand of Teeming Ghosts (9th-Level Spell); Wand of Teeming Ghosts (8th-Level Spell),,Wand of Teeming Ghosts (4th-Rank Spell),Pathfinder Treasure Vault,Uncommon,"magical, wand",10,,,,,Paizo,,1000,,L,,,,,,,,,,,,,,,,
Wand of Teeming Ghosts (5th-Rank Spell),F:\Obsidian\PF2e-Core-Vault\3-Rules\Character Building\Equipment\W\wand-of-teeming-ghosts-(5th-rank-spell).md,worn_item,Wand of Teeming Ghosts (5th-Level Spell); Wand of Teeming Ghosts (9th-Level Spell); Wand of Teeming Ghosts (8th-Level Spell),,Wand of Teeming Ghosts (5th-Rank Spell),Pathfinder Treasure Vault,Uncommon,"magical, wand",12,,,,,Paizo,,2000,,L,,,,,,,,,,,,,,,,
Wand of Teeming Ghosts (6th-Rank Spell),F:\Obsidian\PF2e-Core-Vault\3-Rules\Character Building\Equipment\W\wand-of-teeming-ghosts-(6th-rank-spell).md,worn_item,Wand of Teeming Ghosts (6th-Level Spell); Wand of Teeming Ghosts (9th-Level Spell); Wand of Teeming Ghosts (8th-Level Spell),,Wand of Teeming Ghosts (6th-Rank Spell),Pathfinder Treasure Vault,Uncommon,"magical, wand",14,,,,,Paizo,,4500,,L,,,,,,,,,,,,,,,,
Wand of Teeming Ghosts (7th-Rank Spell),F:\Obsidian\PF2e-Core-Vault\3-Rules\Character Building\Equipment\W\wand-of-teeming-ghosts-(7th-rank-spell).md,worn_item,Wand of Teeming Ghosts (7th-Level Spell); Wand of Teeming Ghosts (9th-Level Spell); Wand of Teeming Ghosts (8th-Level Spell),,Wand of Teeming Ghosts (7th-Rank Spell),Pathfinder Treasure Vault,Uncommon,"magical, wand",16,,,,,Paizo,,10000,,L,,,,,,,,,,,,,,,,
Wand of Teeming Ghosts (8th-Rank Spell),F:\Obsidian\PF2e-Core-Vault\3-Rules\Character Building\Equipment\W\wand-of-teeming-ghosts-(8th-rank-spell).md,worn_item,Wand of Teeming Ghosts (8th-Level Spell); Wand of Teeming Ghosts (9th-Level Spell); Wand of Teeming Ghosts (7th-Level Spell),,Wand of Teeming Ghosts (8th-Rank Spell),Pathfinder Treasure Vault,Uncommon,"magical, wand",18,,,,,Paizo,,24000,,L,,,,,,,,,,,,,,,,
Wand of Teeming Ghosts (9th-Rank Spell),F:\Obsidian\PF2e-Core-Vault\3-Rules\Character Building\Equipment\W\wand-of-teeming-ghosts-(9th-rank-spell).md,worn_item,Wand of Teeming Ghosts (9th-Level Spell); Wand of Teeming Ghosts (8th-Level Spell); Wand of Teeming Ghosts (7th-Level Spell),,Wand of Teeming Ghosts (9th-Rank Spell),Pathfinder Treasure Vault,Uncommon,"magical, wand",20,,,,,Paizo,,70000,,L,,,,,,,,,,,,,,,,
Wand of Thundering Echoes (3rd-Rank Spell),F:\Obsidian\PF2e-Core-Vault\3-Rules\Character Building\Equipment\W\wand-of-thundering-echoes-(3rd-rank-spell).md,worn_item,Wand of Thundering Echoes (3rd-Level); Wand of Thundering Echoes (8th-Level); Wand of Thundering Echoes (7th-Level),,Wand of Thundering Echoes (3rd-Rank Spell),Pathfinder Lost Omens The Grand Bazaar,Uncommon,"magical, sonic, wand",9,,,,,Paizo,,700,,L,,,,,,,,,,,,,,,,
Wand of Thundering Echoes (4th-Rank Spell),F:\Obsidian\PF2e-Core-Vault\3-Rules\Character Building\Equipment\W\wand-of-thundering-echoes-(4th-rank-spell).md,worn_item,Wand of Thundering Echoes (4th-Level); Wand of Thundering Echoes (8th-Level); Wand of Thundering Echoes (7th-Level),,Wand of Thundering Echoes (4th-Rank Spell),Pathfinder Lost Omens The Grand Bazaar,Uncommon,"magical, sonic, wand",11,,,,,Paizo,,1500,,L,,,,,,,,,,,,,,,,
Wand of Thundering Echoes (5th-Rank Spell),F:\Obsidian\PF2e-Core-Vault\3-Rules\Character Building\Equipment\W\wand-of-thundering-echoes-(5th-rank-spell).md,worn_item,Wand of Thundering Echoes (5th-Level); Wand of Thundering Echoes (8th-Level); Wand of Thundering Echoes (7th-Level),,Wand of Thundering Echoes (5th-Rank Spell),Pathfinder Lost Omens The Grand Bazaar,Uncommon,"magical, sonic, wand",13,,,,,Paizo,,3000,,L,,,,,,,,,,,,,,,,
Wand of Thundering Echoes (6th-Rank Spell),F:\Obsidian\PF2e-Core-Vault\3-Rules\Character Building\Equipment\W\wand-of-thundering-echoes-(6th-rank-spell).md,worn_item,Wand of Thundering Echoes (6th-Level); Wand of Thundering Echoes (8th-Level); Wand of Thundering Echoes (7th-Level),,Wand of Thundering Echoes (6th-Rank Spell),Pathfinder Lost Omens The Grand Bazaar,Uncommon,"magical, sonic, wand",15,,,,,Paizo,,6500,,L,,,,,,,,,,,,,,,,
Wand of Thundering Echoes (7th-Rank Spell),F:\Obsidian\PF2e-Core-Vault\3-Rules\Character Building\Equipment\W\wand-of-thundering-echoes-(7th-rank-spell).md,worn_item,Wand of Thundering Echoes (7th-Level); Wand of Thundering Echoes (8th-Level); Wand of Thundering Echoes (6th-Level),,Wand of Thundering Echoes (7th-Rank Spell),Pathfinder Lost Omens The Grand Bazaar,Uncommon,"magical, sonic, wand",17,,,,,Paizo,,15000,,L,,,,,,,,,,,,,,,,
Wand of Thundering Echoes (8th-Rank Spell),F:\Obsidian\PF2e-Core-Vault\3-Rules\Character Building\Equipment\W\wand-of-thundering-echoes-(8th-rank-spell).md,worn_item,Wand of Thundering Echoes (8th-Level); Wand of Thundering Echoes (7th-Level); Wand of Thundering Echoes (6th-Level),,Wand of Thundering Echoes (8th-Rank Spell),Pathfinder Lost Omens The Grand Bazaar,Uncommon,"magical, sonic, wand",19,,,,,Paizo,,40000,,L,,,,,,,,,,,,,,,,
Wand of Toxic Blades (6th-level),F:\Obsidian\PF2e-Core-Vault\3-Rules\Character Building\Equipment\W\wand-of-toxic-blades-(6th-level).md,worn_item,Wand of Toxic Blades (6th-Level Spell); Wand of Toxic Blades (8th-Level Spell); Wand of Toxic Blades (7th-Level Spell),,Wand of Toxic Blades (6th-level),Pathfinder Treasure Vault,,"force, magical, poison, wand",15,,,,,Paizo,,6000,,L,,,,,,,,,,,,,,,,
Wand of Toxic Blades (7th-level),F:\Obsidian\PF2e-Core-Vault\3-Rules\Character Building\Equipment\W\wand-of-toxic-blades-(7th-level).md,worn_item,Wand of Toxic Blades (7th-Level Spell); Wand of Toxic Blades (8th-Level Spell); Wand of Toxic Blades (6th-Level Spell),,Wand of Toxic Blades (7th-level),Pathfinder Treasure Vault,,"force, magical, poison, wand",17,,,,,Paizo,,14000,,L,,,,,,,,,,,,,,,,
Wand of Toxic Blades (8th-level),F:\Obsidian\PF2e-Core-Vault\3-Rules\Character Building\Equipment\W\wand-of-toxic-blades-(8th-level).md,worn_item,Wand of Toxic Blades (8th-Level Spell); Wand of Toxic Blades (7th-Level Spell); Wand of Toxic Blades (6th-Level Spell),,Wand of Toxic Blades (8th-level),Pathfinder Treasure Vault,,"force, magical, poison, wand",19,,,,,Paizo,,37500,,L,,,,,,,,,,,,,,,,
Wand of Wearing Dance,F:\Obsidian\PF2e-Core-Vault\3-Rules\Character Building\Equipment\W\wand-of-wearing-dance.md,worn_item,Wand of Wearying Dance,,Wand of Wearing Dance,Pathfinder Treasure Vault,,"magical, mental, wand",18,,,,,Paizo,,24000,,L,,,,,,,,,,,,,,,,
Wand of Widening (1st-Rank Spell),F:\Obsidian\PF2e-Core-Vault\3-Rules\Character Building\Equipment\W\wand-of-widening-(1st-rank-spell).md,worn_item,Wand of Widening (1st-Level Spell); Wand of Widening (9th-Level Spell); Wand of Widening (8th-Level Spell),,Wand of Widening (1st-Rank Spell),Pathfinder GM Core,,"magical, wand",4,,,,,Paizo,,100,,L,,,,,,,,,,,,,,,,
Wand of Widening (2nd-Rank Spell),F:\Obsidian\PF2e-Core-Vault\3-Rules\Character Building\Equipment\W\wand-of-widening-(2nd-rank-spell).md,worn_item,Wand of Widening (2nd-Level Spell); Wand of the Spider (2nd-Rank Spell); Wand of Hopeless Night (2nd-Rank Spell),,Wand of Widening (2nd-Rank Spell),Pathfinder GM Core,,"magical, wand",6,,,,,Paizo,,250,,L,,,,,,,,,,,,,,,,
Wand of Widening (3rd-Rank Spell),F:\Obsidian\PF2e-Core-Vault\3-Rules\Character Building\Equipment\W\wand-of-widening-(3rd-rank-spell).md,worn_item,Wand of Widening (3rd-Level Spell); Wand of Widening (2nd-Level Spell); Wand of the Spider (2nd-Rank Spell),,Wand of Widening (3rd-Rank Spell),Pathfinder GM Core,,"magical, wand",8,,,,,Paizo,,500,,L,,,,,,,,,,,,,,,,
Wand of Widening (4th-Rank Spell),F:\Obsidian\PF2e-Core-Vault\3-Rules\Character Building\Equipment\W\wand-of-widening-(4th-rank-spell).md,worn_item,Wand of Widening (4th-Level Spell); Wand of Widening (9th-Level Spell); Wand of Widening (8th-Level Spell),,Wand of Widening (4th-Rank Spell),Pathfinder GM Core,,"magical, wand",10,,,,,Paizo,,1000,,L,,,,,,,,,,,,,,,,
Wand of Widening (5th-Rank Spell),F:\Obsidian\PF2e-Core-Vault\3-Rules\Character Building\Equipment\W\wand-of-widening-(5th-rank-spell).md,worn_item,Wand of Widening (5th-Level Spell); Wand of Widening (9th-Level Spell); Wand of Widening (8th-Level Spell),,Wand of Widening (5th-Rank Spell),Pathfinder GM Core,,"magical, wand",12,,,,,Paizo,,2000,,L,,,,,,,,,,,,,,,,
Wand of Widening (6th-Rank Spell),F:\Obsidian\PF2e-Core-Vault\3-Rules\Character Building\Equipment\W\wand-of-widening-(6th-rank-spell).md,worn_item,Wand of Widening (6th-Level Spell); Wand of Widening (9th-Level Spell); Wand of Widening (8th-Level Spell),,Wand of Widening (6th-Rank Spell),Pathfinder GM Core,,"magical, wand",14,,,,,Paizo,,4500,,L,,,,,,,,,,,,,,,,
Wand of Widening (7th-Rank Spell),F:\Obsidian\PF2e-Core-Vault\3-Rules\Character Building\Equipment\W\wand-of-widening-(7th-rank-spell).md,worn_item,Wand of Widening (7th-Level Spell); Wand of Widening (9th-Level Spell); Wand of Widening (8th-Level Spell),,Wand of Widening (7th-Rank Spell),Pathfinder GM Core,,"magical, wand",16,,,,,Paizo,,10000,,L,,,,,,,,,,,,,,,,
Wand of Widening (8th-Rank Spell),F:\Obsidian\PF2e-Core-Vault\3-Rules\Character Building\Equipment\W\wand-of-widening-(8th-rank-spell).md,worn_item,Wand of Widening (8th-Level Spell); Wand of Widening (9th-Level Spell); Wand of Widening (7th-Level Spell),,Wand of Widening (8th-Rank Spell),Pathfinder GM Core,,"magical, wand",18,,,,,Paizo,,24000,,L,,,,,,,,,,,,,,,,
Wand of Widening (9th-Rank Spell),F:\Obsidian\PF2e-Core-Vault\3-Rules\Character Building\Equipment\W\wand-of-widening-(9th-rank-spell).md,worn_item,Wand of Widening (9th-Level Spell); Wand of Widening (8th-Level Spell); Wand of Widening (7th-Level Spell),,Wand of Widening (9th-Rank Spell),Pathfinder GM Core,,"magical, wand",20,,,,,Paizo,,70000,,L,,,,,,,,,,,,,,,,
Wandering Pipe,F:\Obsidian\PF2e-Core-Vault\3-Rules\Character Building\Equipment\W\wandering-pipe.md,worn_item,,,Wandering Pipe,Pathfinder War of Immortals,Unique,"artifact, invested, magical, mythic",11,,,,,Paizo,,0,,,,,,,,,,,,,,,,,,
War Gavel,F:\Obsidian\PF2e-Core-Vault\3-Rules\Character Building\Equipment\W\war-gavel.md,worn_item,,,War Gavel,Pathfinder War of Immortals,Uncommon,versatile-p,0,,,,,Paizo,,2,,1,,,,,,,,,,,,,,,,
War Javelin,F:\Obsidian\PF2e-Core-Vault\3-Rules\Character Building\Equipment\W\war-javelin.md,worn_item,Javelin,,War Javelin,Pathfinder War of Immortals,Uncommon,"tethered, thrown-30",0,,,,,Paizo,,1,,1,,,,,,,,,,,,,,,,
Warpglass Object (High Grade),F:\Obsidian\PF2e-Core-Vault\3-Rules\Character Building\Equipment\W\warpglass-object-high-grade.md,material,Warpglass Weapon (High-Grade),,Warpglass Object (High Grade),Pathfinder #162: Ruins of the Radiant Siege pg. 74,rare,precious,17,8000,,,,Paizo,,,,,,,,,,,,,,,,,,,,
Warpglass,F:\Obsidian\PF2e-Core-Vault\3-Rules\Character Building\Equipment\W\warpglass.md,worn_item,Warpglass Ingot; Warpglass Chunk,,Warpglass,Pathfinder #162: Ruins of the Radiant Siege pg. 74,rare,precious,17,,,,,Paizo,,,,,,,,,,,,,,,,,,,,
Wasul Reed Mask,F:\Obsidian\PF2e-Core-Vault\3-Rules\Character Building\Equipment\W\Wasul Reed Mask.md,worn_item,,unrecognized Publisher_Source for source='',Wasul Reed Mask,,,,,,,,,,,,,,,,,,,,,,,,,,,,,
Waterproof Firearm Carrying Case,F:\Obsidian\PF2e-Core-Vault\3-Rules\Character Building\Equipment\W\Waterproof Firearm Carrying Case.md,worn_item,,unrecognized Publisher_Source for source='',Waterproof Firearm Carrying Case,,,,,,,,,,,,,,,,,,,,,,,,,,,,,
Wayfinderfinder,F:\Obsidian\PF2e-Core-Vault\3-Rules\Character Building\Equipment\W\Wayfinderfinder.md,worn_item,Wayfinder,unrecognized Publisher_Source for source='',Wayfinderfinder,,,,,,,,,,,,,,,,,,,,,,,,,,,,,
Weapon of False Wounds,F:\Obsidian\PF2e-Core-Vault\3-Rules\Character Building\Equipment\W\Weapon of False Wounds.md,worn_item,,unrecognized Publisher_Source for source='',Weapon of False Wounds,,,,,,,,,,,,,,,,,,,,,,,,,,,,,
Weapon Potency (+4),F:\Obsidian\PF2e-Core-Vault\3-Rules\Character Building\Equipment\W\Weapon Potency (+4).md,worn_item,Weapon Potency +3; Weapon Potency +2; Weapon Potency +1,unrecognized Publisher_Source for source='',Weapon Potency (+4),,,,,,,,,,,,,,,,,,,,,,,,,,,,,
What Doors We Open,F:\Obsidian\PF2e-Core-Vault\3-Rules\Character Building\Equipment\W\What Doors We Open.md,worn_item,,unrecognized Publisher_Source for source='',What Doors We Open,,,,,,,,,,,,,,,,,,,,,,,,,,,,,
Wheel Blades,F:\Obsidian\PF2e-Core-Vault\3-Rules\Character Building\Equipment\W\Wheel Blades.md,worn_item,,unrecognized Publisher_Source for source='',Wheel Blades,,,,,,,,,,,,,,,,,,,,,,,,,,,,,
Wheel Spikes,F:\Obsidian\PF2e-Core-Vault\3-Rules\Character Building\Equipment\W\Wheel Spikes.md,worn_item,Shield Spikes,unrecognized Publisher_Source for source='',Wheel Spikes,,,,,,,,,,,,,,,,,,,,,,,,,,,,,
Wheelchair,F:\Obsidian\PF2e-Core-Vault\3-Rules\Character Building\Equipment\W\Wheelchair.md,worn_item,,unrecognized Publisher_Source for source='',Wheelchair,,,,,,,,,,,,,,,,,,,,,,,,,,,,,
Whisperer of Souls,F:\Obsidian\PF2e-Core-Vault\3-Rules\Character Building\Equipment\W\Whisperer of Souls.md,worn_item,,unrecognized Publisher_Source for source='',Whisperer of Souls,,,,,,,,,,,,,,,,,,,,,,,,,,,,,
White Cleome's Eye,F:\Obsidian\PF2e-Core-Vault\3-Rules\Character Building\Equipment\W\White Cleome's Eye.md,worn_item,,unrecognized Publisher_Source for source='',White Cleome's Eye,,,,,,,,,,,,,,,,,,,,,,,,,,,,,
Wide landscape by an expert,F:\Obsidian\PF2e-Core-Vault\3-Rules\Character Building\Equipment\W\Wide landscape by an expert.md,worn_item,,unrecognized Publisher_Source for source='',Wide landscape by an expert,,,,,,,,,,,,,,,,,,,,,,,,,,,,,
Windborne Platform,F:\Obsidian\PF2e-Core-Vault\3-Rules\Character Building\Equipment\W\Windborne Platform.md,worn_item,,unrecognized Publisher_Source for source='',Windborne Platform,,,,,,,,,,,,,,,,,,,,,,,,,,,,,
Wintershot (Heroic),F:\Obsidian\PF2e-Core-Vault\3-Rules\Character Building\Equipment\W\Wintershot (Heroic).md,worn_item,,unrecognized Publisher_Source for source='',Wintershot (Heroic),,,,,,,,,,,,,,,,,,,,,,,,,,,,,
Wintershot,F:\Obsidian\PF2e-Core-Vault\3-Rules\Character Building\Equipment\W\Wintershot.md,worn_item,,unrecognized Publisher_Source for source='',Wintershot,,,,,,,,,,,,,,,,,,,,,,,,,,,,,
Witch Token,F:\Obsidian\PF2e-Core-Vault\3-Rules\Character Building\Equipment\W\Witch Token.md,worn_item,,unrecognized Publisher_Source for source='',Witch Token,,,,,,,,,,,,,,,,,,,,,,,,,,,,,
Wood-Rotted Root (Greater),F:\Obsidian\PF2e-Core-Vault\3-Rules\Character Building\Equipment\W\Wood-Rotted Root (Greater).md,worn_item,,unrecognized Publisher_Source for source='',Wood-Rotted Root (Greater),,,,,,,,,,,,,,,,,,,,,,,,,,,,,
Wood-Rotted Root (Lesser),F:\Obsidian\PF2e-Core-Vault\3-Rules\Character Building\Equipment\W\Wood-Rotted Root (Lesser).md,worn_item,,unrecognized Publisher_Source for source='',Wood-Rotted Root (Lesser),,,,,,,,,,,,,,,,,,,,,,,,,,,,,
Wood-Rotted Root (Major),F:\Obsidian\PF2e-Core-Vault\3-Rules\Character Building\Equipment\W\Wood-Rotted Root (Major).md,worn_item,,unrecognized Publisher_Source for source='',Wood-Rotted Root (Major),,,,,,,,,,,,,,,,,,,,,,,,,,,,,
Wood-Rotted Root (Moderate),F:\Obsidian\PF2e-Core-Vault\3-Rules\Character Building\Equipment\W\Wood-Rotted Root (Moderate).md,worn_item,,unrecognized Publisher_Source for source='',Wood-Rotted Root (Moderate),,,,,,,,,,,,,,,,,,,,,,,,,,,,,
Wooden Taws,F:\Obsidian\PF2e-Core-Vault\3-Rules\Character Building\Equipment\W\Wooden Taws.md,worn_item,Wooden Taws (per 10),unrecognized Publisher_Source for source='',Wooden Taws,,,,,,,,,,,,,,,,,,,,,,,,,,,,,
Worldforge,F:\Obsidian\PF2e-Core-Vault\3-Rules\Character Building\Equipment\W\Worldforge.md,worn_item,Worldringer,unrecognized Publisher_Source for source='',Worldforge,,,,,,,,,,,,,,,,,,,,,,,,,,,,,
Wrestler's Armbands,F:\Obsidian\PF2e-Core-Vault\3-Rules\Character Building\Equipment\W\Wrestler's Armbands.md,worn_item,,unrecognized Publisher_Source for source='',Wrestler's Armbands,,,,,,,,,,,,,,,,,,,,,,,,,,,,,
Zarothrask's Contract,F:\Obsidian\PF2e-Core-Vault\3-Rules\Character Building\Equipment\Z\zarothrasks-contract.md,worn_item,,,Zarothrask's Contract,Pathfinder Lost Omens Rival Academies,Rare,"contract, invested, occult",9,,,,,Paizo,,0,,,,,,,,,,,,,,,,,,
Zetogeki Hide Armor,F:\Obsidian\PF2e-Core-Vault\3-Rules\Character Building\Equipment\Z\zetogeki-hide-armor.md,worn_item,,,Zetogeki Hide Armor,"Pathfinder #208: Hoof, Cinder, and Storm",Uncommon,"earth, invested, magical",8,,,,,Paizo,,500,,2,,,,,,,,,,,,,,,,
